question_clean,answer_clean,category,keywords
ハイドラジェントルの後にハイドラジェントルはどのくらいあけますか／ハイドラジェントルの後にハイドラジェントルはいつ受けられますか,ハイドラジェントルの後にハイドラジェントル（同じ部位）を受ける場合、2～4週間あけてください。別の部位であれば同日に受けられます。 ※面の治療との併用は初回は同日不可（2回目以降は同日可、ハイドラ先）。局所治療との併用は初回から同日可,施術間隔,"あける,いつ,ハイドラジェントル,施術間隔,次の施術,間隔"
ケミカルピーリングの後にハイドラジェントルはどのくらいあけますか／ケミカルピーリングの後にハイドラジェントルはいつ受けられますか,ケミカルピーリングの後にハイドラジェントル（同じ部位）を受ける場合、2週間あけてください。別の部位であれば同日に受けられます。 ※ピーリングは顔4週間（医師指示で2週間の場合あり）・背中3週間・その他2週間／面の治療との併用は初回は同日不可（2回目以降は同日可、ハイドラ先）。局所治療との併用は初回から同日可,施術間隔,"あける,いつ,ケミカルピーリング,ハイドラジェントル,施術間隔,次の施術,間隔"
スマートサイドドット（2回目以降）の後にハイドラジェントルはどのくらいあけますか／スマートサイドドット（2回目以降）の後にハイドラジェントルはいつ受けられますか,スマートサイドドット（2回目以降）の後にハイドラジェントル（同じ部位）を受ける場合、4週間あけてください。別の部位であれば同日に受けられます。 ※面の治療との併用は初回は同日不可（2回目以降は同日可、ハイドラ先）。局所治療との併用は初回から同日可,施術間隔,"あける,いつ,スマートサイドドット,スマートサイドドット（2回目以降）,ハイドラジェントル,施術間隔,次の施術,間隔"
スマートサイドドット（初回）の後にハイドラジェントルはどのくらいあけますか／スマートサイドドット（初回）の後にハイドラジェントルはいつ受けられますか,スマートサイドドット（初回）の後にハイドラジェントル（同じ部位）を受ける場合、2週間あけてください。別の部位であれば同日に受けられます。 ※面の治療との併用は初回は同日不可（2回目以降は同日可、ハイドラ先）。局所治療との併用は初回から同日可,施術間隔,"あける,いつ,スマートサイドドット,スマートサイドドット（初回）,ハイドラジェントル,施術間隔,次の施術,間隔"
イボレーザー/CO2レーザーの後にハイドラジェントルはどのくらいあけますか／イボレーザー/CO2レーザーの後にハイドラジェントルはいつ受けられますか,イボレーザー/CO2レーザーの後にハイドラジェントル（同じ部位）を受ける場合、4週間あけてください。別の部位であれば同日に受けられます。 ※面の治療との併用は初回は同日不可（2回目以降は同日可、ハイドラ先）。局所治療との併用は初回から同日可／CO2は初回治療は4週間あけます（色素沈着・傷跡の確認のため）,施術間隔,"CO2レーザー,あける,いつ,イボレーザー,ハイドラジェントル,施術間隔,次の施術,間隔"
シミ取りレーザーの後にハイドラジェントルはどのくらいあけますか／シミ取りレーザーの後にハイドラジェントルはいつ受けられますか,シミ取りレーザーの後にハイドラジェントル（同じ部位）を受ける場合、4週間あけてください。別の部位であれば同日に受けられます。 ※面の治療との併用は初回は同日不可（2回目以降は同日可、ハイドラ先）。局所治療との併用は初回から同日可,施術間隔,"あける,いつ,シミ取りレーザー,ハイドラジェントル,施術間隔,次の施術,間隔"
ADM/ピコレーザの後にハイドラジェントルはどのくらいあけますか／ADM/ピコレーザの後にハイドラジェントルはいつ受けられますか,ADM/ピコレーザの後にハイドラジェントルを受ける場合、ADM/ピコレーザの治療完了後4週間あけてください。 ※面の治療との併用は初回は同日不可（2回目以降は同日可、ハイドラ先）。局所治療との併用は初回から同日可,施術間隔,"ADM,あける,いつ,ハイドラジェントル,ピコレーザ,施術間隔,次の施術,間隔"
ADM/ナノレーザーの後にハイドラジェントルはどのくらいあけますか／ADM/ナノレーザーの後にハイドラジェントルはいつ受けられますか,ADM/ナノレーザーの後にハイドラジェントルを受ける場合、ADM/ナノレーザーの治療完了後4週間あけてください。 ※面の治療との併用は初回は同日不可（2回目以降は同日可、ハイドラ先）。局所治療との併用は初回から同日可,施術間隔,"ADM,あける,いつ,ナノレーザー,ハイドラジェントル,施術間隔,次の施術,間隔"
レーザートーニングの後にハイドラジェントルはどのくらいあけますか／レーザートーニングの後にハイドラジェントルはいつ受けられますか,レーザートーニングの後にハイドラジェントル（同じ部位）を受ける場合、1週間あけてください。別の部位であれば同日に受けられます。 ※トーニングは1〜5回目は週1回、6回目以降は月1回が目安です／面の治療との併用は初回は同日不可（2回目以降は同日可、ハイドラ先）。局所治療との併用は初回から同日可,施術間隔,"あける,いつ,ハイドラジェントル,レーザートーニング,施術間隔,次の施術,間隔"
ピコトーニングの後にハイドラジェントルはどのくらいあけますか／ピコトーニングの後にハイドラジェントルはいつ受けられますか,ピコトーニングの後にハイドラジェントル（同じ部位）を受ける場合、2週間あけてください。別の部位であれば同日に受けられます。 ※トーニングは1〜5回目は週1回、6回目以降は月1回が目安です／面の治療との併用は初回は同日不可（2回目以降は同日可、ハイドラ先）。局所治療との併用は初回から同日可,施術間隔,"あける,いつ,ハイドラジェントル,ピコトーニング,施術間隔,次の施術,間隔"
ピコフラクショナルの後にハイドラジェントルはどのくらいあけますか／ピコフラクショナルの後にハイドラジェントルはいつ受けられますか,ピコフラクショナルの後にハイドラジェントル（同じ部位）を受ける場合、3週間あけてください。別の部位であれば同日に受けられます。 ※面の治療との併用は初回は同日不可（2回目以降は同日可、ハイドラ先）。局所治療との併用は初回から同日可,施術間隔,"あける,いつ,ハイドラジェントル,ピコフラクショナル,施術間隔,次の施術,間隔"
そばかすシャワーの後にハイドラジェントルはどのくらいあけますか／そばかすシャワーの後にハイドラジェントルはいつ受けられますか,そばかすシャワーの後にハイドラジェントル（同じ部位）を受ける場合、4週間あけてください。別の部位であれば同日に受けられます。 ※面の治療との併用は初回は同日不可（2回目以降は同日可、ハイドラ先）。局所治療との併用は初回から同日可,施術間隔,"あける,いつ,そばかすシャワー,ハイドラジェントル,施術間隔,次の施術,間隔"
そばかすスポットの後にハイドラジェントルはどのくらいあけますか／そばかすスポットの後にハイドラジェントルはいつ受けられますか,そばかすスポットの後にハイドラジェントル（同じ部位）を受ける場合、4週間あけてください。別の部位であれば同日に受けられます。 ※面の治療との併用は初回は同日不可（2回目以降は同日可、ハイドラ先）。局所治療との併用は初回から同日可／取り残しは3週間以内、それ以外は3ヶ月以上あけます,施術間隔,"あける,いつ,そばかすスポット,ハイドラジェントル,施術間隔,次の施術,間隔"
フォト/光治療の後にハイドラジェントルはどのくらいあけますか／フォト/光治療の後にハイドラジェントルはいつ受けられますか,フォト/光治療の後にハイドラジェントル（同じ部位）を受ける場合、2週間あけてください。別の部位であれば同日に受けられます。 ※フォト/光治療は赤ら顔も含め4週間。4〜5回で1クール、1クール後は3ヶ月あけます／面の治療との併用は初回は同日不可（2回目以降は同日可、ハイドラ先）。局所治療との併用は初回から同日可,施術間隔,"あける,いつ,ハイドラジェントル,フォト,光治療,施術間隔,次の施術,間隔"
赤み治療の後にハイドラジェントルはどのくらいあけますか／赤み治療の後にハイドラジェントルはいつ受けられますか,赤み治療の後にハイドラジェントルを受ける場合、赤み治療の治療完了後2週間あけてください。 ※面の治療との併用は初回は同日不可（2回目以降は同日可、ハイドラ先）。局所治療との併用は初回から同日可,施術間隔,"あける,いつ,ハイドラジェントル,施術間隔,次の施術,赤み治療,間隔"
ボトックスの後にハイドラジェントルはどのくらいあけますか／ボトックスの後にハイドラジェントルはいつ受けられますか,ボトックスの後にハイドラジェントル（同じ部位）を受ける場合、2週間あけてください。別の部位であれば同日に受けられます。 ※ボトックスはきっちり4ヶ月（マイクロボトックスは3ヶ月）あけます。追加注入は医師の判断によります／面の治療との併用は初回は同日不可（2回目以降は同日可、ハイドラ先）。局所治療との併用は初回から同日可,施術間隔,"あける,いつ,ハイドラジェントル,ボトックス,施術間隔,次の施術,間隔"
ボトックス（マイクロ）の後にハイドラジェントルはどのくらいあけますか／ボトックス（マイクロ）の後にハイドラジェントルはいつ受けられますか,ボトックス（マイクロ）の後にハイドラジェントル（同じ部位）を受ける場合、2週間あけてください。別の部位であれば同日に受けられます。 ※ボトックスはきっちり4ヶ月（マイクロボトックスは3ヶ月）あけます。追加注入は医師の判断によります／面の治療との併用は初回は同日不可（2回目以降は同日可、ハイドラ先）。局所治療との併用は初回から同日可,施術間隔,"あける,いつ,ハイドラジェントル,ボトックス,ボトックス（マイクロ）,施術間隔,次の施術,間隔"
テノールネオの後にハイドラジェントルはどのくらいあけますか／テノールネオの後にハイドラジェントルはいつ受けられますか,テノールネオの後にハイドラジェントルを受ける場合、翌日以降であれば受けられます。 ※面の治療との併用は初回は同日不可（2回目以降は同日可、ハイドラ先）。局所治療との併用は初回から同日可,施術間隔,"あける,いつ,テノールネオ,ハイドラジェントル,施術間隔,次の施術,間隔"
フラルスキン（トレチ）の後にハイドラジェントルはどのくらいあけますか／フラルスキン（トレチ）の後にハイドラジェントルはいつ受けられますか,フラルスキン（トレチ）の後にハイドラジェントルを受ける場合、トレチノインを使用しているときのみ1週間あけてください（それ以外は医師にご確認ください）。 ※面の治療との併用は初回は同日不可（2回目以降は同日可、ハイドラ先）。局所治療との併用は初回から同日可,施術間隔,"あける,いつ,ハイドラジェントル,フラルスキン,フラルスキン（トレチ）,施術間隔,次の施術,間隔"
部分シミ（トレチ）の後にハイドラジェントルはどのくらいあけますか／部分シミ（トレチ）の後にハイドラジェントルはいつ受けられますか,部分シミ（トレチ）の後にハイドラジェントル（同じ部位）を受ける場合、4週間あけてください。別の部位であれば同日に受けられます。 ※面の治療との併用は初回は同日不可（2回目以降は同日可、ハイドラ先）。局所治療との併用は初回から同日可,施術間隔,"あける,いつ,ハイドラジェントル,施術間隔,次の施術,部分シミ,部分シミ（トレチ）,間隔"
ほくろ切除/ほくろ除去の後にハイドラジェントルはどのくらいあけますか／ほくろ切除/ほくろ除去の後にハイドラジェントルはいつ受けられますか,ほくろ切除/ほくろ除去の後にハイドラジェントルを受ける場合、傷が上皮化してから4週間あけてください。 ※面の治療との併用は初回は同日不可（2回目以降は同日可、ハイドラ先）。局所治療との併用は初回から同日可,施術間隔,"あける,いつ,ほくろ切除,ほくろ除去,ハイドラジェントル,施術間隔,次の施術,間隔"
ボライトの後にハイドラジェントルはどのくらいあけますか／ボライトの後にハイドラジェントルはいつ受けられますか,ボライトの後にハイドラジェントル（同じ部位）を受ける場合、2週間あけてください。別の部位であれば同日に受けられます。 ※面の治療との併用は初回は同日不可（2回目以降は同日可、ハイドラ先）。局所治療との併用は初回から同日可,施術間隔,"あける,いつ,ハイドラジェントル,ボライト,施術間隔,次の施術,間隔"
稗粒腫の後にハイドラジェントルはどのくらいあけますか／稗粒腫の後にハイドラジェントルはいつ受けられますか,稗粒腫の後にハイドラジェントル（同じ部位）を受ける場合、1週間あけてください。別の部位であれば同日に受けられます。 ※面の治療との併用は初回は同日不可（2回目以降は同日可、ハイドラ先）。局所治療との併用は初回から同日可,施術間隔,"あける,いつ,ハイドラジェントル,施術間隔,次の施術,稗粒腫,間隔"
ヴェルヴェットスキンの後にハイドラジェントルはどのくらいあけますか／ヴェルヴェットスキンの後にハイドラジェントルはいつ受けられますか,ヴェルヴェットスキンの後にハイドラジェントル（同じ部位）を受ける場合、4週間あけてください。別の部位であれば同日に受けられます。 ※面の治療との併用は初回は同日不可（2回目以降は同日可、ハイドラ先）。局所治療との併用は初回から同日可,施術間隔,"あける,いつ,ハイドラジェントル,ヴェルヴェットスキン,施術間隔,次の施術,間隔"
ダーマペンの後にハイドラジェントルはどのくらいあけますか／ダーマペンの後にハイドラジェントルはいつ受けられますか,ダーマペンの後にハイドラジェントル（同じ部位）を受ける場合、4週間あけてください。別の部位であれば同日に受けられます。 ※ダーマペンは基本4週間ですが、出血状況により医師の指示に従います／面の治療との併用は初回は同日不可（2回目以降は同日可、ハイドラ先）。局所治療との併用は初回から同日可,施術間隔,"あける,いつ,ダーマペン,ハイドラジェントル,施術間隔,次の施術,間隔"
HARGの後にハイドラジェントルはどのくらいあけますか／HARGの後にハイドラジェントルはいつ受けられますか,HARGの後にハイドラジェントルを受ける場合、同日に受けられます。 ※面の治療との併用は初回は同日不可（2回目以降は同日可、ハイドラ先）。局所治療との併用は初回から同日可,施術間隔,"HARG,あける,いつ,ハイドラジェントル,施術間隔,次の施術,間隔"
スカルプ・プラセンタエッセンスの後にハイドラジェントルはどのくらいあけますか／スカルプ・プラセンタエッセンスの後にハイドラジェントルはいつ受けられますか,スカルプ・プラセンタエッセンスの後にハイドラジェントルを受ける場合、同日に受けられます。 ※面の治療との併用は初回は同日不可（2回目以降は同日可、ハイドラ先）。局所治療との併用は初回から同日可,施術間隔,"あける,いつ,スカルプ・プラセンタエッセンス,ハイドラジェントル,施術間隔,次の施術,間隔"
コラーゲンピールの後にハイドラジェントルはどのくらいあけますか／コラーゲンピールの後にハイドラジェントルはいつ受けられますか,コラーゲンピールの後にハイドラジェントル（同じ部位）を受ける場合、2週間あけてください。別の部位であれば同日に受けられます。 ※面の治療との併用は初回は同日不可（2回目以降は同日可、ハイドラ先）。局所治療との併用は初回から同日可,施術間隔,"あける,いつ,コラーゲンピール,ハイドラジェントル,施術間隔,次の施術,間隔"
サーマクールの後にハイドラジェントルはどのくらいあけますか／サーマクールの後にハイドラジェントルはいつ受けられますか,サーマクールの後にハイドラジェントル（同じ部位）を受ける場合、1週間あけてください。別の部位であれば同日に受けられます。 ※サーマクールはきっちり6ヶ月あけます／面の治療との併用は初回は同日不可（2回目以降は同日可、ハイドラ先）。局所治療との併用は初回から同日可,施術間隔,"あける,いつ,サーマクール,ハイドラジェントル,施術間隔,次の施術,間隔"
脱毛の後にハイドラジェントルはどのくらいあけますか／脱毛の後にハイドラジェントルはいつ受けられますか,脱毛の後にハイドラジェントル（同じ部位）を受ける場合、2週間あけてください。別の部位であれば同日に受けられます。 ※脱毛は1回目→2回目が4週間、2回目以降は8週間（男性のひげは回数にかかわらず2週間）。他院・家庭用脱毛器・毛抜き後は8週間あけます／面の治療との併用は初回は同日不可（2回目以降は同日可、ハイドラ先）。局所治療との併用は初回から同日可,施術間隔,"あける,いつ,ハイドラジェントル,施術間隔,次の施術,脱毛,間隔"
タトゥーの後にハイドラジェントルはどのくらいあけますか／タトゥーの後にハイドラジェントルはいつ受けられますか,タトゥーの後にハイドラジェントル（同じ部位）を受ける場合、同部位3ヶ月あけてください。別の部位であれば同日に受けられます。 ※面の治療との併用は初回は同日不可（2回目以降は同日可、ハイドラ先）。局所治療との併用は初回から同日可,施術間隔,"あける,いつ,タトゥー,ハイドラジェントル,施術間隔,次の施術,間隔"
アートメイクの後にハイドラジェントルはどのくらいあけますか／アートメイクの後にハイドラジェントルはいつ受けられますか,アートメイクの後にハイドラジェントル（同じ部位）を受ける場合、2週間あけてください。別の部位であれば同日に受けられます。 ※面の治療との併用は初回は同日不可（2回目以降は同日可、ハイドラ先）。局所治療との併用は初回から同日可,施術間隔,"あける,いつ,アートメイク,ハイドラジェントル,施術間隔,次の施術,間隔"
ハイドラジェントルの後にケミカルピーリングはどのくらいあけますか／ハイドラジェントルの後にケミカルピーリングはいつ受けられますか,ハイドラジェントルの後にケミカルピーリングを受ける場合、同日に受けられます。 ※ピーリングは顔4週間（医師指示で2週間の場合あり）・背中3週間・その他2週間／面の治療との併用は初回は同日不可（2回目以降は同日可、ハイドラ先）。局所治療との併用は初回から同日可,施術間隔,"あける,いつ,ケミカルピーリング,ハイドラジェントル,施術間隔,次の施術,間隔"
ケミカルピーリングの後にケミカルピーリングはどのくらいあけますか／ケミカルピーリングの後にケミカルピーリングはいつ受けられますか,ケミカルピーリングの後にケミカルピーリング（同じ部位）を受ける場合、2～4週間あけてください。別の部位であれば同日に受けられます。 ※ピーリングは顔4週間（医師指示で2週間の場合あり）・背中3週間・その他2週間,施術間隔,"あける,いつ,ケミカルピーリング,施術間隔,次の施術,間隔"
スマートサイドドット（2回目以降）の後にケミカルピーリングはどのくらいあけますか／スマートサイドドット（2回目以降）の後にケミカルピーリングはいつ受けられますか,スマートサイドドット（2回目以降）の後にケミカルピーリング（同じ部位）を受ける場合、4週間あけてください。別の部位であれば同日に受けられます。 ※ピーリングは顔4週間（医師指示で2週間の場合あり）・背中3週間・その他2週間,施術間隔,"あける,いつ,ケミカルピーリング,スマートサイドドット,スマートサイドドット（2回目以降）,施術間隔,次の施術,間隔"
スマートサイドドット（初回）の後にケミカルピーリングはどのくらいあけますか／スマートサイドドット（初回）の後にケミカルピーリングはいつ受けられますか,スマートサイドドット（初回）の後にケミカルピーリング（同じ部位）を受ける場合、3週間あけてください。別の部位であれば同日に受けられます。 ※ピーリングは顔4週間（医師指示で2週間の場合あり）・背中3週間・その他2週間,施術間隔,"あける,いつ,ケミカルピーリング,スマートサイドドット,スマートサイドドット（初回）,施術間隔,次の施術,間隔"
イボレーザー/CO2レーザーの後にケミカルピーリングはどのくらいあけますか／イボレーザー/CO2レーザーの後にケミカルピーリングはいつ受けられますか,イボレーザー/CO2レーザーの後にケミカルピーリング（同じ部位）を受ける場合、4週間あけてください。別の部位であれば同日に受けられます。 ※ピーリングは顔4週間（医師指示で2週間の場合あり）・背中3週間・その他2週間／CO2は初回治療は4週間あけます（色素沈着・傷跡の確認のため）,施術間隔,"CO2レーザー,あける,いつ,イボレーザー,ケミカルピーリング,施術間隔,次の施術,間隔"
シミ取りレーザーの後にケミカルピーリングはどのくらいあけますか／シミ取りレーザーの後にケミカルピーリングはいつ受けられますか,シミ取りレーザーの後にケミカルピーリング（同じ部位）を受ける場合、4週間あけてください。別の部位であれば同日に受けられます。 ※ピーリングは顔4週間（医師指示で2週間の場合あり）・背中3週間・その他2週間,施術間隔,"あける,いつ,ケミカルピーリング,シミ取りレーザー,施術間隔,次の施術,間隔"
ADM/ピコレーザの後にケミカルピーリングはどのくらいあけますか／ADM/ピコレーザの後にケミカルピーリングはいつ受けられますか,ADM/ピコレーザの後にケミカルピーリングを受ける場合、ADM/ピコレーザの治療完了後4週間あけてください。 ※ピーリングは顔4週間（医師指示で2週間の場合あり）・背中3週間・その他2週間,施術間隔,"ADM,あける,いつ,ケミカルピーリング,ピコレーザ,施術間隔,次の施術,間隔"
ADM/ナノレーザーの後にケミカルピーリングはどのくらいあけますか／ADM/ナノレーザーの後にケミカルピーリングはいつ受けられますか,ADM/ナノレーザーの後にケミカルピーリングを受ける場合、ADM/ナノレーザーの治療完了後4週間あけてください。 ※ピーリングは顔4週間（医師指示で2週間の場合あり）・背中3週間・その他2週間,施術間隔,"ADM,あける,いつ,ケミカルピーリング,ナノレーザー,施術間隔,次の施術,間隔"
レーザートーニングの後にケミカルピーリングはどのくらいあけますか／レーザートーニングの後にケミカルピーリングはいつ受けられますか,レーザートーニングの後にケミカルピーリング（同じ部位）を受ける場合、1週間あけてください。別の部位であれば同日に受けられます。 ※ピーリングは顔4週間（医師指示で2週間の場合あり）・背中3週間・その他2週間／トーニングは1〜5回目は週1回、6回目以降は月1回が目安です,施術間隔,"あける,いつ,ケミカルピーリング,レーザートーニング,施術間隔,次の施術,間隔"
ピコトーニングの後にケミカルピーリングはどのくらいあけますか／ピコトーニングの後にケミカルピーリングはいつ受けられますか,ピコトーニングの後にケミカルピーリング（同じ部位）を受ける場合、2週間あけてください。別の部位であれば同日に受けられます。 ※ピーリングは顔4週間（医師指示で2週間の場合あり）・背中3週間・その他2週間／トーニングは1〜5回目は週1回、6回目以降は月1回が目安です,施術間隔,"あける,いつ,ケミカルピーリング,ピコトーニング,施術間隔,次の施術,間隔"
ピコフラクショナルの後にケミカルピーリングはどのくらいあけますか／ピコフラクショナルの後にケミカルピーリングはいつ受けられますか,ピコフラクショナルの後にケミカルピーリング（同じ部位）を受ける場合、3週間あけてください。別の部位であれば同日に受けられます。 ※ピーリングは顔4週間（医師指示で2週間の場合あり）・背中3週間・その他2週間,施術間隔,"あける,いつ,ケミカルピーリング,ピコフラクショナル,施術間隔,次の施術,間隔"
そばかすシャワーの後にケミカルピーリングはどのくらいあけますか／そばかすシャワーの後にケミカルピーリングはいつ受けられますか,そばかすシャワーの後にケミカルピーリング（同じ部位）を受ける場合、4週間あけてください。別の部位であれば同日に受けられます。 ※ピーリングは顔4週間（医師指示で2週間の場合あり）・背中3週間・その他2週間,施術間隔,"あける,いつ,そばかすシャワー,ケミカルピーリング,施術間隔,次の施術,間隔"
そばかすスポットの後にケミカルピーリングはどのくらいあけますか／そばかすスポットの後にケミカルピーリングはいつ受けられますか,そばかすスポットの後にケミカルピーリング（同じ部位）を受ける場合、4週間あけてください。別の部位であれば同日に受けられます。 ※ピーリングは顔4週間（医師指示で2週間の場合あり）・背中3週間・その他2週間／取り残しは3週間以内、それ以外は3ヶ月以上あけます,施術間隔,"あける,いつ,そばかすスポット,ケミカルピーリング,施術間隔,次の施術,間隔"
フォト/光治療の後にケミカルピーリングはどのくらいあけますか／フォト/光治療の後にケミカルピーリングはいつ受けられますか,フォト/光治療の後にケミカルピーリング（同じ部位）を受ける場合、1週間あけてください。別の部位であれば同日に受けられます。 ※ピーリングは顔4週間（医師指示で2週間の場合あり）・背中3週間・その他2週間／フォト/光治療は赤ら顔も含め4週間。4〜5回で1クール、1クール後は3ヶ月あけます,施術間隔,"あける,いつ,ケミカルピーリング,フォト,光治療,施術間隔,次の施術,間隔"
赤み治療の後にケミカルピーリングはどのくらいあけますか／赤み治療の後にケミカルピーリングはいつ受けられますか,赤み治療の後にケミカルピーリングを受ける場合、赤み治療の治療完了後2週間あけてください。 ※ピーリングは顔4週間（医師指示で2週間の場合あり）・背中3週間・その他2週間,施術間隔,"あける,いつ,ケミカルピーリング,施術間隔,次の施術,赤み治療,間隔"
ボトックスの後にケミカルピーリングはどのくらいあけますか／ボトックスの後にケミカルピーリングはいつ受けられますか,ボトックスの後にケミカルピーリング（同じ部位）を受ける場合、2週間あけてください。別の部位であれば同日に受けられます。 ※ボトックスはきっちり4ヶ月（マイクロボトックスは3ヶ月）あけます。追加注入は医師の判断によります／ピーリングは顔4週間（医師指示で2週間の場合あり）・背中3週間・その他2週間,施術間隔,"あける,いつ,ケミカルピーリング,ボトックス,施術間隔,次の施術,間隔"
ボトックス（マイクロ）の後にケミカルピーリングはどのくらいあけますか／ボトックス（マイクロ）の後にケミカルピーリングはいつ受けられますか,ボトックス（マイクロ）の後にケミカルピーリング（同じ部位）を受ける場合、2週間あけてください。別の部位であれば同日に受けられます。 ※ボトックスはきっちり4ヶ月（マイクロボトックスは3ヶ月）あけます。追加注入は医師の判断によります／ピーリングは顔4週間（医師指示で2週間の場合あり）・背中3週間・その他2週間,施術間隔,"あける,いつ,ケミカルピーリング,ボトックス,ボトックス（マイクロ）,施術間隔,次の施術,間隔"
テノールネオの後にケミカルピーリングはどのくらいあけますか／テノールネオの後にケミカルピーリングはいつ受けられますか,テノールネオの後にケミカルピーリングを受ける場合、翌日以降であれば受けられます。 ※ピーリングは顔4週間（医師指示で2週間の場合あり）・背中3週間・その他2週間,施術間隔,"あける,いつ,ケミカルピーリング,テノールネオ,施術間隔,次の施術,間隔"
フラルスキン（トレチ）の後にケミカルピーリングはどのくらいあけますか／フラルスキン（トレチ）の後にケミカルピーリングはいつ受けられますか,フラルスキン（トレチ）の後にケミカルピーリングを受ける場合、トレチノインを使用しているときのみ1週間あけてください（それ以外は医師にご確認ください）。 ※ピーリングは顔4週間（医師指示で2週間の場合あり）・背中3週間・その他2週間,施術間隔,"あける,いつ,ケミカルピーリング,フラルスキン,フラルスキン（トレチ）,施術間隔,次の施術,間隔"
部分シミ（トレチ）の後にケミカルピーリングはどのくらいあけますか／部分シミ（トレチ）の後にケミカルピーリングはいつ受けられますか,部分シミ（トレチ）の後にケミカルピーリング（同じ部位）を受ける場合、4週間あけてください。別の部位であれば同日に受けられます。 ※ピーリングは顔4週間（医師指示で2週間の場合あり）・背中3週間・その他2週間,施術間隔,"あける,いつ,ケミカルピーリング,施術間隔,次の施術,部分シミ,部分シミ（トレチ）,間隔"
mikoメソッドの後にケミカルピーリングはどのくらいあけますか／mikoメソッドの後にケミカルピーリングはいつ受けられますか,mikoメソッドの後にケミカルピーリング（同じ部位）を受ける場合、4週間あけてください。別の部位であれば同日に受けられます。 ※ピーリングは顔4週間（医師指示で2週間の場合あり）・背中3週間・その他2週間,施術間隔,"mikoメソッド,あける,いつ,ケミカルピーリング,施術間隔,次の施術,間隔"
ほくろ切除/ほくろ除去の後にケミカルピーリングはどのくらいあけますか／ほくろ切除/ほくろ除去の後にケミカルピーリングはいつ受けられますか,ほくろ切除/ほくろ除去の後にケミカルピーリングを受ける場合、傷が上皮化してから4週間あけてください。 ※ピーリングは顔4週間（医師指示で2週間の場合あり）・背中3週間・その他2週間,施術間隔,"あける,いつ,ほくろ切除,ほくろ除去,ケミカルピーリング,施術間隔,次の施術,間隔"
ボライトの後にケミカルピーリングはどのくらいあけますか／ボライトの後にケミカルピーリングはいつ受けられますか,ボライトの後にケミカルピーリング（同じ部位）を受ける場合、4週間あけてください。別の部位であれば同日に受けられます。 ※ピーリングは顔4週間（医師指示で2週間の場合あり）・背中3週間・その他2週間,施術間隔,"あける,いつ,ケミカルピーリング,ボライト,施術間隔,次の施術,間隔"
稗粒腫の後にケミカルピーリングはどのくらいあけますか／稗粒腫の後にケミカルピーリングはいつ受けられますか,稗粒腫の後にケミカルピーリング（同じ部位）を受ける場合、1週間あけてください。別の部位であれば同日に受けられます。 ※ピーリングは顔4週間（医師指示で2週間の場合あり）・背中3週間・その他2週間,施術間隔,"あける,いつ,ケミカルピーリング,施術間隔,次の施術,稗粒腫,間隔"
ヴェルヴェットスキンの後にケミカルピーリングはどのくらいあけますか／ヴェルヴェットスキンの後にケミカルピーリングはいつ受けられますか,ヴェルヴェットスキンの後にケミカルピーリング（同じ部位）を受ける場合、4週間あけてください。別の部位であれば同日に受けられます。 ※ピーリングは顔4週間（医師指示で2週間の場合あり）・背中3週間・その他2週間,施術間隔,"あける,いつ,ケミカルピーリング,ヴェルヴェットスキン,施術間隔,次の施術,間隔"
ダーマペンの後にケミカルピーリングはどのくらいあけますか／ダーマペンの後にケミカルピーリングはいつ受けられますか,ダーマペンの後にケミカルピーリング（同じ部位）を受ける場合、4週間あけてください。別の部位であれば同日に受けられます。 ※ダーマペンは基本4週間ですが、出血状況により医師の指示に従います／ピーリングは顔4週間（医師指示で2週間の場合あり）・背中3週間・その他2週間,施術間隔,"あける,いつ,ケミカルピーリング,ダーマペン,施術間隔,次の施術,間隔"
HARGの後にケミカルピーリングはどのくらいあけますか／HARGの後にケミカルピーリングはいつ受けられますか,HARGの後にケミカルピーリング（別の部位）を受ける場合、翌日あけてください。 ※ピーリングは顔4週間（医師指示で2週間の場合あり）・背中3週間・その他2週間,施術間隔,"HARG,あける,いつ,ケミカルピーリング,施術間隔,次の施術,間隔"
スカルプ・プラセンタエッセンスの後にケミカルピーリングはどのくらいあけますか／スカルプ・プラセンタエッセンスの後にケミカルピーリングはいつ受けられますか,スカルプ・プラセンタエッセンスの後にケミカルピーリング（別の部位）を受ける場合、翌日あけてください。 ※ピーリングは顔4週間（医師指示で2週間の場合あり）・背中3週間・その他2週間,施術間隔,"あける,いつ,ケミカルピーリング,スカルプ・プラセンタエッセンス,施術間隔,次の施術,間隔"
コラーゲンピールの後にケミカルピーリングはどのくらいあけますか／コラーゲンピールの後にケミカルピーリングはいつ受けられますか,コラーゲンピールの後にケミカルピーリング（同じ部位）を受ける場合、3週間あけてください。別の部位であれば同日に受けられます。 ※ピーリングは顔4週間（医師指示で2週間の場合あり）・背中3週間・その他2週間,施術間隔,"あける,いつ,ケミカルピーリング,コラーゲンピール,施術間隔,次の施術,間隔"
サーマクールの後にケミカルピーリングはどのくらいあけますか／サーマクールの後にケミカルピーリングはいつ受けられますか,サーマクールの後にケミカルピーリング（同じ部位）を受ける場合、2週間あけてください。別の部位であれば同日に受けられます。 ※サーマクールはきっちり6ヶ月あけます／ピーリングは顔4週間（医師指示で2週間の場合あり）・背中3週間・その他2週間,施術間隔,"あける,いつ,ケミカルピーリング,サーマクール,施術間隔,次の施術,間隔"
脱毛の後にケミカルピーリングはどのくらいあけますか／脱毛の後にケミカルピーリングはいつ受けられますか,脱毛の後にケミカルピーリング（同じ部位）を受ける場合、2週間あけてください。別の部位であれば同日に受けられます。 ※脱毛は1回目→2回目が4週間、2回目以降は8週間（男性のひげは回数にかかわらず2週間）。他院・家庭用脱毛器・毛抜き後は8週間あけます／ピーリングは顔4週間（医師指示で2週間の場合あり）・背中3週間・その他2週間,施術間隔,"あける,いつ,ケミカルピーリング,施術間隔,次の施術,脱毛,間隔"
タトゥーの後にケミカルピーリングはどのくらいあけますか／タトゥーの後にケミカルピーリングはいつ受けられますか,タトゥーの後にケミカルピーリング（同じ部位）を受ける場合、同部位3ヶ月あけてください。別の部位であれば同日に受けられます。 ※ピーリングは顔4週間（医師指示で2週間の場合あり）・背中3週間・その他2週間,施術間隔,"あける,いつ,ケミカルピーリング,タトゥー,施術間隔,次の施術,間隔"
アートメイクの後にケミカルピーリングはどのくらいあけますか／アートメイクの後にケミカルピーリングはいつ受けられますか,アートメイクの後にケミカルピーリング（同じ部位）を受ける場合、2週間あけてください。別の部位であれば同日に受けられます。 ※ピーリングは顔4週間（医師指示で2週間の場合あり）・背中3週間・その他2週間,施術間隔,"あける,いつ,アートメイク,ケミカルピーリング,施術間隔,次の施術,間隔"
ハイドラジェントルの後にスマートサイドドット（2回目以降）はどのくらいあけますか／ハイドラジェントルの後にスマートサイドドット（2回目以降）はいつ受けられますか,ハイドラジェントルの後にスマートサイドドット（2回目以降）を受ける場合、同日に受けられます。 ※面の治療との併用は初回は同日不可（2回目以降は同日可、ハイドラ先）。局所治療との併用は初回から同日可,施術間隔,"あける,いつ,スマートサイドドット,スマートサイドドット（2回目以降）,ハイドラジェントル,施術間隔,次の施術,間隔"
ケミカルピーリングの後にスマートサイドドット（2回目以降）はどのくらいあけますか／ケミカルピーリングの後にスマートサイドドット（2回目以降）はいつ受けられますか,ケミカルピーリングの後にスマートサイドドット（2回目以降）（同じ部位）を受ける場合、2週間あけてください。別の部位であれば同日に受けられます。 ※ピーリングは顔4週間（医師指示で2週間の場合あり）・背中3週間・その他2週間,施術間隔,"あける,いつ,ケミカルピーリング,スマートサイドドット,スマートサイドドット（2回目以降）,施術間隔,次の施術,間隔"
スマートサイドドット（2回目以降）の後にスマートサイドドット（2回目以降）はどのくらいあけますか／スマートサイドドット（2回目以降）の後にスマートサイドドット（2回目以降）はいつ受けられますか,スマートサイドドット（2回目以降）の後にスマートサイドドット（2回目以降）（同じ部位）を受ける場合、8週間あけてください。別の部位であれば同日に受けられます。,施術間隔,"あける,いつ,スマートサイドドット,スマートサイドドット（2回目以降）,施術間隔,次の施術,間隔"
スマートサイドドット（初回）の後にスマートサイドドット（2回目以降）はどのくらいあけますか／スマートサイドドット（初回）の後にスマートサイドドット（2回目以降）はいつ受けられますか,スマートサイドドット（初回）の後にスマートサイドドット（2回目以降）（同じ部位）を受ける場合、4週間あけてください。別の部位であれば同日に受けられます。,施術間隔,"あける,いつ,スマートサイドドット,スマートサイドドット（2回目以降）,スマートサイドドット（初回）,施術間隔,次の施術,間隔"
イボレーザー/CO2レーザーの後にスマートサイドドット（2回目以降）はどのくらいあけますか／イボレーザー/CO2レーザーの後にスマートサイドドット（2回目以降）はいつ受けられますか,イボレーザー/CO2レーザーの後にスマートサイドドット（2回目以降）（同じ部位）を受ける場合、4週間あけてください。別の部位であれば同日に受けられます。 ※CO2は初回治療は4週間あけます（色素沈着・傷跡の確認のため）,施術間隔,"CO2レーザー,あける,いつ,イボレーザー,スマートサイドドット,スマートサイドドット（2回目以降）,施術間隔,次の施術,間隔"
シミ取りレーザーの後にスマートサイドドット（2回目以降）はどのくらいあけますか／シミ取りレーザーの後にスマートサイドドット（2回目以降）はいつ受けられますか,シミ取りレーザーの後にスマートサイドドット（2回目以降）（同じ部位）を受ける場合、4週間あけてください。別の部位であれば同日に受けられます。,施術間隔,"あける,いつ,シミ取りレーザー,スマートサイドドット,スマートサイドドット（2回目以降）,施術間隔,次の施術,間隔"
ADM/ピコレーザの後にスマートサイドドット（2回目以降）はどのくらいあけますか／ADM/ピコレーザの後にスマートサイドドット（2回目以降）はいつ受けられますか,ADM/ピコレーザの後にスマートサイドドット（2回目以降）を受ける場合、ADM/ピコレーザの治療完了後4週間あけてください。,施術間隔,"ADM,あける,いつ,スマートサイドドット,スマートサイドドット（2回目以降）,ピコレーザ,施術間隔,次の施術,間隔"
ADM/ナノレーザーの後にスマートサイドドット（2回目以降）はどのくらいあけますか／ADM/ナノレーザーの後にスマートサイドドット（2回目以降）はいつ受けられますか,ADM/ナノレーザーの後にスマートサイドドット（2回目以降）を受ける場合、ADM/ナノレーザーの治療完了後4週間あけてください。,施術間隔,"ADM,あける,いつ,スマートサイドドット,スマートサイドドット（2回目以降）,ナノレーザー,施術間隔,次の施術,間隔"
レーザートーニングの後にスマートサイドドット（2回目以降）はどのくらいあけますか／レーザートーニングの後にスマートサイドドット（2回目以降）はいつ受けられますか,レーザートーニングの後にスマートサイドドット（2回目以降）（同じ部位）を受ける場合、1週間あけてください。別の部位であれば同日に受けられます。 ※トーニングは1〜5回目は週1回、6回目以降は月1回が目安です,施術間隔,"あける,いつ,スマートサイドドット,スマートサイドドット（2回目以降）,レーザートーニング,施術間隔,次の施術,間隔"
ピコトーニングの後にスマートサイドドット（2回目以降）はどのくらいあけますか／ピコトーニングの後にスマートサイドドット（2回目以降）はいつ受けられますか,ピコトーニングの後にスマートサイドドット（2回目以降）（同じ部位）を受ける場合、2週間あけてください。別の部位であれば同日に受けられます。 ※トーニングは1〜5回目は週1回、6回目以降は月1回が目安です,施術間隔,"あける,いつ,スマートサイドドット,スマートサイドドット（2回目以降）,ピコトーニング,施術間隔,次の施術,間隔"
ピコフラクショナルの後にスマートサイドドット（2回目以降）はどのくらいあけますか／ピコフラクショナルの後にスマートサイドドット（2回目以降）はいつ受けられますか,ピコフラクショナルの後にスマートサイドドット（2回目以降）（同じ部位）を受ける場合、8週間あけてください。別の部位であれば同日に受けられます。,施術間隔,"あける,いつ,スマートサイドドット,スマートサイドドット（2回目以降）,ピコフラクショナル,施術間隔,次の施術,間隔"
そばかすシャワーの後にスマートサイドドット（2回目以降）はどのくらいあけますか／そばかすシャワーの後にスマートサイドドット（2回目以降）はいつ受けられますか,そばかすシャワーの後にスマートサイドドット（2回目以降）（同じ部位）を受ける場合、8週間あけてください。別の部位であれば同日に受けられます。,施術間隔,"あける,いつ,そばかすシャワー,スマートサイドドット,スマートサイドドット（2回目以降）,施術間隔,次の施術,間隔"
そばかすスポットの後にスマートサイドドット（2回目以降）はどのくらいあけますか／そばかすスポットの後にスマートサイドドット（2回目以降）はいつ受けられますか,そばかすスポットの後にスマートサイドドット（2回目以降）（同じ部位）を受ける場合、8週間あけてください。別の部位であれば同日に受けられます。 ※取り残しは3週間以内、それ以外は3ヶ月以上あけます,施術間隔,"あける,いつ,そばかすスポット,スマートサイドドット,スマートサイドドット（2回目以降）,施術間隔,次の施術,間隔"
フォト/光治療の後にスマートサイドドット（2回目以降）はどのくらいあけますか／フォト/光治療の後にスマートサイドドット（2回目以降）はいつ受けられますか,フォト/光治療の後にスマートサイドドット（2回目以降）（同じ部位）を受ける場合、1週間あけてください。別の部位であれば同日に受けられます。 ※フォト/光治療は赤ら顔も含め4週間。4〜5回で1クール、1クール後は3ヶ月あけます,施術間隔,"あける,いつ,スマートサイドドット,スマートサイドドット（2回目以降）,フォト,光治療,施術間隔,次の施術,間隔"
赤み治療の後にスマートサイドドット（2回目以降）はどのくらいあけますか／赤み治療の後にスマートサイドドット（2回目以降）はいつ受けられますか,赤み治療の後にスマートサイドドット（2回目以降）を受ける場合、赤み治療の治療完了後2週間あけてください。,施術間隔,"あける,いつ,スマートサイドドット,スマートサイドドット（2回目以降）,施術間隔,次の施術,赤み治療,間隔"
ボトックスの後にスマートサイドドット（2回目以降）はどのくらいあけますか／ボトックスの後にスマートサイドドット（2回目以降）はいつ受けられますか,ボトックスの後にスマートサイドドット（2回目以降）（同じ部位）を受ける場合、2週間あけてください。別の部位であれば同日に受けられます。 ※ボトックスはきっちり4ヶ月（マイクロボトックスは3ヶ月）あけます。追加注入は医師の判断によります,施術間隔,"あける,いつ,スマートサイドドット,スマートサイドドット（2回目以降）,ボトックス,施術間隔,次の施術,間隔"
ボトックス（マイクロ）の後にスマートサイドドット（2回目以降）はどのくらいあけますか／ボトックス（マイクロ）の後にスマートサイドドット（2回目以降）はいつ受けられますか,ボトックス（マイクロ）の後にスマートサイドドット（2回目以降）（同じ部位）を受ける場合、2週間あけてください。別の部位であれば同日に受けられます。 ※ボトックスはきっちり4ヶ月（マイクロボトックスは3ヶ月）あけます。追加注入は医師の判断によります,施術間隔,"あける,いつ,スマートサイドドット,スマートサイドドット（2回目以降）,ボトックス,ボトックス（マイクロ）,施術間隔,次の施術,間隔"
テノールネオの後にスマートサイドドット（2回目以降）はどのくらいあけますか／テノールネオの後にスマートサイドドット（2回目以降）はいつ受けられますか,テノールネオの後にスマートサイドドット（2回目以降）を受ける場合、同日に受けられます。,施術間隔,"あける,いつ,スマートサイドドット,スマートサイドドット（2回目以降）,テノールネオ,施術間隔,次の施術,間隔"
フラルスキン（トレチ）の後にスマートサイドドット（2回目以降）はどのくらいあけますか／フラルスキン（トレチ）の後にスマートサイドドット（2回目以降）はいつ受けられますか,フラルスキン（トレチ）の後にスマートサイドドット（2回目以降）を受ける場合、トレチノインを使用しているときのみ1週間あけてください（それ以外は医師にご確認ください）。,施術間隔,"あける,いつ,スマートサイドドット,スマートサイドドット（2回目以降）,フラルスキン,フラルスキン（トレチ）,施術間隔,次の施術,間隔"
部分シミ（トレチ）の後にスマートサイドドット（2回目以降）はどのくらいあけますか／部分シミ（トレチ）の後にスマートサイドドット（2回目以降）はいつ受けられますか,部分シミ（トレチ）の後にスマートサイドドット（2回目以降）（同じ部位）を受ける場合、4週間(翌日)あけてください。別の部位であれば同日に受けられます。,施術間隔,"あける,いつ,スマートサイドドット,スマートサイドドット（2回目以降）,施術間隔,次の施術,部分シミ,部分シミ（トレチ）,間隔"
mikoメソッドの後にスマートサイドドット（2回目以降）はどのくらいあけますか／mikoメソッドの後にスマートサイドドット（2回目以降）はいつ受けられますか,mikoメソッドの後にスマートサイドドット（2回目以降）（同じ部位）を受ける場合、4週間あけてください。別の部位であれば同日に受けられます。,施術間隔,"mikoメソッド,あける,いつ,スマートサイドドット,スマートサイドドット（2回目以降）,施術間隔,次の施術,間隔"
ほくろ切除/ほくろ除去の後にスマートサイドドット（2回目以降）はどのくらいあけますか／ほくろ切除/ほくろ除去の後にスマートサイドドット（2回目以降）はいつ受けられますか,ほくろ切除/ほくろ除去の後にスマートサイドドット（2回目以降）を受ける場合、傷が上皮化してから4週間あけてください。,施術間隔,"あける,いつ,ほくろ切除,ほくろ除去,スマートサイドドット,スマートサイドドット（2回目以降）,施術間隔,次の施術,間隔"
ボライトの後にスマートサイドドット（2回目以降）はどのくらいあけますか／ボライトの後にスマートサイドドット（2回目以降）はいつ受けられますか,ボライトの後にスマートサイドドット（2回目以降）（同じ部位）を受ける場合、4週間あけてください。別の部位であれば同日に受けられます。,施術間隔,"あける,いつ,スマートサイドドット,スマートサイドドット（2回目以降）,ボライト,施術間隔,次の施術,間隔"
稗粒腫の後にスマートサイドドット（2回目以降）はどのくらいあけますか／稗粒腫の後にスマートサイドドット（2回目以降）はいつ受けられますか,稗粒腫の後にスマートサイドドット（2回目以降）（同じ部位）を受ける場合、1週間あけてください。別の部位であれば同日に受けられます。,施術間隔,"あける,いつ,スマートサイドドット,スマートサイドドット（2回目以降）,施術間隔,次の施術,稗粒腫,間隔"
ヴェルヴェットスキンの後にスマートサイドドット（2回目以降）はどのくらいあけますか／ヴェルヴェットスキンの後にスマートサイドドット（2回目以降）はいつ受けられますか,ヴェルヴェットスキンの後にスマートサイドドット（2回目以降）（同じ部位）を受ける場合、4週間あけてください。別の部位であれば同日に受けられます。,施術間隔,"あける,いつ,スマートサイドドット,スマートサイドドット（2回目以降）,ヴェルヴェットスキン,施術間隔,次の施術,間隔"
ダーマペンの後にスマートサイドドット（2回目以降）はどのくらいあけますか／ダーマペンの後にスマートサイドドット（2回目以降）はいつ受けられますか,ダーマペンの後にスマートサイドドット（2回目以降）（同じ部位）を受ける場合、4週間あけてください。別の部位であれば同日に受けられます。 ※ダーマペンは基本4週間ですが、出血状況により医師の指示に従います,施術間隔,"あける,いつ,スマートサイドドット,スマートサイドドット（2回目以降）,ダーマペン,施術間隔,次の施術,間隔"
HARGの後にスマートサイドドット（2回目以降）はどのくらいあけますか／HARGの後にスマートサイドドット（2回目以降）はいつ受けられますか,HARGの後にスマートサイドドット（2回目以降）（別の部位）を受ける場合、翌日あけてください。,施術間隔,"HARG,あける,いつ,スマートサイドドット,スマートサイドドット（2回目以降）,施術間隔,次の施術,間隔"
スカルプ・プラセンタエッセンスの後にスマートサイドドット（2回目以降）はどのくらいあけますか／スカルプ・プラセンタエッセンスの後にスマートサイドドット（2回目以降）はいつ受けられますか,スカルプ・プラセンタエッセンスの後にスマートサイドドット（2回目以降）（別の部位）を受ける場合、翌日あけてください。,施術間隔,"あける,いつ,スカルプ・プラセンタエッセンス,スマートサイドドット,スマートサイドドット（2回目以降）,施術間隔,次の施術,間隔"
コラーゲンピールの後にスマートサイドドット（2回目以降）はどのくらいあけますか／コラーゲンピールの後にスマートサイドドット（2回目以降）はいつ受けられますか,コラーゲンピールの後にスマートサイドドット（2回目以降）（同じ部位）を受ける場合、2週間あけてください。別の部位であれば同日に受けられます。,施術間隔,"あける,いつ,コラーゲンピール,スマートサイドドット,スマートサイドドット（2回目以降）,施術間隔,次の施術,間隔"
サーマクールの後にスマートサイドドット（2回目以降）はどのくらいあけますか／サーマクールの後にスマートサイドドット（2回目以降）はいつ受けられますか,サーマクールの後にスマートサイドドット（2回目以降）（同じ部位）を受ける場合、1週間あけてください。別の部位であれば同日に受けられます。 ※サーマクールはきっちり6ヶ月あけます,施術間隔,"あける,いつ,サーマクール,スマートサイドドット,スマートサイドドット（2回目以降）,施術間隔,次の施術,間隔"
脱毛の後にスマートサイドドット（2回目以降）はどのくらいあけますか／脱毛の後にスマートサイドドット（2回目以降）はいつ受けられますか,脱毛の後にスマートサイドドット（2回目以降）（同じ部位）を受ける場合、2週間あけてください。別の部位であれば同日に受けられます。 ※脱毛は1回目→2回目が4週間、2回目以降は8週間（男性のひげは回数にかかわらず2週間）。他院・家庭用脱毛器・毛抜き後は8週間あけます,施術間隔,"あける,いつ,スマートサイドドット,スマートサイドドット（2回目以降）,施術間隔,次の施術,脱毛,間隔"
タトゥーの後にスマートサイドドット（2回目以降）はどのくらいあけますか／タトゥーの後にスマートサイドドット（2回目以降）はいつ受けられますか,タトゥーの後にスマートサイドドット（2回目以降）（同じ部位）を受ける場合、同部位3ヶ月あけてください。別の部位であれば同日に受けられます。,施術間隔,"あける,いつ,スマートサイドドット,スマートサイドドット（2回目以降）,タトゥー,施術間隔,次の施術,間隔"
アートメイクの後にスマートサイドドット（2回目以降）はどのくらいあけますか／アートメイクの後にスマートサイドドット（2回目以降）はいつ受けられますか,アートメイクの後にスマートサイドドット（2回目以降）（同じ部位）を受ける場合、2週間あけてください。別の部位であれば同日に受けられます。,施術間隔,"あける,いつ,アートメイク,スマートサイドドット,スマートサイドドット（2回目以降）,施術間隔,次の施術,間隔"
ハイドラジェントルの後にスマートサイドドット（初回）はどのくらいあけますか／ハイドラジェントルの後にスマートサイドドット（初回）はいつ受けられますか,ハイドラジェントルの後にスマートサイドドット（初回）を受ける場合、同日に受けられます。 ※面の治療との併用は初回は同日不可（2回目以降は同日可、ハイドラ先）。局所治療との併用は初回から同日可,施術間隔,"あける,いつ,スマートサイドドット,スマートサイドドット（初回）,ハイドラジェントル,施術間隔,次の施術,間隔"
ケミカルピーリングの後にスマートサイドドット（初回）はどのくらいあけますか／ケミカルピーリングの後にスマートサイドドット（初回）はいつ受けられますか,ケミカルピーリングの後にスマートサイドドット（初回）（同じ部位）を受ける場合、2週間あけてください。別の部位であれば同日に受けられます。 ※ピーリングは顔4週間（医師指示で2週間の場合あり）・背中3週間・その他2週間,施術間隔,"あける,いつ,ケミカルピーリング,スマートサイドドット,スマートサイドドット（初回）,施術間隔,次の施術,間隔"
スマートサイドドット（2回目以降）の後にスマートサイドドット（初回）はどのくらいあけますか／スマートサイドドット（2回目以降）の後にスマートサイドドット（初回）はいつ受けられますか,スマートサイドドット（2回目以降）の後にスマートサイドドット（初回）（同じ部位）を受ける場合、8週間あけてください。別の部位であれば同日に受けられます。,施術間隔,"あける,いつ,スマートサイドドット,スマートサイドドット（2回目以降）,スマートサイドドット（初回）,施術間隔,次の施術,間隔"
スマートサイドドット（初回）の後にスマートサイドドット（初回）はどのくらいあけますか／スマートサイドドット（初回）の後にスマートサイドドット（初回）はいつ受けられますか,スマートサイドドット（初回）の後にスマートサイドドット（初回）（同じ部位）を受ける場合、4週間あけてください。別の部位であれば同日に受けられます。,施術間隔,"あける,いつ,スマートサイドドット,スマートサイドドット（初回）,施術間隔,次の施術,間隔"
イボレーザー/CO2レーザーの後にスマートサイドドット（初回）はどのくらいあけますか／イボレーザー/CO2レーザーの後にスマートサイドドット（初回）はいつ受けられますか,イボレーザー/CO2レーザーの後にスマートサイドドット（初回）（同じ部位）を受ける場合、4週間あけてください。別の部位であれば同日に受けられます。 ※CO2は初回治療は4週間あけます（色素沈着・傷跡の確認のため）,施術間隔,"CO2レーザー,あける,いつ,イボレーザー,スマートサイドドット,スマートサイドドット（初回）,施術間隔,次の施術,間隔"
シミ取りレーザーの後にスマートサイドドット（初回）はどのくらいあけますか／シミ取りレーザーの後にスマートサイドドット（初回）はいつ受けられますか,シミ取りレーザーの後にスマートサイドドット（初回）（同じ部位）を受ける場合、4週間あけてください。別の部位であれば同日に受けられます。,施術間隔,"あける,いつ,シミ取りレーザー,スマートサイドドット,スマートサイドドット（初回）,施術間隔,次の施術,間隔"
ADM/ピコレーザの後にスマートサイドドット（初回）はどのくらいあけますか／ADM/ピコレーザの後にスマートサイドドット（初回）はいつ受けられますか,ADM/ピコレーザの後にスマートサイドドット（初回）を受ける場合、ADM/ピコレーザの治療完了後4週間あけてください。,施術間隔,"ADM,あける,いつ,スマートサイドドット,スマートサイドドット（初回）,ピコレーザ,施術間隔,次の施術,間隔"
ADM/ナノレーザーの後にスマートサイドドット（初回）はどのくらいあけますか／ADM/ナノレーザーの後にスマートサイドドット（初回）はいつ受けられますか,ADM/ナノレーザーの後にスマートサイドドット（初回）を受ける場合、ADM/ナノレーザーの治療完了後4週間あけてください。,施術間隔,"ADM,あける,いつ,スマートサイドドット,スマートサイドドット（初回）,ナノレーザー,施術間隔,次の施術,間隔"
レーザートーニングの後にスマートサイドドット（初回）はどのくらいあけますか／レーザートーニングの後にスマートサイドドット（初回）はいつ受けられますか,レーザートーニングの後にスマートサイドドット（初回）（同じ部位）を受ける場合、1週間あけてください。別の部位であれば同日に受けられます。 ※トーニングは1〜5回目は週1回、6回目以降は月1回が目安です,施術間隔,"あける,いつ,スマートサイドドット,スマートサイドドット（初回）,レーザートーニング,施術間隔,次の施術,間隔"
ピコトーニングの後にスマートサイドドット（初回）はどのくらいあけますか／ピコトーニングの後にスマートサイドドット（初回）はいつ受けられますか,ピコトーニングの後にスマートサイドドット（初回）（同じ部位）を受ける場合、2週間あけてください。別の部位であれば同日に受けられます。 ※トーニングは1〜5回目は週1回、6回目以降は月1回が目安です,施術間隔,"あける,いつ,スマートサイドドット,スマートサイドドット（初回）,ピコトーニング,施術間隔,次の施術,間隔"
ピコフラクショナルの後にスマートサイドドット（初回）はどのくらいあけますか／ピコフラクショナルの後にスマートサイドドット（初回）はいつ受けられますか,ピコフラクショナルの後にスマートサイドドット（初回）（同じ部位）を受ける場合、8週間あけてください。別の部位であれば同日に受けられます。,施術間隔,"あける,いつ,スマートサイドドット,スマートサイドドット（初回）,ピコフラクショナル,施術間隔,次の施術,間隔"
そばかすシャワーの後にスマートサイドドット（初回）はどのくらいあけますか／そばかすシャワーの後にスマートサイドドット（初回）はいつ受けられますか,そばかすシャワーの後にスマートサイドドット（初回）（同じ部位）を受ける場合、8週間あけてください。別の部位であれば同日に受けられます。,施術間隔,"あける,いつ,そばかすシャワー,スマートサイドドット,スマートサイドドット（初回）,施術間隔,次の施術,間隔"
そばかすスポットの後にスマートサイドドット（初回）はどのくらいあけますか／そばかすスポットの後にスマートサイドドット（初回）はいつ受けられますか,そばかすスポットの後にスマートサイドドット（初回）（同じ部位）を受ける場合、8週間あけてください。別の部位であれば同日に受けられます。 ※取り残しは3週間以内、それ以外は3ヶ月以上あけます,施術間隔,"あける,いつ,そばかすスポット,スマートサイドドット,スマートサイドドット（初回）,施術間隔,次の施術,間隔"
フォト/光治療の後にスマートサイドドット（初回）はどのくらいあけますか／フォト/光治療の後にスマートサイドドット（初回）はいつ受けられますか,フォト/光治療の後にスマートサイドドット（初回）（同じ部位）を受ける場合、1週間あけてください。別の部位であれば同日に受けられます。 ※フォト/光治療は赤ら顔も含め4週間。4〜5回で1クール、1クール後は3ヶ月あけます,施術間隔,"あける,いつ,スマートサイドドット,スマートサイドドット（初回）,フォト,光治療,施術間隔,次の施術,間隔"
赤み治療の後にスマートサイドドット（初回）はどのくらいあけますか／赤み治療の後にスマートサイドドット（初回）はいつ受けられますか,赤み治療の後にスマートサイドドット（初回）を受ける場合、赤み治療の治療完了後2週間あけてください。,施術間隔,"あける,いつ,スマートサイドドット,スマートサイドドット（初回）,施術間隔,次の施術,赤み治療,間隔"
ボトックスの後にスマートサイドドット（初回）はどのくらいあけますか／ボトックスの後にスマートサイドドット（初回）はいつ受けられますか,ボトックスの後にスマートサイドドット（初回）（同じ部位）を受ける場合、2週間あけてください。別の部位であれば同日に受けられます。 ※ボトックスはきっちり4ヶ月（マイクロボトックスは3ヶ月）あけます。追加注入は医師の判断によります,施術間隔,"あける,いつ,スマートサイドドット,スマートサイドドット（初回）,ボトックス,施術間隔,次の施術,間隔"
ボトックス（マイクロ）の後にスマートサイドドット（初回）はどのくらいあけますか／ボトックス（マイクロ）の後にスマートサイドドット（初回）はいつ受けられますか,ボトックス（マイクロ）の後にスマートサイドドット（初回）（同じ部位）を受ける場合、2週間あけてください。別の部位であれば同日に受けられます。 ※ボトックスはきっちり4ヶ月（マイクロボトックスは3ヶ月）あけます。追加注入は医師の判断によります,施術間隔,"あける,いつ,スマートサイドドット,スマートサイドドット（初回）,ボトックス,ボトックス（マイクロ）,施術間隔,次の施術,間隔"
テノールネオの後にスマートサイドドット（初回）はどのくらいあけますか／テノールネオの後にスマートサイドドット（初回）はいつ受けられますか,テノールネオの後にスマートサイドドット（初回）を受ける場合、同日に受けられます。,施術間隔,"あける,いつ,スマートサイドドット,スマートサイドドット（初回）,テノールネオ,施術間隔,次の施術,間隔"
フラルスキン（トレチ）の後にスマートサイドドット（初回）はどのくらいあけますか／フラルスキン（トレチ）の後にスマートサイドドット（初回）はいつ受けられますか,フラルスキン（トレチ）の後にスマートサイドドット（初回）を受ける場合、トレチノインを使用しているときのみ1週間あけてください（それ以外は医師にご確認ください）。,施術間隔,"あける,いつ,スマートサイドドット,スマートサイドドット（初回）,フラルスキン,フラルスキン（トレチ）,施術間隔,次の施術,間隔"
部分シミ（トレチ）の後にスマートサイドドット（初回）はどのくらいあけますか／部分シミ（トレチ）の後にスマートサイドドット（初回）はいつ受けられますか,部分シミ（トレチ）の後にスマートサイドドット（初回）（同じ部位）を受ける場合、4週間(翌日)あけてください。別の部位であれば同日に受けられます。,施術間隔,"あける,いつ,スマートサイドドット,スマートサイドドット（初回）,施術間隔,次の施術,部分シミ,部分シミ（トレチ）,間隔"
mikoメソッドの後にスマートサイドドット（初回）はどのくらいあけますか／mikoメソッドの後にスマートサイドドット（初回）はいつ受けられますか,mikoメソッドの後にスマートサイドドット（初回）（同じ部位）を受ける場合、4週間あけてください。別の部位であれば同日に受けられます。,施術間隔,"mikoメソッド,あける,いつ,スマートサイドドット,スマートサイドドット（初回）,施術間隔,次の施術,間隔"
ほくろ切除/ほくろ除去の後にスマートサイドドット（初回）はどのくらいあけますか／ほくろ切除/ほくろ除去の後にスマートサイドドット（初回）はいつ受けられますか,ほくろ切除/ほくろ除去の後にスマートサイドドット（初回）を受ける場合、傷が上皮化してから4週間あけてください。,施術間隔,"あける,いつ,ほくろ切除,ほくろ除去,スマートサイドドット,スマートサイドドット（初回）,施術間隔,次の施術,間隔"
ボライトの後にスマートサイドドット（初回）はどのくらいあけますか／ボライトの後にスマートサイドドット（初回）はいつ受けられますか,ボライトの後にスマートサイドドット（初回）（同じ部位）を受ける場合、4週間あけてください。別の部位であれば同日に受けられます。,施術間隔,"あける,いつ,スマートサイドドット,スマートサイドドット（初回）,ボライト,施術間隔,次の施術,間隔"
稗粒腫の後にスマートサイドドット（初回）はどのくらいあけますか／稗粒腫の後にスマートサイドドット（初回）はいつ受けられますか,稗粒腫の後にスマートサイドドット（初回）（同じ部位）を受ける場合、1週間あけてください。別の部位であれば同日に受けられます。,施術間隔,"あける,いつ,スマートサイドドット,スマートサイドドット（初回）,施術間隔,次の施術,稗粒腫,間隔"
ヴェルヴェットスキンの後にスマートサイドドット（初回）はどのくらいあけますか／ヴェルヴェットスキンの後にスマートサイドドット（初回）はいつ受けられますか,ヴェルヴェットスキンの後にスマートサイドドット（初回）（同じ部位）を受ける場合、4週間あけてください。別の部位であれば同日に受けられます。,施術間隔,"あける,いつ,スマートサイドドット,スマートサイドドット（初回）,ヴェルヴェットスキン,施術間隔,次の施術,間隔"
ダーマペンの後にスマートサイドドット（初回）はどのくらいあけますか／ダーマペンの後にスマートサイドドット（初回）はいつ受けられますか,ダーマペンの後にスマートサイドドット（初回）（同じ部位）を受ける場合、4週間あけてください。別の部位であれば同日に受けられます。 ※ダーマペンは基本4週間ですが、出血状況により医師の指示に従います,施術間隔,"あける,いつ,スマートサイドドット,スマートサイドドット（初回）,ダーマペン,施術間隔,次の施術,間隔"
HARGの後にスマートサイドドット（初回）はどのくらいあけますか／HARGの後にスマートサイドドット（初回）はいつ受けられますか,HARGの後にスマートサイドドット（初回）（別の部位）を受ける場合、翌日あけてください。,施術間隔,"HARG,あける,いつ,スマートサイドドット,スマートサイドドット（初回）,施術間隔,次の施術,間隔"
スカルプ・プラセンタエッセンスの後にスマートサイドドット（初回）はどのくらいあけますか／スカルプ・プラセンタエッセンスの後にスマートサイドドット（初回）はいつ受けられますか,スカルプ・プラセンタエッセンスの後にスマートサイドドット（初回）（別の部位）を受ける場合、翌日あけてください。,施術間隔,"あける,いつ,スカルプ・プラセンタエッセンス,スマートサイドドット,スマートサイドドット（初回）,施術間隔,次の施術,間隔"
コラーゲンピールの後にスマートサイドドット（初回）はどのくらいあけますか／コラーゲンピールの後にスマートサイドドット（初回）はいつ受けられますか,コラーゲンピールの後にスマートサイドドット（初回）（同じ部位）を受ける場合、2週間あけてください。別の部位であれば同日に受けられます。,施術間隔,"あける,いつ,コラーゲンピール,スマートサイドドット,スマートサイドドット（初回）,施術間隔,次の施術,間隔"
サーマクールの後にスマートサイドドット（初回）はどのくらいあけますか／サーマクールの後にスマートサイドドット（初回）はいつ受けられますか,サーマクールの後にスマートサイドドット（初回）（同じ部位）を受ける場合、1週間あけてください。別の部位であれば同日に受けられます。 ※サーマクールはきっちり6ヶ月あけます,施術間隔,"あける,いつ,サーマクール,スマートサイドドット,スマートサイドドット（初回）,施術間隔,次の施術,間隔"
脱毛の後にスマートサイドドット（初回）はどのくらいあけますか／脱毛の後にスマートサイドドット（初回）はいつ受けられますか,脱毛の後にスマートサイドドット（初回）（同じ部位）を受ける場合、2週間あけてください。別の部位であれば同日に受けられます。 ※脱毛は1回目→2回目が4週間、2回目以降は8週間（男性のひげは回数にかかわらず2週間）。他院・家庭用脱毛器・毛抜き後は8週間あけます,施術間隔,"あける,いつ,スマートサイドドット,スマートサイドドット（初回）,施術間隔,次の施術,脱毛,間隔"
タトゥーの後にスマートサイドドット（初回）はどのくらいあけますか／タトゥーの後にスマートサイドドット（初回）はいつ受けられますか,タトゥーの後にスマートサイドドット（初回）（同じ部位）を受ける場合、同部位3ヶ月あけてください。別の部位であれば同日に受けられます。,施術間隔,"あける,いつ,スマートサイドドット,スマートサイドドット（初回）,タトゥー,施術間隔,次の施術,間隔"
アートメイクの後にスマートサイドドット（初回）はどのくらいあけますか／アートメイクの後にスマートサイドドット（初回）はいつ受けられますか,アートメイクの後にスマートサイドドット（初回）（同じ部位）を受ける場合、2週間あけてください。別の部位であれば同日に受けられます。,施術間隔,"あける,いつ,アートメイク,スマートサイドドット,スマートサイドドット（初回）,施術間隔,次の施術,間隔"
ハイドラジェントルの後にイボレーザー/CO2レーザーはどのくらいあけますか／ハイドラジェントルの後にイボレーザー/CO2レーザーはいつ受けられますか,ハイドラジェントルの後にイボレーザー/CO2レーザーを受ける場合、同日に受けられます。 ※面の治療との併用は初回は同日不可（2回目以降は同日可、ハイドラ先）。局所治療との併用は初回から同日可／CO2は初回治療は4週間あけます（色素沈着・傷跡の確認のため）,施術間隔,"CO2レーザー,あける,いつ,イボレーザー,ハイドラジェントル,施術間隔,次の施術,間隔"
ケミカルピーリングの後にイボレーザー/CO2レーザーはどのくらいあけますか／ケミカルピーリングの後にイボレーザー/CO2レーザーはいつ受けられますか,ケミカルピーリングの後にイボレーザー/CO2レーザー（同じ部位）を受ける場合、2週間あけてください。別の部位であれば同日に受けられます。 ※ピーリングは顔4週間（医師指示で2週間の場合あり）・背中3週間・その他2週間／CO2は初回治療は4週間あけます（色素沈着・傷跡の確認のため）,施術間隔,"CO2レーザー,あける,いつ,イボレーザー,ケミカルピーリング,施術間隔,次の施術,間隔"
スマートサイドドット（2回目以降）の後にイボレーザー/CO2レーザーはどのくらいあけますか／スマートサイドドット（2回目以降）の後にイボレーザー/CO2レーザーはいつ受けられますか,スマートサイドドット（2回目以降）の後にイボレーザー/CO2レーザー（同じ部位）を受ける場合、4週間あけてください。別の部位であれば同日に受けられます。 ※CO2は初回治療は4週間あけます（色素沈着・傷跡の確認のため）,施術間隔,"CO2レーザー,あける,いつ,イボレーザー,スマートサイドドット,スマートサイドドット（2回目以降）,施術間隔,次の施術,間隔"
スマートサイドドット（初回）の後にイボレーザー/CO2レーザーはどのくらいあけますか／スマートサイドドット（初回）の後にイボレーザー/CO2レーザーはいつ受けられますか,スマートサイドドット（初回）の後にイボレーザー/CO2レーザー（同じ部位）を受ける場合、3週間あけてください。別の部位であれば同日に受けられます。 ※CO2は初回治療は4週間あけます（色素沈着・傷跡の確認のため）,施術間隔,"CO2レーザー,あける,いつ,イボレーザー,スマートサイドドット,スマートサイドドット（初回）,施術間隔,次の施術,間隔"
イボレーザー/CO2レーザーの後にイボレーザー/CO2レーザーはどのくらいあけますか／イボレーザー/CO2レーザーの後にイボレーザー/CO2レーザーはいつ受けられますか,イボレーザー/CO2レーザーの後にイボレーザー/CO2レーザー（同じ部位）を受ける場合、(2週間)※あけてください。別の部位であれば同日に受けられます。 ※CO2は初回治療は4週間あけます（色素沈着・傷跡の確認のため）,施術間隔,"CO2レーザー,あける,いつ,イボレーザー,施術間隔,次の施術,間隔"
シミ取りレーザーの後にイボレーザー/CO2レーザーはどのくらいあけますか／シミ取りレーザーの後にイボレーザー/CO2レーザーはいつ受けられますか,シミ取りレーザーの後にイボレーザー/CO2レーザー（同じ部位）を受ける場合、4週間あけてください。別の部位であれば同日に受けられます。 ※CO2は初回治療は4週間あけます（色素沈着・傷跡の確認のため）,施術間隔,"CO2レーザー,あける,いつ,イボレーザー,シミ取りレーザー,施術間隔,次の施術,間隔"
ADM/ピコレーザの後にイボレーザー/CO2レーザーはどのくらいあけますか／ADM/ピコレーザの後にイボレーザー/CO2レーザーはいつ受けられますか,ADM/ピコレーザの後にイボレーザー/CO2レーザーを受ける場合、ADM/ピコレーザの治療完了後4週間あけてください。 ※CO2は初回治療は4週間あけます（色素沈着・傷跡の確認のため）,施術間隔,"ADM,CO2レーザー,あける,いつ,イボレーザー,ピコレーザ,施術間隔,次の施術,間隔"
ADM/ナノレーザーの後にイボレーザー/CO2レーザーはどのくらいあけますか／ADM/ナノレーザーの後にイボレーザー/CO2レーザーはいつ受けられますか,ADM/ナノレーザーの後にイボレーザー/CO2レーザーを受ける場合、ADM/ナノレーザーの治療完了後4週間あけてください。 ※CO2は初回治療は4週間あけます（色素沈着・傷跡の確認のため）,施術間隔,"ADM,CO2レーザー,あける,いつ,イボレーザー,ナノレーザー,施術間隔,次の施術,間隔"
レーザートーニングの後にイボレーザー/CO2レーザーはどのくらいあけますか／レーザートーニングの後にイボレーザー/CO2レーザーはいつ受けられますか,レーザートーニングの後にイボレーザー/CO2レーザー（同じ部位）を受ける場合、1週間あけてください。別の部位であれば同日に受けられます。 ※トーニングは1〜5回目は週1回、6回目以降は月1回が目安です／CO2は初回治療は4週間あけます（色素沈着・傷跡の確認のため）,施術間隔,"CO2レーザー,あける,いつ,イボレーザー,レーザートーニング,施術間隔,次の施術,間隔"
ピコトーニングの後にイボレーザー/CO2レーザーはどのくらいあけますか／ピコトーニングの後にイボレーザー/CO2レーザーはいつ受けられますか,ピコトーニングの後にイボレーザー/CO2レーザー（同じ部位）を受ける場合、2週間あけてください。別の部位であれば同日に受けられます。 ※トーニングは1〜5回目は週1回、6回目以降は月1回が目安です／CO2は初回治療は4週間あけます（色素沈着・傷跡の確認のため）,施術間隔,"CO2レーザー,あける,いつ,イボレーザー,ピコトーニング,施術間隔,次の施術,間隔"
ピコフラクショナルの後にイボレーザー/CO2レーザーはどのくらいあけますか／ピコフラクショナルの後にイボレーザー/CO2レーザーはいつ受けられますか,ピコフラクショナルの後にイボレーザー/CO2レーザー（同じ部位）を受ける場合、3週間あけてください。別の部位であれば同日に受けられます。 ※CO2は初回治療は4週間あけます（色素沈着・傷跡の確認のため）,施術間隔,"CO2レーザー,あける,いつ,イボレーザー,ピコフラクショナル,施術間隔,次の施術,間隔"
そばかすシャワーの後にイボレーザー/CO2レーザーはどのくらいあけますか／そばかすシャワーの後にイボレーザー/CO2レーザーはいつ受けられますか,そばかすシャワーの後にイボレーザー/CO2レーザー（同じ部位）を受ける場合、4週間あけてください。別の部位であれば同日に受けられます。 ※CO2は初回治療は4週間あけます（色素沈着・傷跡の確認のため）,施術間隔,"CO2レーザー,あける,いつ,そばかすシャワー,イボレーザー,施術間隔,次の施術,間隔"
そばかすスポットの後にイボレーザー/CO2レーザーはどのくらいあけますか／そばかすスポットの後にイボレーザー/CO2レーザーはいつ受けられますか,そばかすスポットの後にイボレーザー/CO2レーザー（同じ部位）を受ける場合、4週間あけてください。別の部位であれば同日に受けられます。 ※取り残しは3週間以内、それ以外は3ヶ月以上あけます／CO2は初回治療は4週間あけます（色素沈着・傷跡の確認のため）,施術間隔,"CO2レーザー,あける,いつ,そばかすスポット,イボレーザー,施術間隔,次の施術,間隔"
フォト/光治療の後にイボレーザー/CO2レーザーはどのくらいあけますか／フォト/光治療の後にイボレーザー/CO2レーザーはいつ受けられますか,フォト/光治療の後にイボレーザー/CO2レーザー（同じ部位）を受ける場合、1週間あけてください。別の部位であれば同日に受けられます。 ※フォト/光治療は赤ら顔も含め4週間。4〜5回で1クール、1クール後は3ヶ月あけます／CO2は初回治療は4週間あけます（色素沈着・傷跡の確認のため）,施術間隔,"CO2レーザー,あける,いつ,イボレーザー,フォト,光治療,施術間隔,次の施術,間隔"
赤み治療の後にイボレーザー/CO2レーザーはどのくらいあけますか／赤み治療の後にイボレーザー/CO2レーザーはいつ受けられますか,赤み治療の後にイボレーザー/CO2レーザーを受ける場合、赤み治療の治療完了後2週間あけてください。 ※CO2は初回治療は4週間あけます（色素沈着・傷跡の確認のため）,施術間隔,"CO2レーザー,あける,いつ,イボレーザー,施術間隔,次の施術,赤み治療,間隔"
ボトックスの後にイボレーザー/CO2レーザーはどのくらいあけますか／ボトックスの後にイボレーザー/CO2レーザーはいつ受けられますか,ボトックスの後にイボレーザー/CO2レーザー（同じ部位）を受ける場合、2週間あけてください。別の部位であれば同日に受けられます。 ※ボトックスはきっちり4ヶ月（マイクロボトックスは3ヶ月）あけます。追加注入は医師の判断によります／CO2は初回治療は4週間あけます（色素沈着・傷跡の確認のため）,施術間隔,"CO2レーザー,あける,いつ,イボレーザー,ボトックス,施術間隔,次の施術,間隔"
ボトックス（マイクロ）の後にイボレーザー/CO2レーザーはどのくらいあけますか／ボトックス（マイクロ）の後にイボレーザー/CO2レーザーはいつ受けられますか,ボトックス（マイクロ）の後にイボレーザー/CO2レーザー（同じ部位）を受ける場合、2週間あけてください。別の部位であれば同日に受けられます。 ※ボトックスはきっちり4ヶ月（マイクロボトックスは3ヶ月）あけます。追加注入は医師の判断によります／CO2は初回治療は4週間あけます（色素沈着・傷跡の確認のため）,施術間隔,"CO2レーザー,あける,いつ,イボレーザー,ボトックス,ボトックス（マイクロ）,施術間隔,次の施術,間隔"
テノールネオの後にイボレーザー/CO2レーザーはどのくらいあけますか／テノールネオの後にイボレーザー/CO2レーザーはいつ受けられますか,テノールネオの後にイボレーザー/CO2レーザーを受ける場合、同日に受けられます。 ※CO2は初回治療は4週間あけます（色素沈着・傷跡の確認のため）,施術間隔,"CO2レーザー,あける,いつ,イボレーザー,テノールネオ,施術間隔,次の施術,間隔"
フラルスキン（トレチ）の後にイボレーザー/CO2レーザーはどのくらいあけますか／フラルスキン（トレチ）の後にイボレーザー/CO2レーザーはいつ受けられますか,フラルスキン（トレチ）の後にイボレーザー/CO2レーザーを受ける場合、トレチノインを使用しているときのみ1週間あけてください（それ以外は医師にご確認ください）。 ※CO2は初回治療は4週間あけます（色素沈着・傷跡の確認のため）,施術間隔,"CO2レーザー,あける,いつ,イボレーザー,フラルスキン,フラルスキン（トレチ）,施術間隔,次の施術,間隔"
部分シミ（トレチ）の後にイボレーザー/CO2レーザーはどのくらいあけますか／部分シミ（トレチ）の後にイボレーザー/CO2レーザーはいつ受けられますか,部分シミ（トレチ）の後にイボレーザー/CO2レーザー（同じ部位）を受ける場合、4週間あけてください。別の部位であれば同日に受けられます。 ※CO2は初回治療は4週間あけます（色素沈着・傷跡の確認のため）,施術間隔,"CO2レーザー,あける,いつ,イボレーザー,施術間隔,次の施術,部分シミ,部分シミ（トレチ）,間隔"
mikoメソッドの後にイボレーザー/CO2レーザーはどのくらいあけますか／mikoメソッドの後にイボレーザー/CO2レーザーはいつ受けられますか,mikoメソッドの後にイボレーザー/CO2レーザー（同じ部位）を受ける場合、4週間あけてください。別の部位であれば同日に受けられます。 ※CO2は初回治療は4週間あけます（色素沈着・傷跡の確認のため）,施術間隔,"CO2レーザー,mikoメソッド,あける,いつ,イボレーザー,施術間隔,次の施術,間隔"
ほくろ切除/ほくろ除去の後にイボレーザー/CO2レーザーはどのくらいあけますか／ほくろ切除/ほくろ除去の後にイボレーザー/CO2レーザーはいつ受けられますか,ほくろ切除/ほくろ除去の後にイボレーザー/CO2レーザーを受ける場合、傷が上皮化してから4週間あけてください。 ※CO2は初回治療は4週間あけます（色素沈着・傷跡の確認のため）,施術間隔,"CO2レーザー,あける,いつ,ほくろ切除,ほくろ除去,イボレーザー,施術間隔,次の施術,間隔"
ボライトの後にイボレーザー/CO2レーザーはどのくらいあけますか／ボライトの後にイボレーザー/CO2レーザーはいつ受けられますか,ボライトの後にイボレーザー/CO2レーザー（同じ部位）を受ける場合、4週間あけてください。別の部位であれば同日に受けられます。 ※CO2は初回治療は4週間あけます（色素沈着・傷跡の確認のため）,施術間隔,"CO2レーザー,あける,いつ,イボレーザー,ボライト,施術間隔,次の施術,間隔"
稗粒腫の後にイボレーザー/CO2レーザーはどのくらいあけますか／稗粒腫の後にイボレーザー/CO2レーザーはいつ受けられますか,稗粒腫の後にイボレーザー/CO2レーザー（同じ部位）を受ける場合、1週間あけてください。別の部位であれば同日に受けられます。 ※CO2は初回治療は4週間あけます（色素沈着・傷跡の確認のため）,施術間隔,"CO2レーザー,あける,いつ,イボレーザー,施術間隔,次の施術,稗粒腫,間隔"
ヴェルヴェットスキンの後にイボレーザー/CO2レーザーはどのくらいあけますか／ヴェルヴェットスキンの後にイボレーザー/CO2レーザーはいつ受けられますか,ヴェルヴェットスキンの後にイボレーザー/CO2レーザー（同じ部位）を受ける場合、4週間あけてください。別の部位であれば同日に受けられます。 ※CO2は初回治療は4週間あけます（色素沈着・傷跡の確認のため）,施術間隔,"CO2レーザー,あける,いつ,イボレーザー,ヴェルヴェットスキン,施術間隔,次の施術,間隔"
ダーマペンの後にイボレーザー/CO2レーザーはどのくらいあけますか／ダーマペンの後にイボレーザー/CO2レーザーはいつ受けられますか,ダーマペンの後にイボレーザー/CO2レーザー（同じ部位）を受ける場合、4週間あけてください。別の部位であれば同日に受けられます。 ※ダーマペンは基本4週間ですが、出血状況により医師の指示に従います／CO2は初回治療は4週間あけます（色素沈着・傷跡の確認のため）,施術間隔,"CO2レーザー,あける,いつ,イボレーザー,ダーマペン,施術間隔,次の施術,間隔"
HARGの後にイボレーザー/CO2レーザーはどのくらいあけますか／HARGの後にイボレーザー/CO2レーザーはいつ受けられますか,HARGの後にイボレーザー/CO2レーザー（別の部位）を受ける場合、翌日あけてください。 ※CO2は初回治療は4週間あけます（色素沈着・傷跡の確認のため）,施術間隔,"CO2レーザー,HARG,あける,いつ,イボレーザー,施術間隔,次の施術,間隔"
スカルプ・プラセンタエッセンスの後にイボレーザー/CO2レーザーはどのくらいあけますか／スカルプ・プラセンタエッセンスの後にイボレーザー/CO2レーザーはいつ受けられますか,スカルプ・プラセンタエッセンスの後にイボレーザー/CO2レーザー（別の部位）を受ける場合、翌日あけてください。 ※CO2は初回治療は4週間あけます（色素沈着・傷跡の確認のため）,施術間隔,"CO2レーザー,あける,いつ,イボレーザー,スカルプ・プラセンタエッセンス,施術間隔,次の施術,間隔"
コラーゲンピールの後にイボレーザー/CO2レーザーはどのくらいあけますか／コラーゲンピールの後にイボレーザー/CO2レーザーはいつ受けられますか,コラーゲンピールの後にイボレーザー/CO2レーザー（同じ部位）を受ける場合、2週間あけてください。別の部位であれば同日に受けられます。 ※CO2は初回治療は4週間あけます（色素沈着・傷跡の確認のため）,施術間隔,"CO2レーザー,あける,いつ,イボレーザー,コラーゲンピール,施術間隔,次の施術,間隔"
サーマクールの後にイボレーザー/CO2レーザーはどのくらいあけますか／サーマクールの後にイボレーザー/CO2レーザーはいつ受けられますか,サーマクールの後にイボレーザー/CO2レーザー（同じ部位）を受ける場合、2週間あけてください。別の部位であれば同日に受けられます。 ※サーマクールはきっちり6ヶ月あけます／CO2は初回治療は4週間あけます（色素沈着・傷跡の確認のため）,施術間隔,"CO2レーザー,あける,いつ,イボレーザー,サーマクール,施術間隔,次の施術,間隔"
脱毛の後にイボレーザー/CO2レーザーはどのくらいあけますか／脱毛の後にイボレーザー/CO2レーザーはいつ受けられますか,脱毛の後にイボレーザー/CO2レーザー（同じ部位）を受ける場合、2週間あけてください。別の部位であれば同日に受けられます。 ※脱毛は1回目→2回目が4週間、2回目以降は8週間（男性のひげは回数にかかわらず2週間）。他院・家庭用脱毛器・毛抜き後は8週間あけます／CO2は初回治療は4週間あけます（色素沈着・傷跡の確認のため）,施術間隔,"CO2レーザー,あける,いつ,イボレーザー,施術間隔,次の施術,脱毛,間隔"
タトゥーの後にイボレーザー/CO2レーザーはどのくらいあけますか／タトゥーの後にイボレーザー/CO2レーザーはいつ受けられますか,タトゥーの後にイボレーザー/CO2レーザー（同じ部位）を受ける場合、同部位3ヶ月あけてください。別の部位であれば同日に受けられます。 ※CO2は初回治療は4週間あけます（色素沈着・傷跡の確認のため）,施術間隔,"CO2レーザー,あける,いつ,イボレーザー,タトゥー,施術間隔,次の施術,間隔"
アートメイクの後にイボレーザー/CO2レーザーはどのくらいあけますか／アートメイクの後にイボレーザー/CO2レーザーはいつ受けられますか,アートメイクの後にイボレーザー/CO2レーザー（同じ部位）を受ける場合、2週間あけてください。別の部位であれば同日に受けられます。 ※CO2は初回治療は4週間あけます（色素沈着・傷跡の確認のため）,施術間隔,"CO2レーザー,あける,いつ,アートメイク,イボレーザー,施術間隔,次の施術,間隔"
ハイドラジェントルの後にシミ取りレーザーはどのくらいあけますか／ハイドラジェントルの後にシミ取りレーザーはいつ受けられますか,ハイドラジェントルの後にシミ取りレーザーを受ける場合、同日に受けられます。 ※面の治療との併用は初回は同日不可（2回目以降は同日可、ハイドラ先）。局所治療との併用は初回から同日可,施術間隔,"あける,いつ,シミ取りレーザー,ハイドラジェントル,施術間隔,次の施術,間隔"
ケミカルピーリングの後にシミ取りレーザーはどのくらいあけますか／ケミカルピーリングの後にシミ取りレーザーはいつ受けられますか,ケミカルピーリングの後にシミ取りレーザー（同じ部位）を受ける場合、2週間あけてください。別の部位であれば同日に受けられます。 ※ピーリングは顔4週間（医師指示で2週間の場合あり）・背中3週間・その他2週間,施術間隔,"あける,いつ,ケミカルピーリング,シミ取りレーザー,施術間隔,次の施術,間隔"
スマートサイドドット（2回目以降）の後にシミ取りレーザーはどのくらいあけますか／スマートサイドドット（2回目以降）の後にシミ取りレーザーはいつ受けられますか,スマートサイドドット（2回目以降）の後にシミ取りレーザー（同じ部位）を受ける場合、4週間あけてください。別の部位であれば同日に受けられます。,施術間隔,"あける,いつ,シミ取りレーザー,スマートサイドドット,スマートサイドドット（2回目以降）,施術間隔,次の施術,間隔"
スマートサイドドット（初回）の後にシミ取りレーザーはどのくらいあけますか／スマートサイドドット（初回）の後にシミ取りレーザーはいつ受けられますか,スマートサイドドット（初回）の後にシミ取りレーザー（同じ部位）を受ける場合、3週間あけてください。別の部位であれば同日に受けられます。,施術間隔,"あける,いつ,シミ取りレーザー,スマートサイドドット,スマートサイドドット（初回）,施術間隔,次の施術,間隔"
イボレーザー/CO2レーザーの後にシミ取りレーザーはどのくらいあけますか／イボレーザー/CO2レーザーの後にシミ取りレーザーはいつ受けられますか,イボレーザー/CO2レーザーの後にシミ取りレーザー（同じ部位）を受ける場合、4週間あけてください。別の部位であれば同日に受けられます。 ※CO2は初回治療は4週間あけます（色素沈着・傷跡の確認のため）,施術間隔,"CO2レーザー,あける,いつ,イボレーザー,シミ取りレーザー,施術間隔,次の施術,間隔"
シミ取りレーザーの後にシミ取りレーザーはどのくらいあけますか／シミ取りレーザーの後にシミ取りレーザーはいつ受けられますか,シミ取りレーザーの後にシミ取りレーザー（同じ部位）を受ける場合、(再照射)15~20日あけてください。別の部位であれば同日に受けられます。,施術間隔,"あける,いつ,シミ取りレーザー,施術間隔,次の施術,間隔"
レーザートーニングの後にシミ取りレーザーはどのくらいあけますか／レーザートーニングの後にシミ取りレーザーはいつ受けられますか,レーザートーニングの後にシミ取りレーザーを受ける場合、同日に受けられます。 ※トーニングは1〜5回目は週1回、6回目以降は月1回が目安です,施術間隔,"あける,いつ,シミ取りレーザー,レーザートーニング,施術間隔,次の施術,間隔"
ピコトーニングの後にシミ取りレーザーはどのくらいあけますか／ピコトーニングの後にシミ取りレーザーはいつ受けられますか,ピコトーニングの後にシミ取りレーザー（同じ部位）を受ける場合、2週間あけてください。別の部位であれば同日に受けられます。 ※トーニングは1〜5回目は週1回、6回目以降は月1回が目安です,施術間隔,"あける,いつ,シミ取りレーザー,ピコトーニング,施術間隔,次の施術,間隔"
ピコフラクショナルの後にシミ取りレーザーはどのくらいあけますか／ピコフラクショナルの後にシミ取りレーザーはいつ受けられますか,ピコフラクショナルの後にシミ取りレーザー（同じ部位）を受ける場合、3週間あけてください。別の部位であれば同日に受けられます。,施術間隔,"あける,いつ,シミ取りレーザー,ピコフラクショナル,施術間隔,次の施術,間隔"
そばかすシャワーの後にシミ取りレーザーはどのくらいあけますか／そばかすシャワーの後にシミ取りレーザーはいつ受けられますか,そばかすシャワーの後にシミ取りレーザー（同じ部位）を受ける場合、4週間あけてください。別の部位であれば同日に受けられます。,施術間隔,"あける,いつ,そばかすシャワー,シミ取りレーザー,施術間隔,次の施術,間隔"
そばかすスポットの後にシミ取りレーザーはどのくらいあけますか／そばかすスポットの後にシミ取りレーザーはいつ受けられますか,そばかすスポットの後にシミ取りレーザー（同じ部位）を受ける場合、4週間あけてください。別の部位であれば同日に受けられます。 ※取り残しは3週間以内、それ以外は3ヶ月以上あけます,施術間隔,"あける,いつ,そばかすスポット,シミ取りレーザー,施術間隔,次の施術,間隔"
フォト/光治療の後にシミ取りレーザーはどのくらいあけますか／フォト/光治療の後にシミ取りレーザーはいつ受けられますか,フォト/光治療の後にシミ取りレーザー（同じ部位）を受ける場合、1週間あけてください。別の部位であれば同日に受けられます。 ※フォト/光治療は赤ら顔も含め4週間。4〜5回で1クール、1クール後は3ヶ月あけます,施術間隔,"あける,いつ,シミ取りレーザー,フォト,光治療,施術間隔,次の施術,間隔"
赤み治療の後にシミ取りレーザーはどのくらいあけますか／赤み治療の後にシミ取りレーザーはいつ受けられますか,赤み治療の後にシミ取りレーザーを受ける場合、赤み治療の治療完了後2週間あけてください。,施術間隔,"あける,いつ,シミ取りレーザー,施術間隔,次の施術,赤み治療,間隔"
ボトックスの後にシミ取りレーザーはどのくらいあけますか／ボトックスの後にシミ取りレーザーはいつ受けられますか,ボトックスの後にシミ取りレーザー（同じ部位）を受ける場合、2週間あけてください。別の部位であれば同日に受けられます。 ※ボトックスはきっちり4ヶ月（マイクロボトックスは3ヶ月）あけます。追加注入は医師の判断によります,施術間隔,"あける,いつ,シミ取りレーザー,ボトックス,施術間隔,次の施術,間隔"
ボトックス（マイクロ）の後にシミ取りレーザーはどのくらいあけますか／ボトックス（マイクロ）の後にシミ取りレーザーはいつ受けられますか,ボトックス（マイクロ）の後にシミ取りレーザー（同じ部位）を受ける場合、2週間あけてください。別の部位であれば同日に受けられます。 ※ボトックスはきっちり4ヶ月（マイクロボトックスは3ヶ月）あけます。追加注入は医師の判断によります,施術間隔,"あける,いつ,シミ取りレーザー,ボトックス,ボトックス（マイクロ）,施術間隔,次の施術,間隔"
テノールネオの後にシミ取りレーザーはどのくらいあけますか／テノールネオの後にシミ取りレーザーはいつ受けられますか,テノールネオの後にシミ取りレーザーを受ける場合、同日に受けられます。,施術間隔,"あける,いつ,シミ取りレーザー,テノールネオ,施術間隔,次の施術,間隔"
フラルスキン（トレチ）の後にシミ取りレーザーはどのくらいあけますか／フラルスキン（トレチ）の後にシミ取りレーザーはいつ受けられますか,フラルスキン（トレチ）の後にシミ取りレーザーを受ける場合、トレチノインを使用しているときのみ1週間あけてください（それ以外は医師にご確認ください）。,施術間隔,"あける,いつ,シミ取りレーザー,フラルスキン,フラルスキン（トレチ）,施術間隔,次の施術,間隔"
部分シミ（トレチ）の後にシミ取りレーザーはどのくらいあけますか／部分シミ（トレチ）の後にシミ取りレーザーはいつ受けられますか,部分シミ（トレチ）の後にシミ取りレーザー（同じ部位）を受ける場合、4週間あけてください。別の部位であれば同日に受けられます。,施術間隔,"あける,いつ,シミ取りレーザー,施術間隔,次の施術,部分シミ,部分シミ（トレチ）,間隔"
mikoメソッドの後にシミ取りレーザーはどのくらいあけますか／mikoメソッドの後にシミ取りレーザーはいつ受けられますか,mikoメソッドの後にシミ取りレーザー（同じ部位）を受ける場合、4週間あけてください。別の部位であれば同日に受けられます。,施術間隔,"mikoメソッド,あける,いつ,シミ取りレーザー,施術間隔,次の施術,間隔"
ほくろ切除/ほくろ除去の後にシミ取りレーザーはどのくらいあけますか／ほくろ切除/ほくろ除去の後にシミ取りレーザーはいつ受けられますか,ほくろ切除/ほくろ除去の後にシミ取りレーザーを受ける場合、傷が上皮化してから4週間あけてください。,施術間隔,"あける,いつ,ほくろ切除,ほくろ除去,シミ取りレーザー,施術間隔,次の施術,間隔"
ボライトの後にシミ取りレーザーはどのくらいあけますか／ボライトの後にシミ取りレーザーはいつ受けられますか,ボライトの後にシミ取りレーザー（同じ部位）を受ける場合、4週間あけてください。別の部位であれば同日に受けられます。,施術間隔,"あける,いつ,シミ取りレーザー,ボライト,施術間隔,次の施術,間隔"
稗粒腫の後にシミ取りレーザーはどのくらいあけますか／稗粒腫の後にシミ取りレーザーはいつ受けられますか,稗粒腫の後にシミ取りレーザー（同じ部位）を受ける場合、1週間あけてください。別の部位であれば同日に受けられます。,施術間隔,"あける,いつ,シミ取りレーザー,施術間隔,次の施術,稗粒腫,間隔"
ヴェルヴェットスキンの後にシミ取りレーザーはどのくらいあけますか／ヴェルヴェットスキンの後にシミ取りレーザーはいつ受けられますか,ヴェルヴェットスキンの後にシミ取りレーザー（同じ部位）を受ける場合、4週間あけてください。別の部位であれば同日に受けられます。,施術間隔,"あける,いつ,シミ取りレーザー,ヴェルヴェットスキン,施術間隔,次の施術,間隔"
ダーマペンの後にシミ取りレーザーはどのくらいあけますか／ダーマペンの後にシミ取りレーザーはいつ受けられますか,ダーマペンの後にシミ取りレーザー（同じ部位）を受ける場合、4週間あけてください。別の部位であれば同日に受けられます。 ※ダーマペンは基本4週間ですが、出血状況により医師の指示に従います,施術間隔,"あける,いつ,シミ取りレーザー,ダーマペン,施術間隔,次の施術,間隔"
HARGの後にシミ取りレーザーはどのくらいあけますか／HARGの後にシミ取りレーザーはいつ受けられますか,HARGの後にシミ取りレーザー（別の部位）を受ける場合、翌日あけてください。,施術間隔,"HARG,あける,いつ,シミ取りレーザー,施術間隔,次の施術,間隔"
スカルプ・プラセンタエッセンスの後にシミ取りレーザーはどのくらいあけますか／スカルプ・プラセンタエッセンスの後にシミ取りレーザーはいつ受けられますか,スカルプ・プラセンタエッセンスの後にシミ取りレーザー（別の部位）を受ける場合、翌日あけてください。,施術間隔,"あける,いつ,シミ取りレーザー,スカルプ・プラセンタエッセンス,施術間隔,次の施術,間隔"
コラーゲンピールの後にシミ取りレーザーはどのくらいあけますか／コラーゲンピールの後にシミ取りレーザーはいつ受けられますか,コラーゲンピールの後にシミ取りレーザー（同じ部位）を受ける場合、2週間あけてください。別の部位であれば同日に受けられます。,施術間隔,"あける,いつ,コラーゲンピール,シミ取りレーザー,施術間隔,次の施術,間隔"
サーマクールの後にシミ取りレーザーはどのくらいあけますか／サーマクールの後にシミ取りレーザーはいつ受けられますか,サーマクールの後にシミ取りレーザー（同じ部位）を受ける場合、1週間あけてください。別の部位であれば同日に受けられます。 ※サーマクールはきっちり6ヶ月あけます,施術間隔,"あける,いつ,サーマクール,シミ取りレーザー,施術間隔,次の施術,間隔"
脱毛の後にシミ取りレーザーはどのくらいあけますか／脱毛の後にシミ取りレーザーはいつ受けられますか,脱毛の後にシミ取りレーザー（同じ部位）を受ける場合、2週間あけてください。別の部位であれば同日に受けられます。 ※脱毛は1回目→2回目が4週間、2回目以降は8週間（男性のひげは回数にかかわらず2週間）。他院・家庭用脱毛器・毛抜き後は8週間あけます,施術間隔,"あける,いつ,シミ取りレーザー,施術間隔,次の施術,脱毛,間隔"
タトゥーの後にシミ取りレーザーはどのくらいあけますか／タトゥーの後にシミ取りレーザーはいつ受けられますか,タトゥーの後にシミ取りレーザー（同じ部位）を受ける場合、同部位3ヶ月あけてください。別の部位であれば同日に受けられます。,施術間隔,"あける,いつ,シミ取りレーザー,タトゥー,施術間隔,次の施術,間隔"
アートメイクの後にシミ取りレーザーはどのくらいあけますか／アートメイクの後にシミ取りレーザーはいつ受けられますか,アートメイクの後にシミ取りレーザー（同じ部位）を受ける場合、2週間あけてください。別の部位であれば同日に受けられます。,施術間隔,"あける,いつ,アートメイク,シミ取りレーザー,施術間隔,次の施術,間隔"
ハイドラジェントルの後にADM/ピコレーザはどのくらいあけますか／ハイドラジェントルの後にADM/ピコレーザはいつ受けられますか,ハイドラジェントルの後にADM/ピコレーザを受ける場合、同日に受けられます。 ※面の治療との併用は初回は同日不可（2回目以降は同日可、ハイドラ先）。局所治療との併用は初回から同日可,施術間隔,"ADM,あける,いつ,ハイドラジェントル,ピコレーザ,施術間隔,次の施術,間隔"
ケミカルピーリングの後にADM/ピコレーザはどのくらいあけますか／ケミカルピーリングの後にADM/ピコレーザはいつ受けられますか,ケミカルピーリングの後にADM/ピコレーザ（同じ部位）を受ける場合、2週間あけてください。別の部位であれば同日に受けられます。 ※ピーリングは顔4週間（医師指示で2週間の場合あり）・背中3週間・その他2週間,施術間隔,"ADM,あける,いつ,ケミカルピーリング,ピコレーザ,施術間隔,次の施術,間隔"
スマートサイドドット（2回目以降）の後にADM/ピコレーザはどのくらいあけますか／スマートサイドドット（2回目以降）の後にADM/ピコレーザはいつ受けられますか,スマートサイドドット（2回目以降）の後にADM/ピコレーザ（同じ部位）を受ける場合、4週間あけてください。別の部位であれば同日に受けられます。,施術間隔,"ADM,あける,いつ,スマートサイドドット,スマートサイドドット（2回目以降）,ピコレーザ,施術間隔,次の施術,間隔"
スマートサイドドット（初回）の後にADM/ピコレーザはどのくらいあけますか／スマートサイドドット（初回）の後にADM/ピコレーザはいつ受けられますか,スマートサイドドット（初回）の後にADM/ピコレーザ（同じ部位）を受ける場合、3週間あけてください。別の部位であれば同日に受けられます。,施術間隔,"ADM,あける,いつ,スマートサイドドット,スマートサイドドット（初回）,ピコレーザ,施術間隔,次の施術,間隔"
イボレーザー/CO2レーザーの後にADM/ピコレーザはどのくらいあけますか／イボレーザー/CO2レーザーの後にADM/ピコレーザはいつ受けられますか,イボレーザー/CO2レーザーの後にADM/ピコレーザ（同じ部位）を受ける場合、4週間あけてください。別の部位であれば同日に受けられます。 ※CO2は初回治療は4週間あけます（色素沈着・傷跡の確認のため）,施術間隔,"ADM,CO2レーザー,あける,いつ,イボレーザー,ピコレーザ,施術間隔,次の施術,間隔"
シミ取りレーザーの後にADM/ピコレーザはどのくらいあけますか／シミ取りレーザーの後にADM/ピコレーザはいつ受けられますか,シミ取りレーザーの後にADM/ピコレーザ（同じ部位）を受ける場合、12週間あけてください。別の部位であれば同日に受けられます。,施術間隔,"ADM,あける,いつ,シミ取りレーザー,ピコレーザ,施術間隔,次の施術,間隔"
ADM/ピコレーザの後にADM/ピコレーザはどのくらいあけますか／ADM/ピコレーザの後にADM/ピコレーザはいつ受けられますか,ADM/ピコレーザの後にADM/ピコレーザ（同じ部位）を受ける場合、自費：3ヶ月保険：3ヶ月あけてください。別の部位であれば同日に受けられます。,施術間隔,"ADM,あける,いつ,ピコレーザ,施術間隔,次の施術,間隔"
ADM/ナノレーザーの後にADM/ピコレーザはどのくらいあけますか／ADM/ナノレーザーの後にADM/ピコレーザはいつ受けられますか,ADM/ナノレーザーの後にADM/ピコレーザ（同じ部位）を受ける場合、自費：1ヶ月保険：3ヶ月あけてください。別の部位であれば同日に受けられます。,施術間隔,"ADM,あける,いつ,ナノレーザー,ピコレーザ,施術間隔,次の施術,間隔"
レーザートーニングの後にADM/ピコレーザはどのくらいあけますか／レーザートーニングの後にADM/ピコレーザはいつ受けられますか,レーザートーニングの後にADM/ピコレーザを受ける場合、同日に受けられます。 ※トーニングは1〜5回目は週1回、6回目以降は月1回が目安です,施術間隔,"ADM,あける,いつ,ピコレーザ,レーザートーニング,施術間隔,次の施術,間隔"
ピコトーニングの後にADM/ピコレーザはどのくらいあけますか／ピコトーニングの後にADM/ピコレーザはいつ受けられますか,ピコトーニングの後にADM/ピコレーザ（同じ部位）を受ける場合、2週間あけてください。別の部位であれば同日に受けられます。 ※トーニングは1〜5回目は週1回、6回目以降は月1回が目安です,施術間隔,"ADM,あける,いつ,ピコトーニング,ピコレーザ,施術間隔,次の施術,間隔"
ピコフラクショナルの後にADM/ピコレーザはどのくらいあけますか／ピコフラクショナルの後にADM/ピコレーザはいつ受けられますか,ピコフラクショナルの後にADM/ピコレーザ（同じ部位）を受ける場合、3週間あけてください。別の部位であれば同日に受けられます。,施術間隔,"ADM,あける,いつ,ピコフラクショナル,ピコレーザ,施術間隔,次の施術,間隔"
そばかすシャワーの後にADM/ピコレーザはどのくらいあけますか／そばかすシャワーの後にADM/ピコレーザはいつ受けられますか,そばかすシャワーの後にADM/ピコレーザ（同じ部位）を受ける場合、8週間あけてください。別の部位であれば同日に受けられます。,施術間隔,"ADM,あける,いつ,そばかすシャワー,ピコレーザ,施術間隔,次の施術,間隔"
そばかすスポットの後にADM/ピコレーザはどのくらいあけますか／そばかすスポットの後にADM/ピコレーザはいつ受けられますか,そばかすスポットの後にADM/ピコレーザ（同じ部位）を受ける場合、8週間あけてください。別の部位であれば同日に受けられます。 ※取り残しは3週間以内、それ以外は3ヶ月以上あけます,施術間隔,"ADM,あける,いつ,そばかすスポット,ピコレーザ,施術間隔,次の施術,間隔"
フォト/光治療の後にADM/ピコレーザはどのくらいあけますか／フォト/光治療の後にADM/ピコレーザはいつ受けられますか,フォト/光治療の後にADM/ピコレーザ（同じ部位）を受ける場合、1週間あけてください。別の部位であれば同日に受けられます。 ※フォト/光治療は赤ら顔も含め4週間。4〜5回で1クール、1クール後は3ヶ月あけます,施術間隔,"ADM,あける,いつ,ピコレーザ,フォト,光治療,施術間隔,次の施術,間隔"
赤み治療の後にADM/ピコレーザはどのくらいあけますか／赤み治療の後にADM/ピコレーザはいつ受けられますか,赤み治療の後にADM/ピコレーザを受ける場合、赤み治療の治療完了後2週間あけてください。,施術間隔,"ADM,あける,いつ,ピコレーザ,施術間隔,次の施術,赤み治療,間隔"
ボトックスの後にADM/ピコレーザはどのくらいあけますか／ボトックスの後にADM/ピコレーザはいつ受けられますか,ボトックスの後にADM/ピコレーザ（同じ部位）を受ける場合、2週間あけてください。別の部位であれば同日に受けられます。 ※ボトックスはきっちり4ヶ月（マイクロボトックスは3ヶ月）あけます。追加注入は医師の判断によります,施術間隔,"ADM,あける,いつ,ピコレーザ,ボトックス,施術間隔,次の施術,間隔"
ボトックス（マイクロ）の後にADM/ピコレーザはどのくらいあけますか／ボトックス（マイクロ）の後にADM/ピコレーザはいつ受けられますか,ボトックス（マイクロ）の後にADM/ピコレーザ（同じ部位）を受ける場合、2週間あけてください。別の部位であれば同日に受けられます。 ※ボトックスはきっちり4ヶ月（マイクロボトックスは3ヶ月）あけます。追加注入は医師の判断によります,施術間隔,"ADM,あける,いつ,ピコレーザ,ボトックス,ボトックス（マイクロ）,施術間隔,次の施術,間隔"
テノールネオの後にADM/ピコレーザはどのくらいあけますか／テノールネオの後にADM/ピコレーザはいつ受けられますか,テノールネオの後にADM/ピコレーザを受ける場合、同日に受けられます。,施術間隔,"ADM,あける,いつ,テノールネオ,ピコレーザ,施術間隔,次の施術,間隔"
フラルスキン（トレチ）の後にADM/ピコレーザはどのくらいあけますか／フラルスキン（トレチ）の後にADM/ピコレーザはいつ受けられますか,フラルスキン（トレチ）の後にADM/ピコレーザを受ける場合、トレチノインを使用しているときのみ1週間あけてください（それ以外は医師にご確認ください）。,施術間隔,"ADM,あける,いつ,ピコレーザ,フラルスキン,フラルスキン（トレチ）,施術間隔,次の施術,間隔"
部分シミ（トレチ）の後にADM/ピコレーザはどのくらいあけますか／部分シミ（トレチ）の後にADM/ピコレーザはいつ受けられますか,部分シミ（トレチ）の後にADM/ピコレーザ（同じ部位）を受ける場合、4週間あけてください。別の部位であれば同日に受けられます。,施術間隔,"ADM,あける,いつ,ピコレーザ,施術間隔,次の施術,部分シミ,部分シミ（トレチ）,間隔"
mikoメソッドの後にADM/ピコレーザはどのくらいあけますか／mikoメソッドの後にADM/ピコレーザはいつ受けられますか,mikoメソッドの後にADM/ピコレーザ（同じ部位）を受ける場合、4週間あけてください。別の部位であれば同日に受けられます。,施術間隔,"ADM,mikoメソッド,あける,いつ,ピコレーザ,施術間隔,次の施術,間隔"
ほくろ切除/ほくろ除去の後にADM/ピコレーザはどのくらいあけますか／ほくろ切除/ほくろ除去の後にADM/ピコレーザはいつ受けられますか,ほくろ切除/ほくろ除去の後にADM/ピコレーザを受ける場合、傷が上皮化してから4週間あけてください。,施術間隔,"ADM,あける,いつ,ほくろ切除,ほくろ除去,ピコレーザ,施術間隔,次の施術,間隔"
ボライトの後にADM/ピコレーザはどのくらいあけますか／ボライトの後にADM/ピコレーザはいつ受けられますか,ボライトの後にADM/ピコレーザ（同じ部位）を受ける場合、4週間あけてください。別の部位であれば同日に受けられます。,施術間隔,"ADM,あける,いつ,ピコレーザ,ボライト,施術間隔,次の施術,間隔"
稗粒腫の後にADM/ピコレーザはどのくらいあけますか／稗粒腫の後にADM/ピコレーザはいつ受けられますか,稗粒腫の後にADM/ピコレーザ（同じ部位）を受ける場合、1週間あけてください。別の部位であれば同日に受けられます。,施術間隔,"ADM,あける,いつ,ピコレーザ,施術間隔,次の施術,稗粒腫,間隔"
ヴェルヴェットスキンの後にADM/ピコレーザはどのくらいあけますか／ヴェルヴェットスキンの後にADM/ピコレーザはいつ受けられますか,ヴェルヴェットスキンの後にADM/ピコレーザ（同じ部位）を受ける場合、4週間あけてください。別の部位であれば同日に受けられます。,施術間隔,"ADM,あける,いつ,ピコレーザ,ヴェルヴェットスキン,施術間隔,次の施術,間隔"
ダーマペンの後にADM/ピコレーザはどのくらいあけますか／ダーマペンの後にADM/ピコレーザはいつ受けられますか,ダーマペンの後にADM/ピコレーザ（同じ部位）を受ける場合、4週間あけてください。別の部位であれば同日に受けられます。 ※ダーマペンは基本4週間ですが、出血状況により医師の指示に従います,施術間隔,"ADM,あける,いつ,ダーマペン,ピコレーザ,施術間隔,次の施術,間隔"
HARGの後にADM/ピコレーザはどのくらいあけますか／HARGの後にADM/ピコレーザはいつ受けられますか,HARGの後にADM/ピコレーザ（別の部位）を受ける場合、翌日あけてください。,施術間隔,"ADM,HARG,あける,いつ,ピコレーザ,施術間隔,次の施術,間隔"
スカルプ・プラセンタエッセンスの後にADM/ピコレーザはどのくらいあけますか／スカルプ・プラセンタエッセンスの後にADM/ピコレーザはいつ受けられますか,スカルプ・プラセンタエッセンスの後にADM/ピコレーザ（別の部位）を受ける場合、翌日あけてください。,施術間隔,"ADM,あける,いつ,スカルプ・プラセンタエッセンス,ピコレーザ,施術間隔,次の施術,間隔"
コラーゲンピールの後にADM/ピコレーザはどのくらいあけますか／コラーゲンピールの後にADM/ピコレーザはいつ受けられますか,コラーゲンピールの後にADM/ピコレーザ（同じ部位）を受ける場合、2週間あけてください。別の部位であれば同日に受けられます。,施術間隔,"ADM,あける,いつ,コラーゲンピール,ピコレーザ,施術間隔,次の施術,間隔"
サーマクールの後にADM/ピコレーザはどのくらいあけますか／サーマクールの後にADM/ピコレーザはいつ受けられますか,サーマクールの後にADM/ピコレーザ（同じ部位）を受ける場合、1週間あけてください。別の部位であれば同日に受けられます。 ※サーマクールはきっちり6ヶ月あけます,施術間隔,"ADM,あける,いつ,サーマクール,ピコレーザ,施術間隔,次の施術,間隔"
脱毛の後にADM/ピコレーザはどのくらいあけますか／脱毛の後にADM/ピコレーザはいつ受けられますか,脱毛の後にADM/ピコレーザ（同じ部位）を受ける場合、2週間あけてください。別の部位であれば同日に受けられます。 ※脱毛は1回目→2回目が4週間、2回目以降は8週間（男性のひげは回数にかかわらず2週間）。他院・家庭用脱毛器・毛抜き後は8週間あけます,施術間隔,"ADM,あける,いつ,ピコレーザ,施術間隔,次の施術,脱毛,間隔"
タトゥーの後にADM/ピコレーザはどのくらいあけますか／タトゥーの後にADM/ピコレーザはいつ受けられますか,タトゥーの後にADM/ピコレーザ（同じ部位）を受ける場合、同部位3ヶ月あけてください。別の部位であれば同日に受けられます。,施術間隔,"ADM,あける,いつ,タトゥー,ピコレーザ,施術間隔,次の施術,間隔"
アートメイクの後にADM/ピコレーザはどのくらいあけますか／アートメイクの後にADM/ピコレーザはいつ受けられますか,アートメイクの後にADM/ピコレーザ（同じ部位）を受ける場合、2週間あけてください。別の部位であれば同日に受けられます。,施術間隔,"ADM,あける,いつ,アートメイク,ピコレーザ,施術間隔,次の施術,間隔"
ハイドラジェントルの後にADM/ナノレーザーはどのくらいあけますか／ハイドラジェントルの後にADM/ナノレーザーはいつ受けられますか,ハイドラジェントルの後にADM/ナノレーザーを受ける場合、同日に受けられます。 ※面の治療との併用は初回は同日不可（2回目以降は同日可、ハイドラ先）。局所治療との併用は初回から同日可,施術間隔,"ADM,あける,いつ,ナノレーザー,ハイドラジェントル,施術間隔,次の施術,間隔"
ケミカルピーリングの後にADM/ナノレーザーはどのくらいあけますか／ケミカルピーリングの後にADM/ナノレーザーはいつ受けられますか,ケミカルピーリングの後にADM/ナノレーザー（同じ部位）を受ける場合、2週間あけてください。別の部位であれば同日に受けられます。 ※ピーリングは顔4週間（医師指示で2週間の場合あり）・背中3週間・その他2週間,施術間隔,"ADM,あける,いつ,ケミカルピーリング,ナノレーザー,施術間隔,次の施術,間隔"
スマートサイドドット（2回目以降）の後にADM/ナノレーザーはどのくらいあけますか／スマートサイドドット（2回目以降）の後にADM/ナノレーザーはいつ受けられますか,スマートサイドドット（2回目以降）の後にADM/ナノレーザー（同じ部位）を受ける場合、4週間あけてください。別の部位であれば同日に受けられます。,施術間隔,"ADM,あける,いつ,スマートサイドドット,スマートサイドドット（2回目以降）,ナノレーザー,施術間隔,次の施術,間隔"
スマートサイドドット（初回）の後にADM/ナノレーザーはどのくらいあけますか／スマートサイドドット（初回）の後にADM/ナノレーザーはいつ受けられますか,スマートサイドドット（初回）の後にADM/ナノレーザー（同じ部位）を受ける場合、3週間あけてください。別の部位であれば同日に受けられます。,施術間隔,"ADM,あける,いつ,スマートサイドドット,スマートサイドドット（初回）,ナノレーザー,施術間隔,次の施術,間隔"
イボレーザー/CO2レーザーの後にADM/ナノレーザーはどのくらいあけますか／イボレーザー/CO2レーザーの後にADM/ナノレーザーはいつ受けられますか,イボレーザー/CO2レーザーの後にADM/ナノレーザー（同じ部位）を受ける場合、4週間あけてください。別の部位であれば同日に受けられます。 ※CO2は初回治療は4週間あけます（色素沈着・傷跡の確認のため）,施術間隔,"ADM,CO2レーザー,あける,いつ,イボレーザー,ナノレーザー,施術間隔,次の施術,間隔"
ADM/ナノレーザーの後にADM/ナノレーザーはどのくらいあけますか／ADM/ナノレーザーの後にADM/ナノレーザーはいつ受けられますか,ADM/ナノレーザーの後にADM/ナノレーザー（同じ部位）を受ける場合、自費：1ヶ月保険：3ヶ月あけてください。別の部位であれば同日に受けられます。,施術間隔,"ADM,あける,いつ,ナノレーザー,施術間隔,次の施術,間隔"
レーザートーニングの後にADM/ナノレーザーはどのくらいあけますか／レーザートーニングの後にADM/ナノレーザーはいつ受けられますか,レーザートーニングの後にADM/ナノレーザーを受ける場合、同日に受けられます。 ※トーニングは1〜5回目は週1回、6回目以降は月1回が目安です,施術間隔,"ADM,あける,いつ,ナノレーザー,レーザートーニング,施術間隔,次の施術,間隔"
ピコトーニングの後にADM/ナノレーザーはどのくらいあけますか／ピコトーニングの後にADM/ナノレーザーはいつ受けられますか,ピコトーニングの後にADM/ナノレーザー（同じ部位）を受ける場合、2週間あけてください。別の部位であれば同日に受けられます。 ※トーニングは1〜5回目は週1回、6回目以降は月1回が目安です,施術間隔,"ADM,あける,いつ,ナノレーザー,ピコトーニング,施術間隔,次の施術,間隔"
ピコフラクショナルの後にADM/ナノレーザーはどのくらいあけますか／ピコフラクショナルの後にADM/ナノレーザーはいつ受けられますか,ピコフラクショナルの後にADM/ナノレーザー（同じ部位）を受ける場合、3週間あけてください。別の部位であれば同日に受けられます。,施術間隔,"ADM,あける,いつ,ナノレーザー,ピコフラクショナル,施術間隔,次の施術,間隔"
そばかすシャワーの後にADM/ナノレーザーはどのくらいあけますか／そばかすシャワーの後にADM/ナノレーザーはいつ受けられますか,そばかすシャワーの後にADM/ナノレーザー（同じ部位）を受ける場合、8週間あけてください。別の部位であれば同日に受けられます。,施術間隔,"ADM,あける,いつ,そばかすシャワー,ナノレーザー,施術間隔,次の施術,間隔"
そばかすスポットの後にADM/ナノレーザーはどのくらいあけますか／そばかすスポットの後にADM/ナノレーザーはいつ受けられますか,そばかすスポットの後にADM/ナノレーザー（同じ部位）を受ける場合、8週間あけてください。別の部位であれば同日に受けられます。 ※取り残しは3週間以内、それ以外は3ヶ月以上あけます,施術間隔,"ADM,あける,いつ,そばかすスポット,ナノレーザー,施術間隔,次の施術,間隔"
フォト/光治療の後にADM/ナノレーザーはどのくらいあけますか／フォト/光治療の後にADM/ナノレーザーはいつ受けられますか,フォト/光治療の後にADM/ナノレーザー（同じ部位）を受ける場合、1週間あけてください。別の部位であれば同日に受けられます。 ※フォト/光治療は赤ら顔も含め4週間。4〜5回で1クール、1クール後は3ヶ月あけます,施術間隔,"ADM,あける,いつ,ナノレーザー,フォト,光治療,施術間隔,次の施術,間隔"
赤み治療の後にADM/ナノレーザーはどのくらいあけますか／赤み治療の後にADM/ナノレーザーはいつ受けられますか,赤み治療の後にADM/ナノレーザーを受ける場合、赤み治療の治療完了後2週間あけてください。,施術間隔,"ADM,あける,いつ,ナノレーザー,施術間隔,次の施術,赤み治療,間隔"
ボトックスの後にADM/ナノレーザーはどのくらいあけますか／ボトックスの後にADM/ナノレーザーはいつ受けられますか,ボトックスの後にADM/ナノレーザー（同じ部位）を受ける場合、2週間あけてください。別の部位であれば同日に受けられます。 ※ボトックスはきっちり4ヶ月（マイクロボトックスは3ヶ月）あけます。追加注入は医師の判断によります,施術間隔,"ADM,あける,いつ,ナノレーザー,ボトックス,施術間隔,次の施術,間隔"
ボトックス（マイクロ）の後にADM/ナノレーザーはどのくらいあけますか／ボトックス（マイクロ）の後にADM/ナノレーザーはいつ受けられますか,ボトックス（マイクロ）の後にADM/ナノレーザー（同じ部位）を受ける場合、2週間あけてください。別の部位であれば同日に受けられます。 ※ボトックスはきっちり4ヶ月（マイクロボトックスは3ヶ月）あけます。追加注入は医師の判断によります,施術間隔,"ADM,あける,いつ,ナノレーザー,ボトックス,ボトックス（マイクロ）,施術間隔,次の施術,間隔"
テノールネオの後にADM/ナノレーザーはどのくらいあけますか／テノールネオの後にADM/ナノレーザーはいつ受けられますか,テノールネオの後にADM/ナノレーザーを受ける場合、同日に受けられます。,施術間隔,"ADM,あける,いつ,テノールネオ,ナノレーザー,施術間隔,次の施術,間隔"
フラルスキン（トレチ）の後にADM/ナノレーザーはどのくらいあけますか／フラルスキン（トレチ）の後にADM/ナノレーザーはいつ受けられますか,フラルスキン（トレチ）の後にADM/ナノレーザーを受ける場合、トレチノインを使用しているときのみ1週間あけてください（それ以外は医師にご確認ください）。,施術間隔,"ADM,あける,いつ,ナノレーザー,フラルスキン,フラルスキン（トレチ）,施術間隔,次の施術,間隔"
部分シミ（トレチ）の後にADM/ナノレーザーはどのくらいあけますか／部分シミ（トレチ）の後にADM/ナノレーザーはいつ受けられますか,部分シミ（トレチ）の後にADM/ナノレーザー（同じ部位）を受ける場合、4週間あけてください。別の部位であれば同日に受けられます。,施術間隔,"ADM,あける,いつ,ナノレーザー,施術間隔,次の施術,部分シミ,部分シミ（トレチ）,間隔"
mikoメソッドの後にADM/ナノレーザーはどのくらいあけますか／mikoメソッドの後にADM/ナノレーザーはいつ受けられますか,mikoメソッドの後にADM/ナノレーザー（同じ部位）を受ける場合、4週間あけてください。別の部位であれば同日に受けられます。,施術間隔,"ADM,mikoメソッド,あける,いつ,ナノレーザー,施術間隔,次の施術,間隔"
ほくろ切除/ほくろ除去の後にADM/ナノレーザーはどのくらいあけますか／ほくろ切除/ほくろ除去の後にADM/ナノレーザーはいつ受けられますか,ほくろ切除/ほくろ除去の後にADM/ナノレーザーを受ける場合、傷が上皮化してから4週間あけてください。,施術間隔,"ADM,あける,いつ,ほくろ切除,ほくろ除去,ナノレーザー,施術間隔,次の施術,間隔"
ボライトの後にADM/ナノレーザーはどのくらいあけますか／ボライトの後にADM/ナノレーザーはいつ受けられますか,ボライトの後にADM/ナノレーザー（同じ部位）を受ける場合、4週間あけてください。別の部位であれば同日に受けられます。,施術間隔,"ADM,あける,いつ,ナノレーザー,ボライト,施術間隔,次の施術,間隔"
稗粒腫の後にADM/ナノレーザーはどのくらいあけますか／稗粒腫の後にADM/ナノレーザーはいつ受けられますか,稗粒腫の後にADM/ナノレーザー（同じ部位）を受ける場合、1週間あけてください。別の部位であれば同日に受けられます。,施術間隔,"ADM,あける,いつ,ナノレーザー,施術間隔,次の施術,稗粒腫,間隔"
ヴェルヴェットスキンの後にADM/ナノレーザーはどのくらいあけますか／ヴェルヴェットスキンの後にADM/ナノレーザーはいつ受けられますか,ヴェルヴェットスキンの後にADM/ナノレーザー（同じ部位）を受ける場合、4週間あけてください。別の部位であれば同日に受けられます。,施術間隔,"ADM,あける,いつ,ナノレーザー,ヴェルヴェットスキン,施術間隔,次の施術,間隔"
ダーマペンの後にADM/ナノレーザーはどのくらいあけますか／ダーマペンの後にADM/ナノレーザーはいつ受けられますか,ダーマペンの後にADM/ナノレーザー（同じ部位）を受ける場合、4週間あけてください。別の部位であれば同日に受けられます。 ※ダーマペンは基本4週間ですが、出血状況により医師の指示に従います,施術間隔,"ADM,あける,いつ,ダーマペン,ナノレーザー,施術間隔,次の施術,間隔"
HARGの後にADM/ナノレーザーはどのくらいあけますか／HARGの後にADM/ナノレーザーはいつ受けられますか,HARGの後にADM/ナノレーザー（別の部位）を受ける場合、翌日あけてください。,施術間隔,"ADM,HARG,あける,いつ,ナノレーザー,施術間隔,次の施術,間隔"
スカルプ・プラセンタエッセンスの後にADM/ナノレーザーはどのくらいあけますか／スカルプ・プラセンタエッセンスの後にADM/ナノレーザーはいつ受けられますか,スカルプ・プラセンタエッセンスの後にADM/ナノレーザー（別の部位）を受ける場合、翌日あけてください。,施術間隔,"ADM,あける,いつ,スカルプ・プラセンタエッセンス,ナノレーザー,施術間隔,次の施術,間隔"
コラーゲンピールの後にADM/ナノレーザーはどのくらいあけますか／コラーゲンピールの後にADM/ナノレーザーはいつ受けられますか,コラーゲンピールの後にADM/ナノレーザー（同じ部位）を受ける場合、2週間あけてください。別の部位であれば同日に受けられます。,施術間隔,"ADM,あける,いつ,コラーゲンピール,ナノレーザー,施術間隔,次の施術,間隔"
サーマクールの後にADM/ナノレーザーはどのくらいあけますか／サーマクールの後にADM/ナノレーザーはいつ受けられますか,サーマクールの後にADM/ナノレーザー（同じ部位）を受ける場合、1週間あけてください。別の部位であれば同日に受けられます。 ※サーマクールはきっちり6ヶ月あけます,施術間隔,"ADM,あける,いつ,サーマクール,ナノレーザー,施術間隔,次の施術,間隔"
脱毛の後にADM/ナノレーザーはどのくらいあけますか／脱毛の後にADM/ナノレーザーはいつ受けられますか,脱毛の後にADM/ナノレーザー（同じ部位）を受ける場合、2週間あけてください。別の部位であれば同日に受けられます。 ※脱毛は1回目→2回目が4週間、2回目以降は8週間（男性のひげは回数にかかわらず2週間）。他院・家庭用脱毛器・毛抜き後は8週間あけます,施術間隔,"ADM,あける,いつ,ナノレーザー,施術間隔,次の施術,脱毛,間隔"
タトゥーの後にADM/ナノレーザーはどのくらいあけますか／タトゥーの後にADM/ナノレーザーはいつ受けられますか,タトゥーの後にADM/ナノレーザー（同じ部位）を受ける場合、同部位3ヶ月あけてください。別の部位であれば同日に受けられます。,施術間隔,"ADM,あける,いつ,タトゥー,ナノレーザー,施術間隔,次の施術,間隔"
アートメイクの後にADM/ナノレーザーはどのくらいあけますか／アートメイクの後にADM/ナノレーザーはいつ受けられますか,アートメイクの後にADM/ナノレーザー（同じ部位）を受ける場合、2週間あけてください。別の部位であれば同日に受けられます。,施術間隔,"ADM,あける,いつ,アートメイク,ナノレーザー,施術間隔,次の施術,間隔"
ハイドラジェントルの後にレーザートーニングはどのくらいあけますか／ハイドラジェントルの後にレーザートーニングはいつ受けられますか,ハイドラジェントルの後にレーザートーニングを受ける場合、同日に受けられます。 ※トーニングは1〜5回目は週1回、6回目以降は月1回が目安です／面の治療との併用は初回は同日不可（2回目以降は同日可、ハイドラ先）。局所治療との併用は初回から同日可,施術間隔,"あける,いつ,ハイドラジェントル,レーザートーニング,施術間隔,次の施術,間隔"
ケミカルピーリングの後にレーザートーニングはどのくらいあけますか／ケミカルピーリングの後にレーザートーニングはいつ受けられますか,ケミカルピーリングの後にレーザートーニング（同じ部位）を受ける場合、2週間あけてください。別の部位であれば同日に受けられます。 ※ピーリングは顔4週間（医師指示で2週間の場合あり）・背中3週間・その他2週間／トーニングは1〜5回目は週1回、6回目以降は月1回が目安です,施術間隔,"あける,いつ,ケミカルピーリング,レーザートーニング,施術間隔,次の施術,間隔"
スマートサイドドット（2回目以降）の後にレーザートーニングはどのくらいあけますか／スマートサイドドット（2回目以降）の後にレーザートーニングはいつ受けられますか,スマートサイドドット（2回目以降）の後にレーザートーニング（同じ部位）を受ける場合、4週間あけてください。別の部位であれば同日に受けられます。 ※トーニングは1〜5回目は週1回、6回目以降は月1回が目安です,施術間隔,"あける,いつ,スマートサイドドット,スマートサイドドット（2回目以降）,レーザートーニング,施術間隔,次の施術,間隔"
スマートサイドドット（初回）の後にレーザートーニングはどのくらいあけますか／スマートサイドドット（初回）の後にレーザートーニングはいつ受けられますか,スマートサイドドット（初回）の後にレーザートーニング（同じ部位）を受ける場合、3週間あけてください。別の部位であれば同日に受けられます。 ※トーニングは1〜5回目は週1回、6回目以降は月1回が目安です,施術間隔,"あける,いつ,スマートサイドドット,スマートサイドドット（初回）,レーザートーニング,施術間隔,次の施術,間隔"
イボレーザー/CO2レーザーの後にレーザートーニングはどのくらいあけますか／イボレーザー/CO2レーザーの後にレーザートーニングはいつ受けられますか,イボレーザー/CO2レーザーの後にレーザートーニング（同じ部位）を受ける場合、4週間あけてください。別の部位であれば同日に受けられます。 ※トーニングは1〜5回目は週1回、6回目以降は月1回が目安です／CO2は初回治療は4週間あけます（色素沈着・傷跡の確認のため）,施術間隔,"CO2レーザー,あける,いつ,イボレーザー,レーザートーニング,施術間隔,次の施術,間隔"
シミ取りレーザーの後にレーザートーニングはどのくらいあけますか／シミ取りレーザーの後にレーザートーニングはいつ受けられますか,シミ取りレーザーの後にレーザートーニング（同じ部位）を受ける場合、4週間あけてください。別の部位であれば同日に受けられます。 ※トーニングは1〜5回目は週1回、6回目以降は月1回が目安です,施術間隔,"あける,いつ,シミ取りレーザー,レーザートーニング,施術間隔,次の施術,間隔"
ADM/ピコレーザの後にレーザートーニングはどのくらいあけますか／ADM/ピコレーザの後にレーザートーニングはいつ受けられますか,ADM/ピコレーザの後にレーザートーニングを受ける場合、ADM/ピコレーザの治療完了後4週間あけてください。 ※トーニングは1〜5回目は週1回、6回目以降は月1回が目安です,施術間隔,"ADM,あける,いつ,ピコレーザ,レーザートーニング,施術間隔,次の施術,間隔"
ADM/ナノレーザーの後にレーザートーニングはどのくらいあけますか／ADM/ナノレーザーの後にレーザートーニングはいつ受けられますか,ADM/ナノレーザーの後にレーザートーニングを受ける場合、ADM/ナノレーザーの治療完了後4週間あけてください。 ※トーニングは1〜5回目は週1回、6回目以降は月1回が目安です,施術間隔,"ADM,あける,いつ,ナノレーザー,レーザートーニング,施術間隔,次の施術,間隔"
レーザートーニングの後にレーザートーニングはどのくらいあけますか／レーザートーニングの後にレーザートーニングはいつ受けられますか,レーザートーニングの後にレーザートーニング（同じ部位）を受ける場合、1～4週間あけてください。別の部位であれば同日に受けられます。 ※トーニングは1〜5回目は週1回、6回目以降は月1回が目安です,施術間隔,"あける,いつ,レーザートーニング,施術間隔,次の施術,間隔"
ピコトーニングの後にレーザートーニングはどのくらいあけますか／ピコトーニングの後にレーザートーニングはいつ受けられますか,ピコトーニングの後にレーザートーニング（同じ部位）を受ける場合、2週間あけてください。別の部位であれば同日に受けられます。 ※トーニングは1〜5回目は週1回、6回目以降は月1回が目安です,施術間隔,"あける,いつ,ピコトーニング,レーザートーニング,施術間隔,次の施術,間隔"
ピコフラクショナルの後にレーザートーニングはどのくらいあけますか／ピコフラクショナルの後にレーザートーニングはいつ受けられますか,ピコフラクショナルの後にレーザートーニング（同じ部位）を受ける場合、3週間あけてください。別の部位であれば同日に受けられます。 ※トーニングは1〜5回目は週1回、6回目以降は月1回が目安です,施術間隔,"あける,いつ,ピコフラクショナル,レーザートーニング,施術間隔,次の施術,間隔"
そばかすシャワーの後にレーザートーニングはどのくらいあけますか／そばかすシャワーの後にレーザートーニングはいつ受けられますか,そばかすシャワーの後にレーザートーニング（同じ部位）を受ける場合、4週間あけてください。別の部位であれば同日に受けられます。 ※トーニングは1〜5回目は週1回、6回目以降は月1回が目安です,施術間隔,"あける,いつ,そばかすシャワー,レーザートーニング,施術間隔,次の施術,間隔"
そばかすスポットの後にレーザートーニングはどのくらいあけますか／そばかすスポットの後にレーザートーニングはいつ受けられますか,そばかすスポットの後にレーザートーニング（同じ部位）を受ける場合、4週間あけてください。別の部位であれば同日に受けられます。 ※トーニングは1〜5回目は週1回、6回目以降は月1回が目安です／取り残しは3週間以内、それ以外は3ヶ月以上あけます,施術間隔,"あける,いつ,そばかすスポット,レーザートーニング,施術間隔,次の施術,間隔"
フォト/光治療の後にレーザートーニングはどのくらいあけますか／フォト/光治療の後にレーザートーニングはいつ受けられますか,フォト/光治療の後にレーザートーニング（同じ部位）を受ける場合、２週間あけてください。別の部位であれば同日に受けられます。 ※フォト/光治療は赤ら顔も含め4週間。4〜5回で1クール、1クール後は3ヶ月あけます／トーニングは1〜5回目は週1回、6回目以降は月1回が目安です,施術間隔,"あける,いつ,フォト,レーザートーニング,光治療,施術間隔,次の施術,間隔"
赤み治療の後にレーザートーニングはどのくらいあけますか／赤み治療の後にレーザートーニングはいつ受けられますか,赤み治療の後にレーザートーニングを受ける場合、赤み治療の治療完了後2週間あけてください。 ※トーニングは1〜5回目は週1回、6回目以降は月1回が目安です,施術間隔,"あける,いつ,レーザートーニング,施術間隔,次の施術,赤み治療,間隔"
ボトックスの後にレーザートーニングはどのくらいあけますか／ボトックスの後にレーザートーニングはいつ受けられますか,ボトックスの後にレーザートーニング（同じ部位）を受ける場合、2週間あけてください。別の部位であれば同日に受けられます。 ※ボトックスはきっちり4ヶ月（マイクロボトックスは3ヶ月）あけます。追加注入は医師の判断によります／トーニングは1〜5回目は週1回、6回目以降は月1回が目安です,施術間隔,"あける,いつ,ボトックス,レーザートーニング,施術間隔,次の施術,間隔"
ボトックス（マイクロ）の後にレーザートーニングはどのくらいあけますか／ボトックス（マイクロ）の後にレーザートーニングはいつ受けられますか,ボトックス（マイクロ）の後にレーザートーニング（同じ部位）を受ける場合、2週間あけてください。別の部位であれば同日に受けられます。 ※ボトックスはきっちり4ヶ月（マイクロボトックスは3ヶ月）あけます。追加注入は医師の判断によります／トーニングは1〜5回目は週1回、6回目以降は月1回が目安です,施術間隔,"あける,いつ,ボトックス,ボトックス（マイクロ）,レーザートーニング,施術間隔,次の施術,間隔"
テノールネオの後にレーザートーニングはどのくらいあけますか／テノールネオの後にレーザートーニングはいつ受けられますか,テノールネオの後にレーザートーニング（同じ部位）を受ける場合、1週間※会員/回数券同日可あけてください。別の部位であれば同日に受けられます。 ※トーニングは1〜5回目は週1回、6回目以降は月1回が目安です,施術間隔,"あける,いつ,テノールネオ,レーザートーニング,施術間隔,次の施術,間隔"
フラルスキン（トレチ）の後にレーザートーニングはどのくらいあけますか／フラルスキン（トレチ）の後にレーザートーニングはいつ受けられますか,フラルスキン（トレチ）の後にレーザートーニングを受ける場合、トレチノインを使用しているときのみ1週間あけてください（それ以外は医師にご確認ください）。 ※トーニングは1〜5回目は週1回、6回目以降は月1回が目安です,施術間隔,"あける,いつ,フラルスキン,フラルスキン（トレチ）,レーザートーニング,施術間隔,次の施術,間隔"
部分シミ（トレチ）の後にレーザートーニングはどのくらいあけますか／部分シミ（トレチ）の後にレーザートーニングはいつ受けられますか,部分シミ（トレチ）の後にレーザートーニング（同じ部位）を受ける場合、4週間あけてください。別の部位であれば同日に受けられます。 ※トーニングは1〜5回目は週1回、6回目以降は月1回が目安です,施術間隔,"あける,いつ,レーザートーニング,施術間隔,次の施術,部分シミ,部分シミ（トレチ）,間隔"
mikoメソッドの後にレーザートーニングはどのくらいあけますか／mikoメソッドの後にレーザートーニングはいつ受けられますか,mikoメソッドの後にレーザートーニング（同じ部位）を受ける場合、4週間あけてください。別の部位であれば同日に受けられます。 ※トーニングは1〜5回目は週1回、6回目以降は月1回が目安です,施術間隔,"mikoメソッド,あける,いつ,レーザートーニング,施術間隔,次の施術,間隔"
ほくろ切除/ほくろ除去の後にレーザートーニングはどのくらいあけますか／ほくろ切除/ほくろ除去の後にレーザートーニングはいつ受けられますか,ほくろ切除/ほくろ除去の後にレーザートーニングを受ける場合、傷が上皮化してから4週間あけてください。 ※トーニングは1〜5回目は週1回、6回目以降は月1回が目安です,施術間隔,"あける,いつ,ほくろ切除,ほくろ除去,レーザートーニング,施術間隔,次の施術,間隔"
ボライトの後にレーザートーニングはどのくらいあけますか／ボライトの後にレーザートーニングはいつ受けられますか,ボライトの後にレーザートーニング（同じ部位）を受ける場合、2週間あけてください。別の部位であれば同日に受けられます。 ※トーニングは1〜5回目は週1回、6回目以降は月1回が目安です,施術間隔,"あける,いつ,ボライト,レーザートーニング,施術間隔,次の施術,間隔"
稗粒腫の後にレーザートーニングはどのくらいあけますか／稗粒腫の後にレーザートーニングはいつ受けられますか,稗粒腫の後にレーザートーニング（同じ部位）を受ける場合、1週間あけてください。別の部位であれば同日に受けられます。 ※トーニングは1〜5回目は週1回、6回目以降は月1回が目安です,施術間隔,"あける,いつ,レーザートーニング,施術間隔,次の施術,稗粒腫,間隔"
ヴェルヴェットスキンの後にレーザートーニングはどのくらいあけますか／ヴェルヴェットスキンの後にレーザートーニングはいつ受けられますか,ヴェルヴェットスキンの後にレーザートーニング（同じ部位）を受ける場合、4週間あけてください。別の部位であれば同日に受けられます。 ※トーニングは1〜5回目は週1回、6回目以降は月1回が目安です,施術間隔,"あける,いつ,レーザートーニング,ヴェルヴェットスキン,施術間隔,次の施術,間隔"
ダーマペンの後にレーザートーニングはどのくらいあけますか／ダーマペンの後にレーザートーニングはいつ受けられますか,ダーマペンの後にレーザートーニング（同じ部位）を受ける場合、4週間あけてください。別の部位であれば同日に受けられます。 ※ダーマペンは基本4週間ですが、出血状況により医師の指示に従います／トーニングは1〜5回目は週1回、6回目以降は月1回が目安です,施術間隔,"あける,いつ,ダーマペン,レーザートーニング,施術間隔,次の施術,間隔"
HARGの後にレーザートーニングはどのくらいあけますか／HARGの後にレーザートーニングはいつ受けられますか,HARGの後にレーザートーニング（別の部位）を受ける場合、翌日あけてください。 ※トーニングは1〜5回目は週1回、6回目以降は月1回が目安です,施術間隔,"HARG,あける,いつ,レーザートーニング,施術間隔,次の施術,間隔"
スカルプ・プラセンタエッセンスの後にレーザートーニングはどのくらいあけますか／スカルプ・プラセンタエッセンスの後にレーザートーニングはいつ受けられますか,スカルプ・プラセンタエッセンスの後にレーザートーニング（別の部位）を受ける場合、翌日あけてください。 ※トーニングは1〜5回目は週1回、6回目以降は月1回が目安です,施術間隔,"あける,いつ,スカルプ・プラセンタエッセンス,レーザートーニング,施術間隔,次の施術,間隔"
コラーゲンピールの後にレーザートーニングはどのくらいあけますか／コラーゲンピールの後にレーザートーニングはいつ受けられますか,コラーゲンピールの後にレーザートーニング（同じ部位）を受ける場合、2週間あけてください。別の部位であれば同日に受けられます。 ※トーニングは1〜5回目は週1回、6回目以降は月1回が目安です,施術間隔,"あける,いつ,コラーゲンピール,レーザートーニング,施術間隔,次の施術,間隔"
サーマクールの後にレーザートーニングはどのくらいあけますか／サーマクールの後にレーザートーニングはいつ受けられますか,サーマクールの後にレーザートーニング（同じ部位）を受ける場合、1週間あけてください。別の部位であれば同日に受けられます。 ※サーマクールはきっちり6ヶ月あけます／トーニングは1〜5回目は週1回、6回目以降は月1回が目安です,施術間隔,"あける,いつ,サーマクール,レーザートーニング,施術間隔,次の施術,間隔"
脱毛の後にレーザートーニングはどのくらいあけますか／脱毛の後にレーザートーニングはいつ受けられますか,脱毛の後にレーザートーニング（同じ部位）を受ける場合、2週間あけてください。別の部位であれば同日に受けられます。 ※脱毛は1回目→2回目が4週間、2回目以降は8週間（男性のひげは回数にかかわらず2週間）。他院・家庭用脱毛器・毛抜き後は8週間あけます／トーニングは1〜5回目は週1回、6回目以降は月1回が目安です,施術間隔,"あける,いつ,レーザートーニング,施術間隔,次の施術,脱毛,間隔"
タトゥーの後にレーザートーニングはどのくらいあけますか／タトゥーの後にレーザートーニングはいつ受けられますか,タトゥーの後にレーザートーニング（同じ部位）を受ける場合、同部位3ヶ月あけてください。別の部位であれば同日に受けられます。 ※トーニングは1〜5回目は週1回、6回目以降は月1回が目安です,施術間隔,"あける,いつ,タトゥー,レーザートーニング,施術間隔,次の施術,間隔"
アートメイクの後にレーザートーニングはどのくらいあけますか／アートメイクの後にレーザートーニングはいつ受けられますか,アートメイクの後にレーザートーニング（同じ部位）を受ける場合、2週間あけてください。別の部位であれば同日に受けられます。 ※トーニングは1〜5回目は週1回、6回目以降は月1回が目安です,施術間隔,"あける,いつ,アートメイク,レーザートーニング,施術間隔,次の施術,間隔"
ハイドラジェントルの後にピコトーニングはどのくらいあけますか／ハイドラジェントルの後にピコトーニングはいつ受けられますか,ハイドラジェントルの後にピコトーニングを受ける場合、同日に受けられます。 ※トーニングは1〜5回目は週1回、6回目以降は月1回が目安です／面の治療との併用は初回は同日不可（2回目以降は同日可、ハイドラ先）。局所治療との併用は初回から同日可,施術間隔,"あける,いつ,ハイドラジェントル,ピコトーニング,施術間隔,次の施術,間隔"
ケミカルピーリングの後にピコトーニングはどのくらいあけますか／ケミカルピーリングの後にピコトーニングはいつ受けられますか,ケミカルピーリングの後にピコトーニング（同じ部位）を受ける場合、2週間あけてください。別の部位であれば同日に受けられます。 ※ピーリングは顔4週間（医師指示で2週間の場合あり）・背中3週間・その他2週間／トーニングは1〜5回目は週1回、6回目以降は月1回が目安です,施術間隔,"あける,いつ,ケミカルピーリング,ピコトーニング,施術間隔,次の施術,間隔"
スマートサイドドット（2回目以降）の後にピコトーニングはどのくらいあけますか／スマートサイドドット（2回目以降）の後にピコトーニングはいつ受けられますか,スマートサイドドット（2回目以降）の後にピコトーニング（同じ部位）を受ける場合、4週間あけてください。別の部位であれば同日に受けられます。 ※トーニングは1〜5回目は週1回、6回目以降は月1回が目安です,施術間隔,"あける,いつ,スマートサイドドット,スマートサイドドット（2回目以降）,ピコトーニング,施術間隔,次の施術,間隔"
スマートサイドドット（初回）の後にピコトーニングはどのくらいあけますか／スマートサイドドット（初回）の後にピコトーニングはいつ受けられますか,スマートサイドドット（初回）の後にピコトーニング（同じ部位）を受ける場合、3週間あけてください。別の部位であれば同日に受けられます。 ※トーニングは1〜5回目は週1回、6回目以降は月1回が目安です,施術間隔,"あける,いつ,スマートサイドドット,スマートサイドドット（初回）,ピコトーニング,施術間隔,次の施術,間隔"
イボレーザー/CO2レーザーの後にピコトーニングはどのくらいあけますか／イボレーザー/CO2レーザーの後にピコトーニングはいつ受けられますか,イボレーザー/CO2レーザーの後にピコトーニング（同じ部位）を受ける場合、4週間あけてください。別の部位であれば同日に受けられます。 ※トーニングは1〜5回目は週1回、6回目以降は月1回が目安です／CO2は初回治療は4週間あけます（色素沈着・傷跡の確認のため）,施術間隔,"CO2レーザー,あける,いつ,イボレーザー,ピコトーニング,施術間隔,次の施術,間隔"
シミ取りレーザーの後にピコトーニングはどのくらいあけますか／シミ取りレーザーの後にピコトーニングはいつ受けられますか,シミ取りレーザーの後にピコトーニング（同じ部位）を受ける場合、4週間あけてください。別の部位であれば同日に受けられます。 ※トーニングは1〜5回目は週1回、6回目以降は月1回が目安です,施術間隔,"あける,いつ,シミ取りレーザー,ピコトーニング,施術間隔,次の施術,間隔"
ADM/ピコレーザの後にピコトーニングはどのくらいあけますか／ADM/ピコレーザの後にピコトーニングはいつ受けられますか,ADM/ピコレーザの後にピコトーニングを受ける場合、ADM/ピコレーザの治療完了後4週間あけてください。 ※トーニングは1〜5回目は週1回、6回目以降は月1回が目安です,施術間隔,"ADM,あける,いつ,ピコトーニング,ピコレーザ,施術間隔,次の施術,間隔"
ADM/ナノレーザーの後にピコトーニングはどのくらいあけますか／ADM/ナノレーザーの後にピコトーニングはいつ受けられますか,ADM/ナノレーザーの後にピコトーニングを受ける場合、ADM/ナノレーザーの治療完了後4週間あけてください。 ※トーニングは1〜5回目は週1回、6回目以降は月1回が目安です,施術間隔,"ADM,あける,いつ,ナノレーザー,ピコトーニング,施術間隔,次の施術,間隔"
レーザートーニングの後にピコトーニングはどのくらいあけますか／レーザートーニングの後にピコトーニングはいつ受けられますか,レーザートーニングの後にピコトーニング（同じ部位）を受ける場合、1週間※あけてください。別の部位であれば同日に受けられます。 ※トーニングは1〜5回目は週1回、6回目以降は月1回が目安です,施術間隔,"あける,いつ,ピコトーニング,レーザートーニング,施術間隔,次の施術,間隔"
ピコトーニングの後にピコトーニングはどのくらいあけますか／ピコトーニングの後にピコトーニングはいつ受けられますか,ピコトーニングの後にピコトーニング（同じ部位）を受ける場合、2～4週間あけてください。別の部位であれば同日に受けられます。 ※トーニングは1〜5回目は週1回、6回目以降は月1回が目安です,施術間隔,"あける,いつ,ピコトーニング,施術間隔,次の施術,間隔"
ピコフラクショナルの後にピコトーニングはどのくらいあけますか／ピコフラクショナルの後にピコトーニングはいつ受けられますか,ピコフラクショナルの後にピコトーニング（同じ部位）を受ける場合、3週間あけてください。別の部位であれば同日に受けられます。 ※トーニングは1〜5回目は週1回、6回目以降は月1回が目安です,施術間隔,"あける,いつ,ピコトーニング,ピコフラクショナル,施術間隔,次の施術,間隔"
そばかすシャワーの後にピコトーニングはどのくらいあけますか／そばかすシャワーの後にピコトーニングはいつ受けられますか,そばかすシャワーの後にピコトーニング（同じ部位）を受ける場合、4週間あけてください。別の部位であれば同日に受けられます。 ※トーニングは1〜5回目は週1回、6回目以降は月1回が目安です,施術間隔,"あける,いつ,そばかすシャワー,ピコトーニング,施術間隔,次の施術,間隔"
そばかすスポットの後にピコトーニングはどのくらいあけますか／そばかすスポットの後にピコトーニングはいつ受けられますか,そばかすスポットの後にピコトーニング（同じ部位）を受ける場合、4週間あけてください。別の部位であれば同日に受けられます。 ※トーニングは1〜5回目は週1回、6回目以降は月1回が目安です／取り残しは3週間以内、それ以外は3ヶ月以上あけます,施術間隔,"あける,いつ,そばかすスポット,ピコトーニング,施術間隔,次の施術,間隔"
フォト/光治療の後にピコトーニングはどのくらいあけますか／フォト/光治療の後にピコトーニングはいつ受けられますか,フォト/光治療の後にピコトーニング（同じ部位）を受ける場合、2週間あけてください。別の部位であれば同日に受けられます。 ※フォト/光治療は赤ら顔も含め4週間。4〜5回で1クール、1クール後は3ヶ月あけます／トーニングは1〜5回目は週1回、6回目以降は月1回が目安です,施術間隔,"あける,いつ,ピコトーニング,フォト,光治療,施術間隔,次の施術,間隔"
赤み治療の後にピコトーニングはどのくらいあけますか／赤み治療の後にピコトーニングはいつ受けられますか,赤み治療の後にピコトーニングを受ける場合、赤み治療の治療完了後2週間あけてください。 ※トーニングは1〜5回目は週1回、6回目以降は月1回が目安です,施術間隔,"あける,いつ,ピコトーニング,施術間隔,次の施術,赤み治療,間隔"
ボトックスの後にピコトーニングはどのくらいあけますか／ボトックスの後にピコトーニングはいつ受けられますか,ボトックスの後にピコトーニング（同じ部位）を受ける場合、2週間あけてください。別の部位であれば同日に受けられます。 ※ボトックスはきっちり4ヶ月（マイクロボトックスは3ヶ月）あけます。追加注入は医師の判断によります／トーニングは1〜5回目は週1回、6回目以降は月1回が目安です,施術間隔,"あける,いつ,ピコトーニング,ボトックス,施術間隔,次の施術,間隔"
ボトックス（マイクロ）の後にピコトーニングはどのくらいあけますか／ボトックス（マイクロ）の後にピコトーニングはいつ受けられますか,ボトックス（マイクロ）の後にピコトーニング（同じ部位）を受ける場合、2週間あけてください。別の部位であれば同日に受けられます。 ※ボトックスはきっちり4ヶ月（マイクロボトックスは3ヶ月）あけます。追加注入は医師の判断によります／トーニングは1〜5回目は週1回、6回目以降は月1回が目安です,施術間隔,"あける,いつ,ピコトーニング,ボトックス,ボトックス（マイクロ）,施術間隔,次の施術,間隔"
テノールネオの後にピコトーニングはどのくらいあけますか／テノールネオの後にピコトーニングはいつ受けられますか,テノールネオの後にピコトーニング（同じ部位）を受ける場合、2週間※会員/回数券同日可あけてください。別の部位であれば同日に受けられます。 ※トーニングは1〜5回目は週1回、6回目以降は月1回が目安です,施術間隔,"あける,いつ,テノールネオ,ピコトーニング,施術間隔,次の施術,間隔"
フラルスキン（トレチ）の後にピコトーニングはどのくらいあけますか／フラルスキン（トレチ）の後にピコトーニングはいつ受けられますか,フラルスキン（トレチ）の後にピコトーニングを受ける場合、トレチノインを使用しているときのみ1週間あけてください（それ以外は医師にご確認ください）。 ※トーニングは1〜5回目は週1回、6回目以降は月1回が目安です,施術間隔,"あける,いつ,ピコトーニング,フラルスキン,フラルスキン（トレチ）,施術間隔,次の施術,間隔"
部分シミ（トレチ）の後にピコトーニングはどのくらいあけますか／部分シミ（トレチ）の後にピコトーニングはいつ受けられますか,部分シミ（トレチ）の後にピコトーニング（同じ部位）を受ける場合、4週間あけてください。別の部位であれば同日に受けられます。 ※トーニングは1〜5回目は週1回、6回目以降は月1回が目安です,施術間隔,"あける,いつ,ピコトーニング,施術間隔,次の施術,部分シミ,部分シミ（トレチ）,間隔"
mikoメソッドの後にピコトーニングはどのくらいあけますか／mikoメソッドの後にピコトーニングはいつ受けられますか,mikoメソッドの後にピコトーニング（同じ部位）を受ける場合、4週間あけてください。別の部位であれば同日に受けられます。 ※トーニングは1〜5回目は週1回、6回目以降は月1回が目安です,施術間隔,"mikoメソッド,あける,いつ,ピコトーニング,施術間隔,次の施術,間隔"
ほくろ切除/ほくろ除去の後にピコトーニングはどのくらいあけますか／ほくろ切除/ほくろ除去の後にピコトーニングはいつ受けられますか,ほくろ切除/ほくろ除去の後にピコトーニングを受ける場合、傷が上皮化してから4週間あけてください。 ※トーニングは1〜5回目は週1回、6回目以降は月1回が目安です,施術間隔,"あける,いつ,ほくろ切除,ほくろ除去,ピコトーニング,施術間隔,次の施術,間隔"
ボライトの後にピコトーニングはどのくらいあけますか／ボライトの後にピコトーニングはいつ受けられますか,ボライトの後にピコトーニング（同じ部位）を受ける場合、4週間あけてください。別の部位であれば同日に受けられます。 ※トーニングは1〜5回目は週1回、6回目以降は月1回が目安です,施術間隔,"あける,いつ,ピコトーニング,ボライト,施術間隔,次の施術,間隔"
稗粒腫の後にピコトーニングはどのくらいあけますか／稗粒腫の後にピコトーニングはいつ受けられますか,稗粒腫の後にピコトーニング（同じ部位）を受ける場合、1週間あけてください。別の部位であれば同日に受けられます。 ※トーニングは1〜5回目は週1回、6回目以降は月1回が目安です,施術間隔,"あける,いつ,ピコトーニング,施術間隔,次の施術,稗粒腫,間隔"
ヴェルヴェットスキンの後にピコトーニングはどのくらいあけますか／ヴェルヴェットスキンの後にピコトーニングはいつ受けられますか,ヴェルヴェットスキンの後にピコトーニング（同じ部位）を受ける場合、4週間あけてください。別の部位であれば同日に受けられます。 ※トーニングは1〜5回目は週1回、6回目以降は月1回が目安です,施術間隔,"あける,いつ,ピコトーニング,ヴェルヴェットスキン,施術間隔,次の施術,間隔"
ダーマペンの後にピコトーニングはどのくらいあけますか／ダーマペンの後にピコトーニングはいつ受けられますか,ダーマペンの後にピコトーニング（同じ部位）を受ける場合、4週間あけてください。別の部位であれば同日に受けられます。 ※ダーマペンは基本4週間ですが、出血状況により医師の指示に従います／トーニングは1〜5回目は週1回、6回目以降は月1回が目安です,施術間隔,"あける,いつ,ダーマペン,ピコトーニング,施術間隔,次の施術,間隔"
HARGの後にピコトーニングはどのくらいあけますか／HARGの後にピコトーニングはいつ受けられますか,HARGの後にピコトーニング（別の部位）を受ける場合、翌日あけてください。 ※トーニングは1〜5回目は週1回、6回目以降は月1回が目安です,施術間隔,"HARG,あける,いつ,ピコトーニング,施術間隔,次の施術,間隔"
スカルプ・プラセンタエッセンスの後にピコトーニングはどのくらいあけますか／スカルプ・プラセンタエッセンスの後にピコトーニングはいつ受けられますか,スカルプ・プラセンタエッセンスの後にピコトーニング（別の部位）を受ける場合、翌日あけてください。 ※トーニングは1〜5回目は週1回、6回目以降は月1回が目安です,施術間隔,"あける,いつ,スカルプ・プラセンタエッセンス,ピコトーニング,施術間隔,次の施術,間隔"
コラーゲンピールの後にピコトーニングはどのくらいあけますか／コラーゲンピールの後にピコトーニングはいつ受けられますか,コラーゲンピールの後にピコトーニング（同じ部位）を受ける場合、2週間あけてください。別の部位であれば同日に受けられます。 ※トーニングは1〜5回目は週1回、6回目以降は月1回が目安です,施術間隔,"あける,いつ,コラーゲンピール,ピコトーニング,施術間隔,次の施術,間隔"
サーマクールの後にピコトーニングはどのくらいあけますか／サーマクールの後にピコトーニングはいつ受けられますか,サーマクールの後にピコトーニング（同じ部位）を受ける場合、1週間あけてください。別の部位であれば同日に受けられます。 ※サーマクールはきっちり6ヶ月あけます／トーニングは1〜5回目は週1回、6回目以降は月1回が目安です,施術間隔,"あける,いつ,サーマクール,ピコトーニング,施術間隔,次の施術,間隔"
脱毛の後にピコトーニングはどのくらいあけますか／脱毛の後にピコトーニングはいつ受けられますか,脱毛の後にピコトーニング（同じ部位）を受ける場合、2週間あけてください。別の部位であれば同日に受けられます。 ※脱毛は1回目→2回目が4週間、2回目以降は8週間（男性のひげは回数にかかわらず2週間）。他院・家庭用脱毛器・毛抜き後は8週間あけます／トーニングは1〜5回目は週1回、6回目以降は月1回が目安です,施術間隔,"あける,いつ,ピコトーニング,施術間隔,次の施術,脱毛,間隔"
タトゥーの後にピコトーニングはどのくらいあけますか／タトゥーの後にピコトーニングはいつ受けられますか,タトゥーの後にピコトーニング（同じ部位）を受ける場合、同部位3ヶ月あけてください。別の部位であれば同日に受けられます。 ※トーニングは1〜5回目は週1回、6回目以降は月1回が目安です,施術間隔,"あける,いつ,タトゥー,ピコトーニング,施術間隔,次の施術,間隔"
アートメイクの後にピコトーニングはどのくらいあけますか／アートメイクの後にピコトーニングはいつ受けられますか,アートメイクの後にピコトーニング（同じ部位）を受ける場合、2週間あけてください。別の部位であれば同日に受けられます。 ※トーニングは1〜5回目は週1回、6回目以降は月1回が目安です,施術間隔,"あける,いつ,アートメイク,ピコトーニング,施術間隔,次の施術,間隔"
ハイドラジェントルの後にピコフラクショナルはどのくらいあけますか／ハイドラジェントルの後にピコフラクショナルはいつ受けられますか,ハイドラジェントルの後にピコフラクショナルを受ける場合、同日に受けられます。 ※面の治療との併用は初回は同日不可（2回目以降は同日可、ハイドラ先）。局所治療との併用は初回から同日可,施術間隔,"あける,いつ,ハイドラジェントル,ピコフラクショナル,施術間隔,次の施術,間隔"
ケミカルピーリングの後にピコフラクショナルはどのくらいあけますか／ケミカルピーリングの後にピコフラクショナルはいつ受けられますか,ケミカルピーリングの後にピコフラクショナル（同じ部位）を受ける場合、2週間あけてください。別の部位であれば同日に受けられます。 ※ピーリングは顔4週間（医師指示で2週間の場合あり）・背中3週間・その他2週間,施術間隔,"あける,いつ,ケミカルピーリング,ピコフラクショナル,施術間隔,次の施術,間隔"
スマートサイドドット（2回目以降）の後にピコフラクショナルはどのくらいあけますか／スマートサイドドット（2回目以降）の後にピコフラクショナルはいつ受けられますか,スマートサイドドット（2回目以降）の後にピコフラクショナル（同じ部位）を受ける場合、8週間あけてください。別の部位であれば同日に受けられます。,施術間隔,"あける,いつ,スマートサイドドット,スマートサイドドット（2回目以降）,ピコフラクショナル,施術間隔,次の施術,間隔"
スマートサイドドット（初回）の後にピコフラクショナルはどのくらいあけますか／スマートサイドドット（初回）の後にピコフラクショナルはいつ受けられますか,スマートサイドドット（初回）の後にピコフラクショナル（同じ部位）を受ける場合、8週間あけてください。別の部位であれば同日に受けられます。,施術間隔,"あける,いつ,スマートサイドドット,スマートサイドドット（初回）,ピコフラクショナル,施術間隔,次の施術,間隔"
イボレーザー/CO2レーザーの後にピコフラクショナルはどのくらいあけますか／イボレーザー/CO2レーザーの後にピコフラクショナルはいつ受けられますか,イボレーザー/CO2レーザーの後にピコフラクショナル（同じ部位）を受ける場合、4週間あけてください。別の部位であれば同日に受けられます。 ※CO2は初回治療は4週間あけます（色素沈着・傷跡の確認のため）,施術間隔,"CO2レーザー,あける,いつ,イボレーザー,ピコフラクショナル,施術間隔,次の施術,間隔"
シミ取りレーザーの後にピコフラクショナルはどのくらいあけますか／シミ取りレーザーの後にピコフラクショナルはいつ受けられますか,シミ取りレーザーの後にピコフラクショナル（同じ部位）を受ける場合、4週間あけてください。別の部位であれば同日に受けられます。,施術間隔,"あける,いつ,シミ取りレーザー,ピコフラクショナル,施術間隔,次の施術,間隔"
ADM/ピコレーザの後にピコフラクショナルはどのくらいあけますか／ADM/ピコレーザの後にピコフラクショナルはいつ受けられますか,ADM/ピコレーザの後にピコフラクショナルを受ける場合、ADM/ピコレーザの治療完了後4週間あけてください。,施術間隔,"ADM,あける,いつ,ピコフラクショナル,ピコレーザ,施術間隔,次の施術,間隔"
ADM/ナノレーザーの後にピコフラクショナルはどのくらいあけますか／ADM/ナノレーザーの後にピコフラクショナルはいつ受けられますか,ADM/ナノレーザーの後にピコフラクショナルを受ける場合、ADM/ナノレーザーの治療完了後4週間あけてください。,施術間隔,"ADM,あける,いつ,ナノレーザー,ピコフラクショナル,施術間隔,次の施術,間隔"
レーザートーニングの後にピコフラクショナルはどのくらいあけますか／レーザートーニングの後にピコフラクショナルはいつ受けられますか,レーザートーニングの後にピコフラクショナル（同じ部位）を受ける場合、2週間あけてください。別の部位であれば同日に受けられます。 ※トーニングは1〜5回目は週1回、6回目以降は月1回が目安です,施術間隔,"あける,いつ,ピコフラクショナル,レーザートーニング,施術間隔,次の施術,間隔"
ピコトーニングの後にピコフラクショナルはどのくらいあけますか／ピコトーニングの後にピコフラクショナルはいつ受けられますか,ピコトーニングの後にピコフラクショナル（同じ部位）を受ける場合、2週間あけてください。別の部位であれば同日に受けられます。 ※トーニングは1〜5回目は週1回、6回目以降は月1回が目安です,施術間隔,"あける,いつ,ピコトーニング,ピコフラクショナル,施術間隔,次の施術,間隔"
ピコフラクショナルの後にピコフラクショナルはどのくらいあけますか／ピコフラクショナルの後にピコフラクショナルはいつ受けられますか,ピコフラクショナルの後にピコフラクショナル（同じ部位）を受ける場合、2～3ヵ月あけてください。別の部位であれば同日に受けられます。,施術間隔,"あける,いつ,ピコフラクショナル,施術間隔,次の施術,間隔"
そばかすシャワーの後にピコフラクショナルはどのくらいあけますか／そばかすシャワーの後にピコフラクショナルはいつ受けられますか,そばかすシャワーの後にピコフラクショナル（同じ部位）を受ける場合、1～3ヵ月あけてください。別の部位であれば同日に受けられます。,施術間隔,"あける,いつ,そばかすシャワー,ピコフラクショナル,施術間隔,次の施術,間隔"
そばかすスポットの後にピコフラクショナルはどのくらいあけますか／そばかすスポットの後にピコフラクショナルはいつ受けられますか,そばかすスポットの後にピコフラクショナル（同じ部位）を受ける場合、1～3ヵ月あけてください。別の部位であれば同日に受けられます。 ※取り残しは3週間以内、それ以外は3ヶ月以上あけます,施術間隔,"あける,いつ,そばかすスポット,ピコフラクショナル,施術間隔,次の施術,間隔"
フォト/光治療の後にピコフラクショナルはどのくらいあけますか／フォト/光治療の後にピコフラクショナルはいつ受けられますか,フォト/光治療の後にピコフラクショナル（同じ部位）を受ける場合、2週間あけてください。別の部位であれば同日に受けられます。 ※フォト/光治療は赤ら顔も含め4週間。4〜5回で1クール、1クール後は3ヶ月あけます,施術間隔,"あける,いつ,ピコフラクショナル,フォト,光治療,施術間隔,次の施術,間隔"
赤み治療の後にピコフラクショナルはどのくらいあけますか／赤み治療の後にピコフラクショナルはいつ受けられますか,赤み治療の後にピコフラクショナルを受ける場合、赤み治療の治療完了後2週間あけてください。,施術間隔,"あける,いつ,ピコフラクショナル,施術間隔,次の施術,赤み治療,間隔"
ボトックスの後にピコフラクショナルはどのくらいあけますか／ボトックスの後にピコフラクショナルはいつ受けられますか,ボトックスの後にピコフラクショナル（同じ部位）を受ける場合、2週間あけてください。別の部位であれば同日に受けられます。 ※ボトックスはきっちり4ヶ月（マイクロボトックスは3ヶ月）あけます。追加注入は医師の判断によります,施術間隔,"あける,いつ,ピコフラクショナル,ボトックス,施術間隔,次の施術,間隔"
ボトックス（マイクロ）の後にピコフラクショナルはどのくらいあけますか／ボトックス（マイクロ）の後にピコフラクショナルはいつ受けられますか,ボトックス（マイクロ）の後にピコフラクショナル（同じ部位）を受ける場合、2週間あけてください。別の部位であれば同日に受けられます。 ※ボトックスはきっちり4ヶ月（マイクロボトックスは3ヶ月）あけます。追加注入は医師の判断によります,施術間隔,"あける,いつ,ピコフラクショナル,ボトックス,ボトックス（マイクロ）,施術間隔,次の施術,間隔"
テノールネオの後にピコフラクショナルはどのくらいあけますか／テノールネオの後にピコフラクショナルはいつ受けられますか,テノールネオの後にピコフラクショナル（同じ部位）を受ける場合、2週間あけてください。別の部位であれば同日に受けられます。,施術間隔,"あける,いつ,テノールネオ,ピコフラクショナル,施術間隔,次の施術,間隔"
フラルスキン（トレチ）の後にピコフラクショナルはどのくらいあけますか／フラルスキン（トレチ）の後にピコフラクショナルはいつ受けられますか,フラルスキン（トレチ）の後にピコフラクショナルを受ける場合、トレチノインを使用しているときのみ1週間あけてください（それ以外は医師にご確認ください）。,施術間隔,"あける,いつ,ピコフラクショナル,フラルスキン,フラルスキン（トレチ）,施術間隔,次の施術,間隔"
部分シミ（トレチ）の後にピコフラクショナルはどのくらいあけますか／部分シミ（トレチ）の後にピコフラクショナルはいつ受けられますか,部分シミ（トレチ）の後にピコフラクショナル（同じ部位）を受ける場合、4週間あけてください。別の部位であれば同日に受けられます。,施術間隔,"あける,いつ,ピコフラクショナル,施術間隔,次の施術,部分シミ,部分シミ（トレチ）,間隔"
mikoメソッドの後にピコフラクショナルはどのくらいあけますか／mikoメソッドの後にピコフラクショナルはいつ受けられますか,mikoメソッドの後にピコフラクショナル（同じ部位）を受ける場合、4週間あけてください。別の部位であれば同日に受けられます。,施術間隔,"mikoメソッド,あける,いつ,ピコフラクショナル,施術間隔,次の施術,間隔"
ほくろ切除/ほくろ除去の後にピコフラクショナルはどのくらいあけますか／ほくろ切除/ほくろ除去の後にピコフラクショナルはいつ受けられますか,ほくろ切除/ほくろ除去の後にピコフラクショナルを受ける場合、傷が上皮化してから4週間あけてください。,施術間隔,"あける,いつ,ほくろ切除,ほくろ除去,ピコフラクショナル,施術間隔,次の施術,間隔"
ボライトの後にピコフラクショナルはどのくらいあけますか／ボライトの後にピコフラクショナルはいつ受けられますか,ボライトの後にピコフラクショナル（同じ部位）を受ける場合、2週間あけてください。別の部位であれば同日に受けられます。,施術間隔,"あける,いつ,ピコフラクショナル,ボライト,施術間隔,次の施術,間隔"
稗粒腫の後にピコフラクショナルはどのくらいあけますか／稗粒腫の後にピコフラクショナルはいつ受けられますか,稗粒腫の後にピコフラクショナル（同じ部位）を受ける場合、1週間あけてください。別の部位であれば同日に受けられます。,施術間隔,"あける,いつ,ピコフラクショナル,施術間隔,次の施術,稗粒腫,間隔"
ヴェルヴェットスキンの後にピコフラクショナルはどのくらいあけますか／ヴェルヴェットスキンの後にピコフラクショナルはいつ受けられますか,ヴェルヴェットスキンの後にピコフラクショナル（同じ部位）を受ける場合、4週間あけてください。別の部位であれば同日に受けられます。,施術間隔,"あける,いつ,ピコフラクショナル,ヴェルヴェットスキン,施術間隔,次の施術,間隔"
ダーマペンの後にピコフラクショナルはどのくらいあけますか／ダーマペンの後にピコフラクショナルはいつ受けられますか,ダーマペンの後にピコフラクショナル（同じ部位）を受ける場合、4週間あけてください。別の部位であれば同日に受けられます。 ※ダーマペンは基本4週間ですが、出血状況により医師の指示に従います,施術間隔,"あける,いつ,ダーマペン,ピコフラクショナル,施術間隔,次の施術,間隔"
HARGの後にピコフラクショナルはどのくらいあけますか／HARGの後にピコフラクショナルはいつ受けられますか,HARGの後にピコフラクショナル（別の部位）を受ける場合、翌日あけてください。,施術間隔,"HARG,あける,いつ,ピコフラクショナル,施術間隔,次の施術,間隔"
スカルプ・プラセンタエッセンスの後にピコフラクショナルはどのくらいあけますか／スカルプ・プラセンタエッセンスの後にピコフラクショナルはいつ受けられますか,スカルプ・プラセンタエッセンスの後にピコフラクショナル（別の部位）を受ける場合、翌日あけてください。,施術間隔,"あける,いつ,スカルプ・プラセンタエッセンス,ピコフラクショナル,施術間隔,次の施術,間隔"
コラーゲンピールの後にピコフラクショナルはどのくらいあけますか／コラーゲンピールの後にピコフラクショナルはいつ受けられますか,コラーゲンピールの後にピコフラクショナル（同じ部位）を受ける場合、2週間あけてください。別の部位であれば同日に受けられます。,施術間隔,"あける,いつ,コラーゲンピール,ピコフラクショナル,施術間隔,次の施術,間隔"
サーマクールの後にピコフラクショナルはどのくらいあけますか／サーマクールの後にピコフラクショナルはいつ受けられますか,サーマクールの後にピコフラクショナル（同じ部位）を受ける場合、1週間あけてください。別の部位であれば同日に受けられます。 ※サーマクールはきっちり6ヶ月あけます,施術間隔,"あける,いつ,サーマクール,ピコフラクショナル,施術間隔,次の施術,間隔"
脱毛の後にピコフラクショナルはどのくらいあけますか／脱毛の後にピコフラクショナルはいつ受けられますか,脱毛の後にピコフラクショナル（同じ部位）を受ける場合、2週間あけてください。別の部位であれば同日に受けられます。 ※脱毛は1回目→2回目が4週間、2回目以降は8週間（男性のひげは回数にかかわらず2週間）。他院・家庭用脱毛器・毛抜き後は8週間あけます,施術間隔,"あける,いつ,ピコフラクショナル,施術間隔,次の施術,脱毛,間隔"
タトゥーの後にピコフラクショナルはどのくらいあけますか／タトゥーの後にピコフラクショナルはいつ受けられますか,タトゥーの後にピコフラクショナル（同じ部位）を受ける場合、同部位3ヶ月あけてください。別の部位であれば同日に受けられます。,施術間隔,"あける,いつ,タトゥー,ピコフラクショナル,施術間隔,次の施術,間隔"
アートメイクの後にピコフラクショナルはどのくらいあけますか／アートメイクの後にピコフラクショナルはいつ受けられますか,アートメイクの後にピコフラクショナル（同じ部位）を受ける場合、2週間あけてください。別の部位であれば同日に受けられます。,施術間隔,"あける,いつ,アートメイク,ピコフラクショナル,施術間隔,次の施術,間隔"
ハイドラジェントルの後にそばかすシャワーはどのくらいあけますか／ハイドラジェントルの後にそばかすシャワーはいつ受けられますか,ハイドラジェントルの後にそばかすシャワーを受ける場合、同日に受けられます。 ※面の治療との併用は初回は同日不可（2回目以降は同日可、ハイドラ先）。局所治療との併用は初回から同日可,施術間隔,"あける,いつ,そばかすシャワー,ハイドラジェントル,施術間隔,次の施術,間隔"
ケミカルピーリングの後にそばかすシャワーはどのくらいあけますか／ケミカルピーリングの後にそばかすシャワーはいつ受けられますか,ケミカルピーリングの後にそばかすシャワー（同じ部位）を受ける場合、2週間あけてください。別の部位であれば同日に受けられます。 ※ピーリングは顔4週間（医師指示で2週間の場合あり）・背中3週間・その他2週間,施術間隔,"あける,いつ,そばかすシャワー,ケミカルピーリング,施術間隔,次の施術,間隔"
スマートサイドドット（2回目以降）の後にそばかすシャワーはどのくらいあけますか／スマートサイドドット（2回目以降）の後にそばかすシャワーはいつ受けられますか,スマートサイドドット（2回目以降）の後にそばかすシャワー（同じ部位）を受ける場合、8週間あけてください。別の部位であれば同日に受けられます。,施術間隔,"あける,いつ,そばかすシャワー,スマートサイドドット,スマートサイドドット（2回目以降）,施術間隔,次の施術,間隔"
スマートサイドドット（初回）の後にそばかすシャワーはどのくらいあけますか／スマートサイドドット（初回）の後にそばかすシャワーはいつ受けられますか,スマートサイドドット（初回）の後にそばかすシャワー（同じ部位）を受ける場合、8週間あけてください。別の部位であれば同日に受けられます。,施術間隔,"あける,いつ,そばかすシャワー,スマートサイドドット,スマートサイドドット（初回）,施術間隔,次の施術,間隔"
イボレーザー/CO2レーザーの後にそばかすシャワーはどのくらいあけますか／イボレーザー/CO2レーザーの後にそばかすシャワーはいつ受けられますか,イボレーザー/CO2レーザーの後にそばかすシャワー（同じ部位）を受ける場合、4週間あけてください。別の部位であれば同日に受けられます。 ※CO2は初回治療は4週間あけます（色素沈着・傷跡の確認のため）,施術間隔,"CO2レーザー,あける,いつ,そばかすシャワー,イボレーザー,施術間隔,次の施術,間隔"
シミ取りレーザーの後にそばかすシャワーはどのくらいあけますか／シミ取りレーザーの後にそばかすシャワーはいつ受けられますか,シミ取りレーザーの後にそばかすシャワー（同じ部位）を受ける場合、4週間あけてください。別の部位であれば同日に受けられます。,施術間隔,"あける,いつ,そばかすシャワー,シミ取りレーザー,施術間隔,次の施術,間隔"
ADM/ピコレーザの後にそばかすシャワーはどのくらいあけますか／ADM/ピコレーザの後にそばかすシャワーはいつ受けられますか,ADM/ピコレーザの後にそばかすシャワーを受ける場合、ADM/ピコレーザの治療完了後4週間あけてください。,施術間隔,"ADM,あける,いつ,そばかすシャワー,ピコレーザ,施術間隔,次の施術,間隔"
ADM/ナノレーザーの後にそばかすシャワーはどのくらいあけますか／ADM/ナノレーザーの後にそばかすシャワーはいつ受けられますか,ADM/ナノレーザーの後にそばかすシャワーを受ける場合、ADM/ナノレーザーの治療完了後4週間あけてください。,施術間隔,"ADM,あける,いつ,そばかすシャワー,ナノレーザー,施術間隔,次の施術,間隔"
レーザートーニングの後にそばかすシャワーはどのくらいあけますか／レーザートーニングの後にそばかすシャワーはいつ受けられますか,レーザートーニングの後にそばかすシャワー（同じ部位）を受ける場合、2週間あけてください。別の部位であれば同日に受けられます。 ※トーニングは1〜5回目は週1回、6回目以降は月1回が目安です,施術間隔,"あける,いつ,そばかすシャワー,レーザートーニング,施術間隔,次の施術,間隔"
ピコトーニングの後にそばかすシャワーはどのくらいあけますか／ピコトーニングの後にそばかすシャワーはいつ受けられますか,ピコトーニングの後にそばかすシャワー（同じ部位）を受ける場合、2週間あけてください。別の部位であれば同日に受けられます。 ※トーニングは1〜5回目は週1回、6回目以降は月1回が目安です,施術間隔,"あける,いつ,そばかすシャワー,ピコトーニング,施術間隔,次の施術,間隔"
ピコフラクショナルの後にそばかすシャワーはどのくらいあけますか／ピコフラクショナルの後にそばかすシャワーはいつ受けられますか,ピコフラクショナルの後にそばかすシャワー（同じ部位）を受ける場合、4週間あけてください。別の部位であれば同日に受けられます。,施術間隔,"あける,いつ,そばかすシャワー,ピコフラクショナル,施術間隔,次の施術,間隔"
そばかすシャワーの後にそばかすシャワーはどのくらいあけますか／そばかすシャワーの後にそばかすシャワーはいつ受けられますか,そばかすシャワーの後にそばかすシャワー（同じ部位）を受ける場合、1～3ヵ月あけてください。別の部位であれば同日に受けられます。,施術間隔,"あける,いつ,そばかすシャワー,施術間隔,次の施術,間隔"
そばかすスポットの後にそばかすシャワーはどのくらいあけますか／そばかすスポットの後にそばかすシャワーはいつ受けられますか,そばかすスポットの後にそばかすシャワー（同じ部位）を受ける場合、4週間あけてください。別の部位であれば同日に受けられます。 ※取り残しは3週間以内、それ以外は3ヶ月以上あけます,施術間隔,"あける,いつ,そばかすシャワー,そばかすスポット,施術間隔,次の施術,間隔"
フォト/光治療の後にそばかすシャワーはどのくらいあけますか／フォト/光治療の後にそばかすシャワーはいつ受けられますか,フォト/光治療の後にそばかすシャワー（同じ部位）を受ける場合、2週間あけてください。別の部位であれば同日に受けられます。 ※フォト/光治療は赤ら顔も含め4週間。4〜5回で1クール、1クール後は3ヶ月あけます,施術間隔,"あける,いつ,そばかすシャワー,フォト,光治療,施術間隔,次の施術,間隔"
赤み治療の後にそばかすシャワーはどのくらいあけますか／赤み治療の後にそばかすシャワーはいつ受けられますか,赤み治療の後にそばかすシャワーを受ける場合、赤み治療の治療完了後2週間あけてください。,施術間隔,"あける,いつ,そばかすシャワー,施術間隔,次の施術,赤み治療,間隔"
ボトックスの後にそばかすシャワーはどのくらいあけますか／ボトックスの後にそばかすシャワーはいつ受けられますか,ボトックスの後にそばかすシャワー（同じ部位）を受ける場合、2週間あけてください。別の部位であれば同日に受けられます。 ※ボトックスはきっちり4ヶ月（マイクロボトックスは3ヶ月）あけます。追加注入は医師の判断によります,施術間隔,"あける,いつ,そばかすシャワー,ボトックス,施術間隔,次の施術,間隔"
ボトックス（マイクロ）の後にそばかすシャワーはどのくらいあけますか／ボトックス（マイクロ）の後にそばかすシャワーはいつ受けられますか,ボトックス（マイクロ）の後にそばかすシャワー（同じ部位）を受ける場合、2週間あけてください。別の部位であれば同日に受けられます。 ※ボトックスはきっちり4ヶ月（マイクロボトックスは3ヶ月）あけます。追加注入は医師の判断によります,施術間隔,"あける,いつ,そばかすシャワー,ボトックス,ボトックス（マイクロ）,施術間隔,次の施術,間隔"
テノールネオの後にそばかすシャワーはどのくらいあけますか／テノールネオの後にそばかすシャワーはいつ受けられますか,テノールネオの後にそばかすシャワー（同じ部位）を受ける場合、2週間あけてください。別の部位であれば同日に受けられます。,施術間隔,"あける,いつ,そばかすシャワー,テノールネオ,施術間隔,次の施術,間隔"
フラルスキン（トレチ）の後にそばかすシャワーはどのくらいあけますか／フラルスキン（トレチ）の後にそばかすシャワーはいつ受けられますか,フラルスキン（トレチ）の後にそばかすシャワーを受ける場合、トレチノインを使用しているときのみ1週間あけてください（それ以外は医師にご確認ください）。,施術間隔,"あける,いつ,そばかすシャワー,フラルスキン,フラルスキン（トレチ）,施術間隔,次の施術,間隔"
部分シミ（トレチ）の後にそばかすシャワーはどのくらいあけますか／部分シミ（トレチ）の後にそばかすシャワーはいつ受けられますか,部分シミ（トレチ）の後にそばかすシャワー（同じ部位）を受ける場合、4週間あけてください。別の部位であれば同日に受けられます。,施術間隔,"あける,いつ,そばかすシャワー,施術間隔,次の施術,部分シミ,部分シミ（トレチ）,間隔"
mikoメソッドの後にそばかすシャワーはどのくらいあけますか／mikoメソッドの後にそばかすシャワーはいつ受けられますか,mikoメソッドの後にそばかすシャワー（同じ部位）を受ける場合、4週間あけてください。別の部位であれば同日に受けられます。,施術間隔,"mikoメソッド,あける,いつ,そばかすシャワー,施術間隔,次の施術,間隔"
ほくろ切除/ほくろ除去の後にそばかすシャワーはどのくらいあけますか／ほくろ切除/ほくろ除去の後にそばかすシャワーはいつ受けられますか,ほくろ切除/ほくろ除去の後にそばかすシャワーを受ける場合、傷が上皮化してから4週間あけてください。,施術間隔,"あける,いつ,そばかすシャワー,ほくろ切除,ほくろ除去,施術間隔,次の施術,間隔"
ボライトの後にそばかすシャワーはどのくらいあけますか／ボライトの後にそばかすシャワーはいつ受けられますか,ボライトの後にそばかすシャワー（同じ部位）を受ける場合、2週間あけてください。別の部位であれば同日に受けられます。,施術間隔,"あける,いつ,そばかすシャワー,ボライト,施術間隔,次の施術,間隔"
稗粒腫の後にそばかすシャワーはどのくらいあけますか／稗粒腫の後にそばかすシャワーはいつ受けられますか,稗粒腫の後にそばかすシャワー（同じ部位）を受ける場合、1週間あけてください。別の部位であれば同日に受けられます。,施術間隔,"あける,いつ,そばかすシャワー,施術間隔,次の施術,稗粒腫,間隔"
ヴェルヴェットスキンの後にそばかすシャワーはどのくらいあけますか／ヴェルヴェットスキンの後にそばかすシャワーはいつ受けられますか,ヴェルヴェットスキンの後にそばかすシャワー（同じ部位）を受ける場合、4週間あけてください。別の部位であれば同日に受けられます。,施術間隔,"あける,いつ,そばかすシャワー,ヴェルヴェットスキン,施術間隔,次の施術,間隔"
ダーマペンの後にそばかすシャワーはどのくらいあけますか／ダーマペンの後にそばかすシャワーはいつ受けられますか,ダーマペンの後にそばかすシャワー（同じ部位）を受ける場合、4週間あけてください。別の部位であれば同日に受けられます。 ※ダーマペンは基本4週間ですが、出血状況により医師の指示に従います,施術間隔,"あける,いつ,そばかすシャワー,ダーマペン,施術間隔,次の施術,間隔"
HARGの後にそばかすシャワーはどのくらいあけますか／HARGの後にそばかすシャワーはいつ受けられますか,HARGの後にそばかすシャワー（別の部位）を受ける場合、翌日あけてください。,施術間隔,"HARG,あける,いつ,そばかすシャワー,施術間隔,次の施術,間隔"
スカルプ・プラセンタエッセンスの後にそばかすシャワーはどのくらいあけますか／スカルプ・プラセンタエッセンスの後にそばかすシャワーはいつ受けられますか,スカルプ・プラセンタエッセンスの後にそばかすシャワー（別の部位）を受ける場合、翌日あけてください。,施術間隔,"あける,いつ,そばかすシャワー,スカルプ・プラセンタエッセンス,施術間隔,次の施術,間隔"
コラーゲンピールの後にそばかすシャワーはどのくらいあけますか／コラーゲンピールの後にそばかすシャワーはいつ受けられますか,コラーゲンピールの後にそばかすシャワー（同じ部位）を受ける場合、2週間あけてください。別の部位であれば同日に受けられます。,施術間隔,"あける,いつ,そばかすシャワー,コラーゲンピール,施術間隔,次の施術,間隔"
サーマクールの後にそばかすシャワーはどのくらいあけますか／サーマクールの後にそばかすシャワーはいつ受けられますか,サーマクールの後にそばかすシャワー（同じ部位）を受ける場合、1週間あけてください。別の部位であれば同日に受けられます。 ※サーマクールはきっちり6ヶ月あけます,施術間隔,"あける,いつ,そばかすシャワー,サーマクール,施術間隔,次の施術,間隔"
脱毛の後にそばかすシャワーはどのくらいあけますか／脱毛の後にそばかすシャワーはいつ受けられますか,脱毛の後にそばかすシャワー（同じ部位）を受ける場合、2週間あけてください。別の部位であれば同日に受けられます。 ※脱毛は1回目→2回目が4週間、2回目以降は8週間（男性のひげは回数にかかわらず2週間）。他院・家庭用脱毛器・毛抜き後は8週間あけます,施術間隔,"あける,いつ,そばかすシャワー,施術間隔,次の施術,脱毛,間隔"
タトゥーの後にそばかすシャワーはどのくらいあけますか／タトゥーの後にそばかすシャワーはいつ受けられますか,タトゥーの後にそばかすシャワー（同じ部位）を受ける場合、同部位3ヶ月あけてください。別の部位であれば同日に受けられます。,施術間隔,"あける,いつ,そばかすシャワー,タトゥー,施術間隔,次の施術,間隔"
アートメイクの後にそばかすシャワーはどのくらいあけますか／アートメイクの後にそばかすシャワーはいつ受けられますか,アートメイクの後にそばかすシャワー（同じ部位）を受ける場合、2週間あけてください。別の部位であれば同日に受けられます。,施術間隔,"あける,いつ,そばかすシャワー,アートメイク,施術間隔,次の施術,間隔"
ハイドラジェントルの後にそばかすスポットはどのくらいあけますか／ハイドラジェントルの後にそばかすスポットはいつ受けられますか,ハイドラジェントルの後にそばかすスポットを受ける場合、同日に受けられます。 ※面の治療との併用は初回は同日不可（2回目以降は同日可、ハイドラ先）。局所治療との併用は初回から同日可／取り残しは3週間以内、それ以外は3ヶ月以上あけます,施術間隔,"あける,いつ,そばかすスポット,ハイドラジェントル,施術間隔,次の施術,間隔"
ケミカルピーリングの後にそばかすスポットはどのくらいあけますか／ケミカルピーリングの後にそばかすスポットはいつ受けられますか,ケミカルピーリングの後にそばかすスポット（同じ部位）を受ける場合、2週間あけてください。別の部位であれば同日に受けられます。 ※ピーリングは顔4週間（医師指示で2週間の場合あり）・背中3週間・その他2週間／取り残しは3週間以内、それ以外は3ヶ月以上あけます,施術間隔,"あける,いつ,そばかすスポット,ケミカルピーリング,施術間隔,次の施術,間隔"
スマートサイドドット（2回目以降）の後にそばかすスポットはどのくらいあけますか／スマートサイドドット（2回目以降）の後にそばかすスポットはいつ受けられますか,スマートサイドドット（2回目以降）の後にそばかすスポット（同じ部位）を受ける場合、8週間あけてください。別の部位であれば同日に受けられます。 ※取り残しは3週間以内、それ以外は3ヶ月以上あけます,施術間隔,"あける,いつ,そばかすスポット,スマートサイドドット,スマートサイドドット（2回目以降）,施術間隔,次の施術,間隔"
スマートサイドドット（初回）の後にそばかすスポットはどのくらいあけますか／スマートサイドドット（初回）の後にそばかすスポットはいつ受けられますか,スマートサイドドット（初回）の後にそばかすスポット（同じ部位）を受ける場合、8週間あけてください。別の部位であれば同日に受けられます。 ※取り残しは3週間以内、それ以外は3ヶ月以上あけます,施術間隔,"あける,いつ,そばかすスポット,スマートサイドドット,スマートサイドドット（初回）,施術間隔,次の施術,間隔"
イボレーザー/CO2レーザーの後にそばかすスポットはどのくらいあけますか／イボレーザー/CO2レーザーの後にそばかすスポットはいつ受けられますか,イボレーザー/CO2レーザーの後にそばかすスポット（同じ部位）を受ける場合、4週間あけてください。別の部位であれば同日に受けられます。 ※取り残しは3週間以内、それ以外は3ヶ月以上あけます／CO2は初回治療は4週間あけます（色素沈着・傷跡の確認のため）,施術間隔,"CO2レーザー,あける,いつ,そばかすスポット,イボレーザー,施術間隔,次の施術,間隔"
シミ取りレーザーの後にそばかすスポットはどのくらいあけますか／シミ取りレーザーの後にそばかすスポットはいつ受けられますか,シミ取りレーザーの後にそばかすスポット（同じ部位）を受ける場合、4週間あけてください。別の部位であれば同日に受けられます。 ※取り残しは3週間以内、それ以外は3ヶ月以上あけます,施術間隔,"あける,いつ,そばかすスポット,シミ取りレーザー,施術間隔,次の施術,間隔"
ADM/ピコレーザの後にそばかすスポットはどのくらいあけますか／ADM/ピコレーザの後にそばかすスポットはいつ受けられますか,ADM/ピコレーザの後にそばかすスポットを受ける場合、ADM/ピコレーザの治療完了後4週間あけてください。 ※取り残しは3週間以内、それ以外は3ヶ月以上あけます,施術間隔,"ADM,あける,いつ,そばかすスポット,ピコレーザ,施術間隔,次の施術,間隔"
ADM/ナノレーザーの後にそばかすスポットはどのくらいあけますか／ADM/ナノレーザーの後にそばかすスポットはいつ受けられますか,ADM/ナノレーザーの後にそばかすスポットを受ける場合、ADM/ナノレーザーの治療完了後4週間あけてください。 ※取り残しは3週間以内、それ以外は3ヶ月以上あけます,施術間隔,"ADM,あける,いつ,そばかすスポット,ナノレーザー,施術間隔,次の施術,間隔"
レーザートーニングの後にそばかすスポットはどのくらいあけますか／レーザートーニングの後にそばかすスポットはいつ受けられますか,レーザートーニングの後にそばかすスポット（同じ部位）を受ける場合、2週間あけてください。別の部位であれば同日に受けられます。 ※トーニングは1〜5回目は週1回、6回目以降は月1回が目安です／取り残しは3週間以内、それ以外は3ヶ月以上あけます,施術間隔,"あける,いつ,そばかすスポット,レーザートーニング,施術間隔,次の施術,間隔"
ピコトーニングの後にそばかすスポットはどのくらいあけますか／ピコトーニングの後にそばかすスポットはいつ受けられますか,ピコトーニングの後にそばかすスポット（同じ部位）を受ける場合、2週間あけてください。別の部位であれば同日に受けられます。 ※トーニングは1〜5回目は週1回、6回目以降は月1回が目安です／取り残しは3週間以内、それ以外は3ヶ月以上あけます,施術間隔,"あける,いつ,そばかすスポット,ピコトーニング,施術間隔,次の施術,間隔"
ピコフラクショナルの後にそばかすスポットはどのくらいあけますか／ピコフラクショナルの後にそばかすスポットはいつ受けられますか,ピコフラクショナルの後にそばかすスポット（同じ部位）を受ける場合、4週間あけてください。別の部位であれば同日に受けられます。 ※取り残しは3週間以内、それ以外は3ヶ月以上あけます,施術間隔,"あける,いつ,そばかすスポット,ピコフラクショナル,施術間隔,次の施術,間隔"
そばかすシャワーの後にそばかすスポットはどのくらいあけますか／そばかすシャワーの後にそばかすスポットはいつ受けられますか,そばかすシャワーの後にそばかすスポット（同じ部位）を受ける場合、1～3ヵ月あけてください。別の部位であれば同日に受けられます。 ※取り残しは3週間以内、それ以外は3ヶ月以上あけます,施術間隔,"あける,いつ,そばかすシャワー,そばかすスポット,施術間隔,次の施術,間隔"
そばかすスポットの後にそばかすスポットはどのくらいあけますか／そばかすスポットの後にそばかすスポットはいつ受けられますか,そばかすスポットの後にそばかすスポット（同じ部位）を受ける場合、下記別途記載あけてください。別の部位であれば同日に受けられます。 ※取り残しは3週間以内、それ以外は3ヶ月以上あけます,施術間隔,"あける,いつ,そばかすスポット,施術間隔,次の施術,間隔"
フォト/光治療の後にそばかすスポットはどのくらいあけますか／フォト/光治療の後にそばかすスポットはいつ受けられますか,フォト/光治療の後にそばかすスポット（同じ部位）を受ける場合、2週間あけてください。別の部位であれば同日に受けられます。 ※フォト/光治療は赤ら顔も含め4週間。4〜5回で1クール、1クール後は3ヶ月あけます／取り残しは3週間以内、それ以外は3ヶ月以上あけます,施術間隔,"あける,いつ,そばかすスポット,フォト,光治療,施術間隔,次の施術,間隔"
赤み治療の後にそばかすスポットはどのくらいあけますか／赤み治療の後にそばかすスポットはいつ受けられますか,赤み治療の後にそばかすスポットを受ける場合、赤み治療の治療完了後2週間あけてください。 ※取り残しは3週間以内、それ以外は3ヶ月以上あけます,施術間隔,"あける,いつ,そばかすスポット,施術間隔,次の施術,赤み治療,間隔"
ボトックスの後にそばかすスポットはどのくらいあけますか／ボトックスの後にそばかすスポットはいつ受けられますか,ボトックスの後にそばかすスポット（同じ部位）を受ける場合、2週間あけてください。別の部位であれば同日に受けられます。 ※ボトックスはきっちり4ヶ月（マイクロボトックスは3ヶ月）あけます。追加注入は医師の判断によります／取り残しは3週間以内、それ以外は3ヶ月以上あけます,施術間隔,"あける,いつ,そばかすスポット,ボトックス,施術間隔,次の施術,間隔"
ボトックス（マイクロ）の後にそばかすスポットはどのくらいあけますか／ボトックス（マイクロ）の後にそばかすスポットはいつ受けられますか,ボトックス（マイクロ）の後にそばかすスポット（同じ部位）を受ける場合、2週間あけてください。別の部位であれば同日に受けられます。 ※ボトックスはきっちり4ヶ月（マイクロボトックスは3ヶ月）あけます。追加注入は医師の判断によります／取り残しは3週間以内、それ以外は3ヶ月以上あけます,施術間隔,"あける,いつ,そばかすスポット,ボトックス,ボトックス（マイクロ）,施術間隔,次の施術,間隔"
テノールネオの後にそばかすスポットはどのくらいあけますか／テノールネオの後にそばかすスポットはいつ受けられますか,テノールネオの後にそばかすスポット（同じ部位）を受ける場合、2週間あけてください。別の部位であれば同日に受けられます。 ※取り残しは3週間以内、それ以外は3ヶ月以上あけます,施術間隔,"あける,いつ,そばかすスポット,テノールネオ,施術間隔,次の施術,間隔"
フラルスキン（トレチ）の後にそばかすスポットはどのくらいあけますか／フラルスキン（トレチ）の後にそばかすスポットはいつ受けられますか,フラルスキン（トレチ）の後にそばかすスポットを受ける場合、トレチノインを使用しているときのみ1週間あけてください（それ以外は医師にご確認ください）。 ※取り残しは3週間以内、それ以外は3ヶ月以上あけます,施術間隔,"あける,いつ,そばかすスポット,フラルスキン,フラルスキン（トレチ）,施術間隔,次の施術,間隔"
部分シミ（トレチ）の後にそばかすスポットはどのくらいあけますか／部分シミ（トレチ）の後にそばかすスポットはいつ受けられますか,部分シミ（トレチ）の後にそばかすスポット（同じ部位）を受ける場合、4週間あけてください。別の部位であれば同日に受けられます。 ※取り残しは3週間以内、それ以外は3ヶ月以上あけます,施術間隔,"あける,いつ,そばかすスポット,施術間隔,次の施術,部分シミ,部分シミ（トレチ）,間隔"
mikoメソッドの後にそばかすスポットはどのくらいあけますか／mikoメソッドの後にそばかすスポットはいつ受けられますか,mikoメソッドの後にそばかすスポット（同じ部位）を受ける場合、4週間あけてください。別の部位であれば同日に受けられます。 ※取り残しは3週間以内、それ以外は3ヶ月以上あけます,施術間隔,"mikoメソッド,あける,いつ,そばかすスポット,施術間隔,次の施術,間隔"
ほくろ切除/ほくろ除去の後にそばかすスポットはどのくらいあけますか／ほくろ切除/ほくろ除去の後にそばかすスポットはいつ受けられますか,ほくろ切除/ほくろ除去の後にそばかすスポットを受ける場合、傷が上皮化してから4週間あけてください。 ※取り残しは3週間以内、それ以外は3ヶ月以上あけます,施術間隔,"あける,いつ,そばかすスポット,ほくろ切除,ほくろ除去,施術間隔,次の施術,間隔"
ボライトの後にそばかすスポットはどのくらいあけますか／ボライトの後にそばかすスポットはいつ受けられますか,ボライトの後にそばかすスポット（同じ部位）を受ける場合、2週間あけてください。別の部位であれば同日に受けられます。 ※取り残しは3週間以内、それ以外は3ヶ月以上あけます,施術間隔,"あける,いつ,そばかすスポット,ボライト,施術間隔,次の施術,間隔"
稗粒腫の後にそばかすスポットはどのくらいあけますか／稗粒腫の後にそばかすスポットはいつ受けられますか,稗粒腫の後にそばかすスポット（同じ部位）を受ける場合、1週間あけてください。別の部位であれば同日に受けられます。 ※取り残しは3週間以内、それ以外は3ヶ月以上あけます,施術間隔,"あける,いつ,そばかすスポット,施術間隔,次の施術,稗粒腫,間隔"
ヴェルヴェットスキンの後にそばかすスポットはどのくらいあけますか／ヴェルヴェットスキンの後にそばかすスポットはいつ受けられますか,ヴェルヴェットスキンの後にそばかすスポット（同じ部位）を受ける場合、4週間あけてください。別の部位であれば同日に受けられます。 ※取り残しは3週間以内、それ以外は3ヶ月以上あけます,施術間隔,"あける,いつ,そばかすスポット,ヴェルヴェットスキン,施術間隔,次の施術,間隔"
ダーマペンの後にそばかすスポットはどのくらいあけますか／ダーマペンの後にそばかすスポットはいつ受けられますか,ダーマペンの後にそばかすスポット（同じ部位）を受ける場合、4週間あけてください。別の部位であれば同日に受けられます。 ※ダーマペンは基本4週間ですが、出血状況により医師の指示に従います／取り残しは3週間以内、それ以外は3ヶ月以上あけます,施術間隔,"あける,いつ,そばかすスポット,ダーマペン,施術間隔,次の施術,間隔"
HARGの後にそばかすスポットはどのくらいあけますか／HARGの後にそばかすスポットはいつ受けられますか,HARGの後にそばかすスポット（別の部位）を受ける場合、翌日あけてください。 ※取り残しは3週間以内、それ以外は3ヶ月以上あけます,施術間隔,"HARG,あける,いつ,そばかすスポット,施術間隔,次の施術,間隔"
スカルプ・プラセンタエッセンスの後にそばかすスポットはどのくらいあけますか／スカルプ・プラセンタエッセンスの後にそばかすスポットはいつ受けられますか,スカルプ・プラセンタエッセンスの後にそばかすスポット（別の部位）を受ける場合、翌日あけてください。 ※取り残しは3週間以内、それ以外は3ヶ月以上あけます,施術間隔,"あける,いつ,そばかすスポット,スカルプ・プラセンタエッセンス,施術間隔,次の施術,間隔"
コラーゲンピールの後にそばかすスポットはどのくらいあけますか／コラーゲンピールの後にそばかすスポットはいつ受けられますか,コラーゲンピールの後にそばかすスポット（同じ部位）を受ける場合、2週間あけてください。別の部位であれば同日に受けられます。 ※取り残しは3週間以内、それ以外は3ヶ月以上あけます,施術間隔,"あける,いつ,そばかすスポット,コラーゲンピール,施術間隔,次の施術,間隔"
サーマクールの後にそばかすスポットはどのくらいあけますか／サーマクールの後にそばかすスポットはいつ受けられますか,サーマクールの後にそばかすスポット（同じ部位）を受ける場合、1週間あけてください。別の部位であれば同日に受けられます。 ※サーマクールはきっちり6ヶ月あけます／取り残しは3週間以内、それ以外は3ヶ月以上あけます,施術間隔,"あける,いつ,そばかすスポット,サーマクール,施術間隔,次の施術,間隔"
脱毛の後にそばかすスポットはどのくらいあけますか／脱毛の後にそばかすスポットはいつ受けられますか,脱毛の後にそばかすスポット（同じ部位）を受ける場合、2週間あけてください。別の部位であれば同日に受けられます。 ※脱毛は1回目→2回目が4週間、2回目以降は8週間（男性のひげは回数にかかわらず2週間）。他院・家庭用脱毛器・毛抜き後は8週間あけます／取り残しは3週間以内、それ以外は3ヶ月以上あけます,施術間隔,"あける,いつ,そばかすスポット,施術間隔,次の施術,脱毛,間隔"
タトゥーの後にそばかすスポットはどのくらいあけますか／タトゥーの後にそばかすスポットはいつ受けられますか,タトゥーの後にそばかすスポット（同じ部位）を受ける場合、同部位3ヶ月あけてください。別の部位であれば同日に受けられます。 ※取り残しは3週間以内、それ以外は3ヶ月以上あけます,施術間隔,"あける,いつ,そばかすスポット,タトゥー,施術間隔,次の施術,間隔"
アートメイクの後にそばかすスポットはどのくらいあけますか／アートメイクの後にそばかすスポットはいつ受けられますか,アートメイクの後にそばかすスポット（同じ部位）を受ける場合、2週間あけてください。別の部位であれば同日に受けられます。 ※取り残しは3週間以内、それ以外は3ヶ月以上あけます,施術間隔,"あける,いつ,そばかすスポット,アートメイク,施術間隔,次の施術,間隔"
ハイドラジェントルの後にフォト/光治療はどのくらいあけますか／ハイドラジェントルの後にフォト/光治療はいつ受けられますか,ハイドラジェントルの後にフォト/光治療を受ける場合、同日に受けられます。 ※フォト/光治療は赤ら顔も含め4週間。4〜5回で1クール、1クール後は3ヶ月あけます／面の治療との併用は初回は同日不可（2回目以降は同日可、ハイドラ先）。局所治療との併用は初回から同日可,施術間隔,"あける,いつ,ハイドラジェントル,フォト,光治療,施術間隔,次の施術,間隔"
ケミカルピーリングの後にフォト/光治療はどのくらいあけますか／ケミカルピーリングの後にフォト/光治療はいつ受けられますか,ケミカルピーリングの後にフォト/光治療（同じ部位）を受ける場合、2週間あけてください。別の部位であれば同日に受けられます。 ※ピーリングは顔4週間（医師指示で2週間の場合あり）・背中3週間・その他2週間／フォト/光治療は赤ら顔も含め4週間。4〜5回で1クール、1クール後は3ヶ月あけます,施術間隔,"あける,いつ,ケミカルピーリング,フォト,光治療,施術間隔,次の施術,間隔"
スマートサイドドット（2回目以降）の後にフォト/光治療はどのくらいあけますか／スマートサイドドット（2回目以降）の後にフォト/光治療はいつ受けられますか,スマートサイドドット（2回目以降）の後にフォト/光治療（同じ部位）を受ける場合、4週間あけてください。別の部位であれば同日に受けられます。 ※フォト/光治療は赤ら顔も含め4週間。4〜5回で1クール、1クール後は3ヶ月あけます,施術間隔,"あける,いつ,スマートサイドドット,スマートサイドドット（2回目以降）,フォト,光治療,施術間隔,次の施術,間隔"
スマートサイドドット（初回）の後にフォト/光治療はどのくらいあけますか／スマートサイドドット（初回）の後にフォト/光治療はいつ受けられますか,スマートサイドドット（初回）の後にフォト/光治療（同じ部位）を受ける場合、3週間あけてください。別の部位であれば同日に受けられます。 ※フォト/光治療は赤ら顔も含め4週間。4〜5回で1クール、1クール後は3ヶ月あけます,施術間隔,"あける,いつ,スマートサイドドット,スマートサイドドット（初回）,フォト,光治療,施術間隔,次の施術,間隔"
イボレーザー/CO2レーザーの後にフォト/光治療はどのくらいあけますか／イボレーザー/CO2レーザーの後にフォト/光治療はいつ受けられますか,イボレーザー/CO2レーザーの後にフォト/光治療（同じ部位）を受ける場合、4週間あけてください。別の部位であれば同日に受けられます。 ※フォト/光治療は赤ら顔も含め4週間。4〜5回で1クール、1クール後は3ヶ月あけます／CO2は初回治療は4週間あけます（色素沈着・傷跡の確認のため）,施術間隔,"CO2レーザー,あける,いつ,イボレーザー,フォト,光治療,施術間隔,次の施術,間隔"
シミ取りレーザーの後にフォト/光治療はどのくらいあけますか／シミ取りレーザーの後にフォト/光治療はいつ受けられますか,シミ取りレーザーの後にフォト/光治療（同じ部位）を受ける場合、4週間あけてください。別の部位であれば同日に受けられます。 ※フォト/光治療は赤ら顔も含め4週間。4〜5回で1クール、1クール後は3ヶ月あけます,施術間隔,"あける,いつ,シミ取りレーザー,フォト,光治療,施術間隔,次の施術,間隔"
ADM/ピコレーザの後にフォト/光治療はどのくらいあけますか／ADM/ピコレーザの後にフォト/光治療はいつ受けられますか,ADM/ピコレーザの後にフォト/光治療を受ける場合、ADM/ピコレーザの治療完了後4週間あけてください。 ※フォト/光治療は赤ら顔も含め4週間。4〜5回で1クール、1クール後は3ヶ月あけます,施術間隔,"ADM,あける,いつ,ピコレーザ,フォト,光治療,施術間隔,次の施術,間隔"
ADM/ナノレーザーの後にフォト/光治療はどのくらいあけますか／ADM/ナノレーザーの後にフォト/光治療はいつ受けられますか,ADM/ナノレーザーの後にフォト/光治療を受ける場合、ADM/ナノレーザーの治療完了後4週間あけてください。 ※フォト/光治療は赤ら顔も含め4週間。4〜5回で1クール、1クール後は3ヶ月あけます,施術間隔,"ADM,あける,いつ,ナノレーザー,フォト,光治療,施術間隔,次の施術,間隔"
レーザートーニングの後にフォト/光治療はどのくらいあけますか／レーザートーニングの後にフォト/光治療はいつ受けられますか,レーザートーニングの後にフォト/光治療（同じ部位）を受ける場合、1週間あけてください。別の部位であれば同日に受けられます。 ※フォト/光治療は赤ら顔も含め4週間。4〜5回で1クール、1クール後は3ヶ月あけます／トーニングは1〜5回目は週1回、6回目以降は月1回が目安です,施術間隔,"あける,いつ,フォト,レーザートーニング,光治療,施術間隔,次の施術,間隔"
ピコトーニングの後にフォト/光治療はどのくらいあけますか／ピコトーニングの後にフォト/光治療はいつ受けられますか,ピコトーニングの後にフォト/光治療（同じ部位）を受ける場合、2週間あけてください。別の部位であれば同日に受けられます。 ※フォト/光治療は赤ら顔も含め4週間。4〜5回で1クール、1クール後は3ヶ月あけます／トーニングは1〜5回目は週1回、6回目以降は月1回が目安です,施術間隔,"あける,いつ,ピコトーニング,フォト,光治療,施術間隔,次の施術,間隔"
ピコフラクショナルの後にフォト/光治療はどのくらいあけますか／ピコフラクショナルの後にフォト/光治療はいつ受けられますか,ピコフラクショナルの後にフォト/光治療（同じ部位）を受ける場合、3週間あけてください。別の部位であれば同日に受けられます。 ※フォト/光治療は赤ら顔も含め4週間。4〜5回で1クール、1クール後は3ヶ月あけます,施術間隔,"あける,いつ,ピコフラクショナル,フォト,光治療,施術間隔,次の施術,間隔"
そばかすシャワーの後にフォト/光治療はどのくらいあけますか／そばかすシャワーの後にフォト/光治療はいつ受けられますか,そばかすシャワーの後にフォト/光治療（同じ部位）を受ける場合、4週間あけてください。別の部位であれば同日に受けられます。 ※フォト/光治療は赤ら顔も含め4週間。4〜5回で1クール、1クール後は3ヶ月あけます,施術間隔,"あける,いつ,そばかすシャワー,フォト,光治療,施術間隔,次の施術,間隔"
そばかすスポットの後にフォト/光治療はどのくらいあけますか／そばかすスポットの後にフォト/光治療はいつ受けられますか,そばかすスポットの後にフォト/光治療（同じ部位）を受ける場合、4週間あけてください。別の部位であれば同日に受けられます。 ※フォト/光治療は赤ら顔も含め4週間。4〜5回で1クール、1クール後は3ヶ月あけます／取り残しは3週間以内、それ以外は3ヶ月以上あけます,施術間隔,"あける,いつ,そばかすスポット,フォト,光治療,施術間隔,次の施術,間隔"
フォト/光治療の後にフォト/光治療はどのくらいあけますか／フォト/光治療の後にフォト/光治療はいつ受けられますか,フォト/光治療の後にフォト/光治療（同じ部位）を受ける場合、3〜4週間あけてください。別の部位であれば同日に受けられます。 ※フォト/光治療は赤ら顔も含め4週間。4〜5回で1クール、1クール後は3ヶ月あけます,施術間隔,"あける,いつ,フォト,光治療,施術間隔,次の施術,間隔"
赤み治療の後にフォト/光治療はどのくらいあけますか／赤み治療の後にフォト/光治療はいつ受けられますか,赤み治療の後にフォト/光治療を受ける場合、赤み治療の治療完了後2週間あけてください。 ※フォト/光治療は赤ら顔も含め4週間。4〜5回で1クール、1クール後は3ヶ月あけます,施術間隔,"あける,いつ,フォト,光治療,施術間隔,次の施術,赤み治療,間隔"
ボトックスの後にフォト/光治療はどのくらいあけますか／ボトックスの後にフォト/光治療はいつ受けられますか,ボトックスの後にフォト/光治療（同じ部位）を受ける場合、2週間あけてください。別の部位であれば同日に受けられます。 ※ボトックスはきっちり4ヶ月（マイクロボトックスは3ヶ月）あけます。追加注入は医師の判断によります／フォト/光治療は赤ら顔も含め4週間。4〜5回で1クール、1クール後は3ヶ月あけます,施術間隔,"あける,いつ,フォト,ボトックス,光治療,施術間隔,次の施術,間隔"
ボトックス（マイクロ）の後にフォト/光治療はどのくらいあけますか／ボトックス（マイクロ）の後にフォト/光治療はいつ受けられますか,ボトックス（マイクロ）の後にフォト/光治療（同じ部位）を受ける場合、2週間あけてください。別の部位であれば同日に受けられます。 ※ボトックスはきっちり4ヶ月（マイクロボトックスは3ヶ月）あけます。追加注入は医師の判断によります／フォト/光治療は赤ら顔も含め4週間。4〜5回で1クール、1クール後は3ヶ月あけます,施術間隔,"あける,いつ,フォト,ボトックス,ボトックス（マイクロ）,光治療,施術間隔,次の施術,間隔"
テノールネオの後にフォト/光治療はどのくらいあけますか／テノールネオの後にフォト/光治療はいつ受けられますか,テノールネオの後にフォト/光治療（同じ部位）を受ける場合、1週間あけてください。別の部位であれば同日に受けられます。 ※フォト/光治療は赤ら顔も含め4週間。4〜5回で1クール、1クール後は3ヶ月あけます,施術間隔,"あける,いつ,テノールネオ,フォト,光治療,施術間隔,次の施術,間隔"
フラルスキン（トレチ）の後にフォト/光治療はどのくらいあけますか／フラルスキン（トレチ）の後にフォト/光治療はいつ受けられますか,フラルスキン（トレチ）の後にフォト/光治療を受ける場合、トレチノインを使用しているときのみ1週間あけてください（それ以外は医師にご確認ください）。 ※フォト/光治療は赤ら顔も含め4週間。4〜5回で1クール、1クール後は3ヶ月あけます,施術間隔,"あける,いつ,フォト,フラルスキン,フラルスキン（トレチ）,光治療,施術間隔,次の施術,間隔"
部分シミ（トレチ）の後にフォト/光治療はどのくらいあけますか／部分シミ（トレチ）の後にフォト/光治療はいつ受けられますか,部分シミ（トレチ）の後にフォト/光治療（同じ部位）を受ける場合、4週間あけてください。別の部位であれば同日に受けられます。 ※フォト/光治療は赤ら顔も含め4週間。4〜5回で1クール、1クール後は3ヶ月あけます,施術間隔,"あける,いつ,フォト,光治療,施術間隔,次の施術,部分シミ,部分シミ（トレチ）,間隔"
mikoメソッドの後にフォト/光治療はどのくらいあけますか／mikoメソッドの後にフォト/光治療はいつ受けられますか,mikoメソッドの後にフォト/光治療（同じ部位）を受ける場合、4週間あけてください。別の部位であれば同日に受けられます。 ※フォト/光治療は赤ら顔も含め4週間。4〜5回で1クール、1クール後は3ヶ月あけます,施術間隔,"mikoメソッド,あける,いつ,フォト,光治療,施術間隔,次の施術,間隔"
ほくろ切除/ほくろ除去の後にフォト/光治療はどのくらいあけますか／ほくろ切除/ほくろ除去の後にフォト/光治療はいつ受けられますか,ほくろ切除/ほくろ除去の後にフォト/光治療を受ける場合、傷が上皮化してから4週間あけてください。 ※フォト/光治療は赤ら顔も含め4週間。4〜5回で1クール、1クール後は3ヶ月あけます,施術間隔,"あける,いつ,ほくろ切除,ほくろ除去,フォト,光治療,施術間隔,次の施術,間隔"
ボライトの後にフォト/光治療はどのくらいあけますか／ボライトの後にフォト/光治療はいつ受けられますか,ボライトの後にフォト/光治療（同じ部位）を受ける場合、4週間あけてください。別の部位であれば同日に受けられます。 ※フォト/光治療は赤ら顔も含め4週間。4〜5回で1クール、1クール後は3ヶ月あけます,施術間隔,"あける,いつ,フォト,ボライト,光治療,施術間隔,次の施術,間隔"
稗粒腫の後にフォト/光治療はどのくらいあけますか／稗粒腫の後にフォト/光治療はいつ受けられますか,稗粒腫の後にフォト/光治療（同じ部位）を受ける場合、1週間あけてください。別の部位であれば同日に受けられます。 ※フォト/光治療は赤ら顔も含め4週間。4〜5回で1クール、1クール後は3ヶ月あけます,施術間隔,"あける,いつ,フォト,光治療,施術間隔,次の施術,稗粒腫,間隔"
ヴェルヴェットスキンの後にフォト/光治療はどのくらいあけますか／ヴェルヴェットスキンの後にフォト/光治療はいつ受けられますか,ヴェルヴェットスキンの後にフォト/光治療（同じ部位）を受ける場合、4週間あけてください。別の部位であれば同日に受けられます。 ※フォト/光治療は赤ら顔も含め4週間。4〜5回で1クール、1クール後は3ヶ月あけます,施術間隔,"あける,いつ,フォト,ヴェルヴェットスキン,光治療,施術間隔,次の施術,間隔"
ダーマペンの後にフォト/光治療はどのくらいあけますか／ダーマペンの後にフォト/光治療はいつ受けられますか,ダーマペンの後にフォト/光治療（同じ部位）を受ける場合、4週間あけてください。別の部位であれば同日に受けられます。 ※ダーマペンは基本4週間ですが、出血状況により医師の指示に従います／フォト/光治療は赤ら顔も含め4週間。4〜5回で1クール、1クール後は3ヶ月あけます,施術間隔,"あける,いつ,ダーマペン,フォト,光治療,施術間隔,次の施術,間隔"
HARGの後にフォト/光治療はどのくらいあけますか／HARGの後にフォト/光治療はいつ受けられますか,HARGの後にフォト/光治療（別の部位）を受ける場合、翌日あけてください。 ※フォト/光治療は赤ら顔も含め4週間。4〜5回で1クール、1クール後は3ヶ月あけます,施術間隔,"HARG,あける,いつ,フォト,光治療,施術間隔,次の施術,間隔"
スカルプ・プラセンタエッセンスの後にフォト/光治療はどのくらいあけますか／スカルプ・プラセンタエッセンスの後にフォト/光治療はいつ受けられますか,スカルプ・プラセンタエッセンスの後にフォト/光治療（別の部位）を受ける場合、翌日あけてください。 ※フォト/光治療は赤ら顔も含め4週間。4〜5回で1クール、1クール後は3ヶ月あけます,施術間隔,"あける,いつ,スカルプ・プラセンタエッセンス,フォト,光治療,施術間隔,次の施術,間隔"
コラーゲンピールの後にフォト/光治療はどのくらいあけますか／コラーゲンピールの後にフォト/光治療はいつ受けられますか,コラーゲンピールの後にフォト/光治療（同じ部位）を受ける場合、2週間あけてください。別の部位であれば同日に受けられます。 ※フォト/光治療は赤ら顔も含め4週間。4〜5回で1クール、1クール後は3ヶ月あけます,施術間隔,"あける,いつ,コラーゲンピール,フォト,光治療,施術間隔,次の施術,間隔"
サーマクールの後にフォト/光治療はどのくらいあけますか／サーマクールの後にフォト/光治療はいつ受けられますか,サーマクールの後にフォト/光治療（同じ部位）を受ける場合、1週間あけてください。別の部位であれば同日に受けられます。 ※サーマクールはきっちり6ヶ月あけます／フォト/光治療は赤ら顔も含め4週間。4〜5回で1クール、1クール後は3ヶ月あけます,施術間隔,"あける,いつ,サーマクール,フォト,光治療,施術間隔,次の施術,間隔"
脱毛の後にフォト/光治療はどのくらいあけますか／脱毛の後にフォト/光治療はいつ受けられますか,脱毛の後にフォト/光治療（同じ部位）を受ける場合、2週間あけてください。別の部位であれば同日に受けられます。 ※脱毛は1回目→2回目が4週間、2回目以降は8週間（男性のひげは回数にかかわらず2週間）。他院・家庭用脱毛器・毛抜き後は8週間あけます／フォト/光治療は赤ら顔も含め4週間。4〜5回で1クール、1クール後は3ヶ月あけます,施術間隔,"あける,いつ,フォト,光治療,施術間隔,次の施術,脱毛,間隔"
タトゥーの後にフォト/光治療はどのくらいあけますか／タトゥーの後にフォト/光治療はいつ受けられますか,タトゥーの後にフォト/光治療（同じ部位）を受ける場合、同部位3ヶ月あけてください。別の部位であれば同日に受けられます。 ※フォト/光治療は赤ら顔も含め4週間。4〜5回で1クール、1クール後は3ヶ月あけます,施術間隔,"あける,いつ,タトゥー,フォト,光治療,施術間隔,次の施術,間隔"
アートメイクの後にフォト/光治療はどのくらいあけますか／アートメイクの後にフォト/光治療はいつ受けられますか,アートメイクの後にフォト/光治療（同じ部位）を受ける場合、2週間あけてください。別の部位であれば同日に受けられます。 ※フォト/光治療は赤ら顔も含め4週間。4〜5回で1クール、1クール後は3ヶ月あけます,施術間隔,"あける,いつ,アートメイク,フォト,光治療,施術間隔,次の施術,間隔"
ハイドラジェントルの後に赤み治療はどのくらいあけますか／ハイドラジェントルの後に赤み治療はいつ受けられますか,ハイドラジェントルの後に赤み治療を受ける場合、同日に受けられます。 ※面の治療との併用は初回は同日不可（2回目以降は同日可、ハイドラ先）。局所治療との併用は初回から同日可,施術間隔,"あける,いつ,ハイドラジェントル,施術間隔,次の施術,赤み治療,間隔"
ケミカルピーリングの後に赤み治療はどのくらいあけますか／ケミカルピーリングの後に赤み治療はいつ受けられますか,ケミカルピーリングの後に赤み治療（同じ部位）を受ける場合、2週間あけてください。別の部位であれば同日に受けられます。 ※ピーリングは顔4週間（医師指示で2週間の場合あり）・背中3週間・その他2週間,施術間隔,"あける,いつ,ケミカルピーリング,施術間隔,次の施術,赤み治療,間隔"
スマートサイドドット（2回目以降）の後に赤み治療はどのくらいあけますか／スマートサイドドット（2回目以降）の後に赤み治療はいつ受けられますか,スマートサイドドット（2回目以降）の後に赤み治療（同じ部位）を受ける場合、4週間あけてください。別の部位であれば同日に受けられます。,施術間隔,"あける,いつ,スマートサイドドット,スマートサイドドット（2回目以降）,施術間隔,次の施術,赤み治療,間隔"
スマートサイドドット（初回）の後に赤み治療はどのくらいあけますか／スマートサイドドット（初回）の後に赤み治療はいつ受けられますか,スマートサイドドット（初回）の後に赤み治療（同じ部位）を受ける場合、3週間あけてください。別の部位であれば同日に受けられます。,施術間隔,"あける,いつ,スマートサイドドット,スマートサイドドット（初回）,施術間隔,次の施術,赤み治療,間隔"
イボレーザー/CO2レーザーの後に赤み治療はどのくらいあけますか／イボレーザー/CO2レーザーの後に赤み治療はいつ受けられますか,イボレーザー/CO2レーザーの後に赤み治療（同じ部位）を受ける場合、4週間あけてください。別の部位であれば同日に受けられます。 ※CO2は初回治療は4週間あけます（色素沈着・傷跡の確認のため）,施術間隔,"CO2レーザー,あける,いつ,イボレーザー,施術間隔,次の施術,赤み治療,間隔"
シミ取りレーザーの後に赤み治療はどのくらいあけますか／シミ取りレーザーの後に赤み治療はいつ受けられますか,シミ取りレーザーの後に赤み治療（同じ部位）を受ける場合、4週間あけてください。別の部位であれば同日に受けられます。,施術間隔,"あける,いつ,シミ取りレーザー,施術間隔,次の施術,赤み治療,間隔"
ADM/ピコレーザの後に赤み治療はどのくらいあけますか／ADM/ピコレーザの後に赤み治療はいつ受けられますか,ADM/ピコレーザの後に赤み治療を受ける場合、ADM/ピコレーザの治療完了後4週間あけてください。,施術間隔,"ADM,あける,いつ,ピコレーザ,施術間隔,次の施術,赤み治療,間隔"
ADM/ナノレーザーの後に赤み治療はどのくらいあけますか／ADM/ナノレーザーの後に赤み治療はいつ受けられますか,ADM/ナノレーザーの後に赤み治療を受ける場合、ADM/ナノレーザーの治療完了後4週間あけてください。,施術間隔,"ADM,あける,いつ,ナノレーザー,施術間隔,次の施術,赤み治療,間隔"
レーザートーニングの後に赤み治療はどのくらいあけますか／レーザートーニングの後に赤み治療はいつ受けられますか,レーザートーニングの後に赤み治療（同じ部位）を受ける場合、1週間あけてください。別の部位であれば同日に受けられます。 ※トーニングは1〜5回目は週1回、6回目以降は月1回が目安です,施術間隔,"あける,いつ,レーザートーニング,施術間隔,次の施術,赤み治療,間隔"
ピコトーニングの後に赤み治療はどのくらいあけますか／ピコトーニングの後に赤み治療はいつ受けられますか,ピコトーニングの後に赤み治療（同じ部位）を受ける場合、2週間あけてください。別の部位であれば同日に受けられます。 ※トーニングは1〜5回目は週1回、6回目以降は月1回が目安です,施術間隔,"あける,いつ,ピコトーニング,施術間隔,次の施術,赤み治療,間隔"
ピコフラクショナルの後に赤み治療はどのくらいあけますか／ピコフラクショナルの後に赤み治療はいつ受けられますか,ピコフラクショナルの後に赤み治療（同じ部位）を受ける場合、3週間あけてください。別の部位であれば同日に受けられます。,施術間隔,"あける,いつ,ピコフラクショナル,施術間隔,次の施術,赤み治療,間隔"
そばかすシャワーの後に赤み治療はどのくらいあけますか／そばかすシャワーの後に赤み治療はいつ受けられますか,そばかすシャワーの後に赤み治療（同じ部位）を受ける場合、4週間あけてください。別の部位であれば同日に受けられます。,施術間隔,"あける,いつ,そばかすシャワー,施術間隔,次の施術,赤み治療,間隔"
そばかすスポットの後に赤み治療はどのくらいあけますか／そばかすスポットの後に赤み治療はいつ受けられますか,そばかすスポットの後に赤み治療（同じ部位）を受ける場合、4週間あけてください。別の部位であれば同日に受けられます。 ※取り残しは3週間以内、それ以外は3ヶ月以上あけます,施術間隔,"あける,いつ,そばかすスポット,施術間隔,次の施術,赤み治療,間隔"
フォト/光治療の後に赤み治療はどのくらいあけますか／フォト/光治療の後に赤み治療はいつ受けられますか,フォト/光治療の後に赤み治療（同じ部位）を受ける場合、3〜4週間あけてください。別の部位であれば同日に受けられます。 ※フォト/光治療は赤ら顔も含め4週間。4〜5回で1クール、1クール後は3ヶ月あけます,施術間隔,"あける,いつ,フォト,光治療,施術間隔,次の施術,赤み治療,間隔"
赤み治療の後に赤み治療はどのくらいあけますか／赤み治療の後に赤み治療はいつ受けられますか,赤み治療の後に赤み治療（同じ部位）を受ける場合、2〜4週間あけてください。別の部位であれば同日に受けられます。,施術間隔,"あける,いつ,施術間隔,次の施術,赤み治療,間隔"
ボトックスの後に赤み治療はどのくらいあけますか／ボトックスの後に赤み治療はいつ受けられますか,ボトックスの後に赤み治療（同じ部位）を受ける場合、2週間あけてください。別の部位であれば同日に受けられます。 ※ボトックスはきっちり4ヶ月（マイクロボトックスは3ヶ月）あけます。追加注入は医師の判断によります,施術間隔,"あける,いつ,ボトックス,施術間隔,次の施術,赤み治療,間隔"
ボトックス（マイクロ）の後に赤み治療はどのくらいあけますか／ボトックス（マイクロ）の後に赤み治療はいつ受けられますか,ボトックス（マイクロ）の後に赤み治療（同じ部位）を受ける場合、2週間あけてください。別の部位であれば同日に受けられます。 ※ボトックスはきっちり4ヶ月（マイクロボトックスは3ヶ月）あけます。追加注入は医師の判断によります,施術間隔,"あける,いつ,ボトックス,ボトックス（マイクロ）,施術間隔,次の施術,赤み治療,間隔"
テノールネオの後に赤み治療はどのくらいあけますか／テノールネオの後に赤み治療はいつ受けられますか,テノールネオの後に赤み治療（同じ部位）を受ける場合、1週間あけてください。別の部位であれば同日に受けられます。,施術間隔,"あける,いつ,テノールネオ,施術間隔,次の施術,赤み治療,間隔"
フラルスキン（トレチ）の後に赤み治療はどのくらいあけますか／フラルスキン（トレチ）の後に赤み治療はいつ受けられますか,フラルスキン（トレチ）の後に赤み治療を受ける場合、トレチノインを使用しているときのみ1週間あけてください（それ以外は医師にご確認ください）。,施術間隔,"あける,いつ,フラルスキン,フラルスキン（トレチ）,施術間隔,次の施術,赤み治療,間隔"
部分シミ（トレチ）の後に赤み治療はどのくらいあけますか／部分シミ（トレチ）の後に赤み治療はいつ受けられますか,部分シミ（トレチ）の後に赤み治療（同じ部位）を受ける場合、4週間あけてください。別の部位であれば同日に受けられます。,施術間隔,"あける,いつ,施術間隔,次の施術,赤み治療,部分シミ,部分シミ（トレチ）,間隔"
mikoメソッドの後に赤み治療はどのくらいあけますか／mikoメソッドの後に赤み治療はいつ受けられますか,mikoメソッドの後に赤み治療（同じ部位）を受ける場合、4週間あけてください。別の部位であれば同日に受けられます。,施術間隔,"mikoメソッド,あける,いつ,施術間隔,次の施術,赤み治療,間隔"
ほくろ切除/ほくろ除去の後に赤み治療はどのくらいあけますか／ほくろ切除/ほくろ除去の後に赤み治療はいつ受けられますか,ほくろ切除/ほくろ除去の後に赤み治療を受ける場合、傷が上皮化してから4週間あけてください。,施術間隔,"あける,いつ,ほくろ切除,ほくろ除去,施術間隔,次の施術,赤み治療,間隔"
ボライトの後に赤み治療はどのくらいあけますか／ボライトの後に赤み治療はいつ受けられますか,ボライトの後に赤み治療（同じ部位）を受ける場合、4週間あけてください。別の部位であれば同日に受けられます。,施術間隔,"あける,いつ,ボライト,施術間隔,次の施術,赤み治療,間隔"
稗粒腫の後に赤み治療はどのくらいあけますか／稗粒腫の後に赤み治療はいつ受けられますか,稗粒腫の後に赤み治療（同じ部位）を受ける場合、1週間あけてください。別の部位であれば同日に受けられます。,施術間隔,"あける,いつ,施術間隔,次の施術,稗粒腫,赤み治療,間隔"
ヴェルヴェットスキンの後に赤み治療はどのくらいあけますか／ヴェルヴェットスキンの後に赤み治療はいつ受けられますか,ヴェルヴェットスキンの後に赤み治療（同じ部位）を受ける場合、4週間あけてください。別の部位であれば同日に受けられます。,施術間隔,"あける,いつ,ヴェルヴェットスキン,施術間隔,次の施術,赤み治療,間隔"
ダーマペンの後に赤み治療はどのくらいあけますか／ダーマペンの後に赤み治療はいつ受けられますか,ダーマペンの後に赤み治療（同じ部位）を受ける場合、4週間あけてください。別の部位であれば同日に受けられます。 ※ダーマペンは基本4週間ですが、出血状況により医師の指示に従います,施術間隔,"あける,いつ,ダーマペン,施術間隔,次の施術,赤み治療,間隔"
HARGの後に赤み治療はどのくらいあけますか／HARGの後に赤み治療はいつ受けられますか,HARGの後に赤み治療（別の部位）を受ける場合、翌日あけてください。,施術間隔,"HARG,あける,いつ,施術間隔,次の施術,赤み治療,間隔"
スカルプ・プラセンタエッセンスの後に赤み治療はどのくらいあけますか／スカルプ・プラセンタエッセンスの後に赤み治療はいつ受けられますか,スカルプ・プラセンタエッセンスの後に赤み治療（別の部位）を受ける場合、翌日あけてください。,施術間隔,"あける,いつ,スカルプ・プラセンタエッセンス,施術間隔,次の施術,赤み治療,間隔"
コラーゲンピールの後に赤み治療はどのくらいあけますか／コラーゲンピールの後に赤み治療はいつ受けられますか,コラーゲンピールの後に赤み治療（同じ部位）を受ける場合、2週間あけてください。別の部位であれば同日に受けられます。,施術間隔,"あける,いつ,コラーゲンピール,施術間隔,次の施術,赤み治療,間隔"
サーマクールの後に赤み治療はどのくらいあけますか／サーマクールの後に赤み治療はいつ受けられますか,サーマクールの後に赤み治療（同じ部位）を受ける場合、1週間あけてください。別の部位であれば同日に受けられます。 ※サーマクールはきっちり6ヶ月あけます,施術間隔,"あける,いつ,サーマクール,施術間隔,次の施術,赤み治療,間隔"
脱毛の後に赤み治療はどのくらいあけますか／脱毛の後に赤み治療はいつ受けられますか,脱毛の後に赤み治療（同じ部位）を受ける場合、2週間あけてください。別の部位であれば同日に受けられます。 ※脱毛は1回目→2回目が4週間、2回目以降は8週間（男性のひげは回数にかかわらず2週間）。他院・家庭用脱毛器・毛抜き後は8週間あけます,施術間隔,"あける,いつ,施術間隔,次の施術,脱毛,赤み治療,間隔"
タトゥーの後に赤み治療はどのくらいあけますか／タトゥーの後に赤み治療はいつ受けられますか,タトゥーの後に赤み治療（同じ部位）を受ける場合、同部位3ヶ月あけてください。別の部位であれば同日に受けられます。,施術間隔,"あける,いつ,タトゥー,施術間隔,次の施術,赤み治療,間隔"
アートメイクの後に赤み治療はどのくらいあけますか／アートメイクの後に赤み治療はいつ受けられますか,アートメイクの後に赤み治療（同じ部位）を受ける場合、2週間あけてください。別の部位であれば同日に受けられます。,施術間隔,"あける,いつ,アートメイク,施術間隔,次の施術,赤み治療,間隔"
ハイドラジェントルの後にボトックスはどのくらいあけますか／ハイドラジェントルの後にボトックスはいつ受けられますか,ハイドラジェントルの後にボトックスを受ける場合、同日に受けられます。 ※ボトックスはきっちり4ヶ月（マイクロボトックスは3ヶ月）あけます。追加注入は医師の判断によります／面の治療との併用は初回は同日不可（2回目以降は同日可、ハイドラ先）。局所治療との併用は初回から同日可,施術間隔,"あける,いつ,ハイドラジェントル,ボトックス,施術間隔,次の施術,間隔"
ケミカルピーリングの後にボトックスはどのくらいあけますか／ケミカルピーリングの後にボトックスはいつ受けられますか,ケミカルピーリングの後にボトックスを受ける場合、翌日以降であれば受けられます。 ※ボトックスはきっちり4ヶ月（マイクロボトックスは3ヶ月）あけます。追加注入は医師の判断によります／ピーリングは顔4週間（医師指示で2週間の場合あり）・背中3週間・その他2週間,施術間隔,"あける,いつ,ケミカルピーリング,ボトックス,施術間隔,次の施術,間隔"
スマートサイドドット（2回目以降）の後にボトックスはどのくらいあけますか／スマートサイドドット（2回目以降）の後にボトックスはいつ受けられますか,スマートサイドドット（2回目以降）の後にボトックス（同じ部位）を受ける場合、2週間あけてください。別の部位であれば同日に受けられます。 ※ボトックスはきっちり4ヶ月（マイクロボトックスは3ヶ月）あけます。追加注入は医師の判断によります,施術間隔,"あける,いつ,スマートサイドドット,スマートサイドドット（2回目以降）,ボトックス,施術間隔,次の施術,間隔"
スマートサイドドット（初回）の後にボトックスはどのくらいあけますか／スマートサイドドット（初回）の後にボトックスはいつ受けられますか,スマートサイドドット（初回）の後にボトックス（同じ部位）を受ける場合、2週間あけてください。別の部位であれば同日に受けられます。 ※ボトックスはきっちり4ヶ月（マイクロボトックスは3ヶ月）あけます。追加注入は医師の判断によります,施術間隔,"あける,いつ,スマートサイドドット,スマートサイドドット（初回）,ボトックス,施術間隔,次の施術,間隔"
イボレーザー/CO2レーザーの後にボトックスはどのくらいあけますか／イボレーザー/CO2レーザーの後にボトックスはいつ受けられますか,イボレーザー/CO2レーザーの後にボトックス（同じ部位）を受ける場合、4週間あけてください。別の部位であれば同日に受けられます。 ※ボトックスはきっちり4ヶ月（マイクロボトックスは3ヶ月）あけます。追加注入は医師の判断によります／CO2は初回治療は4週間あけます（色素沈着・傷跡の確認のため）,施術間隔,"CO2レーザー,あける,いつ,イボレーザー,ボトックス,施術間隔,次の施術,間隔"
シミ取りレーザーの後にボトックスはどのくらいあけますか／シミ取りレーザーの後にボトックスはいつ受けられますか,シミ取りレーザーの後にボトックス（同じ部位）を受ける場合、4週間あけてください。別の部位であれば同日に受けられます。 ※ボトックスはきっちり4ヶ月（マイクロボトックスは3ヶ月）あけます。追加注入は医師の判断によります,施術間隔,"あける,いつ,シミ取りレーザー,ボトックス,施術間隔,次の施術,間隔"
ADM/ピコレーザの後にボトックスはどのくらいあけますか／ADM/ピコレーザの後にボトックスはいつ受けられますか,ADM/ピコレーザの後にボトックスを受ける場合、ADM/ピコレーザの治療完了後4週間あけてください。 ※ボトックスはきっちり4ヶ月（マイクロボトックスは3ヶ月）あけます。追加注入は医師の判断によります,施術間隔,"ADM,あける,いつ,ピコレーザ,ボトックス,施術間隔,次の施術,間隔"
ADM/ナノレーザーの後にボトックスはどのくらいあけますか／ADM/ナノレーザーの後にボトックスはいつ受けられますか,ADM/ナノレーザーの後にボトックスを受ける場合、ADM/ナノレーザーの治療完了後4週間あけてください。 ※ボトックスはきっちり4ヶ月（マイクロボトックスは3ヶ月）あけます。追加注入は医師の判断によります,施術間隔,"ADM,あける,いつ,ナノレーザー,ボトックス,施術間隔,次の施術,間隔"
レーザートーニングの後にボトックスはどのくらいあけますか／レーザートーニングの後にボトックスはいつ受けられますか,レーザートーニングの後にボトックス（同じ部位）を受ける場合、冷やして同日あけてください。別の部位であれば同日に受けられます。 ※ボトックスはきっちり4ヶ月（マイクロボトックスは3ヶ月）あけます。追加注入は医師の判断によります／トーニングは1〜5回目は週1回、6回目以降は月1回が目安です,施術間隔,"あける,いつ,ボトックス,レーザートーニング,施術間隔,次の施術,間隔"
ピコトーニングの後にボトックスはどのくらいあけますか／ピコトーニングの後にボトックスはいつ受けられますか,ピコトーニングの後にボトックス（同じ部位）を受ける場合、冷やして同日あけてください。別の部位であれば同日に受けられます。 ※ボトックスはきっちり4ヶ月（マイクロボトックスは3ヶ月）あけます。追加注入は医師の判断によります／トーニングは1〜5回目は週1回、6回目以降は月1回が目安です,施術間隔,"あける,いつ,ピコトーニング,ボトックス,施術間隔,次の施術,間隔"
ピコフラクショナルの後にボトックスはどのくらいあけますか／ピコフラクショナルの後にボトックスはいつ受けられますか,ピコフラクショナルの後にボトックス（同じ部位）を受ける場合、2週間あけてください。別の部位であれば同日に受けられます。 ※ボトックスはきっちり4ヶ月（マイクロボトックスは3ヶ月）あけます。追加注入は医師の判断によります,施術間隔,"あける,いつ,ピコフラクショナル,ボトックス,施術間隔,次の施術,間隔"
そばかすシャワーの後にボトックスはどのくらいあけますか／そばかすシャワーの後にボトックスはいつ受けられますか,そばかすシャワーの後にボトックス（同じ部位）を受ける場合、2週間あけてください。別の部位であれば同日に受けられます。 ※ボトックスはきっちり4ヶ月（マイクロボトックスは3ヶ月）あけます。追加注入は医師の判断によります,施術間隔,"あける,いつ,そばかすシャワー,ボトックス,施術間隔,次の施術,間隔"
そばかすスポットの後にボトックスはどのくらいあけますか／そばかすスポットの後にボトックスはいつ受けられますか,そばかすスポットの後にボトックス（同じ部位）を受ける場合、4週間あけてください。別の部位であれば同日に受けられます。 ※ボトックスはきっちり4ヶ月（マイクロボトックスは3ヶ月）あけます。追加注入は医師の判断によります／取り残しは3週間以内、それ以外は3ヶ月以上あけます,施術間隔,"あける,いつ,そばかすスポット,ボトックス,施術間隔,次の施術,間隔"
フォト/光治療の後にボトックスはどのくらいあけますか／フォト/光治療の後にボトックスはいつ受けられますか,フォト/光治療の後にボトックス（同じ部位）を受ける場合、1週間Dr判断で冷やして同日可あけてください。別の部位であれば同日に受けられます。 ※ボトックスはきっちり4ヶ月（マイクロボトックスは3ヶ月）あけます。追加注入は医師の判断によります／フォト/光治療は赤ら顔も含め4週間。4〜5回で1クール、1クール後は3ヶ月あけます,施術間隔,"あける,いつ,フォト,ボトックス,光治療,施術間隔,次の施術,間隔"
赤み治療の後にボトックスはどのくらいあけますか／赤み治療の後にボトックスはいつ受けられますか,赤み治療の後にボトックスを受ける場合、赤み治療の治療完了後2週間あけてください。 ※ボトックスはきっちり4ヶ月（マイクロボトックスは3ヶ月）あけます。追加注入は医師の判断によります,施術間隔,"あける,いつ,ボトックス,施術間隔,次の施術,赤み治療,間隔"
ボトックスの後にボトックスはどのくらいあけますか／ボトックスの後にボトックスはいつ受けられますか,ボトックスの後にボトックス（同じ部位）を受ける場合、4ヶ月あけてください。別の部位であれば同日に受けられます。 ※ボトックスはきっちり4ヶ月（マイクロボトックスは3ヶ月）あけます。追加注入は医師の判断によります,施術間隔,"あける,いつ,ボトックス,施術間隔,次の施術,間隔"
ボトックス（マイクロ）の後にボトックスはどのくらいあけますか／ボトックス（マイクロ）の後にボトックスはいつ受けられますか,ボトックス（マイクロ）の後にボトックス（同じ部位）を受ける場合、3ヶ月あけてください。別の部位であれば同日に受けられます。 ※ボトックスはきっちり4ヶ月（マイクロボトックスは3ヶ月）あけます。追加注入は医師の判断によります,施術間隔,"あける,いつ,ボトックス,ボトックス（マイクロ）,施術間隔,次の施術,間隔"
テノールネオの後にボトックスはどのくらいあけますか／テノールネオの後にボトックスはいつ受けられますか,テノールネオの後にボトックス（同じ部位）を受ける場合、冷やして同日可※あけてください。別の部位であれば同日に受けられます。 ※ボトックスはきっちり4ヶ月（マイクロボトックスは3ヶ月）あけます。追加注入は医師の判断によります,施術間隔,"あける,いつ,テノールネオ,ボトックス,施術間隔,次の施術,間隔"
フラルスキン（トレチ）の後にボトックスはどのくらいあけますか／フラルスキン（トレチ）の後にボトックスはいつ受けられますか,フラルスキン（トレチ）の後にボトックスを受ける場合、同日に受けられます。 ※ボトックスはきっちり4ヶ月（マイクロボトックスは3ヶ月）あけます。追加注入は医師の判断によります,施術間隔,"あける,いつ,フラルスキン,フラルスキン（トレチ）,ボトックス,施術間隔,次の施術,間隔"
部分シミ（トレチ）の後にボトックスはどのくらいあけますか／部分シミ（トレチ）の後にボトックスはいつ受けられますか,部分シミ（トレチ）の後にボトックスを受ける場合、同日に受けられます。 ※ボトックスはきっちり4ヶ月（マイクロボトックスは3ヶ月）あけます。追加注入は医師の判断によります,施術間隔,"あける,いつ,ボトックス,施術間隔,次の施術,部分シミ,部分シミ（トレチ）,間隔"
mikoメソッドの後にボトックスはどのくらいあけますか／mikoメソッドの後にボトックスはいつ受けられますか,mikoメソッドの後にボトックス（同じ部位）を受ける場合、4週間あけてください。別の部位であれば同日に受けられます。 ※ボトックスはきっちり4ヶ月（マイクロボトックスは3ヶ月）あけます。追加注入は医師の判断によります,施術間隔,"mikoメソッド,あける,いつ,ボトックス,施術間隔,次の施術,間隔"
ほくろ切除/ほくろ除去の後にボトックスはどのくらいあけますか／ほくろ切除/ほくろ除去の後にボトックスはいつ受けられますか,ほくろ切除/ほくろ除去の後にボトックスを受ける場合、傷が上皮化してから4週間あけてください。 ※ボトックスはきっちり4ヶ月（マイクロボトックスは3ヶ月）あけます。追加注入は医師の判断によります,施術間隔,"あける,いつ,ほくろ切除,ほくろ除去,ボトックス,施術間隔,次の施術,間隔"
ボライトの後にボトックスはどのくらいあけますか／ボライトの後にボトックスはいつ受けられますか,ボライトの後にボトックス（同じ部位）を受ける場合、4週間あけてください。別の部位であれば同日に受けられます。 ※ボトックスはきっちり4ヶ月（マイクロボトックスは3ヶ月）あけます。追加注入は医師の判断によります,施術間隔,"あける,いつ,ボトックス,ボライト,施術間隔,次の施術,間隔"
稗粒腫の後にボトックスはどのくらいあけますか／稗粒腫の後にボトックスはいつ受けられますか,稗粒腫の後にボトックス（同じ部位）を受ける場合、1週間あけてください。別の部位であれば同日に受けられます。 ※ボトックスはきっちり4ヶ月（マイクロボトックスは3ヶ月）あけます。追加注入は医師の判断によります,施術間隔,"あける,いつ,ボトックス,施術間隔,次の施術,稗粒腫,間隔"
ヴェルヴェットスキンの後にボトックスはどのくらいあけますか／ヴェルヴェットスキンの後にボトックスはいつ受けられますか,ヴェルヴェットスキンの後にボトックス（同じ部位）を受ける場合、2週間あけてください。別の部位であれば同日に受けられます。 ※ボトックスはきっちり4ヶ月（マイクロボトックスは3ヶ月）あけます。追加注入は医師の判断によります,施術間隔,"あける,いつ,ボトックス,ヴェルヴェットスキン,施術間隔,次の施術,間隔"
ダーマペンの後にボトックスはどのくらいあけますか／ダーマペンの後にボトックスはいつ受けられますか,ダーマペンの後にボトックス（同じ部位）を受ける場合、2週間あけてください。別の部位であれば同日に受けられます。 ※ボトックスはきっちり4ヶ月（マイクロボトックスは3ヶ月）あけます。追加注入は医師の判断によります／ダーマペンは基本4週間ですが、出血状況により医師の指示に従います,施術間隔,"あける,いつ,ダーマペン,ボトックス,施術間隔,次の施術,間隔"
HARGの後にボトックスはどのくらいあけますか／HARGの後にボトックスはいつ受けられますか,HARGの後にボトックス（別の部位）を受ける場合、翌日あけてください。 ※ボトックスはきっちり4ヶ月（マイクロボトックスは3ヶ月）あけます。追加注入は医師の判断によります,施術間隔,"HARG,あける,いつ,ボトックス,施術間隔,次の施術,間隔"
スカルプ・プラセンタエッセンスの後にボトックスはどのくらいあけますか／スカルプ・プラセンタエッセンスの後にボトックスはいつ受けられますか,スカルプ・プラセンタエッセンスの後にボトックス（別の部位）を受ける場合、翌日あけてください。 ※ボトックスはきっちり4ヶ月（マイクロボトックスは3ヶ月）あけます。追加注入は医師の判断によります,施術間隔,"あける,いつ,スカルプ・プラセンタエッセンス,ボトックス,施術間隔,次の施術,間隔"
コラーゲンピールの後にボトックスはどのくらいあけますか／コラーゲンピールの後にボトックスはいつ受けられますか,コラーゲンピールの後にボトックスを受ける場合、翌日以降であれば受けられます。 ※ボトックスはきっちり4ヶ月（マイクロボトックスは3ヶ月）あけます。追加注入は医師の判断によります,施術間隔,"あける,いつ,コラーゲンピール,ボトックス,施術間隔,次の施術,間隔"
サーマクールの後にボトックスはどのくらいあけますか／サーマクールの後にボトックスはいつ受けられますか,サーマクールの後にボトックス（同じ部位）を受ける場合、2週間あけてください。別の部位であれば同日に受けられます。 ※ボトックスはきっちり4ヶ月（マイクロボトックスは3ヶ月）あけます。追加注入は医師の判断によります／サーマクールはきっちり6ヶ月あけます,施術間隔,"あける,いつ,サーマクール,ボトックス,施術間隔,次の施術,間隔"
ミラドライの後にボトックスはどのくらいあけますか／ミラドライの後にボトックスはいつ受けられますか,ミラドライの後にボトックス（同じ部位）を受ける場合、1ヶ月あけてください。別の部位であれば同日に受けられます。 ※ボトックスはきっちり4ヶ月（マイクロボトックスは3ヶ月）あけます。追加注入は医師の判断によります,施術間隔,"あける,いつ,ボトックス,ミラドライ,施術間隔,次の施術,間隔"
脱毛の後にボトックスはどのくらいあけますか／脱毛の後にボトックスはいつ受けられますか,脱毛の後にボトックス（同じ部位）を受ける場合、2週間あけてください。別の部位であれば同日に受けられます。 ※ボトックスはきっちり4ヶ月（マイクロボトックスは3ヶ月）あけます。追加注入は医師の判断によります／脱毛は1回目→2回目が4週間、2回目以降は8週間（男性のひげは回数にかかわらず2週間）。他院・家庭用脱毛器・毛抜き後は8週間あけます,施術間隔,"あける,いつ,ボトックス,施術間隔,次の施術,脱毛,間隔"
タトゥーの後にボトックスはどのくらいあけますか／タトゥーの後にボトックスはいつ受けられますか,タトゥーの後にボトックス（同じ部位）を受ける場合、同部位3ヶ月あけてください。別の部位であれば同日に受けられます。 ※ボトックスはきっちり4ヶ月（マイクロボトックスは3ヶ月）あけます。追加注入は医師の判断によります,施術間隔,"あける,いつ,タトゥー,ボトックス,施術間隔,次の施術,間隔"
アートメイクの後にボトックスはどのくらいあけますか／アートメイクの後にボトックスはいつ受けられますか,アートメイクの後にボトックス（同じ部位）を受ける場合、2週間あけてください。別の部位であれば同日に受けられます。 ※ボトックスはきっちり4ヶ月（マイクロボトックスは3ヶ月）あけます。追加注入は医師の判断によります,施術間隔,"あける,いつ,アートメイク,ボトックス,施術間隔,次の施術,間隔"
ハイドラジェントルの後にボトックス（マイクロ）はどのくらいあけますか／ハイドラジェントルの後にボトックス（マイクロ）はいつ受けられますか,ハイドラジェントルの後にボトックス（マイクロ）を受ける場合、同日に受けられます。 ※ボトックスはきっちり4ヶ月（マイクロボトックスは3ヶ月）あけます。追加注入は医師の判断によります／面の治療との併用は初回は同日不可（2回目以降は同日可、ハイドラ先）。局所治療との併用は初回から同日可,施術間隔,"あける,いつ,ハイドラジェントル,ボトックス,ボトックス（マイクロ）,施術間隔,次の施術,間隔"
ケミカルピーリングの後にボトックス（マイクロ）はどのくらいあけますか／ケミカルピーリングの後にボトックス（マイクロ）はいつ受けられますか,ケミカルピーリングの後にボトックス（マイクロ）を受ける場合、翌日以降であれば受けられます。 ※ボトックスはきっちり4ヶ月（マイクロボトックスは3ヶ月）あけます。追加注入は医師の判断によります／ピーリングは顔4週間（医師指示で2週間の場合あり）・背中3週間・その他2週間,施術間隔,"あける,いつ,ケミカルピーリング,ボトックス,ボトックス（マイクロ）,施術間隔,次の施術,間隔"
スマートサイドドット（2回目以降）の後にボトックス（マイクロ）はどのくらいあけますか／スマートサイドドット（2回目以降）の後にボトックス（マイクロ）はいつ受けられますか,スマートサイドドット（2回目以降）の後にボトックス（マイクロ）（同じ部位）を受ける場合、2週間あけてください。別の部位であれば同日に受けられます。 ※ボトックスはきっちり4ヶ月（マイクロボトックスは3ヶ月）あけます。追加注入は医師の判断によります,施術間隔,"あける,いつ,スマートサイドドット,スマートサイドドット（2回目以降）,ボトックス,ボトックス（マイクロ）,施術間隔,次の施術,間隔"
スマートサイドドット（初回）の後にボトックス（マイクロ）はどのくらいあけますか／スマートサイドドット（初回）の後にボトックス（マイクロ）はいつ受けられますか,スマートサイドドット（初回）の後にボトックス（マイクロ）（同じ部位）を受ける場合、2週間あけてください。別の部位であれば同日に受けられます。 ※ボトックスはきっちり4ヶ月（マイクロボトックスは3ヶ月）あけます。追加注入は医師の判断によります,施術間隔,"あける,いつ,スマートサイドドット,スマートサイドドット（初回）,ボトックス,ボトックス（マイクロ）,施術間隔,次の施術,間隔"
イボレーザー/CO2レーザーの後にボトックス（マイクロ）はどのくらいあけますか／イボレーザー/CO2レーザーの後にボトックス（マイクロ）はいつ受けられますか,イボレーザー/CO2レーザーの後にボトックス（マイクロ）（同じ部位）を受ける場合、4週間あけてください。別の部位であれば同日に受けられます。 ※ボトックスはきっちり4ヶ月（マイクロボトックスは3ヶ月）あけます。追加注入は医師の判断によります／CO2は初回治療は4週間あけます（色素沈着・傷跡の確認のため）,施術間隔,"CO2レーザー,あける,いつ,イボレーザー,ボトックス,ボトックス（マイクロ）,施術間隔,次の施術,間隔"
シミ取りレーザーの後にボトックス（マイクロ）はどのくらいあけますか／シミ取りレーザーの後にボトックス（マイクロ）はいつ受けられますか,シミ取りレーザーの後にボトックス（マイクロ）（同じ部位）を受ける場合、4週間あけてください。別の部位であれば同日に受けられます。 ※ボトックスはきっちり4ヶ月（マイクロボトックスは3ヶ月）あけます。追加注入は医師の判断によります,施術間隔,"あける,いつ,シミ取りレーザー,ボトックス,ボトックス（マイクロ）,施術間隔,次の施術,間隔"
ADM/ピコレーザの後にボトックス（マイクロ）はどのくらいあけますか／ADM/ピコレーザの後にボトックス（マイクロ）はいつ受けられますか,ADM/ピコレーザの後にボトックス（マイクロ）を受ける場合、ADM/ピコレーザの治療完了後4週間あけてください。 ※ボトックスはきっちり4ヶ月（マイクロボトックスは3ヶ月）あけます。追加注入は医師の判断によります,施術間隔,"ADM,あける,いつ,ピコレーザ,ボトックス,ボトックス（マイクロ）,施術間隔,次の施術,間隔"
ADM/ナノレーザーの後にボトックス（マイクロ）はどのくらいあけますか／ADM/ナノレーザーの後にボトックス（マイクロ）はいつ受けられますか,ADM/ナノレーザーの後にボトックス（マイクロ）を受ける場合、ADM/ナノレーザーの治療完了後4週間あけてください。 ※ボトックスはきっちり4ヶ月（マイクロボトックスは3ヶ月）あけます。追加注入は医師の判断によります,施術間隔,"ADM,あける,いつ,ナノレーザー,ボトックス,ボトックス（マイクロ）,施術間隔,次の施術,間隔"
レーザートーニングの後にボトックス（マイクロ）はどのくらいあけますか／レーザートーニングの後にボトックス（マイクロ）はいつ受けられますか,レーザートーニングの後にボトックス（マイクロ）（同じ部位）を受ける場合、冷やして同日あけてください。別の部位であれば同日に受けられます。 ※ボトックスはきっちり4ヶ月（マイクロボトックスは3ヶ月）あけます。追加注入は医師の判断によります／トーニングは1〜5回目は週1回、6回目以降は月1回が目安です,施術間隔,"あける,いつ,ボトックス,ボトックス（マイクロ）,レーザートーニング,施術間隔,次の施術,間隔"
ピコトーニングの後にボトックス（マイクロ）はどのくらいあけますか／ピコトーニングの後にボトックス（マイクロ）はいつ受けられますか,ピコトーニングの後にボトックス（マイクロ）（同じ部位）を受ける場合、冷やして同日あけてください。別の部位であれば同日に受けられます。 ※ボトックスはきっちり4ヶ月（マイクロボトックスは3ヶ月）あけます。追加注入は医師の判断によります／トーニングは1〜5回目は週1回、6回目以降は月1回が目安です,施術間隔,"あける,いつ,ピコトーニング,ボトックス,ボトックス（マイクロ）,施術間隔,次の施術,間隔"
ピコフラクショナルの後にボトックス（マイクロ）はどのくらいあけますか／ピコフラクショナルの後にボトックス（マイクロ）はいつ受けられますか,ピコフラクショナルの後にボトックス（マイクロ）（同じ部位）を受ける場合、2週間あけてください。別の部位であれば同日に受けられます。 ※ボトックスはきっちり4ヶ月（マイクロボトックスは3ヶ月）あけます。追加注入は医師の判断によります,施術間隔,"あける,いつ,ピコフラクショナル,ボトックス,ボトックス（マイクロ）,施術間隔,次の施術,間隔"
そばかすシャワーの後にボトックス（マイクロ）はどのくらいあけますか／そばかすシャワーの後にボトックス（マイクロ）はいつ受けられますか,そばかすシャワーの後にボトックス（マイクロ）（同じ部位）を受ける場合、2週間あけてください。別の部位であれば同日に受けられます。 ※ボトックスはきっちり4ヶ月（マイクロボトックスは3ヶ月）あけます。追加注入は医師の判断によります,施術間隔,"あける,いつ,そばかすシャワー,ボトックス,ボトックス（マイクロ）,施術間隔,次の施術,間隔"
そばかすスポットの後にボトックス（マイクロ）はどのくらいあけますか／そばかすスポットの後にボトックス（マイクロ）はいつ受けられますか,そばかすスポットの後にボトックス（マイクロ）（同じ部位）を受ける場合、4週間あけてください。別の部位であれば同日に受けられます。 ※ボトックスはきっちり4ヶ月（マイクロボトックスは3ヶ月）あけます。追加注入は医師の判断によります／取り残しは3週間以内、それ以外は3ヶ月以上あけます,施術間隔,"あける,いつ,そばかすスポット,ボトックス,ボトックス（マイクロ）,施術間隔,次の施術,間隔"
フォト/光治療の後にボトックス（マイクロ）はどのくらいあけますか／フォト/光治療の後にボトックス（マイクロ）はいつ受けられますか,フォト/光治療の後にボトックス（マイクロ）（同じ部位）を受ける場合、1週間Dr判断で冷やして同日可あけてください。別の部位であれば同日に受けられます。 ※ボトックスはきっちり4ヶ月（マイクロボトックスは3ヶ月）あけます。追加注入は医師の判断によります／フォト/光治療は赤ら顔も含め4週間。4〜5回で1クール、1クール後は3ヶ月あけます,施術間隔,"あける,いつ,フォト,ボトックス,ボトックス（マイクロ）,光治療,施術間隔,次の施術,間隔"
赤み治療の後にボトックス（マイクロ）はどのくらいあけますか／赤み治療の後にボトックス（マイクロ）はいつ受けられますか,赤み治療の後にボトックス（マイクロ）を受ける場合、赤み治療の治療完了後2週間あけてください。 ※ボトックスはきっちり4ヶ月（マイクロボトックスは3ヶ月）あけます。追加注入は医師の判断によります,施術間隔,"あける,いつ,ボトックス,ボトックス（マイクロ）,施術間隔,次の施術,赤み治療,間隔"
ボトックスの後にボトックス（マイクロ）はどのくらいあけますか／ボトックスの後にボトックス（マイクロ）はいつ受けられますか,ボトックスの後にボトックス（マイクロ）（同じ部位）を受ける場合、4ヶ月あけてください。別の部位であれば同日に受けられます。 ※ボトックスはきっちり4ヶ月（マイクロボトックスは3ヶ月）あけます。追加注入は医師の判断によります,施術間隔,"あける,いつ,ボトックス,ボトックス（マイクロ）,施術間隔,次の施術,間隔"
ボトックス（マイクロ）の後にボトックス（マイクロ）はどのくらいあけますか／ボトックス（マイクロ）の後にボトックス（マイクロ）はいつ受けられますか,ボトックス（マイクロ）の後にボトックス（マイクロ）（同じ部位）を受ける場合、3ヶ月あけてください。別の部位であれば同日に受けられます。 ※ボトックスはきっちり4ヶ月（マイクロボトックスは3ヶ月）あけます。追加注入は医師の判断によります,施術間隔,"あける,いつ,ボトックス,ボトックス（マイクロ）,施術間隔,次の施術,間隔"
テノールネオの後にボトックス（マイクロ）はどのくらいあけますか／テノールネオの後にボトックス（マイクロ）はいつ受けられますか,テノールネオの後にボトックス（マイクロ）（同じ部位）を受ける場合、冷やして同日可※あけてください。別の部位であれば同日に受けられます。 ※ボトックスはきっちり4ヶ月（マイクロボトックスは3ヶ月）あけます。追加注入は医師の判断によります,施術間隔,"あける,いつ,テノールネオ,ボトックス,ボトックス（マイクロ）,施術間隔,次の施術,間隔"
フラルスキン（トレチ）の後にボトックス（マイクロ）はどのくらいあけますか／フラルスキン（トレチ）の後にボトックス（マイクロ）はいつ受けられますか,フラルスキン（トレチ）の後にボトックス（マイクロ）を受ける場合、同日に受けられます。 ※ボトックスはきっちり4ヶ月（マイクロボトックスは3ヶ月）あけます。追加注入は医師の判断によります,施術間隔,"あける,いつ,フラルスキン,フラルスキン（トレチ）,ボトックス,ボトックス（マイクロ）,施術間隔,次の施術,間隔"
部分シミ（トレチ）の後にボトックス（マイクロ）はどのくらいあけますか／部分シミ（トレチ）の後にボトックス（マイクロ）はいつ受けられますか,部分シミ（トレチ）の後にボトックス（マイクロ）を受ける場合、同日に受けられます。 ※ボトックスはきっちり4ヶ月（マイクロボトックスは3ヶ月）あけます。追加注入は医師の判断によります,施術間隔,"あける,いつ,ボトックス,ボトックス（マイクロ）,施術間隔,次の施術,部分シミ,部分シミ（トレチ）,間隔"
mikoメソッドの後にボトックス（マイクロ）はどのくらいあけますか／mikoメソッドの後にボトックス（マイクロ）はいつ受けられますか,mikoメソッドの後にボトックス（マイクロ）（同じ部位）を受ける場合、4週間あけてください。別の部位であれば同日に受けられます。 ※ボトックスはきっちり4ヶ月（マイクロボトックスは3ヶ月）あけます。追加注入は医師の判断によります,施術間隔,"mikoメソッド,あける,いつ,ボトックス,ボトックス（マイクロ）,施術間隔,次の施術,間隔"
ほくろ切除/ほくろ除去の後にボトックス（マイクロ）はどのくらいあけますか／ほくろ切除/ほくろ除去の後にボトックス（マイクロ）はいつ受けられますか,ほくろ切除/ほくろ除去の後にボトックス（マイクロ）を受ける場合、傷が上皮化してから4週間あけてください。 ※ボトックスはきっちり4ヶ月（マイクロボトックスは3ヶ月）あけます。追加注入は医師の判断によります,施術間隔,"あける,いつ,ほくろ切除,ほくろ除去,ボトックス,ボトックス（マイクロ）,施術間隔,次の施術,間隔"
ボライトの後にボトックス（マイクロ）はどのくらいあけますか／ボライトの後にボトックス（マイクロ）はいつ受けられますか,ボライトの後にボトックス（マイクロ）（同じ部位）を受ける場合、4週間あけてください。別の部位であれば同日に受けられます。 ※ボトックスはきっちり4ヶ月（マイクロボトックスは3ヶ月）あけます。追加注入は医師の判断によります,施術間隔,"あける,いつ,ボトックス,ボトックス（マイクロ）,ボライト,施術間隔,次の施術,間隔"
稗粒腫の後にボトックス（マイクロ）はどのくらいあけますか／稗粒腫の後にボトックス（マイクロ）はいつ受けられますか,稗粒腫の後にボトックス（マイクロ）（同じ部位）を受ける場合、1週間あけてください。別の部位であれば同日に受けられます。 ※ボトックスはきっちり4ヶ月（マイクロボトックスは3ヶ月）あけます。追加注入は医師の判断によります,施術間隔,"あける,いつ,ボトックス,ボトックス（マイクロ）,施術間隔,次の施術,稗粒腫,間隔"
ヴェルヴェットスキンの後にボトックス（マイクロ）はどのくらいあけますか／ヴェルヴェットスキンの後にボトックス（マイクロ）はいつ受けられますか,ヴェルヴェットスキンの後にボトックス（マイクロ）（同じ部位）を受ける場合、2週間あけてください。別の部位であれば同日に受けられます。 ※ボトックスはきっちり4ヶ月（マイクロボトックスは3ヶ月）あけます。追加注入は医師の判断によります,施術間隔,"あける,いつ,ボトックス,ボトックス（マイクロ）,ヴェルヴェットスキン,施術間隔,次の施術,間隔"
ダーマペンの後にボトックス（マイクロ）はどのくらいあけますか／ダーマペンの後にボトックス（マイクロ）はいつ受けられますか,ダーマペンの後にボトックス（マイクロ）（同じ部位）を受ける場合、2週間あけてください。別の部位であれば同日に受けられます。 ※ボトックスはきっちり4ヶ月（マイクロボトックスは3ヶ月）あけます。追加注入は医師の判断によります／ダーマペンは基本4週間ですが、出血状況により医師の指示に従います,施術間隔,"あける,いつ,ダーマペン,ボトックス,ボトックス（マイクロ）,施術間隔,次の施術,間隔"
HARGの後にボトックス（マイクロ）はどのくらいあけますか／HARGの後にボトックス（マイクロ）はいつ受けられますか,HARGの後にボトックス（マイクロ）（別の部位）を受ける場合、翌日あけてください。 ※ボトックスはきっちり4ヶ月（マイクロボトックスは3ヶ月）あけます。追加注入は医師の判断によります,施術間隔,"HARG,あける,いつ,ボトックス,ボトックス（マイクロ）,施術間隔,次の施術,間隔"
スカルプ・プラセンタエッセンスの後にボトックス（マイクロ）はどのくらいあけますか／スカルプ・プラセンタエッセンスの後にボトックス（マイクロ）はいつ受けられますか,スカルプ・プラセンタエッセンスの後にボトックス（マイクロ）（別の部位）を受ける場合、翌日あけてください。 ※ボトックスはきっちり4ヶ月（マイクロボトックスは3ヶ月）あけます。追加注入は医師の判断によります,施術間隔,"あける,いつ,スカルプ・プラセンタエッセンス,ボトックス,ボトックス（マイクロ）,施術間隔,次の施術,間隔"
コラーゲンピールの後にボトックス（マイクロ）はどのくらいあけますか／コラーゲンピールの後にボトックス（マイクロ）はいつ受けられますか,コラーゲンピールの後にボトックス（マイクロ）を受ける場合、翌日以降であれば受けられます。 ※ボトックスはきっちり4ヶ月（マイクロボトックスは3ヶ月）あけます。追加注入は医師の判断によります,施術間隔,"あける,いつ,コラーゲンピール,ボトックス,ボトックス（マイクロ）,施術間隔,次の施術,間隔"
サーマクールの後にボトックス（マイクロ）はどのくらいあけますか／サーマクールの後にボトックス（マイクロ）はいつ受けられますか,サーマクールの後にボトックス（マイクロ）（同じ部位）を受ける場合、2週間あけてください。別の部位であれば同日に受けられます。 ※ボトックスはきっちり4ヶ月（マイクロボトックスは3ヶ月）あけます。追加注入は医師の判断によります／サーマクールはきっちり6ヶ月あけます,施術間隔,"あける,いつ,サーマクール,ボトックス,ボトックス（マイクロ）,施術間隔,次の施術,間隔"
ミラドライの後にボトックス（マイクロ）はどのくらいあけますか／ミラドライの後にボトックス（マイクロ）はいつ受けられますか,ミラドライの後にボトックス（マイクロ）（同じ部位）を受ける場合、1ヶ月あけてください。別の部位であれば同日に受けられます。 ※ボトックスはきっちり4ヶ月（マイクロボトックスは3ヶ月）あけます。追加注入は医師の判断によります,施術間隔,"あける,いつ,ボトックス,ボトックス（マイクロ）,ミラドライ,施術間隔,次の施術,間隔"
脱毛の後にボトックス（マイクロ）はどのくらいあけますか／脱毛の後にボトックス（マイクロ）はいつ受けられますか,脱毛の後にボトックス（マイクロ）（同じ部位）を受ける場合、2週間あけてください。別の部位であれば同日に受けられます。 ※ボトックスはきっちり4ヶ月（マイクロボトックスは3ヶ月）あけます。追加注入は医師の判断によります／脱毛は1回目→2回目が4週間、2回目以降は8週間（男性のひげは回数にかかわらず2週間）。他院・家庭用脱毛器・毛抜き後は8週間あけます,施術間隔,"あける,いつ,ボトックス,ボトックス（マイクロ）,施術間隔,次の施術,脱毛,間隔"
タトゥーの後にボトックス（マイクロ）はどのくらいあけますか／タトゥーの後にボトックス（マイクロ）はいつ受けられますか,タトゥーの後にボトックス（マイクロ）（同じ部位）を受ける場合、同部位3ヶ月あけてください。別の部位であれば同日に受けられます。 ※ボトックスはきっちり4ヶ月（マイクロボトックスは3ヶ月）あけます。追加注入は医師の判断によります,施術間隔,"あける,いつ,タトゥー,ボトックス,ボトックス（マイクロ）,施術間隔,次の施術,間隔"
アートメイクの後にボトックス（マイクロ）はどのくらいあけますか／アートメイクの後にボトックス（マイクロ）はいつ受けられますか,アートメイクの後にボトックス（マイクロ）（同じ部位）を受ける場合、2週間あけてください。別の部位であれば同日に受けられます。 ※ボトックスはきっちり4ヶ月（マイクロボトックスは3ヶ月）あけます。追加注入は医師の判断によります,施術間隔,"あける,いつ,アートメイク,ボトックス,ボトックス（マイクロ）,施術間隔,次の施術,間隔"
ハイドラジェントルの後にフラルスキン部分シミはどのくらいあけますか／ハイドラジェントルの後にフラルスキン部分シミはいつ受けられますか,ハイドラジェントルの後にフラルスキン部分シミを受ける場合、翌日以降であれば受けられます。 ※面の治療との併用は初回は同日不可（2回目以降は同日可、ハイドラ先）。局所治療との併用は初回から同日可,施術間隔,"あける,いつ,ハイドラジェントル,フラルスキン部分シミ,施術間隔,次の施術,間隔"
ケミカルピーリングの後にフラルスキン部分シミはどのくらいあけますか／ケミカルピーリングの後にフラルスキン部分シミはいつ受けられますか,ケミカルピーリングの後にフラルスキン部分シミ（同じ部位）を受ける場合、併用なし2週間あけてください。別の部位であれば同日に受けられます。 ※ピーリングは顔4週間（医師指示で2週間の場合あり）・背中3週間・その他2週間,施術間隔,"あける,いつ,ケミカルピーリング,フラルスキン部分シミ,施術間隔,次の施術,間隔"
スマートサイドドット（2回目以降）の後にフラルスキン部分シミはどのくらいあけますか／スマートサイドドット（2回目以降）の後にフラルスキン部分シミはいつ受けられますか,スマートサイドドット（2回目以降）の後にフラルスキン部分シミ（同じ部位）を受ける場合、4週間あけてください。別の部位であれば同日に受けられます。,施術間隔,"あける,いつ,スマートサイドドット,スマートサイドドット（2回目以降）,フラルスキン部分シミ,施術間隔,次の施術,間隔"
スマートサイドドット（初回）の後にフラルスキン部分シミはどのくらいあけますか／スマートサイドドット（初回）の後にフラルスキン部分シミはいつ受けられますか,スマートサイドドット（初回）の後にフラルスキン部分シミ（同じ部位）を受ける場合、2週間あけてください。別の部位であれば同日に受けられます。,施術間隔,"あける,いつ,スマートサイドドット,スマートサイドドット（初回）,フラルスキン部分シミ,施術間隔,次の施術,間隔"
イボレーザー/CO2レーザーの後にフラルスキン部分シミはどのくらいあけますか／イボレーザー/CO2レーザーの後にフラルスキン部分シミはいつ受けられますか,イボレーザー/CO2レーザーの後にフラルスキン部分シミ（同じ部位）を受ける場合、2週間あけてください。別の部位であれば同日に受けられます。 ※CO2は初回治療は4週間あけます（色素沈着・傷跡の確認のため）,施術間隔,"CO2レーザー,あける,いつ,イボレーザー,フラルスキン部分シミ,施術間隔,次の施術,間隔"
シミ取りレーザーの後にフラルスキン部分シミはどのくらいあけますか／シミ取りレーザーの後にフラルスキン部分シミはいつ受けられますか,シミ取りレーザーの後にフラルスキン部分シミ（同じ部位）を受ける場合、4週間あけてください。別の部位であれば同日に受けられます。,施術間隔,"あける,いつ,シミ取りレーザー,フラルスキン部分シミ,施術間隔,次の施術,間隔"
ADM/ピコレーザの後にフラルスキン部分シミはどのくらいあけますか／ADM/ピコレーザの後にフラルスキン部分シミはいつ受けられますか,ADM/ピコレーザの後にフラルスキン部分シミを受ける場合、ADM/ピコレーザの治療完了後4週間あけてください。,施術間隔,"ADM,あける,いつ,ピコレーザ,フラルスキン部分シミ,施術間隔,次の施術,間隔"
ADM/ナノレーザーの後にフラルスキン部分シミはどのくらいあけますか／ADM/ナノレーザーの後にフラルスキン部分シミはいつ受けられますか,ADM/ナノレーザーの後にフラルスキン部分シミを受ける場合、ADM/ナノレーザーの治療完了後4週間あけてください。,施術間隔,"ADM,あける,いつ,ナノレーザー,フラルスキン部分シミ,施術間隔,次の施術,間隔"
レーザートーニングの後にフラルスキン部分シミはどのくらいあけますか／レーザートーニングの後にフラルスキン部分シミはいつ受けられますか,レーザートーニングの後にフラルスキン部分シミ（同じ部位）を受ける場合、開始：1週間再開：直後あけてください。別の部位であれば同日に受けられます。 ※トーニングは1〜5回目は週1回、6回目以降は月1回が目安です,施術間隔,"あける,いつ,フラルスキン部分シミ,レーザートーニング,施術間隔,次の施術,間隔"
ピコトーニングの後にフラルスキン部分シミはどのくらいあけますか／ピコトーニングの後にフラルスキン部分シミはいつ受けられますか,ピコトーニングの後にフラルスキン部分シミ（同じ部位）を受ける場合、2週間あけてください。別の部位であれば同日に受けられます。 ※トーニングは1〜5回目は週1回、6回目以降は月1回が目安です,施術間隔,"あける,いつ,ピコトーニング,フラルスキン部分シミ,施術間隔,次の施術,間隔"
ピコフラクショナルの後にフラルスキン部分シミはどのくらいあけますか／ピコフラクショナルの後にフラルスキン部分シミはいつ受けられますか,ピコフラクショナルの後にフラルスキン部分シミ（同じ部位）を受ける場合、3週間あけてください。別の部位であれば同日に受けられます。,施術間隔,"あける,いつ,ピコフラクショナル,フラルスキン部分シミ,施術間隔,次の施術,間隔"
そばかすシャワーの後にフラルスキン部分シミはどのくらいあけますか／そばかすシャワーの後にフラルスキン部分シミはいつ受けられますか,そばかすシャワーの後にフラルスキン部分シミ（同じ部位）を受ける場合、2週間あけてください。別の部位であれば同日に受けられます。,施術間隔,"あける,いつ,そばかすシャワー,フラルスキン部分シミ,施術間隔,次の施術,間隔"
そばかすスポットの後にフラルスキン部分シミはどのくらいあけますか／そばかすスポットの後にフラルスキン部分シミはいつ受けられますか,そばかすスポットの後にフラルスキン部分シミ（同じ部位）を受ける場合、4週間あけてください。別の部位であれば同日に受けられます。 ※取り残しは3週間以内、それ以外は3ヶ月以上あけます,施術間隔,"あける,いつ,そばかすスポット,フラルスキン部分シミ,施術間隔,次の施術,間隔"
フォト/光治療の後にフラルスキン部分シミはどのくらいあけますか／フォト/光治療の後にフラルスキン部分シミはいつ受けられますか,フォト/光治療の後にフラルスキン部分シミ（同じ部位）を受ける場合、開始：1週間再開：直後あけてください。別の部位であれば同日に受けられます。 ※フォト/光治療は赤ら顔も含め4週間。4〜5回で1クール、1クール後は3ヶ月あけます,施術間隔,"あける,いつ,フォト,フラルスキン部分シミ,光治療,施術間隔,次の施術,間隔"
赤み治療の後にフラルスキン部分シミはどのくらいあけますか／赤み治療の後にフラルスキン部分シミはいつ受けられますか,赤み治療の後にフラルスキン部分シミを受ける場合、赤み治療の治療完了後2週間あけてください。,施術間隔,"あける,いつ,フラルスキン部分シミ,施術間隔,次の施術,赤み治療,間隔"
ボトックスの後にフラルスキン部分シミはどのくらいあけますか／ボトックスの後にフラルスキン部分シミはいつ受けられますか,ボトックスの後にフラルスキン部分シミを受ける場合、同日に受けられます。 ※ボトックスはきっちり4ヶ月（マイクロボトックスは3ヶ月）あけます。追加注入は医師の判断によります,施術間隔,"あける,いつ,フラルスキン部分シミ,ボトックス,施術間隔,次の施術,間隔"
ボトックス（マイクロ）の後にフラルスキン部分シミはどのくらいあけますか／ボトックス（マイクロ）の後にフラルスキン部分シミはいつ受けられますか,ボトックス（マイクロ）の後にフラルスキン部分シミを受ける場合、同日に受けられます。 ※ボトックスはきっちり4ヶ月（マイクロボトックスは3ヶ月）あけます。追加注入は医師の判断によります,施術間隔,"あける,いつ,フラルスキン部分シミ,ボトックス,ボトックス（マイクロ）,施術間隔,次の施術,間隔"
テノールネオの後にフラルスキン部分シミはどのくらいあけますか／テノールネオの後にフラルスキン部分シミはいつ受けられますか,テノールネオの後にフラルスキン部分シミ（同じ部位）を受ける場合、開始：1週間再開：直後あけてください。別の部位であれば同日に受けられます。,施術間隔,"あける,いつ,テノールネオ,フラルスキン部分シミ,施術間隔,次の施術,間隔"
mikoメソッドの後にフラルスキン部分シミはどのくらいあけますか／mikoメソッドの後にフラルスキン部分シミはいつ受けられますか,mikoメソッドの後にフラルスキン部分シミ（同じ部位）を受ける場合、2週間あけてください。別の部位であれば同日に受けられます。,施術間隔,"mikoメソッド,あける,いつ,フラルスキン部分シミ,施術間隔,次の施術,間隔"
ほくろ切除/ほくろ除去の後にフラルスキン部分シミはどのくらいあけますか／ほくろ切除/ほくろ除去の後にフラルスキン部分シミはいつ受けられますか,ほくろ切除/ほくろ除去の後にフラルスキン部分シミを受ける場合、傷が上皮化してから4週間あけてください。,施術間隔,"あける,いつ,ほくろ切除,ほくろ除去,フラルスキン部分シミ,施術間隔,次の施術,間隔"
ボライトの後にフラルスキン部分シミはどのくらいあけますか／ボライトの後にフラルスキン部分シミはいつ受けられますか,ボライトの後にフラルスキン部分シミ（同じ部位）を受ける場合、4週間あけてください。別の部位であれば同日に受けられます。,施術間隔,"あける,いつ,フラルスキン部分シミ,ボライト,施術間隔,次の施術,間隔"
稗粒腫の後にフラルスキン部分シミはどのくらいあけますか／稗粒腫の後にフラルスキン部分シミはいつ受けられますか,稗粒腫の後にフラルスキン部分シミ（同じ部位）を受ける場合、1週間あけてください。別の部位であれば同日に受けられます。,施術間隔,"あける,いつ,フラルスキン部分シミ,施術間隔,次の施術,稗粒腫,間隔"
ヴェルヴェットスキンの後にフラルスキン部分シミはどのくらいあけますか／ヴェルヴェットスキンの後にフラルスキン部分シミはいつ受けられますか,ヴェルヴェットスキンの後にフラルスキン部分シミ（同じ部位）を受ける場合、4週間あけてください。別の部位であれば同日に受けられます。,施術間隔,"あける,いつ,フラルスキン部分シミ,ヴェルヴェットスキン,施術間隔,次の施術,間隔"
ダーマペンの後にフラルスキン部分シミはどのくらいあけますか／ダーマペンの後にフラルスキン部分シミはいつ受けられますか,ダーマペンの後にフラルスキン部分シミ（同じ部位）を受ける場合、4週間あけてください。別の部位であれば同日に受けられます。 ※ダーマペンは基本4週間ですが、出血状況により医師の指示に従います,施術間隔,"あける,いつ,ダーマペン,フラルスキン部分シミ,施術間隔,次の施術,間隔"
HARGの後にフラルスキン部分シミはどのくらいあけますか／HARGの後にフラルスキン部分シミはいつ受けられますか,HARGの後にフラルスキン部分シミ（別の部位）を受ける場合、翌日あけてください。,施術間隔,"HARG,あける,いつ,フラルスキン部分シミ,施術間隔,次の施術,間隔"
スカルプ・プラセンタエッセンスの後にフラルスキン部分シミはどのくらいあけますか／スカルプ・プラセンタエッセンスの後にフラルスキン部分シミはいつ受けられますか,スカルプ・プラセンタエッセンスの後にフラルスキン部分シミ（別の部位）を受ける場合、翌日あけてください。,施術間隔,"あける,いつ,スカルプ・プラセンタエッセンス,フラルスキン部分シミ,施術間隔,次の施術,間隔"
コラーゲンピールの後にフラルスキン部分シミはどのくらいあけますか／コラーゲンピールの後にフラルスキン部分シミはいつ受けられますか,コラーゲンピールの後にフラルスキン部分シミ（同じ部位）を受ける場合、2週間あけてください。別の部位であれば同日に受けられます。,施術間隔,"あける,いつ,コラーゲンピール,フラルスキン部分シミ,施術間隔,次の施術,間隔"
サーマクールの後にフラルスキン部分シミはどのくらいあけますか／サーマクールの後にフラルスキン部分シミはいつ受けられますか,サーマクールの後にフラルスキン部分シミ（同じ部位）を受ける場合、2週間あけてください。別の部位であれば同日に受けられます。 ※サーマクールはきっちり6ヶ月あけます,施術間隔,"あける,いつ,サーマクール,フラルスキン部分シミ,施術間隔,次の施術,間隔"
脱毛の後にフラルスキン部分シミはどのくらいあけますか／脱毛の後にフラルスキン部分シミはいつ受けられますか,脱毛の後にフラルスキン部分シミ（同じ部位）を受ける場合、2週間あけてください。別の部位であれば同日に受けられます。 ※脱毛は1回目→2回目が4週間、2回目以降は8週間（男性のひげは回数にかかわらず2週間）。他院・家庭用脱毛器・毛抜き後は8週間あけます,施術間隔,"あける,いつ,フラルスキン部分シミ,施術間隔,次の施術,脱毛,間隔"
タトゥーの後にフラルスキン部分シミはどのくらいあけますか／タトゥーの後にフラルスキン部分シミはいつ受けられますか,タトゥーの後にフラルスキン部分シミ（同じ部位）を受ける場合、同部位3ヶ月あけてください。別の部位であれば同日に受けられます。,施術間隔,"あける,いつ,タトゥー,フラルスキン部分シミ,施術間隔,次の施術,間隔"
アートメイクの後にフラルスキン部分シミはどのくらいあけますか／アートメイクの後にフラルスキン部分シミはいつ受けられますか,アートメイクの後にフラルスキン部分シミ（同じ部位）を受ける場合、2週間あけてください。別の部位であれば同日に受けられます。,施術間隔,"あける,いつ,アートメイク,フラルスキン部分シミ,施術間隔,次の施術,間隔"
ハイドラジェントルの後にテノールネオはどのくらいあけますか／ハイドラジェントルの後にテノールネオはいつ受けられますか,ハイドラジェントルの後にテノールネオを受ける場合、同日に受けられます。 ※面の治療との併用は初回は同日不可（2回目以降は同日可、ハイドラ先）。局所治療との併用は初回から同日可,施術間隔,"あける,いつ,テノールネオ,ハイドラジェントル,施術間隔,次の施術,間隔"
ケミカルピーリングの後にテノールネオはどのくらいあけますか／ケミカルピーリングの後にテノールネオはいつ受けられますか,ケミカルピーリングの後にテノールネオ（同じ部位）を受ける場合、2週間あけてください。別の部位であれば同日に受けられます。 ※ピーリングは顔4週間（医師指示で2週間の場合あり）・背中3週間・その他2週間,施術間隔,"あける,いつ,ケミカルピーリング,テノールネオ,施術間隔,次の施術,間隔"
スマートサイドドット（2回目以降）の後にテノールネオはどのくらいあけますか／スマートサイドドット（2回目以降）の後にテノールネオはいつ受けられますか,スマートサイドドット（2回目以降）の後にテノールネオ（同じ部位）を受ける場合、4週間あけてください。別の部位であれば同日に受けられます。,施術間隔,"あける,いつ,スマートサイドドット,スマートサイドドット（2回目以降）,テノールネオ,施術間隔,次の施術,間隔"
スマートサイドドット（初回）の後にテノールネオはどのくらいあけますか／スマートサイドドット（初回）の後にテノールネオはいつ受けられますか,スマートサイドドット（初回）の後にテノールネオ（同じ部位）を受ける場合、2週間あけてください。別の部位であれば同日に受けられます。,施術間隔,"あける,いつ,スマートサイドドット,スマートサイドドット（初回）,テノールネオ,施術間隔,次の施術,間隔"
イボレーザー/CO2レーザーの後にテノールネオはどのくらいあけますか／イボレーザー/CO2レーザーの後にテノールネオはいつ受けられますか,イボレーザー/CO2レーザーの後にテノールネオ（同じ部位）を受ける場合、4週間あけてください。別の部位であれば同日に受けられます。 ※CO2は初回治療は4週間あけます（色素沈着・傷跡の確認のため）,施術間隔,"CO2レーザー,あける,いつ,イボレーザー,テノールネオ,施術間隔,次の施術,間隔"
シミ取りレーザーの後にテノールネオはどのくらいあけますか／シミ取りレーザーの後にテノールネオはいつ受けられますか,シミ取りレーザーの後にテノールネオ（同じ部位）を受ける場合、4週間あけてください。別の部位であれば同日に受けられます。,施術間隔,"あける,いつ,シミ取りレーザー,テノールネオ,施術間隔,次の施術,間隔"
ADM/ピコレーザの後にテノールネオはどのくらいあけますか／ADM/ピコレーザの後にテノールネオはいつ受けられますか,ADM/ピコレーザの後にテノールネオを受ける場合、ADM/ピコレーザの治療完了後4週間あけてください。,施術間隔,"ADM,あける,いつ,テノールネオ,ピコレーザ,施術間隔,次の施術,間隔"
ADM/ナノレーザーの後にテノールネオはどのくらいあけますか／ADM/ナノレーザーの後にテノールネオはいつ受けられますか,ADM/ナノレーザーの後にテノールネオを受ける場合、ADM/ナノレーザーの治療完了後4週間あけてください。,施術間隔,"ADM,あける,いつ,テノールネオ,ナノレーザー,施術間隔,次の施術,間隔"
レーザートーニングの後にテノールネオはどのくらいあけますか／レーザートーニングの後にテノールネオはいつ受けられますか,レーザートーニングの後にテノールネオ（同じ部位）を受ける場合、1週間あけてください。別の部位であれば同日に受けられます。 ※トーニングは1〜5回目は週1回、6回目以降は月1回が目安です,施術間隔,"あける,いつ,テノールネオ,レーザートーニング,施術間隔,次の施術,間隔"
ピコトーニングの後にテノールネオはどのくらいあけますか／ピコトーニングの後にテノールネオはいつ受けられますか,ピコトーニングの後にテノールネオ（同じ部位）を受ける場合、2週間あけてください。別の部位であれば同日に受けられます。 ※トーニングは1〜5回目は週1回、6回目以降は月1回が目安です,施術間隔,"あける,いつ,テノールネオ,ピコトーニング,施術間隔,次の施術,間隔"
ピコフラクショナルの後にテノールネオはどのくらいあけますか／ピコフラクショナルの後にテノールネオはいつ受けられますか,ピコフラクショナルの後にテノールネオ（同じ部位）を受ける場合、3週間あけてください。別の部位であれば同日に受けられます。,施術間隔,"あける,いつ,テノールネオ,ピコフラクショナル,施術間隔,次の施術,間隔"
そばかすシャワーの後にテノールネオはどのくらいあけますか／そばかすシャワーの後にテノールネオはいつ受けられますか,そばかすシャワーの後にテノールネオ（同じ部位）を受ける場合、4週間あけてください。別の部位であれば同日に受けられます。,施術間隔,"あける,いつ,そばかすシャワー,テノールネオ,施術間隔,次の施術,間隔"
そばかすスポットの後にテノールネオはどのくらいあけますか／そばかすスポットの後にテノールネオはいつ受けられますか,そばかすスポットの後にテノールネオ（同じ部位）を受ける場合、4週間あけてください。別の部位であれば同日に受けられます。 ※取り残しは3週間以内、それ以外は3ヶ月以上あけます,施術間隔,"あける,いつ,そばかすスポット,テノールネオ,施術間隔,次の施術,間隔"
フォト/光治療の後にテノールネオはどのくらいあけますか／フォト/光治療の後にテノールネオはいつ受けられますか,フォト/光治療の後にテノールネオ（同じ部位）を受ける場合、1週間あけてください。別の部位であれば同日に受けられます。 ※フォト/光治療は赤ら顔も含め4週間。4〜5回で1クール、1クール後は3ヶ月あけます,施術間隔,"あける,いつ,テノールネオ,フォト,光治療,施術間隔,次の施術,間隔"
赤み治療の後にテノールネオはどのくらいあけますか／赤み治療の後にテノールネオはいつ受けられますか,赤み治療の後にテノールネオを受ける場合、赤み治療の治療完了後2週間あけてください。,施術間隔,"あける,いつ,テノールネオ,施術間隔,次の施術,赤み治療,間隔"
ボトックスの後にテノールネオはどのくらいあけますか／ボトックスの後にテノールネオはいつ受けられますか,ボトックスの後にテノールネオ（同じ部位）を受ける場合、2週間あけてください。別の部位であれば同日に受けられます。 ※ボトックスはきっちり4ヶ月（マイクロボトックスは3ヶ月）あけます。追加注入は医師の判断によります,施術間隔,"あける,いつ,テノールネオ,ボトックス,施術間隔,次の施術,間隔"
ボトックス（マイクロ）の後にテノールネオはどのくらいあけますか／ボトックス（マイクロ）の後にテノールネオはいつ受けられますか,ボトックス（マイクロ）の後にテノールネオ（同じ部位）を受ける場合、2週間あけてください。別の部位であれば同日に受けられます。 ※ボトックスはきっちり4ヶ月（マイクロボトックスは3ヶ月）あけます。追加注入は医師の判断によります,施術間隔,"あける,いつ,テノールネオ,ボトックス,ボトックス（マイクロ）,施術間隔,次の施術,間隔"
テノールネオの後にテノールネオはどのくらいあけますか／テノールネオの後にテノールネオはいつ受けられますか,テノールネオの後にテノールネオ（同じ部位）を受ける場合、2週間あけてください。別の部位であれば同日に受けられます。,施術間隔,"あける,いつ,テノールネオ,施術間隔,次の施術,間隔"
フラルスキン（トレチ）の後にテノールネオはどのくらいあけますか／フラルスキン（トレチ）の後にテノールネオはいつ受けられますか,フラルスキン（トレチ）の後にテノールネオを受ける場合、トレチノインを使用しているときのみ1週間あけてください（それ以外は医師にご確認ください）。,施術間隔,"あける,いつ,テノールネオ,フラルスキン,フラルスキン（トレチ）,施術間隔,次の施術,間隔"
部分シミ（トレチ）の後にテノールネオはどのくらいあけますか／部分シミ（トレチ）の後にテノールネオはいつ受けられますか,部分シミ（トレチ）の後にテノールネオ（同じ部位）を受ける場合、4週間あけてください。別の部位であれば同日に受けられます。,施術間隔,"あける,いつ,テノールネオ,施術間隔,次の施術,部分シミ,部分シミ（トレチ）,間隔"
mikoメソッドの後にテノールネオはどのくらいあけますか／mikoメソッドの後にテノールネオはいつ受けられますか,mikoメソッドの後にテノールネオ（同じ部位）を受ける場合、2週間あけてください。別の部位であれば同日に受けられます。,施術間隔,"mikoメソッド,あける,いつ,テノールネオ,施術間隔,次の施術,間隔"
ほくろ切除/ほくろ除去の後にテノールネオはどのくらいあけますか／ほくろ切除/ほくろ除去の後にテノールネオはいつ受けられますか,ほくろ切除/ほくろ除去の後にテノールネオを受ける場合、傷が上皮化してから4週間あけてください。,施術間隔,"あける,いつ,ほくろ切除,ほくろ除去,テノールネオ,施術間隔,次の施術,間隔"
ボライトの後にテノールネオはどのくらいあけますか／ボライトの後にテノールネオはいつ受けられますか,ボライトの後にテノールネオ（同じ部位）を受ける場合、4週間あけてください。別の部位であれば同日に受けられます。,施術間隔,"あける,いつ,テノールネオ,ボライト,施術間隔,次の施術,間隔"
稗粒腫の後にテノールネオはどのくらいあけますか／稗粒腫の後にテノールネオはいつ受けられますか,稗粒腫の後にテノールネオ（同じ部位）を受ける場合、1週間あけてください。別の部位であれば同日に受けられます。,施術間隔,"あける,いつ,テノールネオ,施術間隔,次の施術,稗粒腫,間隔"
ヴェルヴェットスキンの後にテノールネオはどのくらいあけますか／ヴェルヴェットスキンの後にテノールネオはいつ受けられますか,ヴェルヴェットスキンの後にテノールネオ（同じ部位）を受ける場合、4週間あけてください。別の部位であれば同日に受けられます。,施術間隔,"あける,いつ,テノールネオ,ヴェルヴェットスキン,施術間隔,次の施術,間隔"
ダーマペンの後にテノールネオはどのくらいあけますか／ダーマペンの後にテノールネオはいつ受けられますか,ダーマペンの後にテノールネオ（同じ部位）を受ける場合、4週間あけてください。別の部位であれば同日に受けられます。 ※ダーマペンは基本4週間ですが、出血状況により医師の指示に従います,施術間隔,"あける,いつ,ダーマペン,テノールネオ,施術間隔,次の施術,間隔"
HARGの後にテノールネオはどのくらいあけますか／HARGの後にテノールネオはいつ受けられますか,HARGの後にテノールネオ（別の部位）を受ける場合、翌日あけてください。,施術間隔,"HARG,あける,いつ,テノールネオ,施術間隔,次の施術,間隔"
スカルプ・プラセンタエッセンスの後にテノールネオはどのくらいあけますか／スカルプ・プラセンタエッセンスの後にテノールネオはいつ受けられますか,スカルプ・プラセンタエッセンスの後にテノールネオ（別の部位）を受ける場合、翌日あけてください。,施術間隔,"あける,いつ,スカルプ・プラセンタエッセンス,テノールネオ,施術間隔,次の施術,間隔"
コラーゲンピールの後にテノールネオはどのくらいあけますか／コラーゲンピールの後にテノールネオはいつ受けられますか,コラーゲンピールの後にテノールネオ（同じ部位）を受ける場合、1週間あけてください。別の部位であれば同日に受けられます。,施術間隔,"あける,いつ,コラーゲンピール,テノールネオ,施術間隔,次の施術,間隔"
サーマクールの後にテノールネオはどのくらいあけますか／サーマクールの後にテノールネオはいつ受けられますか,サーマクールの後にテノールネオ（同じ部位）を受ける場合、2週間あけてください。別の部位であれば同日に受けられます。 ※サーマクールはきっちり6ヶ月あけます,施術間隔,"あける,いつ,サーマクール,テノールネオ,施術間隔,次の施術,間隔"
脱毛の後にテノールネオはどのくらいあけますか／脱毛の後にテノールネオはいつ受けられますか,脱毛の後にテノールネオ（同じ部位）を受ける場合、2週間あけてください。別の部位であれば同日に受けられます。 ※脱毛は1回目→2回目が4週間、2回目以降は8週間（男性のひげは回数にかかわらず2週間）。他院・家庭用脱毛器・毛抜き後は8週間あけます,施術間隔,"あける,いつ,テノールネオ,施術間隔,次の施術,脱毛,間隔"
タトゥーの後にテノールネオはどのくらいあけますか／タトゥーの後にテノールネオはいつ受けられますか,タトゥーの後にテノールネオ（同じ部位）を受ける場合、同部位3ヶ月あけてください。別の部位であれば同日に受けられます。,施術間隔,"あける,いつ,タトゥー,テノールネオ,施術間隔,次の施術,間隔"
アートメイクの後にテノールネオはどのくらいあけますか／アートメイクの後にテノールネオはいつ受けられますか,アートメイクの後にテノールネオ（同じ部位）を受ける場合、2週間あけてください。別の部位であれば同日に受けられます。,施術間隔,"あける,いつ,アートメイク,テノールネオ,施術間隔,次の施術,間隔"
ケミカルピーリングの後にmikoメソッドはどのくらいあけますか／ケミカルピーリングの後にmikoメソッドはいつ受けられますか,ケミカルピーリングの後にmikoメソッド（同じ部位）を受ける場合、2週間あけてください。別の部位であれば同日に受けられます。 ※ピーリングは顔4週間（医師指示で2週間の場合あり）・背中3週間・その他2週間,施術間隔,"mikoメソッド,あける,いつ,ケミカルピーリング,施術間隔,次の施術,間隔"
スマートサイドドット（2回目以降）の後にmikoメソッドはどのくらいあけますか／スマートサイドドット（2回目以降）の後にmikoメソッドはいつ受けられますか,スマートサイドドット（2回目以降）の後にmikoメソッド（同じ部位）を受ける場合、4週間あけてください。別の部位であれば同日に受けられます。,施術間隔,"mikoメソッド,あける,いつ,スマートサイドドット,スマートサイドドット（2回目以降）,施術間隔,次の施術,間隔"
スマートサイドドット（初回）の後にmikoメソッドはどのくらいあけますか／スマートサイドドット（初回）の後にmikoメソッドはいつ受けられますか,スマートサイドドット（初回）の後にmikoメソッド（同じ部位）を受ける場合、3週間あけてください。別の部位であれば同日に受けられます。,施術間隔,"mikoメソッド,あける,いつ,スマートサイドドット,スマートサイドドット（初回）,施術間隔,次の施術,間隔"
イボレーザー/CO2レーザーの後にmikoメソッドはどのくらいあけますか／イボレーザー/CO2レーザーの後にmikoメソッドはいつ受けられますか,イボレーザー/CO2レーザーの後にmikoメソッド（同じ部位）を受ける場合、4週間あけてください。別の部位であれば同日に受けられます。 ※CO2は初回治療は4週間あけます（色素沈着・傷跡の確認のため）,施術間隔,"CO2レーザー,mikoメソッド,あける,いつ,イボレーザー,施術間隔,次の施術,間隔"
レーザートーニングの後にmikoメソッドはどのくらいあけますか／レーザートーニングの後にmikoメソッドはいつ受けられますか,レーザートーニングの後にmikoメソッド（同じ部位）を受ける場合、2週間あけてください。別の部位であれば同日に受けられます。 ※トーニングは1〜5回目は週1回、6回目以降は月1回が目安です,施術間隔,"mikoメソッド,あける,いつ,レーザートーニング,施術間隔,次の施術,間隔"
ピコトーニングの後にmikoメソッドはどのくらいあけますか／ピコトーニングの後にmikoメソッドはいつ受けられますか,ピコトーニングの後にmikoメソッド（同じ部位）を受ける場合、2週間あけてください。別の部位であれば同日に受けられます。 ※トーニングは1〜5回目は週1回、6回目以降は月1回が目安です,施術間隔,"mikoメソッド,あける,いつ,ピコトーニング,施術間隔,次の施術,間隔"
ピコフラクショナルの後にmikoメソッドはどのくらいあけますか／ピコフラクショナルの後にmikoメソッドはいつ受けられますか,ピコフラクショナルの後にmikoメソッド（同じ部位）を受ける場合、3週間あけてください。別の部位であれば同日に受けられます。,施術間隔,"mikoメソッド,あける,いつ,ピコフラクショナル,施術間隔,次の施術,間隔"
そばかすシャワーの後にmikoメソッドはどのくらいあけますか／そばかすシャワーの後にmikoメソッドはいつ受けられますか,そばかすシャワーの後にmikoメソッド（同じ部位）を受ける場合、4週間あけてください。別の部位であれば同日に受けられます。,施術間隔,"mikoメソッド,あける,いつ,そばかすシャワー,施術間隔,次の施術,間隔"
フォト/光治療の後にmikoメソッドはどのくらいあけますか／フォト/光治療の後にmikoメソッドはいつ受けられますか,フォト/光治療の後にmikoメソッド（同じ部位）を受ける場合、2週間あけてください。別の部位であれば同日に受けられます。 ※フォト/光治療は赤ら顔も含め4週間。4〜5回で1クール、1クール後は3ヶ月あけます,施術間隔,"mikoメソッド,あける,いつ,フォト,光治療,施術間隔,次の施術,間隔"
赤み治療の後にmikoメソッドはどのくらいあけますか／赤み治療の後にmikoメソッドはいつ受けられますか,赤み治療の後にmikoメソッドを受ける場合、赤み治療の治療完了後2週間あけてください。,施術間隔,"mikoメソッド,あける,いつ,施術間隔,次の施術,赤み治療,間隔"
ボトックスの後にmikoメソッドはどのくらいあけますか／ボトックスの後にmikoメソッドはいつ受けられますか,ボトックスの後にmikoメソッド（同じ部位）を受ける場合、2週間あけてください。別の部位であれば同日に受けられます。 ※ボトックスはきっちり4ヶ月（マイクロボトックスは3ヶ月）あけます。追加注入は医師の判断によります,施術間隔,"mikoメソッド,あける,いつ,ボトックス,施術間隔,次の施術,間隔"
ボトックス（マイクロ）の後にmikoメソッドはどのくらいあけますか／ボトックス（マイクロ）の後にmikoメソッドはいつ受けられますか,ボトックス（マイクロ）の後にmikoメソッド（同じ部位）を受ける場合、2週間あけてください。別の部位であれば同日に受けられます。 ※ボトックスはきっちり4ヶ月（マイクロボトックスは3ヶ月）あけます。追加注入は医師の判断によります,施術間隔,"mikoメソッド,あける,いつ,ボトックス,ボトックス（マイクロ）,施術間隔,次の施術,間隔"
テノールネオの後にmikoメソッドはどのくらいあけますか／テノールネオの後にmikoメソッドはいつ受けられますか,テノールネオの後にmikoメソッドを受ける場合、同日に受けられます。,施術間隔,"mikoメソッド,あける,いつ,テノールネオ,施術間隔,次の施術,間隔"
フラルスキン（トレチ）の後にmikoメソッドはどのくらいあけますか／フラルスキン（トレチ）の後にmikoメソッドはいつ受けられますか,フラルスキン（トレチ）の後にmikoメソッドを受ける場合、トレチノインを使用しているときのみ1週間あけてください（それ以外は医師にご確認ください）。,施術間隔,"mikoメソッド,あける,いつ,フラルスキン,フラルスキン（トレチ）,施術間隔,次の施術,間隔"
部分シミ（トレチ）の後にmikoメソッドはどのくらいあけますか／部分シミ（トレチ）の後にmikoメソッドはいつ受けられますか,部分シミ（トレチ）の後にmikoメソッド（同じ部位）を受ける場合、4週間あけてください。別の部位であれば同日に受けられます。,施術間隔,"mikoメソッド,あける,いつ,施術間隔,次の施術,部分シミ,部分シミ（トレチ）,間隔"
mikoメソッドの後にmikoメソッドはどのくらいあけますか／mikoメソッドの後にmikoメソッドはいつ受けられますか,mikoメソッドの後にmikoメソッド（同じ部位）を受ける場合、2週間あけてください。別の部位であれば同日に受けられます。,施術間隔,"mikoメソッド,あける,いつ,施術間隔,次の施術,間隔"
ほくろ切除/ほくろ除去の後にmikoメソッドはどのくらいあけますか／ほくろ切除/ほくろ除去の後にmikoメソッドはいつ受けられますか,ほくろ切除/ほくろ除去の後にmikoメソッドを受ける場合、傷が上皮化してから4週間あけてください。,施術間隔,"mikoメソッド,あける,いつ,ほくろ切除,ほくろ除去,施術間隔,次の施術,間隔"
ボライトの後にmikoメソッドはどのくらいあけますか／ボライトの後にmikoメソッドはいつ受けられますか,ボライトの後にmikoメソッド（同じ部位）を受ける場合、4週間あけてください。別の部位であれば同日に受けられます。,施術間隔,"mikoメソッド,あける,いつ,ボライト,施術間隔,次の施術,間隔"
稗粒腫の後にmikoメソッドはどのくらいあけますか／稗粒腫の後にmikoメソッドはいつ受けられますか,稗粒腫の後にmikoメソッド（同じ部位）を受ける場合、1週間あけてください。別の部位であれば同日に受けられます。,施術間隔,"mikoメソッド,あける,いつ,施術間隔,次の施術,稗粒腫,間隔"
ヴェルヴェットスキンの後にmikoメソッドはどのくらいあけますか／ヴェルヴェットスキンの後にmikoメソッドはいつ受けられますか,ヴェルヴェットスキンの後にmikoメソッド（別の部位）を受ける場合、翌日あけてください。,施術間隔,"mikoメソッド,あける,いつ,ヴェルヴェットスキン,施術間隔,次の施術,間隔"
ダーマペンの後にmikoメソッドはどのくらいあけますか／ダーマペンの後にmikoメソッドはいつ受けられますか,ダーマペンの後にmikoメソッド（別の部位）を受ける場合、翌日あけてください。 ※ダーマペンは基本4週間ですが、出血状況により医師の指示に従います,施術間隔,"mikoメソッド,あける,いつ,ダーマペン,施術間隔,次の施術,間隔"
HARGの後にmikoメソッドはどのくらいあけますか／HARGの後にmikoメソッドはいつ受けられますか,HARGの後にmikoメソッド（別の部位）を受ける場合、翌日あけてください。,施術間隔,"HARG,mikoメソッド,あける,いつ,施術間隔,次の施術,間隔"
スカルプ・プラセンタエッセンスの後にmikoメソッドはどのくらいあけますか／スカルプ・プラセンタエッセンスの後にmikoメソッドはいつ受けられますか,スカルプ・プラセンタエッセンスの後にmikoメソッド（別の部位）を受ける場合、翌日あけてください。,施術間隔,"mikoメソッド,あける,いつ,スカルプ・プラセンタエッセンス,施術間隔,次の施術,間隔"
コラーゲンピールの後にmikoメソッドはどのくらいあけますか／コラーゲンピールの後にmikoメソッドはいつ受けられますか,コラーゲンピールの後にmikoメソッド（同じ部位）を受ける場合、1週間あけてください。別の部位であれば同日に受けられます。,施術間隔,"mikoメソッド,あける,いつ,コラーゲンピール,施術間隔,次の施術,間隔"
サーマクールの後にmikoメソッドはどのくらいあけますか／サーマクールの後にmikoメソッドはいつ受けられますか,サーマクールの後にmikoメソッド（同じ部位）を受ける場合、2週間あけてください。別の部位であれば同日に受けられます。 ※サーマクールはきっちり6ヶ月あけます,施術間隔,"mikoメソッド,あける,いつ,サーマクール,施術間隔,次の施術,間隔"
脱毛の後にmikoメソッドはどのくらいあけますか／脱毛の後にmikoメソッドはいつ受けられますか,脱毛の後にmikoメソッド（同じ部位）を受ける場合、2週間あけてください。別の部位であれば同日に受けられます。 ※脱毛は1回目→2回目が4週間、2回目以降は8週間（男性のひげは回数にかかわらず2週間）。他院・家庭用脱毛器・毛抜き後は8週間あけます,施術間隔,"mikoメソッド,あける,いつ,施術間隔,次の施術,脱毛,間隔"
タトゥーの後にmikoメソッドはどのくらいあけますか／タトゥーの後にmikoメソッドはいつ受けられますか,タトゥーの後にmikoメソッド（同じ部位）を受ける場合、同部位3ヶ月あけてください。別の部位であれば同日に受けられます。,施術間隔,"mikoメソッド,あける,いつ,タトゥー,施術間隔,次の施術,間隔"
アートメイクの後にmikoメソッドはどのくらいあけますか／アートメイクの後にmikoメソッドはいつ受けられますか,アートメイクの後にmikoメソッド（同じ部位）を受ける場合、2週間あけてください。別の部位であれば同日に受けられます。,施術間隔,"mikoメソッド,あける,いつ,アートメイク,施術間隔,次の施術,間隔"
ハイドラジェントルの後にほくろ切除/ほくろ除去はどのくらいあけますか／ハイドラジェントルの後にほくろ切除/ほくろ除去はいつ受けられますか,ハイドラジェントルの後にほくろ切除/ほくろ除去を受ける場合、同日に受けられます。 ※面の治療との併用は初回は同日不可（2回目以降は同日可、ハイドラ先）。局所治療との併用は初回から同日可,施術間隔,"あける,いつ,ほくろ切除,ほくろ除去,ハイドラジェントル,施術間隔,次の施術,間隔"
ケミカルピーリングの後にほくろ切除/ほくろ除去はどのくらいあけますか／ケミカルピーリングの後にほくろ切除/ほくろ除去はいつ受けられますか,ケミカルピーリングの後にほくろ切除/ほくろ除去（同じ部位）を受ける場合、2週間あけてください。別の部位であれば同日に受けられます。 ※ピーリングは顔4週間（医師指示で2週間の場合あり）・背中3週間・その他2週間,施術間隔,"あける,いつ,ほくろ切除,ほくろ除去,ケミカルピーリング,施術間隔,次の施術,間隔"
スマートサイドドット（2回目以降）の後にほくろ切除/ほくろ除去はどのくらいあけますか／スマートサイドドット（2回目以降）の後にほくろ切除/ほくろ除去はいつ受けられますか,スマートサイドドット（2回目以降）の後にほくろ切除/ほくろ除去（同じ部位）を受ける場合、4週間あけてください。別の部位であれば同日に受けられます。,施術間隔,"あける,いつ,ほくろ切除,ほくろ除去,スマートサイドドット,スマートサイドドット（2回目以降）,施術間隔,次の施術,間隔"
スマートサイドドット（初回）の後にほくろ切除/ほくろ除去はどのくらいあけますか／スマートサイドドット（初回）の後にほくろ切除/ほくろ除去はいつ受けられますか,スマートサイドドット（初回）の後にほくろ切除/ほくろ除去（同じ部位）を受ける場合、3週間あけてください。別の部位であれば同日に受けられます。,施術間隔,"あける,いつ,ほくろ切除,ほくろ除去,スマートサイドドット,スマートサイドドット（初回）,施術間隔,次の施術,間隔"
イボレーザー/CO2レーザーの後にほくろ切除/ほくろ除去はどのくらいあけますか／イボレーザー/CO2レーザーの後にほくろ切除/ほくろ除去はいつ受けられますか,イボレーザー/CO2レーザーの後にほくろ切除/ほくろ除去（同じ部位）を受ける場合、4週間あけてください。別の部位であれば同日に受けられます。 ※CO2は初回治療は4週間あけます（色素沈着・傷跡の確認のため）,施術間隔,"CO2レーザー,あける,いつ,ほくろ切除,ほくろ除去,イボレーザー,施術間隔,次の施術,間隔"
シミ取りレーザーの後にほくろ切除/ほくろ除去はどのくらいあけますか／シミ取りレーザーの後にほくろ切除/ほくろ除去はいつ受けられますか,シミ取りレーザーの後にほくろ切除/ほくろ除去（同じ部位）を受ける場合、4週間あけてください。別の部位であれば同日に受けられます。,施術間隔,"あける,いつ,ほくろ切除,ほくろ除去,シミ取りレーザー,施術間隔,次の施術,間隔"
ADM/ピコレーザの後にほくろ切除/ほくろ除去はどのくらいあけますか／ADM/ピコレーザの後にほくろ切除/ほくろ除去はいつ受けられますか,ADM/ピコレーザの後にほくろ切除/ほくろ除去を受ける場合、ADM/ピコレーザの治療完了後4週間あけてください。,施術間隔,"ADM,あける,いつ,ほくろ切除,ほくろ除去,ピコレーザ,施術間隔,次の施術,間隔"
ADM/ナノレーザーの後にほくろ切除/ほくろ除去はどのくらいあけますか／ADM/ナノレーザーの後にほくろ切除/ほくろ除去はいつ受けられますか,ADM/ナノレーザーの後にほくろ切除/ほくろ除去を受ける場合、ADM/ナノレーザーの治療完了後4週間あけてください。,施術間隔,"ADM,あける,いつ,ほくろ切除,ほくろ除去,ナノレーザー,施術間隔,次の施術,間隔"
レーザートーニングの後にほくろ切除/ほくろ除去はどのくらいあけますか／レーザートーニングの後にほくろ切除/ほくろ除去はいつ受けられますか,レーザートーニングの後にほくろ切除/ほくろ除去（同じ部位）を受ける場合、1週間あけてください。別の部位であれば同日に受けられます。 ※トーニングは1〜5回目は週1回、6回目以降は月1回が目安です,施術間隔,"あける,いつ,ほくろ切除,ほくろ除去,レーザートーニング,施術間隔,次の施術,間隔"
ピコトーニングの後にほくろ切除/ほくろ除去はどのくらいあけますか／ピコトーニングの後にほくろ切除/ほくろ除去はいつ受けられますか,ピコトーニングの後にほくろ切除/ほくろ除去（同じ部位）を受ける場合、2週間あけてください。別の部位であれば同日に受けられます。 ※トーニングは1〜5回目は週1回、6回目以降は月1回が目安です,施術間隔,"あける,いつ,ほくろ切除,ほくろ除去,ピコトーニング,施術間隔,次の施術,間隔"
ピコフラクショナルの後にほくろ切除/ほくろ除去はどのくらいあけますか／ピコフラクショナルの後にほくろ切除/ほくろ除去はいつ受けられますか,ピコフラクショナルの後にほくろ切除/ほくろ除去（同じ部位）を受ける場合、3週間あけてください。別の部位であれば同日に受けられます。,施術間隔,"あける,いつ,ほくろ切除,ほくろ除去,ピコフラクショナル,施術間隔,次の施術,間隔"
そばかすシャワーの後にほくろ切除/ほくろ除去はどのくらいあけますか／そばかすシャワーの後にほくろ切除/ほくろ除去はいつ受けられますか,そばかすシャワーの後にほくろ切除/ほくろ除去（同じ部位）を受ける場合、4週間あけてください。別の部位であれば同日に受けられます。,施術間隔,"あける,いつ,そばかすシャワー,ほくろ切除,ほくろ除去,施術間隔,次の施術,間隔"
そばかすスポットの後にほくろ切除/ほくろ除去はどのくらいあけますか／そばかすスポットの後にほくろ切除/ほくろ除去はいつ受けられますか,そばかすスポットの後にほくろ切除/ほくろ除去（同じ部位）を受ける場合、4週間あけてください。別の部位であれば同日に受けられます。 ※取り残しは3週間以内、それ以外は3ヶ月以上あけます,施術間隔,"あける,いつ,そばかすスポット,ほくろ切除,ほくろ除去,施術間隔,次の施術,間隔"
フォト/光治療の後にほくろ切除/ほくろ除去はどのくらいあけますか／フォト/光治療の後にほくろ切除/ほくろ除去はいつ受けられますか,フォト/光治療の後にほくろ切除/ほくろ除去（同じ部位）を受ける場合、2週間あけてください。別の部位であれば同日に受けられます。 ※フォト/光治療は赤ら顔も含め4週間。4〜5回で1クール、1クール後は3ヶ月あけます,施術間隔,"あける,いつ,ほくろ切除,ほくろ除去,フォト,光治療,施術間隔,次の施術,間隔"
赤み治療の後にほくろ切除/ほくろ除去はどのくらいあけますか／赤み治療の後にほくろ切除/ほくろ除去はいつ受けられますか,赤み治療の後にほくろ切除/ほくろ除去を受ける場合、赤み治療の治療完了後2週間あけてください。,施術間隔,"あける,いつ,ほくろ切除,ほくろ除去,施術間隔,次の施術,赤み治療,間隔"
ボトックスの後にほくろ切除/ほくろ除去はどのくらいあけますか／ボトックスの後にほくろ切除/ほくろ除去はいつ受けられますか,ボトックスの後にほくろ切除/ほくろ除去（同じ部位）を受ける場合、2週間あけてください。別の部位であれば同日に受けられます。 ※ボトックスはきっちり4ヶ月（マイクロボトックスは3ヶ月）あけます。追加注入は医師の判断によります,施術間隔,"あける,いつ,ほくろ切除,ほくろ除去,ボトックス,施術間隔,次の施術,間隔"
ボトックス（マイクロ）の後にほくろ切除/ほくろ除去はどのくらいあけますか／ボトックス（マイクロ）の後にほくろ切除/ほくろ除去はいつ受けられますか,ボトックス（マイクロ）の後にほくろ切除/ほくろ除去（同じ部位）を受ける場合、2週間あけてください。別の部位であれば同日に受けられます。 ※ボトックスはきっちり4ヶ月（マイクロボトックスは3ヶ月）あけます。追加注入は医師の判断によります,施術間隔,"あける,いつ,ほくろ切除,ほくろ除去,ボトックス,ボトックス（マイクロ）,施術間隔,次の施術,間隔"
テノールネオの後にほくろ切除/ほくろ除去はどのくらいあけますか／テノールネオの後にほくろ切除/ほくろ除去はいつ受けられますか,テノールネオの後にほくろ切除/ほくろ除去を受ける場合、同日に受けられます。,施術間隔,"あける,いつ,ほくろ切除,ほくろ除去,テノールネオ,施術間隔,次の施術,間隔"
フラルスキン（トレチ）の後にほくろ切除/ほくろ除去はどのくらいあけますか／フラルスキン（トレチ）の後にほくろ切除/ほくろ除去はいつ受けられますか,フラルスキン（トレチ）の後にほくろ切除/ほくろ除去を受ける場合、トレチノインを使用しているときのみ1週間あけてください（それ以外は医師にご確認ください）。,施術間隔,"あける,いつ,ほくろ切除,ほくろ除去,フラルスキン,フラルスキン（トレチ）,施術間隔,次の施術,間隔"
部分シミ（トレチ）の後にほくろ切除/ほくろ除去はどのくらいあけますか／部分シミ（トレチ）の後にほくろ切除/ほくろ除去はいつ受けられますか,部分シミ（トレチ）の後にほくろ切除/ほくろ除去（同じ部位）を受ける場合、4週間(翌日)あけてください。別の部位であれば同日に受けられます。,施術間隔,"あける,いつ,ほくろ切除,ほくろ除去,施術間隔,次の施術,部分シミ,部分シミ（トレチ）,間隔"
ほくろ切除/ほくろ除去の後にほくろ切除/ほくろ除去はどのくらいあけますか／ほくろ切除/ほくろ除去の後にほくろ切除/ほくろ除去はいつ受けられますか,ほくろ切除/ほくろ除去の後にほくろ切除/ほくろ除去（同じ部位）を受ける場合、3ヶ月あけてください。別の部位であれば同日に受けられます。,施術間隔,"あける,いつ,ほくろ切除,ほくろ除去,施術間隔,次の施術,間隔"
ボライトの後にほくろ切除/ほくろ除去はどのくらいあけますか／ボライトの後にほくろ切除/ほくろ除去はいつ受けられますか,ボライトの後にほくろ切除/ほくろ除去（同じ部位）を受ける場合、4週間あけてください。別の部位であれば同日に受けられます。,施術間隔,"あける,いつ,ほくろ切除,ほくろ除去,ボライト,施術間隔,次の施術,間隔"
ヴェルヴェットスキンの後にほくろ切除/ほくろ除去はどのくらいあけますか／ヴェルヴェットスキンの後にほくろ切除/ほくろ除去はいつ受けられますか,ヴェルヴェットスキンの後にほくろ切除/ほくろ除去（同じ部位）を受ける場合、4週間あけてください。別の部位であれば同日に受けられます。,施術間隔,"あける,いつ,ほくろ切除,ほくろ除去,ヴェルヴェットスキン,施術間隔,次の施術,間隔"
ダーマペンの後にほくろ切除/ほくろ除去はどのくらいあけますか／ダーマペンの後にほくろ切除/ほくろ除去はいつ受けられますか,ダーマペンの後にほくろ切除/ほくろ除去（同じ部位）を受ける場合、4週間あけてください。別の部位であれば同日に受けられます。 ※ダーマペンは基本4週間ですが、出血状況により医師の指示に従います,施術間隔,"あける,いつ,ほくろ切除,ほくろ除去,ダーマペン,施術間隔,次の施術,間隔"
HARGの後にほくろ切除/ほくろ除去はどのくらいあけますか／HARGの後にほくろ切除/ほくろ除去はいつ受けられますか,HARGの後にほくろ切除/ほくろ除去（別の部位）を受ける場合、翌日あけてください。,施術間隔,"HARG,あける,いつ,ほくろ切除,ほくろ除去,施術間隔,次の施術,間隔"
スカルプ・プラセンタエッセンスの後にほくろ切除/ほくろ除去はどのくらいあけますか／スカルプ・プラセンタエッセンスの後にほくろ切除/ほくろ除去はいつ受けられますか,スカルプ・プラセンタエッセンスの後にほくろ切除/ほくろ除去（別の部位）を受ける場合、翌日あけてください。,施術間隔,"あける,いつ,ほくろ切除,ほくろ除去,スカルプ・プラセンタエッセンス,施術間隔,次の施術,間隔"
コラーゲンピールの後にほくろ切除/ほくろ除去はどのくらいあけますか／コラーゲンピールの後にほくろ切除/ほくろ除去はいつ受けられますか,コラーゲンピールの後にほくろ切除/ほくろ除去（同じ部位）を受ける場合、1週間あけてください。別の部位であれば同日に受けられます。,施術間隔,"あける,いつ,ほくろ切除,ほくろ除去,コラーゲンピール,施術間隔,次の施術,間隔"
サーマクールの後にほくろ切除/ほくろ除去はどのくらいあけますか／サーマクールの後にほくろ切除/ほくろ除去はいつ受けられますか,サーマクールの後にほくろ切除/ほくろ除去（同じ部位）を受ける場合、2週間あけてください。別の部位であれば同日に受けられます。 ※サーマクールはきっちり6ヶ月あけます,施術間隔,"あける,いつ,ほくろ切除,ほくろ除去,サーマクール,施術間隔,次の施術,間隔"
脱毛の後にほくろ切除/ほくろ除去はどのくらいあけますか／脱毛の後にほくろ切除/ほくろ除去はいつ受けられますか,脱毛の後にほくろ切除/ほくろ除去（同じ部位）を受ける場合、2週間あけてください。別の部位であれば同日に受けられます。 ※脱毛は1回目→2回目が4週間、2回目以降は8週間（男性のひげは回数にかかわらず2週間）。他院・家庭用脱毛器・毛抜き後は8週間あけます,施術間隔,"あける,いつ,ほくろ切除,ほくろ除去,施術間隔,次の施術,脱毛,間隔"
タトゥーの後にほくろ切除/ほくろ除去はどのくらいあけますか／タトゥーの後にほくろ切除/ほくろ除去はいつ受けられますか,タトゥーの後にほくろ切除/ほくろ除去（同じ部位）を受ける場合、同部位3ヶ月あけてください。別の部位であれば同日に受けられます。,施術間隔,"あける,いつ,ほくろ切除,ほくろ除去,タトゥー,施術間隔,次の施術,間隔"
アートメイクの後にほくろ切除/ほくろ除去はどのくらいあけますか／アートメイクの後にほくろ切除/ほくろ除去はいつ受けられますか,アートメイクの後にほくろ切除/ほくろ除去（同じ部位）を受ける場合、2週間あけてください。別の部位であれば同日に受けられます。,施術間隔,"あける,いつ,ほくろ切除,ほくろ除去,アートメイク,施術間隔,次の施術,間隔"
ハイドラジェントルの後にボライトはどのくらいあけますか／ハイドラジェントルの後にボライトはいつ受けられますか,ハイドラジェントルの後にボライトを受ける場合、同日に受けられます。 ※面の治療との併用は初回は同日不可（2回目以降は同日可、ハイドラ先）。局所治療との併用は初回から同日可,施術間隔,"あける,いつ,ハイドラジェントル,ボライト,施術間隔,次の施術,間隔"
ケミカルピーリングの後にボライトはどのくらいあけますか／ケミカルピーリングの後にボライトはいつ受けられますか,ケミカルピーリングの後にボライト（同じ部位）を受ける場合、2週間あけてください。別の部位であれば同日に受けられます。 ※ピーリングは顔4週間（医師指示で2週間の場合あり）・背中3週間・その他2週間,施術間隔,"あける,いつ,ケミカルピーリング,ボライト,施術間隔,次の施術,間隔"
スマートサイドドット（2回目以降）の後にボライトはどのくらいあけますか／スマートサイドドット（2回目以降）の後にボライトはいつ受けられますか,スマートサイドドット（2回目以降）の後にボライト（同じ部位）を受ける場合、4週間あけてください。別の部位であれば同日に受けられます。,施術間隔,"あける,いつ,スマートサイドドット,スマートサイドドット（2回目以降）,ボライト,施術間隔,次の施術,間隔"
スマートサイドドット（初回）の後にボライトはどのくらいあけますか／スマートサイドドット（初回）の後にボライトはいつ受けられますか,スマートサイドドット（初回）の後にボライト（同じ部位）を受ける場合、3週間あけてください。別の部位であれば同日に受けられます。,施術間隔,"あける,いつ,スマートサイドドット,スマートサイドドット（初回）,ボライト,施術間隔,次の施術,間隔"
イボレーザー/CO2レーザーの後にボライトはどのくらいあけますか／イボレーザー/CO2レーザーの後にボライトはいつ受けられますか,イボレーザー/CO2レーザーの後にボライト（同じ部位）を受ける場合、4週間あけてください。別の部位であれば同日に受けられます。 ※CO2は初回治療は4週間あけます（色素沈着・傷跡の確認のため）,施術間隔,"CO2レーザー,あける,いつ,イボレーザー,ボライト,施術間隔,次の施術,間隔"
シミ取りレーザーの後にボライトはどのくらいあけますか／シミ取りレーザーの後にボライトはいつ受けられますか,シミ取りレーザーの後にボライト（同じ部位）を受ける場合、4週間あけてください。別の部位であれば同日に受けられます。,施術間隔,"あける,いつ,シミ取りレーザー,ボライト,施術間隔,次の施術,間隔"
ADM/ピコレーザの後にボライトはどのくらいあけますか／ADM/ピコレーザの後にボライトはいつ受けられますか,ADM/ピコレーザの後にボライトを受ける場合、ADM/ピコレーザの治療完了後4週間あけてください。,施術間隔,"ADM,あける,いつ,ピコレーザ,ボライト,施術間隔,次の施術,間隔"
ADM/ナノレーザーの後にボライトはどのくらいあけますか／ADM/ナノレーザーの後にボライトはいつ受けられますか,ADM/ナノレーザーの後にボライトを受ける場合、ADM/ナノレーザーの治療完了後4週間あけてください。,施術間隔,"ADM,あける,いつ,ナノレーザー,ボライト,施術間隔,次の施術,間隔"
レーザートーニングの後にボライトはどのくらいあけますか／レーザートーニングの後にボライトはいつ受けられますか,レーザートーニングの後にボライト（同じ部位）を受ける場合、1週間あけてください。別の部位であれば同日に受けられます。 ※トーニングは1〜5回目は週1回、6回目以降は月1回が目安です,施術間隔,"あける,いつ,ボライト,レーザートーニング,施術間隔,次の施術,間隔"
ピコトーニングの後にボライトはどのくらいあけますか／ピコトーニングの後にボライトはいつ受けられますか,ピコトーニングの後にボライト（同じ部位）を受ける場合、2週間あけてください。別の部位であれば同日に受けられます。 ※トーニングは1〜5回目は週1回、6回目以降は月1回が目安です,施術間隔,"あける,いつ,ピコトーニング,ボライト,施術間隔,次の施術,間隔"
ピコフラクショナルの後にボライトはどのくらいあけますか／ピコフラクショナルの後にボライトはいつ受けられますか,ピコフラクショナルの後にボライト（同じ部位）を受ける場合、4週間あけてください。別の部位であれば同日に受けられます。,施術間隔,"あける,いつ,ピコフラクショナル,ボライト,施術間隔,次の施術,間隔"
そばかすシャワーの後にボライトはどのくらいあけますか／そばかすシャワーの後にボライトはいつ受けられますか,そばかすシャワーの後にボライト（同じ部位）を受ける場合、4週間あけてください。別の部位であれば同日に受けられます。,施術間隔,"あける,いつ,そばかすシャワー,ボライト,施術間隔,次の施術,間隔"
そばかすスポットの後にボライトはどのくらいあけますか／そばかすスポットの後にボライトはいつ受けられますか,そばかすスポットの後にボライト（同じ部位）を受ける場合、4週間あけてください。別の部位であれば同日に受けられます。 ※取り残しは3週間以内、それ以外は3ヶ月以上あけます,施術間隔,"あける,いつ,そばかすスポット,ボライト,施術間隔,次の施術,間隔"
フォト/光治療の後にボライトはどのくらいあけますか／フォト/光治療の後にボライトはいつ受けられますか,フォト/光治療の後にボライト（同じ部位）を受ける場合、1週間あけてください。別の部位であれば同日に受けられます。 ※フォト/光治療は赤ら顔も含め4週間。4〜5回で1クール、1クール後は3ヶ月あけます,施術間隔,"あける,いつ,フォト,ボライト,光治療,施術間隔,次の施術,間隔"
赤み治療の後にボライトはどのくらいあけますか／赤み治療の後にボライトはいつ受けられますか,赤み治療の後にボライトを受ける場合、赤み治療の治療完了後2週間あけてください。,施術間隔,"あける,いつ,ボライト,施術間隔,次の施術,赤み治療,間隔"
ボトックスの後にボライトはどのくらいあけますか／ボトックスの後にボライトはいつ受けられますか,ボトックスの後にボライト（同じ部位）を受ける場合、2週間あけてください。別の部位であれば同日に受けられます。 ※ボトックスはきっちり4ヶ月（マイクロボトックスは3ヶ月）あけます。追加注入は医師の判断によります,施術間隔,"あける,いつ,ボトックス,ボライト,施術間隔,次の施術,間隔"
ボトックス（マイクロ）の後にボライトはどのくらいあけますか／ボトックス（マイクロ）の後にボライトはいつ受けられますか,ボトックス（マイクロ）の後にボライト（同じ部位）を受ける場合、2週間あけてください。別の部位であれば同日に受けられます。 ※ボトックスはきっちり4ヶ月（マイクロボトックスは3ヶ月）あけます。追加注入は医師の判断によります,施術間隔,"あける,いつ,ボトックス,ボトックス（マイクロ）,ボライト,施術間隔,次の施術,間隔"
テノールネオの後にボライトはどのくらいあけますか／テノールネオの後にボライトはいつ受けられますか,テノールネオの後にボライト（同じ部位）を受ける場合、1週間あけてください。別の部位であれば同日に受けられます。,施術間隔,"あける,いつ,テノールネオ,ボライト,施術間隔,次の施術,間隔"
フラルスキン（トレチ）の後にボライトはどのくらいあけますか／フラルスキン（トレチ）の後にボライトはいつ受けられますか,フラルスキン（トレチ）の後にボライトを受ける場合、トレチノインを使用しているときのみ1週間あけてください（それ以外は医師にご確認ください）。,施術間隔,"あける,いつ,フラルスキン,フラルスキン（トレチ）,ボライト,施術間隔,次の施術,間隔"
部分シミ（トレチ）の後にボライトはどのくらいあけますか／部分シミ（トレチ）の後にボライトはいつ受けられますか,部分シミ（トレチ）の後にボライト（同じ部位）を受ける場合、4週間あけてください。別の部位であれば同日に受けられます。,施術間隔,"あける,いつ,ボライト,施術間隔,次の施術,部分シミ,部分シミ（トレチ）,間隔"
mikoメソッドの後にボライトはどのくらいあけますか／mikoメソッドの後にボライトはいつ受けられますか,mikoメソッドの後にボライト（同じ部位）を受ける場合、4週間あけてください。別の部位であれば同日に受けられます。,施術間隔,"mikoメソッド,あける,いつ,ボライト,施術間隔,次の施術,間隔"
ほくろ切除/ほくろ除去の後にボライトはどのくらいあけますか／ほくろ切除/ほくろ除去の後にボライトはいつ受けられますか,ほくろ切除/ほくろ除去の後にボライトを受ける場合、傷が上皮化してから4週間あけてください。,施術間隔,"あける,いつ,ほくろ切除,ほくろ除去,ボライト,施術間隔,次の施術,間隔"
ボライトの後にボライトはどのくらいあけますか／ボライトの後にボライトはいつ受けられますか,ボライトの後にボライト（同じ部位）を受ける場合、4週間あけてください。別の部位であれば同日に受けられます。,施術間隔,"あける,いつ,ボライト,施術間隔,次の施術,間隔"
稗粒腫の後にボライトはどのくらいあけますか／稗粒腫の後にボライトはいつ受けられますか,稗粒腫の後にボライト（同じ部位）を受ける場合、1週間あけてください。別の部位であれば同日に受けられます。,施術間隔,"あける,いつ,ボライト,施術間隔,次の施術,稗粒腫,間隔"
ヴェルヴェットスキンの後にボライトはどのくらいあけますか／ヴェルヴェットスキンの後にボライトはいつ受けられますか,ヴェルヴェットスキンの後にボライト（同じ部位）を受ける場合、4週間あけてください。別の部位であれば同日に受けられます。,施術間隔,"あける,いつ,ボライト,ヴェルヴェットスキン,施術間隔,次の施術,間隔"
ダーマペンの後にボライトはどのくらいあけますか／ダーマペンの後にボライトはいつ受けられますか,ダーマペンの後にボライト（同じ部位）を受ける場合、4週間あけてください。別の部位であれば同日に受けられます。 ※ダーマペンは基本4週間ですが、出血状況により医師の指示に従います,施術間隔,"あける,いつ,ダーマペン,ボライト,施術間隔,次の施術,間隔"
HARGの後にボライトはどのくらいあけますか／HARGの後にボライトはいつ受けられますか,HARGの後にボライト（別の部位）を受ける場合、翌日あけてください。,施術間隔,"HARG,あける,いつ,ボライト,施術間隔,次の施術,間隔"
スカルプ・プラセンタエッセンスの後にボライトはどのくらいあけますか／スカルプ・プラセンタエッセンスの後にボライトはいつ受けられますか,スカルプ・プラセンタエッセンスの後にボライト（別の部位）を受ける場合、翌日あけてください。,施術間隔,"あける,いつ,スカルプ・プラセンタエッセンス,ボライト,施術間隔,次の施術,間隔"
コラーゲンピールの後にボライトはどのくらいあけますか／コラーゲンピールの後にボライトはいつ受けられますか,コラーゲンピールの後にボライト（同じ部位）を受ける場合、1週間あけてください。別の部位であれば同日に受けられます。,施術間隔,"あける,いつ,コラーゲンピール,ボライト,施術間隔,次の施術,間隔"
サーマクールの後にボライトはどのくらいあけますか／サーマクールの後にボライトはいつ受けられますか,サーマクールの後にボライト（同じ部位）を受ける場合、2週間あけてください。別の部位であれば同日に受けられます。 ※サーマクールはきっちり6ヶ月あけます,施術間隔,"あける,いつ,サーマクール,ボライト,施術間隔,次の施術,間隔"
脱毛の後にボライトはどのくらいあけますか／脱毛の後にボライトはいつ受けられますか,脱毛の後にボライト（同じ部位）を受ける場合、2週間あけてください。別の部位であれば同日に受けられます。 ※脱毛は1回目→2回目が4週間、2回目以降は8週間（男性のひげは回数にかかわらず2週間）。他院・家庭用脱毛器・毛抜き後は8週間あけます,施術間隔,"あける,いつ,ボライト,施術間隔,次の施術,脱毛,間隔"
タトゥーの後にボライトはどのくらいあけますか／タトゥーの後にボライトはいつ受けられますか,タトゥーの後にボライト（同じ部位）を受ける場合、同部位3ヶ月あけてください。別の部位であれば同日に受けられます。,施術間隔,"あける,いつ,タトゥー,ボライト,施術間隔,次の施術,間隔"
アートメイクの後にボライトはどのくらいあけますか／アートメイクの後にボライトはいつ受けられますか,アートメイクの後にボライト（同じ部位）を受ける場合、2週間あけてください。別の部位であれば同日に受けられます。,施術間隔,"あける,いつ,アートメイク,ボライト,施術間隔,次の施術,間隔"
ハイドラジェントルの後に稗粒腫はどのくらいあけますか／ハイドラジェントルの後に稗粒腫はいつ受けられますか,ハイドラジェントルの後に稗粒腫を受ける場合、同日に受けられます。 ※面の治療との併用は初回は同日不可（2回目以降は同日可、ハイドラ先）。局所治療との併用は初回から同日可,施術間隔,"あける,いつ,ハイドラジェントル,施術間隔,次の施術,稗粒腫,間隔"
ケミカルピーリングの後に稗粒腫はどのくらいあけますか／ケミカルピーリングの後に稗粒腫はいつ受けられますか,ケミカルピーリングの後に稗粒腫（同じ部位）を受ける場合、2週間あけてください。別の部位であれば同日に受けられます。 ※ピーリングは顔4週間（医師指示で2週間の場合あり）・背中3週間・その他2週間,施術間隔,"あける,いつ,ケミカルピーリング,施術間隔,次の施術,稗粒腫,間隔"
スマートサイドドット（2回目以降）の後に稗粒腫はどのくらいあけますか／スマートサイドドット（2回目以降）の後に稗粒腫はいつ受けられますか,スマートサイドドット（2回目以降）の後に稗粒腫（同じ部位）を受ける場合、4週間あけてください。別の部位であれば同日に受けられます。,施術間隔,"あける,いつ,スマートサイドドット,スマートサイドドット（2回目以降）,施術間隔,次の施術,稗粒腫,間隔"
スマートサイドドット（初回）の後に稗粒腫はどのくらいあけますか／スマートサイドドット（初回）の後に稗粒腫はいつ受けられますか,スマートサイドドット（初回）の後に稗粒腫（同じ部位）を受ける場合、3週間あけてください。別の部位であれば同日に受けられます。,施術間隔,"あける,いつ,スマートサイドドット,スマートサイドドット（初回）,施術間隔,次の施術,稗粒腫,間隔"
イボレーザー/CO2レーザーの後に稗粒腫はどのくらいあけますか／イボレーザー/CO2レーザーの後に稗粒腫はいつ受けられますか,イボレーザー/CO2レーザーの後に稗粒腫（同じ部位）を受ける場合、4週間あけてください。別の部位であれば同日に受けられます。 ※CO2は初回治療は4週間あけます（色素沈着・傷跡の確認のため）,施術間隔,"CO2レーザー,あける,いつ,イボレーザー,施術間隔,次の施術,稗粒腫,間隔"
シミ取りレーザーの後に稗粒腫はどのくらいあけますか／シミ取りレーザーの後に稗粒腫はいつ受けられますか,シミ取りレーザーの後に稗粒腫（同じ部位）を受ける場合、4週間あけてください。別の部位であれば同日に受けられます。,施術間隔,"あける,いつ,シミ取りレーザー,施術間隔,次の施術,稗粒腫,間隔"
ADM/ピコレーザの後に稗粒腫はどのくらいあけますか／ADM/ピコレーザの後に稗粒腫はいつ受けられますか,ADM/ピコレーザの後に稗粒腫を受ける場合、ADM/ピコレーザの治療完了後4週間あけてください。,施術間隔,"ADM,あける,いつ,ピコレーザ,施術間隔,次の施術,稗粒腫,間隔"
ADM/ナノレーザーの後に稗粒腫はどのくらいあけますか／ADM/ナノレーザーの後に稗粒腫はいつ受けられますか,ADM/ナノレーザーの後に稗粒腫を受ける場合、ADM/ナノレーザーの治療完了後4週間あけてください。,施術間隔,"ADM,あける,いつ,ナノレーザー,施術間隔,次の施術,稗粒腫,間隔"
レーザートーニングの後に稗粒腫はどのくらいあけますか／レーザートーニングの後に稗粒腫はいつ受けられますか,レーザートーニングの後に稗粒腫（同じ部位）を受ける場合、1週間あけてください。別の部位であれば同日に受けられます。 ※トーニングは1〜5回目は週1回、6回目以降は月1回が目安です,施術間隔,"あける,いつ,レーザートーニング,施術間隔,次の施術,稗粒腫,間隔"
ピコトーニングの後に稗粒腫はどのくらいあけますか／ピコトーニングの後に稗粒腫はいつ受けられますか,ピコトーニングの後に稗粒腫（同じ部位）を受ける場合、2週間あけてください。別の部位であれば同日に受けられます。 ※トーニングは1〜5回目は週1回、6回目以降は月1回が目安です,施術間隔,"あける,いつ,ピコトーニング,施術間隔,次の施術,稗粒腫,間隔"
ピコフラクショナルの後に稗粒腫はどのくらいあけますか／ピコフラクショナルの後に稗粒腫はいつ受けられますか,ピコフラクショナルの後に稗粒腫（同じ部位）を受ける場合、3週間あけてください。別の部位であれば同日に受けられます。,施術間隔,"あける,いつ,ピコフラクショナル,施術間隔,次の施術,稗粒腫,間隔"
そばかすシャワーの後に稗粒腫はどのくらいあけますか／そばかすシャワーの後に稗粒腫はいつ受けられますか,そばかすシャワーの後に稗粒腫（同じ部位）を受ける場合、4週間あけてください。別の部位であれば同日に受けられます。,施術間隔,"あける,いつ,そばかすシャワー,施術間隔,次の施術,稗粒腫,間隔"
そばかすスポットの後に稗粒腫はどのくらいあけますか／そばかすスポットの後に稗粒腫はいつ受けられますか,そばかすスポットの後に稗粒腫（同じ部位）を受ける場合、4週間あけてください。別の部位であれば同日に受けられます。 ※取り残しは3週間以内、それ以外は3ヶ月以上あけます,施術間隔,"あける,いつ,そばかすスポット,施術間隔,次の施術,稗粒腫,間隔"
フォト/光治療の後に稗粒腫はどのくらいあけますか／フォト/光治療の後に稗粒腫はいつ受けられますか,フォト/光治療の後に稗粒腫（同じ部位）を受ける場合、2週間あけてください。別の部位であれば同日に受けられます。 ※フォト/光治療は赤ら顔も含め4週間。4〜5回で1クール、1クール後は3ヶ月あけます,施術間隔,"あける,いつ,フォト,光治療,施術間隔,次の施術,稗粒腫,間隔"
赤み治療の後に稗粒腫はどのくらいあけますか／赤み治療の後に稗粒腫はいつ受けられますか,赤み治療の後に稗粒腫を受ける場合、赤み治療の治療完了後2週間あけてください。,施術間隔,"あける,いつ,施術間隔,次の施術,稗粒腫,赤み治療,間隔"
ボトックスの後に稗粒腫はどのくらいあけますか／ボトックスの後に稗粒腫はいつ受けられますか,ボトックスの後に稗粒腫（同じ部位）を受ける場合、2週間あけてください。別の部位であれば同日に受けられます。 ※ボトックスはきっちり4ヶ月（マイクロボトックスは3ヶ月）あけます。追加注入は医師の判断によります,施術間隔,"あける,いつ,ボトックス,施術間隔,次の施術,稗粒腫,間隔"
ボトックス（マイクロ）の後に稗粒腫はどのくらいあけますか／ボトックス（マイクロ）の後に稗粒腫はいつ受けられますか,ボトックス（マイクロ）の後に稗粒腫（同じ部位）を受ける場合、2週間あけてください。別の部位であれば同日に受けられます。 ※ボトックスはきっちり4ヶ月（マイクロボトックスは3ヶ月）あけます。追加注入は医師の判断によります,施術間隔,"あける,いつ,ボトックス,ボトックス（マイクロ）,施術間隔,次の施術,稗粒腫,間隔"
テノールネオの後に稗粒腫はどのくらいあけますか／テノールネオの後に稗粒腫はいつ受けられますか,テノールネオの後に稗粒腫を受ける場合、同日に受けられます。,施術間隔,"あける,いつ,テノールネオ,施術間隔,次の施術,稗粒腫,間隔"
フラルスキン（トレチ）の後に稗粒腫はどのくらいあけますか／フラルスキン（トレチ）の後に稗粒腫はいつ受けられますか,フラルスキン（トレチ）の後に稗粒腫を受ける場合、トレチノインを使用しているときのみ1週間あけてください（それ以外は医師にご確認ください）。,施術間隔,"あける,いつ,フラルスキン,フラルスキン（トレチ）,施術間隔,次の施術,稗粒腫,間隔"
部分シミ（トレチ）の後に稗粒腫はどのくらいあけますか／部分シミ（トレチ）の後に稗粒腫はいつ受けられますか,部分シミ（トレチ）の後に稗粒腫（同じ部位）を受ける場合、4週間あけてください。別の部位であれば同日に受けられます。,施術間隔,"あける,いつ,施術間隔,次の施術,稗粒腫,部分シミ,部分シミ（トレチ）,間隔"
ボライトの後に稗粒腫はどのくらいあけますか／ボライトの後に稗粒腫はいつ受けられますか,ボライトの後に稗粒腫（同じ部位）を受ける場合、4週間あけてください。別の部位であれば同日に受けられます。,施術間隔,"あける,いつ,ボライト,施術間隔,次の施術,稗粒腫,間隔"
稗粒腫の後に稗粒腫はどのくらいあけますか／稗粒腫の後に稗粒腫はいつ受けられますか,稗粒腫の後に稗粒腫（同じ部位）を受ける場合、1週間あけてください。別の部位であれば同日に受けられます。,施術間隔,"あける,いつ,施術間隔,次の施術,稗粒腫,間隔"
ヴェルヴェットスキンの後に稗粒腫はどのくらいあけますか／ヴェルヴェットスキンの後に稗粒腫はいつ受けられますか,ヴェルヴェットスキンの後に稗粒腫（同じ部位）を受ける場合、4週間あけてください。別の部位であれば同日に受けられます。,施術間隔,"あける,いつ,ヴェルヴェットスキン,施術間隔,次の施術,稗粒腫,間隔"
ダーマペンの後に稗粒腫はどのくらいあけますか／ダーマペンの後に稗粒腫はいつ受けられますか,ダーマペンの後に稗粒腫（同じ部位）を受ける場合、4週間あけてください。別の部位であれば同日に受けられます。 ※ダーマペンは基本4週間ですが、出血状況により医師の指示に従います,施術間隔,"あける,いつ,ダーマペン,施術間隔,次の施術,稗粒腫,間隔"
HARGの後に稗粒腫はどのくらいあけますか／HARGの後に稗粒腫はいつ受けられますか,HARGの後に稗粒腫（別の部位）を受ける場合、翌日あけてください。,施術間隔,"HARG,あける,いつ,施術間隔,次の施術,稗粒腫,間隔"
スカルプ・プラセンタエッセンスの後に稗粒腫はどのくらいあけますか／スカルプ・プラセンタエッセンスの後に稗粒腫はいつ受けられますか,スカルプ・プラセンタエッセンスの後に稗粒腫（別の部位）を受ける場合、翌日あけてください。,施術間隔,"あける,いつ,スカルプ・プラセンタエッセンス,施術間隔,次の施術,稗粒腫,間隔"
コラーゲンピールの後に稗粒腫はどのくらいあけますか／コラーゲンピールの後に稗粒腫はいつ受けられますか,コラーゲンピールの後に稗粒腫（同じ部位）を受ける場合、1週間あけてください。別の部位であれば同日に受けられます。,施術間隔,"あける,いつ,コラーゲンピール,施術間隔,次の施術,稗粒腫,間隔"
サーマクールの後に稗粒腫はどのくらいあけますか／サーマクールの後に稗粒腫はいつ受けられますか,サーマクールの後に稗粒腫（同じ部位）を受ける場合、2週間あけてください。別の部位であれば同日に受けられます。 ※サーマクールはきっちり6ヶ月あけます,施術間隔,"あける,いつ,サーマクール,施術間隔,次の施術,稗粒腫,間隔"
脱毛の後に稗粒腫はどのくらいあけますか／脱毛の後に稗粒腫はいつ受けられますか,脱毛の後に稗粒腫（同じ部位）を受ける場合、2週間あけてください。別の部位であれば同日に受けられます。 ※脱毛は1回目→2回目が4週間、2回目以降は8週間（男性のひげは回数にかかわらず2週間）。他院・家庭用脱毛器・毛抜き後は8週間あけます,施術間隔,"あける,いつ,施術間隔,次の施術,稗粒腫,脱毛,間隔"
タトゥーの後に稗粒腫はどのくらいあけますか／タトゥーの後に稗粒腫はいつ受けられますか,タトゥーの後に稗粒腫（同じ部位）を受ける場合、同部位3ヶ月あけてください。別の部位であれば同日に受けられます。,施術間隔,"あける,いつ,タトゥー,施術間隔,次の施術,稗粒腫,間隔"
アートメイクの後に稗粒腫はどのくらいあけますか／アートメイクの後に稗粒腫はいつ受けられますか,アートメイクの後に稗粒腫（同じ部位）を受ける場合、2週間あけてください。別の部位であれば同日に受けられます。,施術間隔,"あける,いつ,アートメイク,施術間隔,次の施術,稗粒腫,間隔"
ハイドラジェントルの後にヴェルヴェットスキンはどのくらいあけますか／ハイドラジェントルの後にヴェルヴェットスキンはいつ受けられますか,ハイドラジェントルの後にヴェルヴェットスキン（同じ部位）を受ける場合、2週間あけてください。別の部位であれば同日に受けられます。 ※面の治療との併用は初回は同日不可（2回目以降は同日可、ハイドラ先）。局所治療との併用は初回から同日可,施術間隔,"あける,いつ,ハイドラジェントル,ヴェルヴェットスキン,施術間隔,次の施術,間隔"
ケミカルピーリングの後にヴェルヴェットスキンはどのくらいあけますか／ケミカルピーリングの後にヴェルヴェットスキンはいつ受けられますか,ケミカルピーリングの後にヴェルヴェットスキン（同じ部位）を受ける場合、2週間あけてください。別の部位であれば同日に受けられます。 ※ピーリングは顔4週間（医師指示で2週間の場合あり）・背中3週間・その他2週間,施術間隔,"あける,いつ,ケミカルピーリング,ヴェルヴェットスキン,施術間隔,次の施術,間隔"
スマートサイドドット（2回目以降）の後にヴェルヴェットスキンはどのくらいあけますか／スマートサイドドット（2回目以降）の後にヴェルヴェットスキンはいつ受けられますか,スマートサイドドット（2回目以降）の後にヴェルヴェットスキン（同じ部位）を受ける場合、4週間あけてください。別の部位であれば同日に受けられます。,施術間隔,"あける,いつ,スマートサイドドット,スマートサイドドット（2回目以降）,ヴェルヴェットスキン,施術間隔,次の施術,間隔"
スマートサイドドット（初回）の後にヴェルヴェットスキンはどのくらいあけますか／スマートサイドドット（初回）の後にヴェルヴェットスキンはいつ受けられますか,スマートサイドドット（初回）の後にヴェルヴェットスキン（同じ部位）を受ける場合、3週間あけてください。別の部位であれば同日に受けられます。,施術間隔,"あける,いつ,スマートサイドドット,スマートサイドドット（初回）,ヴェルヴェットスキン,施術間隔,次の施術,間隔"
イボレーザー/CO2レーザーの後にヴェルヴェットスキンはどのくらいあけますか／イボレーザー/CO2レーザーの後にヴェルヴェットスキンはいつ受けられますか,イボレーザー/CO2レーザーの後にヴェルヴェットスキン（同じ部位）を受ける場合、4週間あけてください。別の部位であれば同日に受けられます。 ※CO2は初回治療は4週間あけます（色素沈着・傷跡の確認のため）,施術間隔,"CO2レーザー,あける,いつ,イボレーザー,ヴェルヴェットスキン,施術間隔,次の施術,間隔"
シミ取りレーザーの後にヴェルヴェットスキンはどのくらいあけますか／シミ取りレーザーの後にヴェルヴェットスキンはいつ受けられますか,シミ取りレーザーの後にヴェルヴェットスキン（同じ部位）を受ける場合、4週間あけてください。別の部位であれば同日に受けられます。,施術間隔,"あける,いつ,シミ取りレーザー,ヴェルヴェットスキン,施術間隔,次の施術,間隔"
ADM/ピコレーザの後にヴェルヴェットスキンはどのくらいあけますか／ADM/ピコレーザの後にヴェルヴェットスキンはいつ受けられますか,ADM/ピコレーザの後にヴェルヴェットスキンを受ける場合、ADM/ピコレーザの治療完了後4週間あけてください。,施術間隔,"ADM,あける,いつ,ピコレーザ,ヴェルヴェットスキン,施術間隔,次の施術,間隔"
ADM/ナノレーザーの後にヴェルヴェットスキンはどのくらいあけますか／ADM/ナノレーザーの後にヴェルヴェットスキンはいつ受けられますか,ADM/ナノレーザーの後にヴェルヴェットスキンを受ける場合、ADM/ナノレーザーの治療完了後4週間あけてください。,施術間隔,"ADM,あける,いつ,ナノレーザー,ヴェルヴェットスキン,施術間隔,次の施術,間隔"
レーザートーニングの後にヴェルヴェットスキンはどのくらいあけますか／レーザートーニングの後にヴェルヴェットスキンはいつ受けられますか,レーザートーニングの後にヴェルヴェットスキン（同じ部位）を受ける場合、1週間あけてください。別の部位であれば同日に受けられます。 ※トーニングは1〜5回目は週1回、6回目以降は月1回が目安です,施術間隔,"あける,いつ,レーザートーニング,ヴェルヴェットスキン,施術間隔,次の施術,間隔"
ピコトーニングの後にヴェルヴェットスキンはどのくらいあけますか／ピコトーニングの後にヴェルヴェットスキンはいつ受けられますか,ピコトーニングの後にヴェルヴェットスキン（同じ部位）を受ける場合、2週間あけてください。別の部位であれば同日に受けられます。 ※トーニングは1〜5回目は週1回、6回目以降は月1回が目安です,施術間隔,"あける,いつ,ピコトーニング,ヴェルヴェットスキン,施術間隔,次の施術,間隔"
ピコフラクショナルの後にヴェルヴェットスキンはどのくらいあけますか／ピコフラクショナルの後にヴェルヴェットスキンはいつ受けられますか,ピコフラクショナルの後にヴェルヴェットスキン（同じ部位）を受ける場合、4週間あけてください。別の部位であれば同日に受けられます。,施術間隔,"あける,いつ,ピコフラクショナル,ヴェルヴェットスキン,施術間隔,次の施術,間隔"
そばかすシャワーの後にヴェルヴェットスキンはどのくらいあけますか／そばかすシャワーの後にヴェルヴェットスキンはいつ受けられますか,そばかすシャワーの後にヴェルヴェットスキン（同じ部位）を受ける場合、4週間あけてください。別の部位であれば同日に受けられます。,施術間隔,"あける,いつ,そばかすシャワー,ヴェルヴェットスキン,施術間隔,次の施術,間隔"
そばかすスポットの後にヴェルヴェットスキンはどのくらいあけますか／そばかすスポットの後にヴェルヴェットスキンはいつ受けられますか,そばかすスポットの後にヴェルヴェットスキン（同じ部位）を受ける場合、4週間あけてください。別の部位であれば同日に受けられます。 ※取り残しは3週間以内、それ以外は3ヶ月以上あけます,施術間隔,"あける,いつ,そばかすスポット,ヴェルヴェットスキン,施術間隔,次の施術,間隔"
フォト/光治療の後にヴェルヴェットスキンはどのくらいあけますか／フォト/光治療の後にヴェルヴェットスキンはいつ受けられますか,フォト/光治療の後にヴェルヴェットスキン（同じ部位）を受ける場合、4週間あけてください。別の部位であれば同日に受けられます。 ※フォト/光治療は赤ら顔も含め4週間。4〜5回で1クール、1クール後は3ヶ月あけます,施術間隔,"あける,いつ,フォト,ヴェルヴェットスキン,光治療,施術間隔,次の施術,間隔"
赤み治療の後にヴェルヴェットスキンはどのくらいあけますか／赤み治療の後にヴェルヴェットスキンはいつ受けられますか,赤み治療の後にヴェルヴェットスキンを受ける場合、赤み治療の治療完了後2週間あけてください。,施術間隔,"あける,いつ,ヴェルヴェットスキン,施術間隔,次の施術,赤み治療,間隔"
ボトックスの後にヴェルヴェットスキンはどのくらいあけますか／ボトックスの後にヴェルヴェットスキンはいつ受けられますか,ボトックスの後にヴェルヴェットスキン（同じ部位）を受ける場合、1週間あけてください。別の部位であれば同日に受けられます。 ※ボトックスはきっちり4ヶ月（マイクロボトックスは3ヶ月）あけます。追加注入は医師の判断によります,施術間隔,"あける,いつ,ボトックス,ヴェルヴェットスキン,施術間隔,次の施術,間隔"
ボトックス（マイクロ）の後にヴェルヴェットスキンはどのくらいあけますか／ボトックス（マイクロ）の後にヴェルヴェットスキンはいつ受けられますか,ボトックス（マイクロ）の後にヴェルヴェットスキン（同じ部位）を受ける場合、1週間あけてください。別の部位であれば同日に受けられます。 ※ボトックスはきっちり4ヶ月（マイクロボトックスは3ヶ月）あけます。追加注入は医師の判断によります,施術間隔,"あける,いつ,ボトックス,ボトックス（マイクロ）,ヴェルヴェットスキン,施術間隔,次の施術,間隔"
テノールネオの後にヴェルヴェットスキンはどのくらいあけますか／テノールネオの後にヴェルヴェットスキンはいつ受けられますか,テノールネオの後にヴェルヴェットスキン（同じ部位）を受ける場合、1週間あけてください。別の部位であれば同日に受けられます。,施術間隔,"あける,いつ,テノールネオ,ヴェルヴェットスキン,施術間隔,次の施術,間隔"
フラルスキン（トレチ）の後にヴェルヴェットスキンはどのくらいあけますか／フラルスキン（トレチ）の後にヴェルヴェットスキンはいつ受けられますか,フラルスキン（トレチ）の後にヴェルヴェットスキンを受ける場合、トレチノインを使用しているときのみ1週間あけてください（それ以外は医師にご確認ください）。,施術間隔,"あける,いつ,フラルスキン,フラルスキン（トレチ）,ヴェルヴェットスキン,施術間隔,次の施術,間隔"
部分シミ（トレチ）の後にヴェルヴェットスキンはどのくらいあけますか／部分シミ（トレチ）の後にヴェルヴェットスキンはいつ受けられますか,部分シミ（トレチ）の後にヴェルヴェットスキン（同じ部位）を受ける場合、4週間あけてください。別の部位であれば同日に受けられます。,施術間隔,"あける,いつ,ヴェルヴェットスキン,施術間隔,次の施術,部分シミ,部分シミ（トレチ）,間隔"
mikoメソッドの後にヴェルヴェットスキンはどのくらいあけますか／mikoメソッドの後にヴェルヴェットスキンはいつ受けられますか,mikoメソッドの後にヴェルヴェットスキン（別の部位）を受ける場合、2週間あけてください。,施術間隔,"mikoメソッド,あける,いつ,ヴェルヴェットスキン,施術間隔,次の施術,間隔"
ほくろ切除/ほくろ除去の後にヴェルヴェットスキンはどのくらいあけますか／ほくろ切除/ほくろ除去の後にヴェルヴェットスキンはいつ受けられますか,ほくろ切除/ほくろ除去の後にヴェルヴェットスキンを受ける場合、傷が上皮化してから4週間あけてください。,施術間隔,"あける,いつ,ほくろ切除,ほくろ除去,ヴェルヴェットスキン,施術間隔,次の施術,間隔"
稗粒腫の後にヴェルヴェットスキンはどのくらいあけますか／稗粒腫の後にヴェルヴェットスキンはいつ受けられますか,稗粒腫の後にヴェルヴェットスキン（同じ部位）を受ける場合、1週間あけてください。別の部位であれば同日に受けられます。,施術間隔,"あける,いつ,ヴェルヴェットスキン,施術間隔,次の施術,稗粒腫,間隔"
ヴェルヴェットスキンの後にヴェルヴェットスキンはどのくらいあけますか／ヴェルヴェットスキンの後にヴェルヴェットスキンはいつ受けられますか,ヴェルヴェットスキンの後にヴェルヴェットスキン（同じ部位）を受ける場合、4週間あけてください。別の部位であれば同日に受けられます。,施術間隔,"あける,いつ,ヴェルヴェットスキン,施術間隔,次の施術,間隔"
ダーマペンの後にヴェルヴェットスキンはどのくらいあけますか／ダーマペンの後にヴェルヴェットスキンはいつ受けられますか,ダーマペンの後にヴェルヴェットスキン（同じ部位）を受ける場合、4週間あけてください。別の部位であれば同日に受けられます。 ※ダーマペンは基本4週間ですが、出血状況により医師の指示に従います,施術間隔,"あける,いつ,ダーマペン,ヴェルヴェットスキン,施術間隔,次の施術,間隔"
HARGの後にヴェルヴェットスキンはどのくらいあけますか／HARGの後にヴェルヴェットスキンはいつ受けられますか,HARGの後にヴェルヴェットスキンを受ける場合、翌日以降であれば受けられます。,施術間隔,"HARG,あける,いつ,ヴェルヴェットスキン,施術間隔,次の施術,間隔"
スカルプ・プラセンタエッセンスの後にヴェルヴェットスキンはどのくらいあけますか／スカルプ・プラセンタエッセンスの後にヴェルヴェットスキンはいつ受けられますか,スカルプ・プラセンタエッセンスの後にヴェルヴェットスキンを受ける場合、翌日以降であれば受けられます。,施術間隔,"あける,いつ,スカルプ・プラセンタエッセンス,ヴェルヴェットスキン,施術間隔,次の施術,間隔"
コラーゲンピールの後にヴェルヴェットスキンはどのくらいあけますか／コラーゲンピールの後にヴェルヴェットスキンはいつ受けられますか,コラーゲンピールの後にヴェルヴェットスキン（同じ部位）を受ける場合、2週間あけてください。別の部位であれば同日に受けられます。,施術間隔,"あける,いつ,コラーゲンピール,ヴェルヴェットスキン,施術間隔,次の施術,間隔"
サーマクールの後にヴェルヴェットスキンはどのくらいあけますか／サーマクールの後にヴェルヴェットスキンはいつ受けられますか,サーマクールの後にヴェルヴェットスキン（同じ部位）を受ける場合、2週間あけてください。別の部位であれば同日に受けられます。 ※サーマクールはきっちり6ヶ月あけます,施術間隔,"あける,いつ,サーマクール,ヴェルヴェットスキン,施術間隔,次の施術,間隔"
脱毛の後にヴェルヴェットスキンはどのくらいあけますか／脱毛の後にヴェルヴェットスキンはいつ受けられますか,脱毛の後にヴェルヴェットスキン（同じ部位）を受ける場合、4週間あけてください。別の部位であれば同日に受けられます。 ※脱毛は1回目→2回目が4週間、2回目以降は8週間（男性のひげは回数にかかわらず2週間）。他院・家庭用脱毛器・毛抜き後は8週間あけます,施術間隔,"あける,いつ,ヴェルヴェットスキン,施術間隔,次の施術,脱毛,間隔"
タトゥーの後にヴェルヴェットスキンはどのくらいあけますか／タトゥーの後にヴェルヴェットスキンはいつ受けられますか,タトゥーの後にヴェルヴェットスキン（同じ部位）を受ける場合、同部位3ヶ月あけてください。別の部位であれば同日に受けられます。,施術間隔,"あける,いつ,タトゥー,ヴェルヴェットスキン,施術間隔,次の施術,間隔"
アートメイクの後にヴェルヴェットスキンはどのくらいあけますか／アートメイクの後にヴェルヴェットスキンはいつ受けられますか,アートメイクの後にヴェルヴェットスキン（同じ部位）を受ける場合、2週間あけてください。別の部位であれば同日に受けられます。,施術間隔,"あける,いつ,アートメイク,ヴェルヴェットスキン,施術間隔,次の施術,間隔"
ハイドラジェントルの後にダーマペンはどのくらいあけますか／ハイドラジェントルの後にダーマペンはいつ受けられますか,ハイドラジェントルの後にダーマペンを受ける場合、同日に受けられます。 ※ダーマペンは基本4週間ですが、出血状況により医師の指示に従います／面の治療との併用は初回は同日不可（2回目以降は同日可、ハイドラ先）。局所治療との併用は初回から同日可,施術間隔,"あける,いつ,ダーマペン,ハイドラジェントル,施術間隔,次の施術,間隔"
ケミカルピーリングの後にダーマペンはどのくらいあけますか／ケミカルピーリングの後にダーマペンはいつ受けられますか,ケミカルピーリングの後にダーマペン（同じ部位）を受ける場合、2週間あけてください。別の部位であれば同日に受けられます。 ※ダーマペンは基本4週間ですが、出血状況により医師の指示に従います／ピーリングは顔4週間（医師指示で2週間の場合あり）・背中3週間・その他2週間,施術間隔,"あける,いつ,ケミカルピーリング,ダーマペン,施術間隔,次の施術,間隔"
スマートサイドドット（2回目以降）の後にダーマペンはどのくらいあけますか／スマートサイドドット（2回目以降）の後にダーマペンはいつ受けられますか,スマートサイドドット（2回目以降）の後にダーマペン（同じ部位）を受ける場合、4週間あけてください。別の部位であれば同日に受けられます。 ※ダーマペンは基本4週間ですが、出血状況により医師の指示に従います,施術間隔,"あける,いつ,スマートサイドドット,スマートサイドドット（2回目以降）,ダーマペン,施術間隔,次の施術,間隔"
スマートサイドドット（初回）の後にダーマペンはどのくらいあけますか／スマートサイドドット（初回）の後にダーマペンはいつ受けられますか,スマートサイドドット（初回）の後にダーマペン（同じ部位）を受ける場合、2週間あけてください。別の部位であれば同日に受けられます。 ※ダーマペンは基本4週間ですが、出血状況により医師の指示に従います,施術間隔,"あける,いつ,スマートサイドドット,スマートサイドドット（初回）,ダーマペン,施術間隔,次の施術,間隔"
イボレーザー/CO2レーザーの後にダーマペンはどのくらいあけますか／イボレーザー/CO2レーザーの後にダーマペンはいつ受けられますか,イボレーザー/CO2レーザーの後にダーマペン（同じ部位）を受ける場合、4週間あけてください。別の部位であれば同日に受けられます。 ※ダーマペンは基本4週間ですが、出血状況により医師の指示に従います／CO2は初回治療は4週間あけます（色素沈着・傷跡の確認のため）,施術間隔,"CO2レーザー,あける,いつ,イボレーザー,ダーマペン,施術間隔,次の施術,間隔"
シミ取りレーザーの後にダーマペンはどのくらいあけますか／シミ取りレーザーの後にダーマペンはいつ受けられますか,シミ取りレーザーの後にダーマペン（同じ部位）を受ける場合、4週間あけてください。別の部位であれば同日に受けられます。 ※ダーマペンは基本4週間ですが、出血状況により医師の指示に従います,施術間隔,"あける,いつ,シミ取りレーザー,ダーマペン,施術間隔,次の施術,間隔"
ADM/ピコレーザの後にダーマペンはどのくらいあけますか／ADM/ピコレーザの後にダーマペンはいつ受けられますか,ADM/ピコレーザの後にダーマペンを受ける場合、ADM/ピコレーザの治療完了後4週間あけてください。 ※ダーマペンは基本4週間ですが、出血状況により医師の指示に従います,施術間隔,"ADM,あける,いつ,ダーマペン,ピコレーザ,施術間隔,次の施術,間隔"
ADM/ナノレーザーの後にダーマペンはどのくらいあけますか／ADM/ナノレーザーの後にダーマペンはいつ受けられますか,ADM/ナノレーザーの後にダーマペンを受ける場合、ADM/ナノレーザーの治療完了後4週間あけてください。 ※ダーマペンは基本4週間ですが、出血状況により医師の指示に従います,施術間隔,"ADM,あける,いつ,ダーマペン,ナノレーザー,施術間隔,次の施術,間隔"
レーザートーニングの後にダーマペンはどのくらいあけますか／レーザートーニングの後にダーマペンはいつ受けられますか,レーザートーニングの後にダーマペン（同じ部位）を受ける場合、1週間あけてください。別の部位であれば同日に受けられます。 ※ダーマペンは基本4週間ですが、出血状況により医師の指示に従います／トーニングは1〜5回目は週1回、6回目以降は月1回が目安です,施術間隔,"あける,いつ,ダーマペン,レーザートーニング,施術間隔,次の施術,間隔"
ピコトーニングの後にダーマペンはどのくらいあけますか／ピコトーニングの後にダーマペンはいつ受けられますか,ピコトーニングの後にダーマペン（同じ部位）を受ける場合、2週間あけてください。別の部位であれば同日に受けられます。 ※ダーマペンは基本4週間ですが、出血状況により医師の指示に従います／トーニングは1〜5回目は週1回、6回目以降は月1回が目安です,施術間隔,"あける,いつ,ダーマペン,ピコトーニング,施術間隔,次の施術,間隔"
ピコフラクショナルの後にダーマペンはどのくらいあけますか／ピコフラクショナルの後にダーマペンはいつ受けられますか,ピコフラクショナルの後にダーマペン（同じ部位）を受ける場合、4週間あけてください。別の部位であれば同日に受けられます。 ※ダーマペンは基本4週間ですが、出血状況により医師の指示に従います,施術間隔,"あける,いつ,ダーマペン,ピコフラクショナル,施術間隔,次の施術,間隔"
そばかすシャワーの後にダーマペンはどのくらいあけますか／そばかすシャワーの後にダーマペンはいつ受けられますか,そばかすシャワーの後にダーマペン（同じ部位）を受ける場合、4週間あけてください。別の部位であれば同日に受けられます。 ※ダーマペンは基本4週間ですが、出血状況により医師の指示に従います,施術間隔,"あける,いつ,そばかすシャワー,ダーマペン,施術間隔,次の施術,間隔"
そばかすスポットの後にダーマペンはどのくらいあけますか／そばかすスポットの後にダーマペンはいつ受けられますか,そばかすスポットの後にダーマペン（同じ部位）を受ける場合、4週間あけてください。別の部位であれば同日に受けられます。 ※ダーマペンは基本4週間ですが、出血状況により医師の指示に従います／取り残しは3週間以内、それ以外は3ヶ月以上あけます,施術間隔,"あける,いつ,そばかすスポット,ダーマペン,施術間隔,次の施術,間隔"
フォト/光治療の後にダーマペンはどのくらいあけますか／フォト/光治療の後にダーマペンはいつ受けられますか,フォト/光治療の後にダーマペン（同じ部位）を受ける場合、2週間あけてください。別の部位であれば同日に受けられます。 ※ダーマペンは基本4週間ですが、出血状況により医師の指示に従います／フォト/光治療は赤ら顔も含め4週間。4〜5回で1クール、1クール後は3ヶ月あけます,施術間隔,"あける,いつ,ダーマペン,フォト,光治療,施術間隔,次の施術,間隔"
赤み治療の後にダーマペンはどのくらいあけますか／赤み治療の後にダーマペンはいつ受けられますか,赤み治療の後にダーマペンを受ける場合、赤み治療の治療完了後2週間あけてください。 ※ダーマペンは基本4週間ですが、出血状況により医師の指示に従います,施術間隔,"あける,いつ,ダーマペン,施術間隔,次の施術,赤み治療,間隔"
ボトックスの後にダーマペンはどのくらいあけますか／ボトックスの後にダーマペンはいつ受けられますか,ボトックスの後にダーマペン（同じ部位）を受ける場合、2週間あけてください。別の部位であれば同日に受けられます。 ※ボトックスはきっちり4ヶ月（マイクロボトックスは3ヶ月）あけます。追加注入は医師の判断によります／ダーマペンは基本4週間ですが、出血状況により医師の指示に従います,施術間隔,"あける,いつ,ダーマペン,ボトックス,施術間隔,次の施術,間隔"
ボトックス（マイクロ）の後にダーマペンはどのくらいあけますか／ボトックス（マイクロ）の後にダーマペンはいつ受けられますか,ボトックス（マイクロ）の後にダーマペン（同じ部位）を受ける場合、2週間あけてください。別の部位であれば同日に受けられます。 ※ボトックスはきっちり4ヶ月（マイクロボトックスは3ヶ月）あけます。追加注入は医師の判断によります／ダーマペンは基本4週間ですが、出血状況により医師の指示に従います,施術間隔,"あける,いつ,ダーマペン,ボトックス,ボトックス（マイクロ）,施術間隔,次の施術,間隔"
テノールネオの後にダーマペンはどのくらいあけますか／テノールネオの後にダーマペンはいつ受けられますか,テノールネオの後にダーマペン（同じ部位）を受ける場合、1週間あけてください。別の部位であれば同日に受けられます。 ※ダーマペンは基本4週間ですが、出血状況により医師の指示に従います,施術間隔,"あける,いつ,ダーマペン,テノールネオ,施術間隔,次の施術,間隔"
フラルスキン（トレチ）の後にダーマペンはどのくらいあけますか／フラルスキン（トレチ）の後にダーマペンはいつ受けられますか,フラルスキン（トレチ）の後にダーマペンを受ける場合、トレチノインを使用しているときのみ1週間あけてください（それ以外は医師にご確認ください）。 ※ダーマペンは基本4週間ですが、出血状況により医師の指示に従います,施術間隔,"あける,いつ,ダーマペン,フラルスキン,フラルスキン（トレチ）,施術間隔,次の施術,間隔"
部分シミ（トレチ）の後にダーマペンはどのくらいあけますか／部分シミ（トレチ）の後にダーマペンはいつ受けられますか,部分シミ（トレチ）の後にダーマペン（同じ部位）を受ける場合、4週間あけてください。別の部位であれば同日に受けられます。 ※ダーマペンは基本4週間ですが、出血状況により医師の指示に従います,施術間隔,"あける,いつ,ダーマペン,施術間隔,次の施術,部分シミ,部分シミ（トレチ）,間隔"
mikoメソッドの後にダーマペンはどのくらいあけますか／mikoメソッドの後にダーマペンはいつ受けられますか,mikoメソッドの後にダーマペン（別の部位）を受ける場合、2週間あけてください。 ※ダーマペンは基本4週間ですが、出血状況により医師の指示に従います,施術間隔,"mikoメソッド,あける,いつ,ダーマペン,施術間隔,次の施術,間隔"
ほくろ切除/ほくろ除去の後にダーマペンはどのくらいあけますか／ほくろ切除/ほくろ除去の後にダーマペンはいつ受けられますか,ほくろ切除/ほくろ除去の後にダーマペンを受ける場合、傷が上皮化してから4週間あけてください。 ※ダーマペンは基本4週間ですが、出血状況により医師の指示に従います,施術間隔,"あける,いつ,ほくろ切除,ほくろ除去,ダーマペン,施術間隔,次の施術,間隔"
稗粒腫の後にダーマペンはどのくらいあけますか／稗粒腫の後にダーマペンはいつ受けられますか,稗粒腫の後にダーマペン（同じ部位）を受ける場合、1週間あけてください。別の部位であれば同日に受けられます。 ※ダーマペンは基本4週間ですが、出血状況により医師の指示に従います,施術間隔,"あける,いつ,ダーマペン,施術間隔,次の施術,稗粒腫,間隔"
ヴェルヴェットスキンの後にダーマペンはどのくらいあけますか／ヴェルヴェットスキンの後にダーマペンはいつ受けられますか,ヴェルヴェットスキンの後にダーマペン（同じ部位）を受ける場合、4週間あけてください。別の部位であれば同日に受けられます。 ※ダーマペンは基本4週間ですが、出血状況により医師の指示に従います,施術間隔,"あける,いつ,ダーマペン,ヴェルヴェットスキン,施術間隔,次の施術,間隔"
ダーマペンの後にダーマペンはどのくらいあけますか／ダーマペンの後にダーマペンはいつ受けられますか,ダーマペンの後にダーマペン（同じ部位）を受ける場合、4週間あけてください。別の部位であれば同日に受けられます。 ※ダーマペンは基本4週間ですが、出血状況により医師の指示に従います,施術間隔,"あける,いつ,ダーマペン,施術間隔,次の施術,間隔"
HARGの後にダーマペンはどのくらいあけますか／HARGの後にダーマペンはいつ受けられますか,HARGの後にダーマペンを受ける場合、翌日以降であれば受けられます。 ※ダーマペンは基本4週間ですが、出血状況により医師の指示に従います,施術間隔,"HARG,あける,いつ,ダーマペン,施術間隔,次の施術,間隔"
スカルプ・プラセンタエッセンスの後にダーマペンはどのくらいあけますか／スカルプ・プラセンタエッセンスの後にダーマペンはいつ受けられますか,スカルプ・プラセンタエッセンスの後にダーマペンを受ける場合、翌日以降であれば受けられます。 ※ダーマペンは基本4週間ですが、出血状況により医師の指示に従います,施術間隔,"あける,いつ,スカルプ・プラセンタエッセンス,ダーマペン,施術間隔,次の施術,間隔"
コラーゲンピールの後にダーマペンはどのくらいあけますか／コラーゲンピールの後にダーマペンはいつ受けられますか,コラーゲンピールの後にダーマペン（同じ部位）を受ける場合、2週間あけてください。別の部位であれば同日に受けられます。 ※ダーマペンは基本4週間ですが、出血状況により医師の指示に従います,施術間隔,"あける,いつ,コラーゲンピール,ダーマペン,施術間隔,次の施術,間隔"
サーマクールの後にダーマペンはどのくらいあけますか／サーマクールの後にダーマペンはいつ受けられますか,サーマクールの後にダーマペン（同じ部位）を受ける場合、1週間あけてください。別の部位であれば同日に受けられます。 ※サーマクールはきっちり6ヶ月あけます／ダーマペンは基本4週間ですが、出血状況により医師の指示に従います,施術間隔,"あける,いつ,サーマクール,ダーマペン,施術間隔,次の施術,間隔"
脱毛の後にダーマペンはどのくらいあけますか／脱毛の後にダーマペンはいつ受けられますか,脱毛の後にダーマペン（同じ部位）を受ける場合、2週間あけてください。別の部位であれば同日に受けられます。 ※脱毛は1回目→2回目が4週間、2回目以降は8週間（男性のひげは回数にかかわらず2週間）。他院・家庭用脱毛器・毛抜き後は8週間あけます／ダーマペンは基本4週間ですが、出血状況により医師の指示に従います,施術間隔,"あける,いつ,ダーマペン,施術間隔,次の施術,脱毛,間隔"
タトゥーの後にダーマペンはどのくらいあけますか／タトゥーの後にダーマペンはいつ受けられますか,タトゥーの後にダーマペン（同じ部位）を受ける場合、同部位3ヶ月あけてください。別の部位であれば同日に受けられます。 ※ダーマペンは基本4週間ですが、出血状況により医師の指示に従います,施術間隔,"あける,いつ,タトゥー,ダーマペン,施術間隔,次の施術,間隔"
アートメイクの後にダーマペンはどのくらいあけますか／アートメイクの後にダーマペンはいつ受けられますか,アートメイクの後にダーマペン（同じ部位）を受ける場合、2週間あけてください。別の部位であれば同日に受けられます。 ※ダーマペンは基本4週間ですが、出血状況により医師の指示に従います,施術間隔,"あける,いつ,アートメイク,ダーマペン,施術間隔,次の施術,間隔"
ケミカルピーリングの後にHARGはどのくらいあけますか／ケミカルピーリングの後にHARGはいつ受けられますか,ケミカルピーリングの後にHARG（別の部位）を受ける場合、翌日あけてください。 ※ピーリングは顔4週間（医師指示で2週間の場合あり）・背中3週間・その他2週間,施術間隔,"HARG,あける,いつ,ケミカルピーリング,施術間隔,次の施術,間隔"
スマートサイドドット（2回目以降）の後にHARGはどのくらいあけますか／スマートサイドドット（2回目以降）の後にHARGはいつ受けられますか,スマートサイドドット（2回目以降）の後にHARG（別の部位）を受ける場合、翌日あけてください。,施術間隔,"HARG,あける,いつ,スマートサイドドット,スマートサイドドット（2回目以降）,施術間隔,次の施術,間隔"
スマートサイドドット（初回）の後にHARGはどのくらいあけますか／スマートサイドドット（初回）の後にHARGはいつ受けられますか,スマートサイドドット（初回）の後にHARG（別の部位）を受ける場合、翌日あけてください。,施術間隔,"HARG,あける,いつ,スマートサイドドット,スマートサイドドット（初回）,施術間隔,次の施術,間隔"
イボレーザー/CO2レーザーの後にHARGはどのくらいあけますか／イボレーザー/CO2レーザーの後にHARGはいつ受けられますか,イボレーザー/CO2レーザーの後にHARG（別の部位）を受ける場合、翌日あけてください。 ※CO2は初回治療は4週間あけます（色素沈着・傷跡の確認のため）,施術間隔,"CO2レーザー,HARG,あける,いつ,イボレーザー,施術間隔,次の施術,間隔"
シミ取りレーザーの後にHARGはどのくらいあけますか／シミ取りレーザーの後にHARGはいつ受けられますか,シミ取りレーザーの後にHARG（別の部位）を受ける場合、翌日あけてください。,施術間隔,"HARG,あける,いつ,シミ取りレーザー,施術間隔,次の施術,間隔"
ADM/ピコレーザの後にHARGはどのくらいあけますか／ADM/ピコレーザの後にHARGはいつ受けられますか,ADM/ピコレーザの後にHARG（別の部位）を受ける場合、翌日あけてください。,施術間隔,"ADM,HARG,あける,いつ,ピコレーザ,施術間隔,次の施術,間隔"
ADM/ナノレーザーの後にHARGはどのくらいあけますか／ADM/ナノレーザーの後にHARGはいつ受けられますか,ADM/ナノレーザーの後にHARG（別の部位）を受ける場合、翌日あけてください。,施術間隔,"ADM,HARG,あける,いつ,ナノレーザー,施術間隔,次の施術,間隔"
レーザートーニングの後にHARGはどのくらいあけますか／レーザートーニングの後にHARGはいつ受けられますか,レーザートーニングの後にHARG（別の部位）を受ける場合、翌日あけてください。 ※トーニングは1〜5回目は週1回、6回目以降は月1回が目安です,施術間隔,"HARG,あける,いつ,レーザートーニング,施術間隔,次の施術,間隔"
ピコトーニングの後にHARGはどのくらいあけますか／ピコトーニングの後にHARGはいつ受けられますか,ピコトーニングの後にHARG（別の部位）を受ける場合、翌日あけてください。 ※トーニングは1〜5回目は週1回、6回目以降は月1回が目安です,施術間隔,"HARG,あける,いつ,ピコトーニング,施術間隔,次の施術,間隔"
ピコフラクショナルの後にHARGはどのくらいあけますか／ピコフラクショナルの後にHARGはいつ受けられますか,ピコフラクショナルの後にHARG（別の部位）を受ける場合、翌日あけてください。,施術間隔,"HARG,あける,いつ,ピコフラクショナル,施術間隔,次の施術,間隔"
そばかすシャワーの後にHARGはどのくらいあけますか／そばかすシャワーの後にHARGはいつ受けられますか,そばかすシャワーの後にHARG（別の部位）を受ける場合、翌日あけてください。,施術間隔,"HARG,あける,いつ,そばかすシャワー,施術間隔,次の施術,間隔"
そばかすスポットの後にHARGはどのくらいあけますか／そばかすスポットの後にHARGはいつ受けられますか,そばかすスポットの後にHARG（別の部位）を受ける場合、翌日あけてください。 ※取り残しは3週間以内、それ以外は3ヶ月以上あけます,施術間隔,"HARG,あける,いつ,そばかすスポット,施術間隔,次の施術,間隔"
フォト/光治療の後にHARGはどのくらいあけますか／フォト/光治療の後にHARGはいつ受けられますか,フォト/光治療の後にHARG（別の部位）を受ける場合、翌日あけてください。 ※フォト/光治療は赤ら顔も含め4週間。4〜5回で1クール、1クール後は3ヶ月あけます,施術間隔,"HARG,あける,いつ,フォト,光治療,施術間隔,次の施術,間隔"
赤み治療の後にHARGはどのくらいあけますか／赤み治療の後にHARGはいつ受けられますか,赤み治療の後にHARGを受ける場合、赤み治療の治療完了後2週間あけてください。,施術間隔,"HARG,あける,いつ,施術間隔,次の施術,赤み治療,間隔"
ボトックスの後にHARGはどのくらいあけますか／ボトックスの後にHARGはいつ受けられますか,ボトックスの後にHARG（別の部位）を受ける場合、翌日あけてください。 ※ボトックスはきっちり4ヶ月（マイクロボトックスは3ヶ月）あけます。追加注入は医師の判断によります,施術間隔,"HARG,あける,いつ,ボトックス,施術間隔,次の施術,間隔"
ボトックス（マイクロ）の後にHARGはどのくらいあけますか／ボトックス（マイクロ）の後にHARGはいつ受けられますか,ボトックス（マイクロ）の後にHARG（別の部位）を受ける場合、翌日あけてください。 ※ボトックスはきっちり4ヶ月（マイクロボトックスは3ヶ月）あけます。追加注入は医師の判断によります,施術間隔,"HARG,あける,いつ,ボトックス,ボトックス（マイクロ）,施術間隔,次の施術,間隔"
テノールネオの後にHARGはどのくらいあけますか／テノールネオの後にHARGはいつ受けられますか,テノールネオの後にHARG（別の部位）を受ける場合、翌日あけてください。,施術間隔,"HARG,あける,いつ,テノールネオ,施術間隔,次の施術,間隔"
フラルスキン（トレチ）の後にHARGはどのくらいあけますか／フラルスキン（トレチ）の後にHARGはいつ受けられますか,フラルスキン（トレチ）の後にHARG（別の部位）を受ける場合、翌日あけてください。,施術間隔,"HARG,あける,いつ,フラルスキン,フラルスキン（トレチ）,施術間隔,次の施術,間隔"
部分シミ（トレチ）の後にHARGはどのくらいあけますか／部分シミ（トレチ）の後にHARGはいつ受けられますか,部分シミ（トレチ）の後にHARG（別の部位）を受ける場合、翌日あけてください。,施術間隔,"HARG,あける,いつ,施術間隔,次の施術,部分シミ,部分シミ（トレチ）,間隔"
mikoメソッドの後にHARGはどのくらいあけますか／mikoメソッドの後にHARGはいつ受けられますか,mikoメソッドの後にHARG（別の部位）を受ける場合、翌日あけてください。,施術間隔,"HARG,mikoメソッド,あける,いつ,施術間隔,次の施術,間隔"
ほくろ切除/ほくろ除去の後にHARGはどのくらいあけますか／ほくろ切除/ほくろ除去の後にHARGはいつ受けられますか,ほくろ切除/ほくろ除去の後にHARG（別の部位）を受ける場合、翌日あけてください。,施術間隔,"HARG,あける,いつ,ほくろ切除,ほくろ除去,施術間隔,次の施術,間隔"
ボライトの後にHARGはどのくらいあけますか／ボライトの後にHARGはいつ受けられますか,ボライトの後にHARG（別の部位）を受ける場合、翌日あけてください。,施術間隔,"HARG,あける,いつ,ボライト,施術間隔,次の施術,間隔"
稗粒腫の後にHARGはどのくらいあけますか／稗粒腫の後にHARGはいつ受けられますか,稗粒腫の後にHARG（同じ部位）を受ける場合、1週間あけてください。別の部位であれば同日に受けられます。,施術間隔,"HARG,あける,いつ,施術間隔,次の施術,稗粒腫,間隔"
ヴェルヴェットスキンの後にHARGはどのくらいあけますか／ヴェルヴェットスキンの後にHARGはいつ受けられますか,ヴェルヴェットスキンの後にHARG（別の部位）を受ける場合、翌日あけてください。,施術間隔,"HARG,あける,いつ,ヴェルヴェットスキン,施術間隔,次の施術,間隔"
ダーマペンの後にHARGはどのくらいあけますか／ダーマペンの後にHARGはいつ受けられますか,ダーマペンの後にHARG（別の部位）を受ける場合、翌日あけてください。 ※ダーマペンは基本4週間ですが、出血状況により医師の指示に従います,施術間隔,"HARG,あける,いつ,ダーマペン,施術間隔,次の施術,間隔"
HARGの後にHARGはどのくらいあけますか／HARGの後にHARGはいつ受けられますか,HARGの後にHARG（同じ部位）を受ける場合、4週間あけてください。別の部位であれば同日に受けられます。,施術間隔,"HARG,あける,いつ,施術間隔,次の施術,間隔"
スカルプ・プラセンタエッセンスの後にHARGはどのくらいあけますか／スカルプ・プラセンタエッセンスの後にHARGはいつ受けられますか,スカルプ・プラセンタエッセンスの後にHARG（同じ部位）を受ける場合、1週間あけてください。別の部位であれば同日に受けられます。,施術間隔,"HARG,あける,いつ,スカルプ・プラセンタエッセンス,施術間隔,次の施術,間隔"
コラーゲンピールの後にHARGはどのくらいあけますか／コラーゲンピールの後にHARGはいつ受けられますか,コラーゲンピールの後にHARG（別の部位）を受ける場合、翌日あけてください。,施術間隔,"HARG,あける,いつ,コラーゲンピール,施術間隔,次の施術,間隔"
サーマクールの後にHARGはどのくらいあけますか／サーマクールの後にHARGはいつ受けられますか,サーマクールの後にHARG（別の部位）を受ける場合、翌日あけてください。 ※サーマクールはきっちり6ヶ月あけます,施術間隔,"HARG,あける,いつ,サーマクール,施術間隔,次の施術,間隔"
ミラドライの後にHARGはどのくらいあけますか／ミラドライの後にHARGはいつ受けられますか,ミラドライの後にHARG（別の部位）を受ける場合、翌日あけてください。,施術間隔,"HARG,あける,いつ,ミラドライ,施術間隔,次の施術,間隔"
脱毛の後にHARGはどのくらいあけますか／脱毛の後にHARGはいつ受けられますか,脱毛の後にHARG（別の部位）を受ける場合、翌日あけてください。 ※脱毛は1回目→2回目が4週間、2回目以降は8週間（男性のひげは回数にかかわらず2週間）。他院・家庭用脱毛器・毛抜き後は8週間あけます,施術間隔,"HARG,あける,いつ,施術間隔,次の施術,脱毛,間隔"
タトゥーの後にHARGはどのくらいあけますか／タトゥーの後にHARGはいつ受けられますか,タトゥーの後にHARG（同じ部位）を受ける場合、同部位3ヶ月あけてください。別の部位であれば同日に受けられます。,施術間隔,"HARG,あける,いつ,タトゥー,施術間隔,次の施術,間隔"
アートメイクの後にHARGはどのくらいあけますか／アートメイクの後にHARGはいつ受けられますか,アートメイクの後にHARG（同じ部位）を受ける場合、2週間あけてください。別の部位であれば同日に受けられます。,施術間隔,"HARG,あける,いつ,アートメイク,施術間隔,次の施術,間隔"
ケミカルピーリングの後にスカルプ・プラセンタエッセンスはどのくらいあけますか／ケミカルピーリングの後にスカルプ・プラセンタエッセンスはいつ受けられますか,ケミカルピーリングの後にスカルプ・プラセンタエッセンス（別の部位）を受ける場合、翌日あけてください。 ※ピーリングは顔4週間（医師指示で2週間の場合あり）・背中3週間・その他2週間,施術間隔,"あける,いつ,ケミカルピーリング,スカルプ・プラセンタエッセンス,施術間隔,次の施術,間隔"
スマートサイドドット（2回目以降）の後にスカルプ・プラセンタエッセンスはどのくらいあけますか／スマートサイドドット（2回目以降）の後にスカルプ・プラセンタエッセンスはいつ受けられますか,スマートサイドドット（2回目以降）の後にスカルプ・プラセンタエッセンス（別の部位）を受ける場合、翌日あけてください。,施術間隔,"あける,いつ,スカルプ・プラセンタエッセンス,スマートサイドドット,スマートサイドドット（2回目以降）,施術間隔,次の施術,間隔"
スマートサイドドット（初回）の後にスカルプ・プラセンタエッセンスはどのくらいあけますか／スマートサイドドット（初回）の後にスカルプ・プラセンタエッセンスはいつ受けられますか,スマートサイドドット（初回）の後にスカルプ・プラセンタエッセンス（別の部位）を受ける場合、翌日あけてください。,施術間隔,"あける,いつ,スカルプ・プラセンタエッセンス,スマートサイドドット,スマートサイドドット（初回）,施術間隔,次の施術,間隔"
イボレーザー/CO2レーザーの後にスカルプ・プラセンタエッセンスはどのくらいあけますか／イボレーザー/CO2レーザーの後にスカルプ・プラセンタエッセンスはいつ受けられますか,イボレーザー/CO2レーザーの後にスカルプ・プラセンタエッセンス（別の部位）を受ける場合、翌日あけてください。 ※CO2は初回治療は4週間あけます（色素沈着・傷跡の確認のため）,施術間隔,"CO2レーザー,あける,いつ,イボレーザー,スカルプ・プラセンタエッセンス,施術間隔,次の施術,間隔"
シミ取りレーザーの後にスカルプ・プラセンタエッセンスはどのくらいあけますか／シミ取りレーザーの後にスカルプ・プラセンタエッセンスはいつ受けられますか,シミ取りレーザーの後にスカルプ・プラセンタエッセンス（別の部位）を受ける場合、翌日あけてください。,施術間隔,"あける,いつ,シミ取りレーザー,スカルプ・プラセンタエッセンス,施術間隔,次の施術,間隔"
ADM/ピコレーザの後にスカルプ・プラセンタエッセンスはどのくらいあけますか／ADM/ピコレーザの後にスカルプ・プラセンタエッセンスはいつ受けられますか,ADM/ピコレーザの後にスカルプ・プラセンタエッセンス（別の部位）を受ける場合、翌日あけてください。,施術間隔,"ADM,あける,いつ,スカルプ・プラセンタエッセンス,ピコレーザ,施術間隔,次の施術,間隔"
ADM/ナノレーザーの後にスカルプ・プラセンタエッセンスはどのくらいあけますか／ADM/ナノレーザーの後にスカルプ・プラセンタエッセンスはいつ受けられますか,ADM/ナノレーザーの後にスカルプ・プラセンタエッセンス（別の部位）を受ける場合、翌日あけてください。,施術間隔,"ADM,あける,いつ,スカルプ・プラセンタエッセンス,ナノレーザー,施術間隔,次の施術,間隔"
レーザートーニングの後にスカルプ・プラセンタエッセンスはどのくらいあけますか／レーザートーニングの後にスカルプ・プラセンタエッセンスはいつ受けられますか,レーザートーニングの後にスカルプ・プラセンタエッセンス（別の部位）を受ける場合、翌日あけてください。 ※トーニングは1〜5回目は週1回、6回目以降は月1回が目安です,施術間隔,"あける,いつ,スカルプ・プラセンタエッセンス,レーザートーニング,施術間隔,次の施術,間隔"
ピコトーニングの後にスカルプ・プラセンタエッセンスはどのくらいあけますか／ピコトーニングの後にスカルプ・プラセンタエッセンスはいつ受けられますか,ピコトーニングの後にスカルプ・プラセンタエッセンス（別の部位）を受ける場合、翌日あけてください。 ※トーニングは1〜5回目は週1回、6回目以降は月1回が目安です,施術間隔,"あける,いつ,スカルプ・プラセンタエッセンス,ピコトーニング,施術間隔,次の施術,間隔"
ピコフラクショナルの後にスカルプ・プラセンタエッセンスはどのくらいあけますか／ピコフラクショナルの後にスカルプ・プラセンタエッセンスはいつ受けられますか,ピコフラクショナルの後にスカルプ・プラセンタエッセンス（別の部位）を受ける場合、翌日あけてください。,施術間隔,"あける,いつ,スカルプ・プラセンタエッセンス,ピコフラクショナル,施術間隔,次の施術,間隔"
そばかすシャワーの後にスカルプ・プラセンタエッセンスはどのくらいあけますか／そばかすシャワーの後にスカルプ・プラセンタエッセンスはいつ受けられますか,そばかすシャワーの後にスカルプ・プラセンタエッセンス（別の部位）を受ける場合、翌日あけてください。,施術間隔,"あける,いつ,そばかすシャワー,スカルプ・プラセンタエッセンス,施術間隔,次の施術,間隔"
そばかすスポットの後にスカルプ・プラセンタエッセンスはどのくらいあけますか／そばかすスポットの後にスカルプ・プラセンタエッセンスはいつ受けられますか,そばかすスポットの後にスカルプ・プラセンタエッセンス（別の部位）を受ける場合、翌日あけてください。 ※取り残しは3週間以内、それ以外は3ヶ月以上あけます,施術間隔,"あける,いつ,そばかすスポット,スカルプ・プラセンタエッセンス,施術間隔,次の施術,間隔"
フォト/光治療の後にスカルプ・プラセンタエッセンスはどのくらいあけますか／フォト/光治療の後にスカルプ・プラセンタエッセンスはいつ受けられますか,フォト/光治療の後にスカルプ・プラセンタエッセンス（別の部位）を受ける場合、翌日あけてください。 ※フォト/光治療は赤ら顔も含め4週間。4〜5回で1クール、1クール後は3ヶ月あけます,施術間隔,"あける,いつ,スカルプ・プラセンタエッセンス,フォト,光治療,施術間隔,次の施術,間隔"
赤み治療の後にスカルプ・プラセンタエッセンスはどのくらいあけますか／赤み治療の後にスカルプ・プラセンタエッセンスはいつ受けられますか,赤み治療の後にスカルプ・プラセンタエッセンスを受ける場合、赤み治療の治療完了後2週間あけてください。,施術間隔,"あける,いつ,スカルプ・プラセンタエッセンス,施術間隔,次の施術,赤み治療,間隔"
ボトックスの後にスカルプ・プラセンタエッセンスはどのくらいあけますか／ボトックスの後にスカルプ・プラセンタエッセンスはいつ受けられますか,ボトックスの後にスカルプ・プラセンタエッセンス（別の部位）を受ける場合、翌日あけてください。 ※ボトックスはきっちり4ヶ月（マイクロボトックスは3ヶ月）あけます。追加注入は医師の判断によります,施術間隔,"あける,いつ,スカルプ・プラセンタエッセンス,ボトックス,施術間隔,次の施術,間隔"
ボトックス（マイクロ）の後にスカルプ・プラセンタエッセンスはどのくらいあけますか／ボトックス（マイクロ）の後にスカルプ・プラセンタエッセンスはいつ受けられますか,ボトックス（マイクロ）の後にスカルプ・プラセンタエッセンス（別の部位）を受ける場合、翌日あけてください。 ※ボトックスはきっちり4ヶ月（マイクロボトックスは3ヶ月）あけます。追加注入は医師の判断によります,施術間隔,"あける,いつ,スカルプ・プラセンタエッセンス,ボトックス,ボトックス（マイクロ）,施術間隔,次の施術,間隔"
テノールネオの後にスカルプ・プラセンタエッセンスはどのくらいあけますか／テノールネオの後にスカルプ・プラセンタエッセンスはいつ受けられますか,テノールネオの後にスカルプ・プラセンタエッセンス（別の部位）を受ける場合、翌日あけてください。,施術間隔,"あける,いつ,スカルプ・プラセンタエッセンス,テノールネオ,施術間隔,次の施術,間隔"
フラルスキン（トレチ）の後にスカルプ・プラセンタエッセンスはどのくらいあけますか／フラルスキン（トレチ）の後にスカルプ・プラセンタエッセンスはいつ受けられますか,フラルスキン（トレチ）の後にスカルプ・プラセンタエッセンス（別の部位）を受ける場合、翌日あけてください。,施術間隔,"あける,いつ,スカルプ・プラセンタエッセンス,フラルスキン,フラルスキン（トレチ）,施術間隔,次の施術,間隔"
部分シミ（トレチ）の後にスカルプ・プラセンタエッセンスはどのくらいあけますか／部分シミ（トレチ）の後にスカルプ・プラセンタエッセンスはいつ受けられますか,部分シミ（トレチ）の後にスカルプ・プラセンタエッセンス（別の部位）を受ける場合、翌日あけてください。,施術間隔,"あける,いつ,スカルプ・プラセンタエッセンス,施術間隔,次の施術,部分シミ,部分シミ（トレチ）,間隔"
mikoメソッドの後にスカルプ・プラセンタエッセンスはどのくらいあけますか／mikoメソッドの後にスカルプ・プラセンタエッセンスはいつ受けられますか,mikoメソッドの後にスカルプ・プラセンタエッセンス（別の部位）を受ける場合、翌日あけてください。,施術間隔,"mikoメソッド,あける,いつ,スカルプ・プラセンタエッセンス,施術間隔,次の施術,間隔"
ほくろ切除/ほくろ除去の後にスカルプ・プラセンタエッセンスはどのくらいあけますか／ほくろ切除/ほくろ除去の後にスカルプ・プラセンタエッセンスはいつ受けられますか,ほくろ切除/ほくろ除去の後にスカルプ・プラセンタエッセンス（別の部位）を受ける場合、翌日あけてください。,施術間隔,"あける,いつ,ほくろ切除,ほくろ除去,スカルプ・プラセンタエッセンス,施術間隔,次の施術,間隔"
ボライトの後にスカルプ・プラセンタエッセンスはどのくらいあけますか／ボライトの後にスカルプ・プラセンタエッセンスはいつ受けられますか,ボライトの後にスカルプ・プラセンタエッセンス（別の部位）を受ける場合、翌日あけてください。,施術間隔,"あける,いつ,スカルプ・プラセンタエッセンス,ボライト,施術間隔,次の施術,間隔"
稗粒腫の後にスカルプ・プラセンタエッセンスはどのくらいあけますか／稗粒腫の後にスカルプ・プラセンタエッセンスはいつ受けられますか,稗粒腫の後にスカルプ・プラセンタエッセンス（同じ部位）を受ける場合、1週間あけてください。別の部位であれば同日に受けられます。,施術間隔,"あける,いつ,スカルプ・プラセンタエッセンス,施術間隔,次の施術,稗粒腫,間隔"
ヴェルヴェットスキンの後にスカルプ・プラセンタエッセンスはどのくらいあけますか／ヴェルヴェットスキンの後にスカルプ・プラセンタエッセンスはいつ受けられますか,ヴェルヴェットスキンの後にスカルプ・プラセンタエッセンス（別の部位）を受ける場合、翌日あけてください。,施術間隔,"あける,いつ,スカルプ・プラセンタエッセンス,ヴェルヴェットスキン,施術間隔,次の施術,間隔"
ダーマペンの後にスカルプ・プラセンタエッセンスはどのくらいあけますか／ダーマペンの後にスカルプ・プラセンタエッセンスはいつ受けられますか,ダーマペンの後にスカルプ・プラセンタエッセンス（別の部位）を受ける場合、翌日あけてください。 ※ダーマペンは基本4週間ですが、出血状況により医師の指示に従います,施術間隔,"あける,いつ,スカルプ・プラセンタエッセンス,ダーマペン,施術間隔,次の施術,間隔"
HARGの後にスカルプ・プラセンタエッセンスはどのくらいあけますか／HARGの後にスカルプ・プラセンタエッセンスはいつ受けられますか,HARGの後にスカルプ・プラセンタエッセンス（同じ部位）を受ける場合、1週間あけてください。別の部位であれば同日に受けられます。,施術間隔,"HARG,あける,いつ,スカルプ・プラセンタエッセンス,施術間隔,次の施術,間隔"
スカルプ・プラセンタエッセンスの後にスカルプ・プラセンタエッセンスはどのくらいあけますか／スカルプ・プラセンタエッセンスの後にスカルプ・プラセンタエッセンスはいつ受けられますか,スカルプ・プラセンタエッセンスの後にスカルプ・プラセンタエッセンス（同じ部位）を受ける場合、1週間あけてください。別の部位であれば同日に受けられます。,施術間隔,"あける,いつ,スカルプ・プラセンタエッセンス,施術間隔,次の施術,間隔"
コラーゲンピールの後にスカルプ・プラセンタエッセンスはどのくらいあけますか／コラーゲンピールの後にスカルプ・プラセンタエッセンスはいつ受けられますか,コラーゲンピールの後にスカルプ・プラセンタエッセンス（別の部位）を受ける場合、翌日あけてください。,施術間隔,"あける,いつ,コラーゲンピール,スカルプ・プラセンタエッセンス,施術間隔,次の施術,間隔"
サーマクールの後にスカルプ・プラセンタエッセンスはどのくらいあけますか／サーマクールの後にスカルプ・プラセンタエッセンスはいつ受けられますか,サーマクールの後にスカルプ・プラセンタエッセンス（別の部位）を受ける場合、翌日あけてください。 ※サーマクールはきっちり6ヶ月あけます,施術間隔,"あける,いつ,サーマクール,スカルプ・プラセンタエッセンス,施術間隔,次の施術,間隔"
ミラドライの後にスカルプ・プラセンタエッセンスはどのくらいあけますか／ミラドライの後にスカルプ・プラセンタエッセンスはいつ受けられますか,ミラドライの後にスカルプ・プラセンタエッセンス（別の部位）を受ける場合、翌日あけてください。,施術間隔,"あける,いつ,スカルプ・プラセンタエッセンス,ミラドライ,施術間隔,次の施術,間隔"
脱毛の後にスカルプ・プラセンタエッセンスはどのくらいあけますか／脱毛の後にスカルプ・プラセンタエッセンスはいつ受けられますか,脱毛の後にスカルプ・プラセンタエッセンス（別の部位）を受ける場合、翌日あけてください。 ※脱毛は1回目→2回目が4週間、2回目以降は8週間（男性のひげは回数にかかわらず2週間）。他院・家庭用脱毛器・毛抜き後は8週間あけます,施術間隔,"あける,いつ,スカルプ・プラセンタエッセンス,施術間隔,次の施術,脱毛,間隔"
タトゥーの後にスカルプ・プラセンタエッセンスはどのくらいあけますか／タトゥーの後にスカルプ・プラセンタエッセンスはいつ受けられますか,タトゥーの後にスカルプ・プラセンタエッセンス（同じ部位）を受ける場合、同部位3ヶ月あけてください。別の部位であれば同日に受けられます。,施術間隔,"あける,いつ,スカルプ・プラセンタエッセンス,タトゥー,施術間隔,次の施術,間隔"
アートメイクの後にスカルプ・プラセンタエッセンスはどのくらいあけますか／アートメイクの後にスカルプ・プラセンタエッセンスはいつ受けられますか,アートメイクの後にスカルプ・プラセンタエッセンス（同じ部位）を受ける場合、2週間あけてください。別の部位であれば同日に受けられます。,施術間隔,"あける,いつ,アートメイク,スカルプ・プラセンタエッセンス,施術間隔,次の施術,間隔"
ハイドラジェントルの後にコラーゲンピールはどのくらいあけますか／ハイドラジェントルの後にコラーゲンピールはいつ受けられますか,ハイドラジェントルの後にコラーゲンピールを受ける場合、同日に受けられます。 ※面の治療との併用は初回は同日不可（2回目以降は同日可、ハイドラ先）。局所治療との併用は初回から同日可,施術間隔,"あける,いつ,コラーゲンピール,ハイドラジェントル,施術間隔,次の施術,間隔"
ケミカルピーリングの後にコラーゲンピールはどのくらいあけますか／ケミカルピーリングの後にコラーゲンピールはいつ受けられますか,ケミカルピーリングの後にコラーゲンピール（同じ部位）を受ける場合、3週間あけてください。別の部位であれば同日に受けられます。 ※ピーリングは顔4週間（医師指示で2週間の場合あり）・背中3週間・その他2週間,施術間隔,"あける,いつ,ケミカルピーリング,コラーゲンピール,施術間隔,次の施術,間隔"
スマートサイドドット（2回目以降）の後にコラーゲンピールはどのくらいあけますか／スマートサイドドット（2回目以降）の後にコラーゲンピールはいつ受けられますか,スマートサイドドット（2回目以降）の後にコラーゲンピール（同じ部位）を受ける場合、4週間あけてください。別の部位であれば同日に受けられます。,施術間隔,"あける,いつ,コラーゲンピール,スマートサイドドット,スマートサイドドット（2回目以降）,施術間隔,次の施術,間隔"
スマートサイドドット（初回）の後にコラーゲンピールはどのくらいあけますか／スマートサイドドット（初回）の後にコラーゲンピールはいつ受けられますか,スマートサイドドット（初回）の後にコラーゲンピール（同じ部位）を受ける場合、3週間あけてください。別の部位であれば同日に受けられます。,施術間隔,"あける,いつ,コラーゲンピール,スマートサイドドット,スマートサイドドット（初回）,施術間隔,次の施術,間隔"
イボレーザー/CO2レーザーの後にコラーゲンピールはどのくらいあけますか／イボレーザー/CO2レーザーの後にコラーゲンピールはいつ受けられますか,イボレーザー/CO2レーザーの後にコラーゲンピール（同じ部位）を受ける場合、4週間あけてください。別の部位であれば同日に受けられます。 ※CO2は初回治療は4週間あけます（色素沈着・傷跡の確認のため）,施術間隔,"CO2レーザー,あける,いつ,イボレーザー,コラーゲンピール,施術間隔,次の施術,間隔"
シミ取りレーザーの後にコラーゲンピールはどのくらいあけますか／シミ取りレーザーの後にコラーゲンピールはいつ受けられますか,シミ取りレーザーの後にコラーゲンピール（同じ部位）を受ける場合、4週間あけてください。別の部位であれば同日に受けられます。,施術間隔,"あける,いつ,コラーゲンピール,シミ取りレーザー,施術間隔,次の施術,間隔"
ADM/ピコレーザの後にコラーゲンピールはどのくらいあけますか／ADM/ピコレーザの後にコラーゲンピールはいつ受けられますか,ADM/ピコレーザの後にコラーゲンピールを受ける場合、ADM/ピコレーザの治療完了後4週間あけてください。,施術間隔,"ADM,あける,いつ,コラーゲンピール,ピコレーザ,施術間隔,次の施術,間隔"
ADM/ナノレーザーの後にコラーゲンピールはどのくらいあけますか／ADM/ナノレーザーの後にコラーゲンピールはいつ受けられますか,ADM/ナノレーザーの後にコラーゲンピールを受ける場合、ADM/ナノレーザーの治療完了後4週間あけてください。,施術間隔,"ADM,あける,いつ,コラーゲンピール,ナノレーザー,施術間隔,次の施術,間隔"
レーザートーニングの後にコラーゲンピールはどのくらいあけますか／レーザートーニングの後にコラーゲンピールはいつ受けられますか,レーザートーニングの後にコラーゲンピール（同じ部位）を受ける場合、1週間あけてください。別の部位であれば同日に受けられます。 ※トーニングは1〜5回目は週1回、6回目以降は月1回が目安です,施術間隔,"あける,いつ,コラーゲンピール,レーザートーニング,施術間隔,次の施術,間隔"
ピコトーニングの後にコラーゲンピールはどのくらいあけますか／ピコトーニングの後にコラーゲンピールはいつ受けられますか,ピコトーニングの後にコラーゲンピール（同じ部位）を受ける場合、2週間あけてください。別の部位であれば同日に受けられます。 ※トーニングは1〜5回目は週1回、6回目以降は月1回が目安です,施術間隔,"あける,いつ,コラーゲンピール,ピコトーニング,施術間隔,次の施術,間隔"
ピコフラクショナルの後にコラーゲンピールはどのくらいあけますか／ピコフラクショナルの後にコラーゲンピールはいつ受けられますか,ピコフラクショナルの後にコラーゲンピール（同じ部位）を受ける場合、4週間あけてください。別の部位であれば同日に受けられます。,施術間隔,"あける,いつ,コラーゲンピール,ピコフラクショナル,施術間隔,次の施術,間隔"
そばかすシャワーの後にコラーゲンピールはどのくらいあけますか／そばかすシャワーの後にコラーゲンピールはいつ受けられますか,そばかすシャワーの後にコラーゲンピール（同じ部位）を受ける場合、4週間あけてください。別の部位であれば同日に受けられます。,施術間隔,"あける,いつ,そばかすシャワー,コラーゲンピール,施術間隔,次の施術,間隔"
そばかすスポットの後にコラーゲンピールはどのくらいあけますか／そばかすスポットの後にコラーゲンピールはいつ受けられますか,そばかすスポットの後にコラーゲンピール（同じ部位）を受ける場合、4週間あけてください。別の部位であれば同日に受けられます。 ※取り残しは3週間以内、それ以外は3ヶ月以上あけます,施術間隔,"あける,いつ,そばかすスポット,コラーゲンピール,施術間隔,次の施術,間隔"
フォト/光治療の後にコラーゲンピールはどのくらいあけますか／フォト/光治療の後にコラーゲンピールはいつ受けられますか,フォト/光治療の後にコラーゲンピール（同じ部位）を受ける場合、1週間あけてください。別の部位であれば同日に受けられます。 ※フォト/光治療は赤ら顔も含め4週間。4〜5回で1クール、1クール後は3ヶ月あけます,施術間隔,"あける,いつ,コラーゲンピール,フォト,光治療,施術間隔,次の施術,間隔"
赤み治療の後にコラーゲンピールはどのくらいあけますか／赤み治療の後にコラーゲンピールはいつ受けられますか,赤み治療の後にコラーゲンピールを受ける場合、赤み治療の治療完了後2週間あけてください。,施術間隔,"あける,いつ,コラーゲンピール,施術間隔,次の施術,赤み治療,間隔"
ボトックスの後にコラーゲンピールはどのくらいあけますか／ボトックスの後にコラーゲンピールはいつ受けられますか,ボトックスの後にコラーゲンピール（同じ部位）を受ける場合、2週間あけてください。別の部位であれば同日に受けられます。 ※ボトックスはきっちり4ヶ月（マイクロボトックスは3ヶ月）あけます。追加注入は医師の判断によります,施術間隔,"あける,いつ,コラーゲンピール,ボトックス,施術間隔,次の施術,間隔"
ボトックス（マイクロ）の後にコラーゲンピールはどのくらいあけますか／ボトックス（マイクロ）の後にコラーゲンピールはいつ受けられますか,ボトックス（マイクロ）の後にコラーゲンピール（同じ部位）を受ける場合、2週間あけてください。別の部位であれば同日に受けられます。 ※ボトックスはきっちり4ヶ月（マイクロボトックスは3ヶ月）あけます。追加注入は医師の判断によります,施術間隔,"あける,いつ,コラーゲンピール,ボトックス,ボトックス（マイクロ）,施術間隔,次の施術,間隔"
テノールネオの後にコラーゲンピールはどのくらいあけますか／テノールネオの後にコラーゲンピールはいつ受けられますか,テノールネオの後にコラーゲンピールを受ける場合、翌日以降であれば受けられます。,施術間隔,"あける,いつ,コラーゲンピール,テノールネオ,施術間隔,次の施術,間隔"
フラルスキン（トレチ）の後にコラーゲンピールはどのくらいあけますか／フラルスキン（トレチ）の後にコラーゲンピールはいつ受けられますか,フラルスキン（トレチ）の後にコラーゲンピールを受ける場合、トレチノインを使用しているときのみ1週間あけてください（それ以外は医師にご確認ください）。,施術間隔,"あける,いつ,コラーゲンピール,フラルスキン,フラルスキン（トレチ）,施術間隔,次の施術,間隔"
部分シミ（トレチ）の後にコラーゲンピールはどのくらいあけますか／部分シミ（トレチ）の後にコラーゲンピールはいつ受けられますか,部分シミ（トレチ）の後にコラーゲンピール（同じ部位）を受ける場合、4週間あけてください。別の部位であれば同日に受けられます。,施術間隔,"あける,いつ,コラーゲンピール,施術間隔,次の施術,部分シミ,部分シミ（トレチ）,間隔"
mikoメソッドの後にコラーゲンピールはどのくらいあけますか／mikoメソッドの後にコラーゲンピールはいつ受けられますか,mikoメソッドの後にコラーゲンピール（同じ部位）を受ける場合、4週間あけてください。別の部位であれば同日に受けられます。,施術間隔,"mikoメソッド,あける,いつ,コラーゲンピール,施術間隔,次の施術,間隔"
ほくろ切除/ほくろ除去の後にコラーゲンピールはどのくらいあけますか／ほくろ切除/ほくろ除去の後にコラーゲンピールはいつ受けられますか,ほくろ切除/ほくろ除去の後にコラーゲンピールを受ける場合、傷が上皮化してから4週間あけてください。,施術間隔,"あける,いつ,ほくろ切除,ほくろ除去,コラーゲンピール,施術間隔,次の施術,間隔"
ボライトの後にコラーゲンピールはどのくらいあけますか／ボライトの後にコラーゲンピールはいつ受けられますか,ボライトの後にコラーゲンピール（同じ部位）を受ける場合、4週間あけてください。別の部位であれば同日に受けられます。,施術間隔,"あける,いつ,コラーゲンピール,ボライト,施術間隔,次の施術,間隔"
稗粒腫の後にコラーゲンピールはどのくらいあけますか／稗粒腫の後にコラーゲンピールはいつ受けられますか,稗粒腫の後にコラーゲンピール（同じ部位）を受ける場合、1週間あけてください。別の部位であれば同日に受けられます。,施術間隔,"あける,いつ,コラーゲンピール,施術間隔,次の施術,稗粒腫,間隔"
ヴェルヴェットスキンの後にコラーゲンピールはどのくらいあけますか／ヴェルヴェットスキンの後にコラーゲンピールはいつ受けられますか,ヴェルヴェットスキンの後にコラーゲンピール（同じ部位）を受ける場合、4週間あけてください。別の部位であれば同日に受けられます。,施術間隔,"あける,いつ,コラーゲンピール,ヴェルヴェットスキン,施術間隔,次の施術,間隔"
ダーマペンの後にコラーゲンピールはどのくらいあけますか／ダーマペンの後にコラーゲンピールはいつ受けられますか,ダーマペンの後にコラーゲンピール（同じ部位）を受ける場合、4週間あけてください。別の部位であれば同日に受けられます。 ※ダーマペンは基本4週間ですが、出血状況により医師の指示に従います,施術間隔,"あける,いつ,コラーゲンピール,ダーマペン,施術間隔,次の施術,間隔"
HARGの後にコラーゲンピールはどのくらいあけますか／HARGの後にコラーゲンピールはいつ受けられますか,HARGの後にコラーゲンピール（別の部位）を受ける場合、翌日あけてください。,施術間隔,"HARG,あける,いつ,コラーゲンピール,施術間隔,次の施術,間隔"
スカルプ・プラセンタエッセンスの後にコラーゲンピールはどのくらいあけますか／スカルプ・プラセンタエッセンスの後にコラーゲンピールはいつ受けられますか,スカルプ・プラセンタエッセンスの後にコラーゲンピール（別の部位）を受ける場合、翌日あけてください。,施術間隔,"あける,いつ,コラーゲンピール,スカルプ・プラセンタエッセンス,施術間隔,次の施術,間隔"
コラーゲンピールの後にコラーゲンピールはどのくらいあけますか／コラーゲンピールの後にコラーゲンピールはいつ受けられますか,コラーゲンピールの後にコラーゲンピール（同じ部位）を受ける場合、2～3週間あけてください。別の部位であれば同日に受けられます。,施術間隔,"あける,いつ,コラーゲンピール,施術間隔,次の施術,間隔"
サーマクールの後にコラーゲンピールはどのくらいあけますか／サーマクールの後にコラーゲンピールはいつ受けられますか,サーマクールの後にコラーゲンピール（同じ部位）を受ける場合、2週間あけてください。別の部位であれば同日に受けられます。 ※サーマクールはきっちり6ヶ月あけます,施術間隔,"あける,いつ,コラーゲンピール,サーマクール,施術間隔,次の施術,間隔"
脱毛の後にコラーゲンピールはどのくらいあけますか／脱毛の後にコラーゲンピールはいつ受けられますか,脱毛の後にコラーゲンピール（同じ部位）を受ける場合、2週間あけてください。別の部位であれば同日に受けられます。 ※脱毛は1回目→2回目が4週間、2回目以降は8週間（男性のひげは回数にかかわらず2週間）。他院・家庭用脱毛器・毛抜き後は8週間あけます,施術間隔,"あける,いつ,コラーゲンピール,施術間隔,次の施術,脱毛,間隔"
タトゥーの後にコラーゲンピールはどのくらいあけますか／タトゥーの後にコラーゲンピールはいつ受けられますか,タトゥーの後にコラーゲンピール（同じ部位）を受ける場合、同部位3ヶ月あけてください。別の部位であれば同日に受けられます。,施術間隔,"あける,いつ,コラーゲンピール,タトゥー,施術間隔,次の施術,間隔"
アートメイクの後にコラーゲンピールはどのくらいあけますか／アートメイクの後にコラーゲンピールはいつ受けられますか,アートメイクの後にコラーゲンピール（同じ部位）を受ける場合、2週間あけてください。別の部位であれば同日に受けられます。,施術間隔,"あける,いつ,アートメイク,コラーゲンピール,施術間隔,次の施術,間隔"
ハイドラジェントルの後にサーマクールはどのくらいあけますか／ハイドラジェントルの後にサーマクールはいつ受けられますか,ハイドラジェントルの後にサーマクールを受ける場合、翌日以降であれば受けられます。 ※サーマクールはきっちり6ヶ月あけます／面の治療との併用は初回は同日不可（2回目以降は同日可、ハイドラ先）。局所治療との併用は初回から同日可,施術間隔,"あける,いつ,サーマクール,ハイドラジェントル,施術間隔,次の施術,間隔"
ケミカルピーリングの後にサーマクールはどのくらいあけますか／ケミカルピーリングの後にサーマクールはいつ受けられますか,ケミカルピーリングの後にサーマクール（同じ部位）を受ける場合、2週間あけてください。別の部位であれば同日に受けられます。 ※サーマクールはきっちり6ヶ月あけます／ピーリングは顔4週間（医師指示で2週間の場合あり）・背中3週間・その他2週間,施術間隔,"あける,いつ,ケミカルピーリング,サーマクール,施術間隔,次の施術,間隔"
スマートサイドドット（2回目以降）の後にサーマクールはどのくらいあけますか／スマートサイドドット（2回目以降）の後にサーマクールはいつ受けられますか,スマートサイドドット（2回目以降）の後にサーマクール（同じ部位）を受ける場合、4週間あけてください。別の部位であれば同日に受けられます。 ※サーマクールはきっちり6ヶ月あけます,施術間隔,"あける,いつ,サーマクール,スマートサイドドット,スマートサイドドット（2回目以降）,施術間隔,次の施術,間隔"
スマートサイドドット（初回）の後にサーマクールはどのくらいあけますか／スマートサイドドット（初回）の後にサーマクールはいつ受けられますか,スマートサイドドット（初回）の後にサーマクール（同じ部位）を受ける場合、3週間あけてください。別の部位であれば同日に受けられます。 ※サーマクールはきっちり6ヶ月あけます,施術間隔,"あける,いつ,サーマクール,スマートサイドドット,スマートサイドドット（初回）,施術間隔,次の施術,間隔"
イボレーザー/CO2レーザーの後にサーマクールはどのくらいあけますか／イボレーザー/CO2レーザーの後にサーマクールはいつ受けられますか,イボレーザー/CO2レーザーの後にサーマクール（同じ部位）を受ける場合、4週間あけてください。別の部位であれば同日に受けられます。 ※サーマクールはきっちり6ヶ月あけます／CO2は初回治療は4週間あけます（色素沈着・傷跡の確認のため）,施術間隔,"CO2レーザー,あける,いつ,イボレーザー,サーマクール,施術間隔,次の施術,間隔"
シミ取りレーザーの後にサーマクールはどのくらいあけますか／シミ取りレーザーの後にサーマクールはいつ受けられますか,シミ取りレーザーの後にサーマクール（同じ部位）を受ける場合、4週間あけてください。別の部位であれば同日に受けられます。 ※サーマクールはきっちり6ヶ月あけます,施術間隔,"あける,いつ,サーマクール,シミ取りレーザー,施術間隔,次の施術,間隔"
ADM/ピコレーザの後にサーマクールはどのくらいあけますか／ADM/ピコレーザの後にサーマクールはいつ受けられますか,ADM/ピコレーザの後にサーマクール（同じ部位）を受ける場合、4週間あけてください。別の部位であれば同日に受けられます。 ※サーマクールはきっちり6ヶ月あけます,施術間隔,"ADM,あける,いつ,サーマクール,ピコレーザ,施術間隔,次の施術,間隔"
ADM/ナノレーザーの後にサーマクールはどのくらいあけますか／ADM/ナノレーザーの後にサーマクールはいつ受けられますか,ADM/ナノレーザーの後にサーマクール（同じ部位）を受ける場合、4週間あけてください。別の部位であれば同日に受けられます。 ※サーマクールはきっちり6ヶ月あけます,施術間隔,"ADM,あける,いつ,サーマクール,ナノレーザー,施術間隔,次の施術,間隔"
レーザートーニングの後にサーマクールはどのくらいあけますか／レーザートーニングの後にサーマクールはいつ受けられますか,レーザートーニングの後にサーマクール（同じ部位）を受ける場合、1週間あけてください。別の部位であれば同日に受けられます。 ※サーマクールはきっちり6ヶ月あけます／トーニングは1〜5回目は週1回、6回目以降は月1回が目安です,施術間隔,"あける,いつ,サーマクール,レーザートーニング,施術間隔,次の施術,間隔"
ピコトーニングの後にサーマクールはどのくらいあけますか／ピコトーニングの後にサーマクールはいつ受けられますか,ピコトーニングの後にサーマクール（同じ部位）を受ける場合、2週間あけてください。別の部位であれば同日に受けられます。 ※サーマクールはきっちり6ヶ月あけます／トーニングは1〜5回目は週1回、6回目以降は月1回が目安です,施術間隔,"あける,いつ,サーマクール,ピコトーニング,施術間隔,次の施術,間隔"
ピコフラクショナルの後にサーマクールはどのくらいあけますか／ピコフラクショナルの後にサーマクールはいつ受けられますか,ピコフラクショナルの後にサーマクール（同じ部位）を受ける場合、4週間あけてください。別の部位であれば同日に受けられます。 ※サーマクールはきっちり6ヶ月あけます,施術間隔,"あける,いつ,サーマクール,ピコフラクショナル,施術間隔,次の施術,間隔"
そばかすシャワーの後にサーマクールはどのくらいあけますか／そばかすシャワーの後にサーマクールはいつ受けられますか,そばかすシャワーの後にサーマクール（同じ部位）を受ける場合、4週間あけてください。別の部位であれば同日に受けられます。 ※サーマクールはきっちり6ヶ月あけます,施術間隔,"あける,いつ,そばかすシャワー,サーマクール,施術間隔,次の施術,間隔"
そばかすスポットの後にサーマクールはどのくらいあけますか／そばかすスポットの後にサーマクールはいつ受けられますか,そばかすスポットの後にサーマクール（同じ部位）を受ける場合、4週間あけてください。別の部位であれば同日に受けられます。 ※サーマクールはきっちり6ヶ月あけます／取り残しは3週間以内、それ以外は3ヶ月以上あけます,施術間隔,"あける,いつ,そばかすスポット,サーマクール,施術間隔,次の施術,間隔"
フォト/光治療の後にサーマクールはどのくらいあけますか／フォト/光治療の後にサーマクールはいつ受けられますか,フォト/光治療の後にサーマクール（同じ部位）を受ける場合、2週間あけてください。別の部位であれば同日に受けられます。 ※サーマクールはきっちり6ヶ月あけます／フォト/光治療は赤ら顔も含め4週間。4〜5回で1クール、1クール後は3ヶ月あけます,施術間隔,"あける,いつ,サーマクール,フォト,光治療,施術間隔,次の施術,間隔"
赤み治療の後にサーマクールはどのくらいあけますか／赤み治療の後にサーマクールはいつ受けられますか,赤み治療の後にサーマクールを受ける場合、赤み治療の治療完了後2週間あけてください。 ※サーマクールはきっちり6ヶ月あけます,施術間隔,"あける,いつ,サーマクール,施術間隔,次の施術,赤み治療,間隔"
ボトックスの後にサーマクールはどのくらいあけますか／ボトックスの後にサーマクールはいつ受けられますか,ボトックスの後にサーマクール（同じ部位）を受ける場合、2週間あけてください。別の部位であれば同日に受けられます。 ※ボトックスはきっちり4ヶ月（マイクロボトックスは3ヶ月）あけます。追加注入は医師の判断によります／サーマクールはきっちり6ヶ月あけます,施術間隔,"あける,いつ,サーマクール,ボトックス,施術間隔,次の施術,間隔"
ボトックス（マイクロ）の後にサーマクールはどのくらいあけますか／ボトックス（マイクロ）の後にサーマクールはいつ受けられますか,ボトックス（マイクロ）の後にサーマクール（同じ部位）を受ける場合、2週間あけてください。別の部位であれば同日に受けられます。 ※ボトックスはきっちり4ヶ月（マイクロボトックスは3ヶ月）あけます。追加注入は医師の判断によります／サーマクールはきっちり6ヶ月あけます,施術間隔,"あける,いつ,サーマクール,ボトックス,ボトックス（マイクロ）,施術間隔,次の施術,間隔"
テノールネオの後にサーマクールはどのくらいあけますか／テノールネオの後にサーマクールはいつ受けられますか,テノールネオの後にサーマクール（同じ部位）を受ける場合、2週間あけてください。別の部位であれば同日に受けられます。 ※サーマクールはきっちり6ヶ月あけます,施術間隔,"あける,いつ,サーマクール,テノールネオ,施術間隔,次の施術,間隔"
フラルスキン（トレチ）の後にサーマクールはどのくらいあけますか／フラルスキン（トレチ）の後にサーマクールはいつ受けられますか,フラルスキン（トレチ）の後にサーマクールを受ける場合、トレチノインを使用しているときのみ1週間あけてください（それ以外は医師にご確認ください）。 ※サーマクールはきっちり6ヶ月あけます,施術間隔,"あける,いつ,サーマクール,フラルスキン,フラルスキン（トレチ）,施術間隔,次の施術,間隔"
部分シミ（トレチ）の後にサーマクールはどのくらいあけますか／部分シミ（トレチ）の後にサーマクールはいつ受けられますか,部分シミ（トレチ）の後にサーマクール（同じ部位）を受ける場合、4週間あけてください。別の部位であれば同日に受けられます。 ※サーマクールはきっちり6ヶ月あけます,施術間隔,"あける,いつ,サーマクール,施術間隔,次の施術,部分シミ,部分シミ（トレチ）,間隔"
mikoメソッドの後にサーマクールはどのくらいあけますか／mikoメソッドの後にサーマクールはいつ受けられますか,mikoメソッドの後にサーマクール（同じ部位）を受ける場合、4週間あけてください。別の部位であれば同日に受けられます。 ※サーマクールはきっちり6ヶ月あけます,施術間隔,"mikoメソッド,あける,いつ,サーマクール,施術間隔,次の施術,間隔"
ほくろ切除/ほくろ除去の後にサーマクールはどのくらいあけますか／ほくろ切除/ほくろ除去の後にサーマクールはいつ受けられますか,ほくろ切除/ほくろ除去の後にサーマクールを受ける場合、傷が上皮化してから4週間あけてください。 ※サーマクールはきっちり6ヶ月あけます,施術間隔,"あける,いつ,ほくろ切除,ほくろ除去,サーマクール,施術間隔,次の施術,間隔"
ボライトの後にサーマクールはどのくらいあけますか／ボライトの後にサーマクールはいつ受けられますか,ボライトの後にサーマクール（同じ部位）を受ける場合、4週間あけてください。別の部位であれば同日に受けられます。 ※サーマクールはきっちり6ヶ月あけます,施術間隔,"あける,いつ,サーマクール,ボライト,施術間隔,次の施術,間隔"
稗粒腫の後にサーマクールはどのくらいあけますか／稗粒腫の後にサーマクールはいつ受けられますか,稗粒腫の後にサーマクール（同じ部位）を受ける場合、1週間あけてください。別の部位であれば同日に受けられます。 ※サーマクールはきっちり6ヶ月あけます,施術間隔,"あける,いつ,サーマクール,施術間隔,次の施術,稗粒腫,間隔"
ヴェルヴェットスキンの後にサーマクールはどのくらいあけますか／ヴェルヴェットスキンの後にサーマクールはいつ受けられますか,ヴェルヴェットスキンの後にサーマクール（同じ部位）を受ける場合、4週間あけてください。別の部位であれば同日に受けられます。 ※サーマクールはきっちり6ヶ月あけます,施術間隔,"あける,いつ,サーマクール,ヴェルヴェットスキン,施術間隔,次の施術,間隔"
ダーマペンの後にサーマクールはどのくらいあけますか／ダーマペンの後にサーマクールはいつ受けられますか,ダーマペンの後にサーマクール（同じ部位）を受ける場合、4週間あけてください。別の部位であれば同日に受けられます。 ※サーマクールはきっちり6ヶ月あけます／ダーマペンは基本4週間ですが、出血状況により医師の指示に従います,施術間隔,"あける,いつ,サーマクール,ダーマペン,施術間隔,次の施術,間隔"
HARGの後にサーマクールはどのくらいあけますか／HARGの後にサーマクールはいつ受けられますか,HARGの後にサーマクール（別の部位）を受ける場合、翌日あけてください。 ※サーマクールはきっちり6ヶ月あけます,施術間隔,"HARG,あける,いつ,サーマクール,施術間隔,次の施術,間隔"
スカルプ・プラセンタエッセンスの後にサーマクールはどのくらいあけますか／スカルプ・プラセンタエッセンスの後にサーマクールはいつ受けられますか,スカルプ・プラセンタエッセンスの後にサーマクール（別の部位）を受ける場合、翌日あけてください。 ※サーマクールはきっちり6ヶ月あけます,施術間隔,"あける,いつ,サーマクール,スカルプ・プラセンタエッセンス,施術間隔,次の施術,間隔"
コラーゲンピールの後にサーマクールはどのくらいあけますか／コラーゲンピールの後にサーマクールはいつ受けられますか,コラーゲンピールの後にサーマクール（同じ部位）を受ける場合、2週間あけてください。別の部位であれば同日に受けられます。 ※サーマクールはきっちり6ヶ月あけます,施術間隔,"あける,いつ,コラーゲンピール,サーマクール,施術間隔,次の施術,間隔"
サーマクールの後にサーマクールはどのくらいあけますか／サーマクールの後にサーマクールはいつ受けられますか,サーマクールの後にサーマクール（同じ部位）を受ける場合、6か月あけてください。別の部位であれば同日に受けられます。 ※サーマクールはきっちり6ヶ月あけます,施術間隔,"あける,いつ,サーマクール,施術間隔,次の施術,間隔"
脱毛の後にサーマクールはどのくらいあけますか／脱毛の後にサーマクールはいつ受けられますか,脱毛の後にサーマクール（同じ部位）を受ける場合、2週間あけてください。別の部位であれば同日に受けられます。 ※脱毛は1回目→2回目が4週間、2回目以降は8週間（男性のひげは回数にかかわらず2週間）。他院・家庭用脱毛器・毛抜き後は8週間あけます／サーマクールはきっちり6ヶ月あけます,施術間隔,"あける,いつ,サーマクール,施術間隔,次の施術,脱毛,間隔"
タトゥーの後にサーマクールはどのくらいあけますか／タトゥーの後にサーマクールはいつ受けられますか,タトゥーの後にサーマクール（同じ部位）を受ける場合、同部位3ヶ月あけてください。別の部位であれば同日に受けられます。 ※サーマクールはきっちり6ヶ月あけます,施術間隔,"あける,いつ,サーマクール,タトゥー,施術間隔,次の施術,間隔"
アートメイクの後にサーマクールはどのくらいあけますか／アートメイクの後にサーマクールはいつ受けられますか,アートメイクの後にサーマクール（同じ部位）を受ける場合、2週間あけてください。別の部位であれば同日に受けられます。 ※サーマクールはきっちり6ヶ月あけます,施術間隔,"あける,いつ,アートメイク,サーマクール,施術間隔,次の施術,間隔"
赤み治療の後にミラドライはどのくらいあけますか／赤み治療の後にミラドライはいつ受けられますか,赤み治療の後にミラドライを受ける場合、赤み治療の治療完了後2週間あけてください。,施術間隔,"あける,いつ,ミラドライ,施術間隔,次の施術,赤み治療,間隔"
ヴェルヴェットスキンの後にミラドライはどのくらいあけますか／ヴェルヴェットスキンの後にミラドライはいつ受けられますか,ヴェルヴェットスキンの後にミラドライを受ける場合、翌日以降であれば受けられます。,施術間隔,"あける,いつ,ミラドライ,ヴェルヴェットスキン,施術間隔,次の施術,間隔"
HARGの後にミラドライはどのくらいあけますか／HARGの後にミラドライはいつ受けられますか,HARGの後にミラドライ（別の部位）を受ける場合、翌日あけてください。,施術間隔,"HARG,あける,いつ,ミラドライ,施術間隔,次の施術,間隔"
スカルプ・プラセンタエッセンスの後にミラドライはどのくらいあけますか／スカルプ・プラセンタエッセンスの後にミラドライはいつ受けられますか,スカルプ・プラセンタエッセンスの後にミラドライ（別の部位）を受ける場合、翌日あけてください。,施術間隔,"あける,いつ,スカルプ・プラセンタエッセンス,ミラドライ,施術間隔,次の施術,間隔"
ミラドライの後にミラドライはどのくらいあけますか／ミラドライの後にミラドライはいつ受けられますか,ミラドライの後にミラドライ（同じ部位）を受ける場合、3か月あけてください。別の部位であれば同日に受けられます。,施術間隔,"あける,いつ,ミラドライ,施術間隔,次の施術,間隔"
脱毛の後にミラドライはどのくらいあけますか／脱毛の後にミラドライはいつ受けられますか,脱毛の後にミラドライ（同じ部位）を受ける場合、2週間あけてください。別の部位であれば同日に受けられます。 ※脱毛は1回目→2回目が4週間、2回目以降は8週間（男性のひげは回数にかかわらず2週間）。他院・家庭用脱毛器・毛抜き後は8週間あけます,施術間隔,"あける,いつ,ミラドライ,施術間隔,次の施術,脱毛,間隔"
タトゥーの後にミラドライはどのくらいあけますか／タトゥーの後にミラドライはいつ受けられますか,タトゥーの後にミラドライ（同じ部位）を受ける場合、同部位3ヶ月あけてください。別の部位であれば同日に受けられます。,施術間隔,"あける,いつ,タトゥー,ミラドライ,施術間隔,次の施術,間隔"
アートメイクの後にミラドライはどのくらいあけますか／アートメイクの後にミラドライはいつ受けられますか,アートメイクの後にミラドライ（同じ部位）を受ける場合、2週間あけてください。別の部位であれば同日に受けられます。,施術間隔,"あける,いつ,アートメイク,ミラドライ,施術間隔,次の施術,間隔"
ハイドラジェントルの後に脱毛はどのくらいあけますか／ハイドラジェントルの後に脱毛はいつ受けられますか,ハイドラジェントルの後に脱毛を受ける場合、翌日以降であれば受けられます。 ※脱毛は1回目→2回目が4週間、2回目以降は8週間（男性のひげは回数にかかわらず2週間）。他院・家庭用脱毛器・毛抜き後は8週間あけます／面の治療との併用は初回は同日不可（2回目以降は同日可、ハイドラ先）。局所治療との併用は初回から同日可,施術間隔,"あける,いつ,ハイドラジェントル,施術間隔,次の施術,脱毛,間隔"
ケミカルピーリングの後に脱毛はどのくらいあけますか／ケミカルピーリングの後に脱毛はいつ受けられますか,ケミカルピーリングの後に脱毛（同じ部位）を受ける場合、4週間あけてください。別の部位であれば同日に受けられます。 ※脱毛は1回目→2回目が4週間、2回目以降は8週間（男性のひげは回数にかかわらず2週間）。他院・家庭用脱毛器・毛抜き後は8週間あけます／ピーリングは顔4週間（医師指示で2週間の場合あり）・背中3週間・その他2週間,施術間隔,"あける,いつ,ケミカルピーリング,施術間隔,次の施術,脱毛,間隔"
スマートサイドドット（2回目以降）の後に脱毛はどのくらいあけますか／スマートサイドドット（2回目以降）の後に脱毛はいつ受けられますか,スマートサイドドット（2回目以降）の後に脱毛（同じ部位）を受ける場合、4週間あけてください。別の部位であれば同日に受けられます。 ※脱毛は1回目→2回目が4週間、2回目以降は8週間（男性のひげは回数にかかわらず2週間）。他院・家庭用脱毛器・毛抜き後は8週間あけます,施術間隔,"あける,いつ,スマートサイドドット,スマートサイドドット（2回目以降）,施術間隔,次の施術,脱毛,間隔"
スマートサイドドット（初回）の後に脱毛はどのくらいあけますか／スマートサイドドット（初回）の後に脱毛はいつ受けられますか,スマートサイドドット（初回）の後に脱毛（同じ部位）を受ける場合、2週間あけてください。別の部位であれば同日に受けられます。 ※脱毛は1回目→2回目が4週間、2回目以降は8週間（男性のひげは回数にかかわらず2週間）。他院・家庭用脱毛器・毛抜き後は8週間あけます,施術間隔,"あける,いつ,スマートサイドドット,スマートサイドドット（初回）,施術間隔,次の施術,脱毛,間隔"
イボレーザー/CO2レーザーの後に脱毛はどのくらいあけますか／イボレーザー/CO2レーザーの後に脱毛はいつ受けられますか,イボレーザー/CO2レーザーの後に脱毛（同じ部位）を受ける場合、4週間あけてください。別の部位であれば同日に受けられます。 ※脱毛は1回目→2回目が4週間、2回目以降は8週間（男性のひげは回数にかかわらず2週間）。他院・家庭用脱毛器・毛抜き後は8週間あけます／CO2は初回治療は4週間あけます（色素沈着・傷跡の確認のため）,施術間隔,"CO2レーザー,あける,いつ,イボレーザー,施術間隔,次の施術,脱毛,間隔"
シミ取りレーザーの後に脱毛はどのくらいあけますか／シミ取りレーザーの後に脱毛はいつ受けられますか,シミ取りレーザーの後に脱毛（同じ部位）を受ける場合、4週間あけてください。別の部位であれば同日に受けられます。 ※脱毛は1回目→2回目が4週間、2回目以降は8週間（男性のひげは回数にかかわらず2週間）。他院・家庭用脱毛器・毛抜き後は8週間あけます,施術間隔,"あける,いつ,シミ取りレーザー,施術間隔,次の施術,脱毛,間隔"
ADM/ピコレーザの後に脱毛はどのくらいあけますか／ADM/ピコレーザの後に脱毛はいつ受けられますか,ADM/ピコレーザの後に脱毛（同じ部位）を受ける場合、4週間あけてください。別の部位であれば同日に受けられます。 ※脱毛は1回目→2回目が4週間、2回目以降は8週間（男性のひげは回数にかかわらず2週間）。他院・家庭用脱毛器・毛抜き後は8週間あけます,施術間隔,"ADM,あける,いつ,ピコレーザ,施術間隔,次の施術,脱毛,間隔"
ADM/ナノレーザーの後に脱毛はどのくらいあけますか／ADM/ナノレーザーの後に脱毛はいつ受けられますか,ADM/ナノレーザーの後に脱毛（同じ部位）を受ける場合、4週間あけてください。別の部位であれば同日に受けられます。 ※脱毛は1回目→2回目が4週間、2回目以降は8週間（男性のひげは回数にかかわらず2週間）。他院・家庭用脱毛器・毛抜き後は8週間あけます,施術間隔,"ADM,あける,いつ,ナノレーザー,施術間隔,次の施術,脱毛,間隔"
レーザートーニングの後に脱毛はどのくらいあけますか／レーザートーニングの後に脱毛はいつ受けられますか,レーザートーニングの後に脱毛（同じ部位）を受ける場合、1週間あけてください。別の部位であれば同日に受けられます。 ※脱毛は1回目→2回目が4週間、2回目以降は8週間（男性のひげは回数にかかわらず2週間）。他院・家庭用脱毛器・毛抜き後は8週間あけます／トーニングは1〜5回目は週1回、6回目以降は月1回が目安です,施術間隔,"あける,いつ,レーザートーニング,施術間隔,次の施術,脱毛,間隔"
ピコトーニングの後に脱毛はどのくらいあけますか／ピコトーニングの後に脱毛はいつ受けられますか,ピコトーニングの後に脱毛（同じ部位）を受ける場合、2週間あけてください。別の部位であれば同日に受けられます。 ※脱毛は1回目→2回目が4週間、2回目以降は8週間（男性のひげは回数にかかわらず2週間）。他院・家庭用脱毛器・毛抜き後は8週間あけます／トーニングは1〜5回目は週1回、6回目以降は月1回が目安です,施術間隔,"あける,いつ,ピコトーニング,施術間隔,次の施術,脱毛,間隔"
ピコフラクショナルの後に脱毛はどのくらいあけますか／ピコフラクショナルの後に脱毛はいつ受けられますか,ピコフラクショナルの後に脱毛（同じ部位）を受ける場合、4週間あけてください。別の部位であれば同日に受けられます。 ※脱毛は1回目→2回目が4週間、2回目以降は8週間（男性のひげは回数にかかわらず2週間）。他院・家庭用脱毛器・毛抜き後は8週間あけます,施術間隔,"あける,いつ,ピコフラクショナル,施術間隔,次の施術,脱毛,間隔"
そばかすシャワーの後に脱毛はどのくらいあけますか／そばかすシャワーの後に脱毛はいつ受けられますか,そばかすシャワーの後に脱毛（同じ部位）を受ける場合、4週間あけてください。別の部位であれば同日に受けられます。 ※脱毛は1回目→2回目が4週間、2回目以降は8週間（男性のひげは回数にかかわらず2週間）。他院・家庭用脱毛器・毛抜き後は8週間あけます,施術間隔,"あける,いつ,そばかすシャワー,施術間隔,次の施術,脱毛,間隔"
そばかすスポットの後に脱毛はどのくらいあけますか／そばかすスポットの後に脱毛はいつ受けられますか,そばかすスポットの後に脱毛（同じ部位）を受ける場合、4週間あけてください。別の部位であれば同日に受けられます。 ※脱毛は1回目→2回目が4週間、2回目以降は8週間（男性のひげは回数にかかわらず2週間）。他院・家庭用脱毛器・毛抜き後は8週間あけます／取り残しは3週間以内、それ以外は3ヶ月以上あけます,施術間隔,"あける,いつ,そばかすスポット,施術間隔,次の施術,脱毛,間隔"
フォト/光治療の後に脱毛はどのくらいあけますか／フォト/光治療の後に脱毛はいつ受けられますか,フォト/光治療の後に脱毛（同じ部位）を受ける場合、2週間あけてください。別の部位であれば同日に受けられます。 ※脱毛は1回目→2回目が4週間、2回目以降は8週間（男性のひげは回数にかかわらず2週間）。他院・家庭用脱毛器・毛抜き後は8週間あけます／フォト/光治療は赤ら顔も含め4週間。4〜5回で1クール、1クール後は3ヶ月あけます,施術間隔,"あける,いつ,フォト,光治療,施術間隔,次の施術,脱毛,間隔"
赤み治療の後に脱毛はどのくらいあけますか／赤み治療の後に脱毛はいつ受けられますか,赤み治療の後に脱毛を受ける場合、赤み治療の治療完了後2週間あけてください。 ※脱毛は1回目→2回目が4週間、2回目以降は8週間（男性のひげは回数にかかわらず2週間）。他院・家庭用脱毛器・毛抜き後は8週間あけます,施術間隔,"あける,いつ,施術間隔,次の施術,脱毛,赤み治療,間隔"
ボトックスの後に脱毛はどのくらいあけますか／ボトックスの後に脱毛はいつ受けられますか,ボトックスの後に脱毛（同じ部位）を受ける場合、2週間あけてください。別の部位であれば同日に受けられます。 ※ボトックスはきっちり4ヶ月（マイクロボトックスは3ヶ月）あけます。追加注入は医師の判断によります／脱毛は1回目→2回目が4週間、2回目以降は8週間（男性のひげは回数にかかわらず2週間）。他院・家庭用脱毛器・毛抜き後は8週間あけます,施術間隔,"あける,いつ,ボトックス,施術間隔,次の施術,脱毛,間隔"
ボトックス（マイクロ）の後に脱毛はどのくらいあけますか／ボトックス（マイクロ）の後に脱毛はいつ受けられますか,ボトックス（マイクロ）の後に脱毛（同じ部位）を受ける場合、2週間あけてください。別の部位であれば同日に受けられます。 ※ボトックスはきっちり4ヶ月（マイクロボトックスは3ヶ月）あけます。追加注入は医師の判断によります／脱毛は1回目→2回目が4週間、2回目以降は8週間（男性のひげは回数にかかわらず2週間）。他院・家庭用脱毛器・毛抜き後は8週間あけます,施術間隔,"あける,いつ,ボトックス,ボトックス（マイクロ）,施術間隔,次の施術,脱毛,間隔"
テノールネオの後に脱毛はどのくらいあけますか／テノールネオの後に脱毛はいつ受けられますか,テノールネオの後に脱毛（同じ部位）を受ける場合、1週間あけてください。別の部位であれば同日に受けられます。 ※脱毛は1回目→2回目が4週間、2回目以降は8週間（男性のひげは回数にかかわらず2週間）。他院・家庭用脱毛器・毛抜き後は8週間あけます,施術間隔,"あける,いつ,テノールネオ,施術間隔,次の施術,脱毛,間隔"
フラルスキン（トレチ）の後に脱毛はどのくらいあけますか／フラルスキン（トレチ）の後に脱毛はいつ受けられますか,フラルスキン（トレチ）の後に脱毛を受ける場合、トレチノインを使用しているときのみ1週間あけてください（それ以外は医師にご確認ください）。 ※脱毛は1回目→2回目が4週間、2回目以降は8週間（男性のひげは回数にかかわらず2週間）。他院・家庭用脱毛器・毛抜き後は8週間あけます,施術間隔,"あける,いつ,フラルスキン,フラルスキン（トレチ）,施術間隔,次の施術,脱毛,間隔"
部分シミ（トレチ）の後に脱毛はどのくらいあけますか／部分シミ（トレチ）の後に脱毛はいつ受けられますか,部分シミ（トレチ）の後に脱毛（同じ部位）を受ける場合、4週間あけてください。別の部位であれば同日に受けられます。 ※脱毛は1回目→2回目が4週間、2回目以降は8週間（男性のひげは回数にかかわらず2週間）。他院・家庭用脱毛器・毛抜き後は8週間あけます,施術間隔,"あける,いつ,施術間隔,次の施術,脱毛,部分シミ,部分シミ（トレチ）,間隔"
mikoメソッドの後に脱毛はどのくらいあけますか／mikoメソッドの後に脱毛はいつ受けられますか,mikoメソッドの後に脱毛（同じ部位）を受ける場合、4週間あけてください。別の部位であれば同日に受けられます。 ※脱毛は1回目→2回目が4週間、2回目以降は8週間（男性のひげは回数にかかわらず2週間）。他院・家庭用脱毛器・毛抜き後は8週間あけます,施術間隔,"mikoメソッド,あける,いつ,施術間隔,次の施術,脱毛,間隔"
ほくろ切除/ほくろ除去の後に脱毛はどのくらいあけますか／ほくろ切除/ほくろ除去の後に脱毛はいつ受けられますか,ほくろ切除/ほくろ除去の後に脱毛を受ける場合、傷が上皮化してから4週間あけてください。 ※脱毛は1回目→2回目が4週間、2回目以降は8週間（男性のひげは回数にかかわらず2週間）。他院・家庭用脱毛器・毛抜き後は8週間あけます,施術間隔,"あける,いつ,ほくろ切除,ほくろ除去,施術間隔,次の施術,脱毛,間隔"
ボライトの後に脱毛はどのくらいあけますか／ボライトの後に脱毛はいつ受けられますか,ボライトの後に脱毛（同じ部位）を受ける場合、4週間あけてください。別の部位であれば同日に受けられます。 ※脱毛は1回目→2回目が4週間、2回目以降は8週間（男性のひげは回数にかかわらず2週間）。他院・家庭用脱毛器・毛抜き後は8週間あけます,施術間隔,"あける,いつ,ボライト,施術間隔,次の施術,脱毛,間隔"
稗粒腫の後に脱毛はどのくらいあけますか／稗粒腫の後に脱毛はいつ受けられますか,稗粒腫の後に脱毛（同じ部位）を受ける場合、1週間あけてください。別の部位であれば同日に受けられます。 ※脱毛は1回目→2回目が4週間、2回目以降は8週間（男性のひげは回数にかかわらず2週間）。他院・家庭用脱毛器・毛抜き後は8週間あけます,施術間隔,"あける,いつ,施術間隔,次の施術,稗粒腫,脱毛,間隔"
ヴェルヴェットスキンの後に脱毛はどのくらいあけますか／ヴェルヴェットスキンの後に脱毛はいつ受けられますか,ヴェルヴェットスキンの後に脱毛（同じ部位）を受ける場合、4週間あけてください。別の部位であれば同日に受けられます。 ※脱毛は1回目→2回目が4週間、2回目以降は8週間（男性のひげは回数にかかわらず2週間）。他院・家庭用脱毛器・毛抜き後は8週間あけます,施術間隔,"あける,いつ,ヴェルヴェットスキン,施術間隔,次の施術,脱毛,間隔"
ダーマペンの後に脱毛はどのくらいあけますか／ダーマペンの後に脱毛はいつ受けられますか,ダーマペンの後に脱毛（同じ部位）を受ける場合、4週間あけてください。別の部位であれば同日に受けられます。 ※脱毛は1回目→2回目が4週間、2回目以降は8週間（男性のひげは回数にかかわらず2週間）。他院・家庭用脱毛器・毛抜き後は8週間あけます／ダーマペンは基本4週間ですが、出血状況により医師の指示に従います,施術間隔,"あける,いつ,ダーマペン,施術間隔,次の施術,脱毛,間隔"
HARGの後に脱毛はどのくらいあけますか／HARGの後に脱毛はいつ受けられますか,HARGの後に脱毛（別の部位）を受ける場合、翌日あけてください。 ※脱毛は1回目→2回目が4週間、2回目以降は8週間（男性のひげは回数にかかわらず2週間）。他院・家庭用脱毛器・毛抜き後は8週間あけます,施術間隔,"HARG,あける,いつ,施術間隔,次の施術,脱毛,間隔"
スカルプ・プラセンタエッセンスの後に脱毛はどのくらいあけますか／スカルプ・プラセンタエッセンスの後に脱毛はいつ受けられますか,スカルプ・プラセンタエッセンスの後に脱毛（別の部位）を受ける場合、翌日あけてください。 ※脱毛は1回目→2回目が4週間、2回目以降は8週間（男性のひげは回数にかかわらず2週間）。他院・家庭用脱毛器・毛抜き後は8週間あけます,施術間隔,"あける,いつ,スカルプ・プラセンタエッセンス,施術間隔,次の施術,脱毛,間隔"
コラーゲンピールの後に脱毛はどのくらいあけますか／コラーゲンピールの後に脱毛はいつ受けられますか,コラーゲンピールの後に脱毛（同じ部位）を受ける場合、2週間あけてください。別の部位であれば同日に受けられます。 ※脱毛は1回目→2回目が4週間、2回目以降は8週間（男性のひげは回数にかかわらず2週間）。他院・家庭用脱毛器・毛抜き後は8週間あけます,施術間隔,"あける,いつ,コラーゲンピール,施術間隔,次の施術,脱毛,間隔"
サーマクールの後に脱毛はどのくらいあけますか／サーマクールの後に脱毛はいつ受けられますか,サーマクールの後に脱毛（同じ部位）を受ける場合、1週間あけてください。別の部位であれば同日に受けられます。 ※脱毛は1回目→2回目が4週間、2回目以降は8週間（男性のひげは回数にかかわらず2週間）。他院・家庭用脱毛器・毛抜き後は8週間あけます／サーマクールはきっちり6ヶ月あけます,施術間隔,"あける,いつ,サーマクール,施術間隔,次の施術,脱毛,間隔"
ミラドライの後に脱毛はどのくらいあけますか／ミラドライの後に脱毛はいつ受けられますか,ミラドライの後に脱毛（同じ部位）を受ける場合、同部位2か月他部位翌日以降あけてください。別の部位であれば同日に受けられます。 ※脱毛は1回目→2回目が4週間、2回目以降は8週間（男性のひげは回数にかかわらず2週間）。他院・家庭用脱毛器・毛抜き後は8週間あけます,施術間隔,"あける,いつ,ミラドライ,施術間隔,次の施術,脱毛,間隔"
脱毛の後に脱毛はどのくらいあけますか／脱毛の後に脱毛はいつ受けられますか,脱毛の後に脱毛（同じ部位）を受ける場合、2～8週間あけてください。別の部位であれば同日に受けられます。 ※脱毛は1回目→2回目が4週間、2回目以降は8週間（男性のひげは回数にかかわらず2週間）。他院・家庭用脱毛器・毛抜き後は8週間あけます,施術間隔,"あける,いつ,施術間隔,次の施術,脱毛,間隔"
タトゥーの後に脱毛はどのくらいあけますか／タトゥーの後に脱毛はいつ受けられますか,タトゥーの後に脱毛（同じ部位）を受ける場合、同部位3ヶ月あけてください。別の部位であれば同日に受けられます。 ※脱毛は1回目→2回目が4週間、2回目以降は8週間（男性のひげは回数にかかわらず2週間）。他院・家庭用脱毛器・毛抜き後は8週間あけます,施術間隔,"あける,いつ,タトゥー,施術間隔,次の施術,脱毛,間隔"
アートメイクの後に脱毛はどのくらいあけますか／アートメイクの後に脱毛はいつ受けられますか,アートメイクの後に脱毛（同じ部位）を受ける場合、2週間あけてください。別の部位であれば同日に受けられます。 ※脱毛は1回目→2回目が4週間、2回目以降は8週間（男性のひげは回数にかかわらず2週間）。他院・家庭用脱毛器・毛抜き後は8週間あけます,施術間隔,"あける,いつ,アートメイク,施術間隔,次の施術,脱毛,間隔"
ハイドラジェントルの後にタトゥーはどのくらいあけますか／ハイドラジェントルの後にタトゥーはいつ受けられますか,ハイドラジェントルの後にタトゥーを受ける場合、翌日以降であれば受けられます。 ※面の治療との併用は初回は同日不可（2回目以降は同日可、ハイドラ先）。局所治療との併用は初回から同日可,施術間隔,"あける,いつ,タトゥー,ハイドラジェントル,施術間隔,次の施術,間隔"
ケミカルピーリングの後にタトゥーはどのくらいあけますか／ケミカルピーリングの後にタトゥーはいつ受けられますか,ケミカルピーリングの後にタトゥー（同じ部位）を受ける場合、4週間あけてください。別の部位であれば同日に受けられます。 ※ピーリングは顔4週間（医師指示で2週間の場合あり）・背中3週間・その他2週間,施術間隔,"あける,いつ,ケミカルピーリング,タトゥー,施術間隔,次の施術,間隔"
スマートサイドドット（2回目以降）の後にタトゥーはどのくらいあけますか／スマートサイドドット（2回目以降）の後にタトゥーはいつ受けられますか,スマートサイドドット（2回目以降）の後にタトゥー（同じ部位）を受ける場合、4週間あけてください。別の部位であれば同日に受けられます。,施術間隔,"あける,いつ,スマートサイドドット,スマートサイドドット（2回目以降）,タトゥー,施術間隔,次の施術,間隔"
スマートサイドドット（初回）の後にタトゥーはどのくらいあけますか／スマートサイドドット（初回）の後にタトゥーはいつ受けられますか,スマートサイドドット（初回）の後にタトゥー（同じ部位）を受ける場合、2週間あけてください。別の部位であれば同日に受けられます。,施術間隔,"あける,いつ,スマートサイドドット,スマートサイドドット（初回）,タトゥー,施術間隔,次の施術,間隔"
イボレーザー/CO2レーザーの後にタトゥーはどのくらいあけますか／イボレーザー/CO2レーザーの後にタトゥーはいつ受けられますか,イボレーザー/CO2レーザーの後にタトゥー（同じ部位）を受ける場合、4週間あけてください。別の部位であれば同日に受けられます。 ※CO2は初回治療は4週間あけます（色素沈着・傷跡の確認のため）,施術間隔,"CO2レーザー,あける,いつ,イボレーザー,タトゥー,施術間隔,次の施術,間隔"
シミ取りレーザーの後にタトゥーはどのくらいあけますか／シミ取りレーザーの後にタトゥーはいつ受けられますか,シミ取りレーザーの後にタトゥー（同じ部位）を受ける場合、4週間あけてください。別の部位であれば同日に受けられます。,施術間隔,"あける,いつ,シミ取りレーザー,タトゥー,施術間隔,次の施術,間隔"
ADM/ピコレーザの後にタトゥーはどのくらいあけますか／ADM/ピコレーザの後にタトゥーはいつ受けられますか,ADM/ピコレーザの後にタトゥーを受ける場合、ADM/ピコレーザの治療完了後4週間あけてください。,施術間隔,"ADM,あける,いつ,タトゥー,ピコレーザ,施術間隔,次の施術,間隔"
ADM/ナノレーザーの後にタトゥーはどのくらいあけますか／ADM/ナノレーザーの後にタトゥーはいつ受けられますか,ADM/ナノレーザーの後にタトゥーを受ける場合、ADM/ナノレーザーの治療完了後4週間あけてください。,施術間隔,"ADM,あける,いつ,タトゥー,ナノレーザー,施術間隔,次の施術,間隔"
レーザートーニングの後にタトゥーはどのくらいあけますか／レーザートーニングの後にタトゥーはいつ受けられますか,レーザートーニングの後にタトゥー（同じ部位）を受ける場合、1週間あけてください。別の部位であれば同日に受けられます。 ※トーニングは1〜5回目は週1回、6回目以降は月1回が目安です,施術間隔,"あける,いつ,タトゥー,レーザートーニング,施術間隔,次の施術,間隔"
ピコトーニングの後にタトゥーはどのくらいあけますか／ピコトーニングの後にタトゥーはいつ受けられますか,ピコトーニングの後にタトゥー（同じ部位）を受ける場合、2週間あけてください。別の部位であれば同日に受けられます。 ※トーニングは1〜5回目は週1回、6回目以降は月1回が目安です,施術間隔,"あける,いつ,タトゥー,ピコトーニング,施術間隔,次の施術,間隔"
ピコフラクショナルの後にタトゥーはどのくらいあけますか／ピコフラクショナルの後にタトゥーはいつ受けられますか,ピコフラクショナルの後にタトゥー（同じ部位）を受ける場合、4週間あけてください。別の部位であれば同日に受けられます。,施術間隔,"あける,いつ,タトゥー,ピコフラクショナル,施術間隔,次の施術,間隔"
そばかすシャワーの後にタトゥーはどのくらいあけますか／そばかすシャワーの後にタトゥーはいつ受けられますか,そばかすシャワーの後にタトゥー（同じ部位）を受ける場合、4週間あけてください。別の部位であれば同日に受けられます。,施術間隔,"あける,いつ,そばかすシャワー,タトゥー,施術間隔,次の施術,間隔"
そばかすスポットの後にタトゥーはどのくらいあけますか／そばかすスポットの後にタトゥーはいつ受けられますか,そばかすスポットの後にタトゥー（同じ部位）を受ける場合、4週間あけてください。別の部位であれば同日に受けられます。 ※取り残しは3週間以内、それ以外は3ヶ月以上あけます,施術間隔,"あける,いつ,そばかすスポット,タトゥー,施術間隔,次の施術,間隔"
フォト/光治療の後にタトゥーはどのくらいあけますか／フォト/光治療の後にタトゥーはいつ受けられますか,フォト/光治療の後にタトゥー（同じ部位）を受ける場合、2週間あけてください。別の部位であれば同日に受けられます。 ※フォト/光治療は赤ら顔も含め4週間。4〜5回で1クール、1クール後は3ヶ月あけます,施術間隔,"あける,いつ,タトゥー,フォト,光治療,施術間隔,次の施術,間隔"
赤み治療の後にタトゥーはどのくらいあけますか／赤み治療の後にタトゥーはいつ受けられますか,赤み治療の後にタトゥーを受ける場合、赤み治療の治療完了後2週間あけてください。,施術間隔,"あける,いつ,タトゥー,施術間隔,次の施術,赤み治療,間隔"
ボトックスの後にタトゥーはどのくらいあけますか／ボトックスの後にタトゥーはいつ受けられますか,ボトックスの後にタトゥー（同じ部位）を受ける場合、2週間あけてください。別の部位であれば同日に受けられます。 ※ボトックスはきっちり4ヶ月（マイクロボトックスは3ヶ月）あけます。追加注入は医師の判断によります,施術間隔,"あける,いつ,タトゥー,ボトックス,施術間隔,次の施術,間隔"
ボトックス（マイクロ）の後にタトゥーはどのくらいあけますか／ボトックス（マイクロ）の後にタトゥーはいつ受けられますか,ボトックス（マイクロ）の後にタトゥー（同じ部位）を受ける場合、2週間あけてください。別の部位であれば同日に受けられます。 ※ボトックスはきっちり4ヶ月（マイクロボトックスは3ヶ月）あけます。追加注入は医師の判断によります,施術間隔,"あける,いつ,タトゥー,ボトックス,ボトックス（マイクロ）,施術間隔,次の施術,間隔"
テノールネオの後にタトゥーはどのくらいあけますか／テノールネオの後にタトゥーはいつ受けられますか,テノールネオの後にタトゥー（同じ部位）を受ける場合、1週間あけてください。別の部位であれば同日に受けられます。,施術間隔,"あける,いつ,タトゥー,テノールネオ,施術間隔,次の施術,間隔"
フラルスキン（トレチ）の後にタトゥーはどのくらいあけますか／フラルスキン（トレチ）の後にタトゥーはいつ受けられますか,フラルスキン（トレチ）の後にタトゥーを受ける場合、トレチノインを使用しているときのみ1週間あけてください（それ以外は医師にご確認ください）。,施術間隔,"あける,いつ,タトゥー,フラルスキン,フラルスキン（トレチ）,施術間隔,次の施術,間隔"
部分シミ（トレチ）の後にタトゥーはどのくらいあけますか／部分シミ（トレチ）の後にタトゥーはいつ受けられますか,部分シミ（トレチ）の後にタトゥー（同じ部位）を受ける場合、4週間あけてください。別の部位であれば同日に受けられます。,施術間隔,"あける,いつ,タトゥー,施術間隔,次の施術,部分シミ,部分シミ（トレチ）,間隔"
mikoメソッドの後にタトゥーはどのくらいあけますか／mikoメソッドの後にタトゥーはいつ受けられますか,mikoメソッドの後にタトゥー（同じ部位）を受ける場合、4週間あけてください。別の部位であれば同日に受けられます。,施術間隔,"mikoメソッド,あける,いつ,タトゥー,施術間隔,次の施術,間隔"
ほくろ切除/ほくろ除去の後にタトゥーはどのくらいあけますか／ほくろ切除/ほくろ除去の後にタトゥーはいつ受けられますか,ほくろ切除/ほくろ除去の後にタトゥーを受ける場合、傷が上皮化してから4週間あけてください。,施術間隔,"あける,いつ,ほくろ切除,ほくろ除去,タトゥー,施術間隔,次の施術,間隔"
ボライトの後にタトゥーはどのくらいあけますか／ボライトの後にタトゥーはいつ受けられますか,ボライトの後にタトゥー（同じ部位）を受ける場合、4週間あけてください。別の部位であれば同日に受けられます。,施術間隔,"あける,いつ,タトゥー,ボライト,施術間隔,次の施術,間隔"
稗粒腫の後にタトゥーはどのくらいあけますか／稗粒腫の後にタトゥーはいつ受けられますか,稗粒腫の後にタトゥー（同じ部位）を受ける場合、1週間あけてください。別の部位であれば同日に受けられます。,施術間隔,"あける,いつ,タトゥー,施術間隔,次の施術,稗粒腫,間隔"
ヴェルヴェットスキンの後にタトゥーはどのくらいあけますか／ヴェルヴェットスキンの後にタトゥーはいつ受けられますか,ヴェルヴェットスキンの後にタトゥー（同じ部位）を受ける場合、4週間あけてください。別の部位であれば同日に受けられます。,施術間隔,"あける,いつ,タトゥー,ヴェルヴェットスキン,施術間隔,次の施術,間隔"
ダーマペンの後にタトゥーはどのくらいあけますか／ダーマペンの後にタトゥーはいつ受けられますか,ダーマペンの後にタトゥー（同じ部位）を受ける場合、4週間あけてください。別の部位であれば同日に受けられます。 ※ダーマペンは基本4週間ですが、出血状況により医師の指示に従います,施術間隔,"あける,いつ,タトゥー,ダーマペン,施術間隔,次の施術,間隔"
HARGの後にタトゥーはどのくらいあけますか／HARGの後にタトゥーはいつ受けられますか,HARGの後にタトゥー（別の部位）を受ける場合、翌日あけてください。,施術間隔,"HARG,あける,いつ,タトゥー,施術間隔,次の施術,間隔"
スカルプ・プラセンタエッセンスの後にタトゥーはどのくらいあけますか／スカルプ・プラセンタエッセンスの後にタトゥーはいつ受けられますか,スカルプ・プラセンタエッセンスの後にタトゥー（別の部位）を受ける場合、翌日あけてください。,施術間隔,"あける,いつ,スカルプ・プラセンタエッセンス,タトゥー,施術間隔,次の施術,間隔"
コラーゲンピールの後にタトゥーはどのくらいあけますか／コラーゲンピールの後にタトゥーはいつ受けられますか,コラーゲンピールの後にタトゥー（同じ部位）を受ける場合、2週間あけてください。別の部位であれば同日に受けられます。,施術間隔,"あける,いつ,コラーゲンピール,タトゥー,施術間隔,次の施術,間隔"
サーマクールの後にタトゥーはどのくらいあけますか／サーマクールの後にタトゥーはいつ受けられますか,サーマクールの後にタトゥー（同じ部位）を受ける場合、1週間あけてください。別の部位であれば同日に受けられます。 ※サーマクールはきっちり6ヶ月あけます,施術間隔,"あける,いつ,サーマクール,タトゥー,施術間隔,次の施術,間隔"
ミラドライの後にタトゥーはどのくらいあけますか／ミラドライの後にタトゥーはいつ受けられますか,ミラドライの後にタトゥー（同じ部位）を受ける場合、同部位2か月他部位翌日以降あけてください。別の部位であれば同日に受けられます。,施術間隔,"あける,いつ,タトゥー,ミラドライ,施術間隔,次の施術,間隔"
脱毛の後にタトゥーはどのくらいあけますか／脱毛の後にタトゥーはいつ受けられますか,脱毛の後にタトゥー（同じ部位）を受ける場合、2～8週間あけてください。別の部位であれば同日に受けられます。 ※脱毛は1回目→2回目が4週間、2回目以降は8週間（男性のひげは回数にかかわらず2週間）。他院・家庭用脱毛器・毛抜き後は8週間あけます,施術間隔,"あける,いつ,タトゥー,施術間隔,次の施術,脱毛,間隔"
タトゥーの後にタトゥーはどのくらいあけますか／タトゥーの後にタトゥーはいつ受けられますか,タトゥーの後にタトゥー（同じ部位）を受ける場合、同部位3ヶ月あけてください。別の部位であれば同日に受けられます。,施術間隔,"あける,いつ,タトゥー,施術間隔,次の施術,間隔"
アートメイクの後にタトゥーはどのくらいあけますか／アートメイクの後にタトゥーはいつ受けられますか,アートメイクの後にタトゥー（同じ部位）を受ける場合、2週間あけてください。別の部位であれば同日に受けられます。,施術間隔,"あける,いつ,アートメイク,タトゥー,施術間隔,次の施術,間隔"
ハイドラジェントルの後にアートメイクはどのくらいあけますか／ハイドラジェントルの後にアートメイクはいつ受けられますか,ハイドラジェントルの後にアートメイクを受ける場合、同日に受けられます。 ※面の治療との併用は初回は同日不可（2回目以降は同日可、ハイドラ先）。局所治療との併用は初回から同日可,施術間隔,"あける,いつ,アートメイク,ハイドラジェントル,施術間隔,次の施術,間隔"
ケミカルピーリングの後にアートメイクはどのくらいあけますか／ケミカルピーリングの後にアートメイクはいつ受けられますか,ケミカルピーリングの後にアートメイクを受ける場合、同日に受けられます。 ※ピーリングは顔4週間（医師指示で2週間の場合あり）・背中3週間・その他2週間,施術間隔,"あける,いつ,アートメイク,ケミカルピーリング,施術間隔,次の施術,間隔"
スマートサイドドット（2回目以降）の後にアートメイクはどのくらいあけますか／スマートサイドドット（2回目以降）の後にアートメイクはいつ受けられますか,スマートサイドドット（2回目以降）の後にアートメイクを受ける場合、同日に受けられます。,施術間隔,"あける,いつ,アートメイク,スマートサイドドット,スマートサイドドット（2回目以降）,施術間隔,次の施術,間隔"
スマートサイドドット（初回）の後にアートメイクはどのくらいあけますか／スマートサイドドット（初回）の後にアートメイクはいつ受けられますか,スマートサイドドット（初回）の後にアートメイクを受ける場合、同日に受けられます。,施術間隔,"あける,いつ,アートメイク,スマートサイドドット,スマートサイドドット（初回）,施術間隔,次の施術,間隔"
イボレーザー/CO2レーザーの後にアートメイクはどのくらいあけますか／イボレーザー/CO2レーザーの後にアートメイクはいつ受けられますか,イボレーザー/CO2レーザーの後にアートメイクを受ける場合、同日に受けられます。 ※CO2は初回治療は4週間あけます（色素沈着・傷跡の確認のため）,施術間隔,"CO2レーザー,あける,いつ,アートメイク,イボレーザー,施術間隔,次の施術,間隔"
シミ取りレーザーの後にアートメイクはどのくらいあけますか／シミ取りレーザーの後にアートメイクはいつ受けられますか,シミ取りレーザーの後にアートメイク（同じ部位）を受ける場合、同日可※あけてください。別の部位であれば同日に受けられます。,施術間隔,"あける,いつ,アートメイク,シミ取りレーザー,施術間隔,次の施術,間隔"
ADM/ピコレーザの後にアートメイクはどのくらいあけますか／ADM/ピコレーザの後にアートメイクはいつ受けられますか,ADM/ピコレーザの後にアートメイクを受ける場合、同日に受けられます。,施術間隔,"ADM,あける,いつ,アートメイク,ピコレーザ,施術間隔,次の施術,間隔"
ADM/ナノレーザーの後にアートメイクはどのくらいあけますか／ADM/ナノレーザーの後にアートメイクはいつ受けられますか,ADM/ナノレーザーの後にアートメイクを受ける場合、同日に受けられます。,施術間隔,"ADM,あける,いつ,アートメイク,ナノレーザー,施術間隔,次の施術,間隔"
レーザートーニングの後にアートメイクはどのくらいあけますか／レーザートーニングの後にアートメイクはいつ受けられますか,レーザートーニングの後にアートメイクを受ける場合、同日に受けられます。 ※トーニングは1〜5回目は週1回、6回目以降は月1回が目安です,施術間隔,"あける,いつ,アートメイク,レーザートーニング,施術間隔,次の施術,間隔"
ピコトーニングの後にアートメイクはどのくらいあけますか／ピコトーニングの後にアートメイクはいつ受けられますか,ピコトーニングの後にアートメイク（同じ部位）を受ける場合、同日可※あけてください。別の部位であれば同日に受けられます。 ※トーニングは1〜5回目は週1回、6回目以降は月1回が目安です,施術間隔,"あける,いつ,アートメイク,ピコトーニング,施術間隔,次の施術,間隔"
ピコフラクショナルの後にアートメイクはどのくらいあけますか／ピコフラクショナルの後にアートメイクはいつ受けられますか,ピコフラクショナルの後にアートメイクを受ける場合、同日に受けられます。,施術間隔,"あける,いつ,アートメイク,ピコフラクショナル,施術間隔,次の施術,間隔"
そばかすシャワーの後にアートメイクはどのくらいあけますか／そばかすシャワーの後にアートメイクはいつ受けられますか,そばかすシャワーの後にアートメイクを受ける場合、同日に受けられます。,施術間隔,"あける,いつ,そばかすシャワー,アートメイク,施術間隔,次の施術,間隔"
そばかすスポットの後にアートメイクはどのくらいあけますか／そばかすスポットの後にアートメイクはいつ受けられますか,そばかすスポットの後にアートメイクを受ける場合、同日に受けられます。 ※取り残しは3週間以内、それ以外は3ヶ月以上あけます,施術間隔,"あける,いつ,そばかすスポット,アートメイク,施術間隔,次の施術,間隔"
フォト/光治療の後にアートメイクはどのくらいあけますか／フォト/光治療の後にアートメイクはいつ受けられますか,フォト/光治療の後にアートメイクを受ける場合、同日に受けられます。 ※フォト/光治療は赤ら顔も含め4週間。4〜5回で1クール、1クール後は3ヶ月あけます,施術間隔,"あける,いつ,アートメイク,フォト,光治療,施術間隔,次の施術,間隔"
赤み治療の後にアートメイクはどのくらいあけますか／赤み治療の後にアートメイクはいつ受けられますか,赤み治療の後にアートメイクを受ける場合、同日に受けられます。,施術間隔,"あける,いつ,アートメイク,施術間隔,次の施術,赤み治療,間隔"
ボトックスの後にアートメイクはどのくらいあけますか／ボトックスの後にアートメイクはいつ受けられますか,ボトックスの後にアートメイク（同じ部位）を受ける場合、2週間あけてください。別の部位であれば同日に受けられます。 ※ボトックスはきっちり4ヶ月（マイクロボトックスは3ヶ月）あけます。追加注入は医師の判断によります,施術間隔,"あける,いつ,アートメイク,ボトックス,施術間隔,次の施術,間隔"
ボトックス（マイクロ）の後にアートメイクはどのくらいあけますか／ボトックス（マイクロ）の後にアートメイクはいつ受けられますか,ボトックス（マイクロ）の後にアートメイク（同じ部位）を受ける場合、2週間あけてください。別の部位であれば同日に受けられます。 ※ボトックスはきっちり4ヶ月（マイクロボトックスは3ヶ月）あけます。追加注入は医師の判断によります,施術間隔,"あける,いつ,アートメイク,ボトックス,ボトックス（マイクロ）,施術間隔,次の施術,間隔"
テノールネオの後にアートメイクはどのくらいあけますか／テノールネオの後にアートメイクはいつ受けられますか,テノールネオの後にアートメイクを受ける場合、同日に受けられます。,施術間隔,"あける,いつ,アートメイク,テノールネオ,施術間隔,次の施術,間隔"
フラルスキン（トレチ）の後にアートメイクはどのくらいあけますか／フラルスキン（トレチ）の後にアートメイクはいつ受けられますか,フラルスキン（トレチ）の後にアートメイクを受ける場合、同日に受けられます。,施術間隔,"あける,いつ,アートメイク,フラルスキン,フラルスキン（トレチ）,施術間隔,次の施術,間隔"
部分シミ（トレチ）の後にアートメイクはどのくらいあけますか／部分シミ（トレチ）の後にアートメイクはいつ受けられますか,部分シミ（トレチ）の後にアートメイクを受ける場合、同日に受けられます。,施術間隔,"あける,いつ,アートメイク,施術間隔,次の施術,部分シミ,部分シミ（トレチ）,間隔"
mikoメソッドの後にアートメイクはどのくらいあけますか／mikoメソッドの後にアートメイクはいつ受けられますか,mikoメソッドの後にアートメイクを受ける場合、同日に受けられます。,施術間隔,"mikoメソッド,あける,いつ,アートメイク,施術間隔,次の施術,間隔"
ほくろ切除/ほくろ除去の後にアートメイクはどのくらいあけますか／ほくろ切除/ほくろ除去の後にアートメイクはいつ受けられますか,ほくろ切除/ほくろ除去の後にアートメイクを受ける場合、同日に受けられます。,施術間隔,"あける,いつ,ほくろ切除,ほくろ除去,アートメイク,施術間隔,次の施術,間隔"
ボライトの後にアートメイクはどのくらいあけますか／ボライトの後にアートメイクはいつ受けられますか,ボライトの後にアートメイクを受ける場合、同日に受けられます。,施術間隔,"あける,いつ,アートメイク,ボライト,施術間隔,次の施術,間隔"
稗粒腫の後にアートメイクはどのくらいあけますか／稗粒腫の後にアートメイクはいつ受けられますか,稗粒腫の後にアートメイクを受ける場合、同日に受けられます。,施術間隔,"あける,いつ,アートメイク,施術間隔,次の施術,稗粒腫,間隔"
ヴェルヴェットスキンの後にアートメイクはどのくらいあけますか／ヴェルヴェットスキンの後にアートメイクはいつ受けられますか,ヴェルヴェットスキンの後にアートメイク（同じ部位）を受ける場合、2週間あけてください。別の部位であれば同日に受けられます。,施術間隔,"あける,いつ,アートメイク,ヴェルヴェットスキン,施術間隔,次の施術,間隔"
ダーマペンの後にアートメイクはどのくらいあけますか／ダーマペンの後にアートメイクはいつ受けられますか,ダーマペンの後にアートメイク（同じ部位）を受ける場合、2週間あけてください。別の部位であれば同日に受けられます。 ※ダーマペンは基本4週間ですが、出血状況により医師の指示に従います,施術間隔,"あける,いつ,アートメイク,ダーマペン,施術間隔,次の施術,間隔"
HARGの後にアートメイクはどのくらいあけますか／HARGの後にアートメイクはいつ受けられますか,HARGの後にアートメイクを受ける場合、同日に受けられます。,施術間隔,"HARG,あける,いつ,アートメイク,施術間隔,次の施術,間隔"
スカルプ・プラセンタエッセンスの後にアートメイクはどのくらいあけますか／スカルプ・プラセンタエッセンスの後にアートメイクはいつ受けられますか,スカルプ・プラセンタエッセンスの後にアートメイクを受ける場合、同日に受けられます。,施術間隔,"あける,いつ,アートメイク,スカルプ・プラセンタエッセンス,施術間隔,次の施術,間隔"
コラーゲンピールの後にアートメイクはどのくらいあけますか／コラーゲンピールの後にアートメイクはいつ受けられますか,コラーゲンピールの後にアートメイクを受ける場合、同日に受けられます。,施術間隔,"あける,いつ,アートメイク,コラーゲンピール,施術間隔,次の施術,間隔"
サーマクールの後にアートメイクはどのくらいあけますか／サーマクールの後にアートメイクはいつ受けられますか,サーマクールの後にアートメイクを受ける場合、同日に受けられます。 ※サーマクールはきっちり6ヶ月あけます,施術間隔,"あける,いつ,アートメイク,サーマクール,施術間隔,次の施術,間隔"
ミラドライの後にアートメイクはどのくらいあけますか／ミラドライの後にアートメイクはいつ受けられますか,ミラドライの後にアートメイクを受ける場合、同日に受けられます。,施術間隔,"あける,いつ,アートメイク,ミラドライ,施術間隔,次の施術,間隔"
脱毛の後にアートメイクはどのくらいあけますか／脱毛の後にアートメイクはいつ受けられますか,脱毛の後にアートメイクを受ける場合、同日に受けられます。 ※脱毛は1回目→2回目が4週間、2回目以降は8週間（男性のひげは回数にかかわらず2週間）。他院・家庭用脱毛器・毛抜き後は8週間あけます,施術間隔,"あける,いつ,アートメイク,施術間隔,次の施術,脱毛,間隔"
タトゥーの後にアートメイクはどのくらいあけますか／タトゥーの後にアートメイクはいつ受けられますか,タトゥーの後にアートメイクを受ける場合、同日に受けられます。,施術間隔,"あける,いつ,アートメイク,タトゥー,施術間隔,次の施術,間隔"
アートメイクの後にアートメイクはどのくらいあけますか／アートメイクの後にアートメイクはいつ受けられますか,アートメイクの後にアートメイク（同じ部位）を受ける場合、4週間あけてください。別の部位であれば同日に受けられます。,施術間隔,"あける,いつ,アートメイク,施術間隔,次の施術,間隔"
