施術,先に受けた施術,次に受ける施術,部位条件,必要な間隔,同日可否,実施順,条件・例外,医師確認,基準版,先_別名,次_別名
ハイドラジェントル→ハイドラジェントル,ハイドラジェントル,ハイドラジェントル,同部位,2～4週間,同部位は不可／別部位は可,,別部位の場合は同日可,不要,20250309_秋田ver,ハイドラ・ハイドラフェイシャル・ハイドラクレンジング・毛穴洗浄,ハイドラ・ハイドラフェイシャル・ハイドラクレンジング・毛穴洗浄
ケミカルピーリング→ハイドラジェントル,ケミカルピーリング,ハイドラジェントル,同部位,2週間,同部位は不可／別部位は可,,別部位の場合は同日可,不要,20250309_秋田ver,ピーリング・ケミカルピーリング・サリチル酸ピーリング,ハイドラ・ハイドラフェイシャル・ハイドラクレンジング・毛穴洗浄
スマートサイドドットレーザー（2回目以降）→ハイドラジェントル,スマートサイドドットレーザー（2回目以降）,ハイドラジェントル,同部位,4週間,同部位は不可／別部位は可,,別部位の場合は同日可,不要,20250309_秋田ver,スマサイ・スマートサイドドット・スマートサイドドットレーザー,ハイドラ・ハイドラフェイシャル・ハイドラクレンジング・毛穴洗浄
スマートサイドドットレーザー（初回）→ハイドラジェントル,スマートサイドドットレーザー（初回）,ハイドラジェントル,同部位,2週間,同部位は不可／別部位は可,,別部位の場合は同日可,不要,20250309_秋田ver,スマサイ・スマサイ初回・スマートサイドドット・スマートサイドドットレーザー,ハイドラ・ハイドラフェイシャル・ハイドラクレンジング・毛穴洗浄
イボレーザー（炭酸ガス／CO2レーザー）→ハイドラジェントル,イボレーザー（炭酸ガス／CO2レーザー）,ハイドラジェントル,同部位,4週間,同部位は不可／別部位は可,,別部位の場合は同日可,不要,20250309_秋田ver,CO2・CO2レーザー・炭酸ガスレーザー・イボレーザー・いぼレーザー・イボ取り,ハイドラ・ハイドラフェイシャル・ハイドラクレンジング・毛穴洗浄
シミ取りレーザー→ハイドラジェントル,シミ取りレーザー,ハイドラジェントル,同部位,4週間,同部位は不可／別部位は可,,別部位の場合は同日可,不要,20250309_秋田ver,シミレーザー・シミ取り・シミ取りレーザー・シミ治療,ハイドラ・ハイドラフェイシャル・ハイドラクレンジング・毛穴洗浄
ADM治療（ピコレーザー）→ハイドラジェントル,ADM治療（ピコレーザー）,ハイドラジェントル,同部位,治療完了後 4週間,同部位は不可／別部位は可,,別部位の場合は同日可,不要,20250309_秋田ver,ADM・ADMレーザー・ピコレーザー・ピコ・あざ治療・太田母斑,ハイドラ・ハイドラフェイシャル・ハイドラクレンジング・毛穴洗浄
ADM治療（ナノレーザー・メドライトC6）→ハイドラジェントル,ADM治療（ナノレーザー・メドライトC6）,ハイドラジェントル,同部位,治療完了後 4週間,同部位は不可／別部位は可,,別部位の場合は同日可,不要,20250309_秋田ver,ADM・ADMレーザー・ナノレーザー・メドライトC6・C6・あざ治療・太田母斑,ハイドラ・ハイドラフェイシャル・ハイドラクレンジング・毛穴洗浄
レーザートーニング→ハイドラジェントル,レーザートーニング,ハイドラジェントル,同部位,1週間,同部位は不可／別部位は可,,別部位の場合は同日可,不要,20250309_秋田ver,トーニング・レーザートーニング・メドライトC6・肝斑・くすみ,ハイドラ・ハイドラフェイシャル・ハイドラクレンジング・毛穴洗浄
ピコトーニング→ハイドラジェントル,ピコトーニング,ハイドラジェントル,同部位,2週間,同部位は不可／別部位は可,,別部位の場合は同日可,不要,20250309_秋田ver,ピコトーニング・ピコ・トーニング・肝斑・くすみ,ハイドラ・ハイドラフェイシャル・ハイドラクレンジング・毛穴洗浄
ピコフラクショナル（1064nm）→ハイドラジェントル,ピコフラクショナル（1064nm）,ハイドラジェントル,同部位,3週間,同部位は不可／別部位は可,,別部位の場合は同日可,不要,20250309_秋田ver,ピコフラクショナル・ピコフラク・1064・フラクショナル・毛穴・肌質改善・ニキビ跡,ハイドラ・ハイドラフェイシャル・ハイドラクレンジング・毛穴洗浄
そばかすシャワー（532レーザー）→ハイドラジェントル,そばかすシャワー（532レーザー）,ハイドラジェントル,同部位,4週間,同部位は不可／別部位は可,,別部位の場合は同日可,不要,20250309_秋田ver,そばかすシャワー・そばかす・532・そばかす治療,ハイドラ・ハイドラフェイシャル・ハイドラクレンジング・毛穴洗浄
そばかすスポット照射→ハイドラジェントル,そばかすスポット照射,ハイドラジェントル,同部位,4週間,同部位は不可／別部位は可,,別部位の場合は同日可,不要,20250309_秋田ver,そばかすスポット・そばかす・スポット照射・シミ・そばかす治療,ハイドラ・ハイドラフェイシャル・ハイドラクレンジング・毛穴洗浄
フォトフェイシャル（光治療）→ハイドラジェントル,フォトフェイシャル（光治療）,ハイドラジェントル,同部位,2週間,同部位は不可／別部位は可,,別部位の場合は同日可,不要,20250309_秋田ver,フォト・フォトフェイシャル・光治療・IPL・ステラM22,ハイドラ・ハイドラフェイシャル・ハイドラクレンジング・毛穴洗浄
赤み治療（血管腫レーザー）→ハイドラジェントル,赤み治療（血管腫レーザー）,ハイドラジェントル,同部位,治療完了後 2週間,同部位は不可／別部位は可,,別部位の場合は同日可,不要,20250309_秋田ver,赤み治療・血管腫レーザー・赤ら顔・毛細血管拡張,ハイドラ・ハイドラフェイシャル・ハイドラクレンジング・毛穴洗浄
ボトックス注射（通常）→ハイドラジェントル,ボトックス注射（通常）,ハイドラジェントル,同部位,2週間,同部位は不可／別部位は可,,別部位の場合は同日可,不要,20250309_秋田ver,ボトックス・ボトックス注射・ボツリヌストキシン・エラボトックス・小顔・シワ,ハイドラ・ハイドラフェイシャル・ハイドラクレンジング・毛穴洗浄
マイクロボトックス→ハイドラジェントル,マイクロボトックス,ハイドラジェントル,同部位,2週間,同部位は不可／別部位は可,,別部位の場合は同日可,不要,20250309_秋田ver,マイクロボトックス・ボトックス・マイクロ・毛穴・テカリ,ハイドラ・ハイドラフェイシャル・ハイドラクレンジング・毛穴洗浄
テノールNEO（テノールネオ）→ハイドラジェントル,テノールNEO（テノールネオ）,ハイドラジェントル,同部位,翌日,同部位は不可／別部位は可,,別部位の場合は同日可,不要,20250309_秋田ver,テノールネオ・テノールNEO・テノール・たるみ・引き締め,ハイドラ・ハイドラフェイシャル・ハイドラクレンジング・毛穴洗浄
フラルスキン（トレチノイン）→ハイドラジェントル,フラルスキン（トレチノイン）,ハイドラジェントル,同部位,1週間,同部位は不可／別部位は可,,トレチノインのみの場合／別部位の場合は同日可,不要,20250309_秋田ver,フラルスキン・トレチ・トレチノイン・ハイドロキノン,ハイドラ・ハイドラフェイシャル・ハイドラクレンジング・毛穴洗浄
部分シミ治療（トレチノイン）→ハイドラジェントル,部分シミ治療（トレチノイン）,ハイドラジェントル,同部位,4週間,同部位は不可／別部位は可,,別部位の場合は同日可,不要,20250309_秋田ver,部分シミ・トレチ・トレチノイン・シミ,ハイドラ・ハイドラフェイシャル・ハイドラクレンジング・毛穴洗浄
mikoメソッド（首いぼ治療）→ハイドラジェントル,mikoメソッド（首いぼ治療）,ハイドラジェントル,不明,-（原表記）,不明,,原表は「-」ですが意味が明示されていないため、可否・間隔を断定できません,必要,20250309_秋田ver,mikoメソッド・miko・ミコメソッド・首イボ・首いぼ・イボ,ハイドラ・ハイドラフェイシャル・ハイドラクレンジング・毛穴洗浄
ほくろ切除・ほくろ除去→ハイドラジェントル,ほくろ切除・ほくろ除去,ハイドラジェントル,同部位,上皮化後 4週間,同部位は不可／別部位は可,,別部位の場合は同日可,不要,20250309_秋田ver,ほくろ切除・ほくろ除去・ほくろ・ほくろ取り,ハイドラ・ハイドラフェイシャル・ハイドラクレンジング・毛穴洗浄
ボライト（スキンブースター）→ハイドラジェントル,ボライト（スキンブースター）,ハイドラジェントル,同部位,2週間,同部位は不可／別部位は可,,別部位の場合は同日可,不要,20250309_秋田ver,ボライト・スキンブースター・ヒアルロン酸・ジュビダーム,ハイドラ・ハイドラフェイシャル・ハイドラクレンジング・毛穴洗浄
稗粒腫（はいりゅうしゅ）除去→ハイドラジェントル,稗粒腫（はいりゅうしゅ）除去,ハイドラジェントル,同部位,1週間,同部位は不可／別部位は可,,別部位の場合は同日可,不要,20250309_秋田ver,稗粒腫・はいりゅうしゅ・ぶつぶつ・ブツブツ,ハイドラ・ハイドラフェイシャル・ハイドラクレンジング・毛穴洗浄
ヴェルヴェットスキン→ハイドラジェントル,ヴェルヴェットスキン,ハイドラジェントル,同部位,4週間,同部位は不可／別部位は可,,別部位の場合は同日可,不要,20250309_秋田ver,ヴェルヴェットスキン・ヴェルヴェット・ベルベットスキン・ダーマペン・コラーゲンピール,ハイドラ・ハイドラフェイシャル・ハイドラクレンジング・毛穴洗浄
ダーマペン4→ハイドラジェントル,ダーマペン4,ハイドラジェントル,同部位,4週間,同部位は不可／別部位は可,,別部位の場合は同日可,不要,20250309_秋田ver,ダーマペン・ダーマペン4・毛穴・ニキビ跡,ハイドラ・ハイドラフェイシャル・ハイドラクレンジング・毛穴洗浄
HARG療法→ハイドラジェントル,HARG療法,ハイドラジェントル,同部位,同日,可,,,不要,20250309_秋田ver,HARG・HARG療法・ハーグ・ハーグ療法・発毛・育毛・薄毛,ハイドラ・ハイドラフェイシャル・ハイドラクレンジング・毛穴洗浄
スカルプ・プラセンタエッセンス→ハイドラジェントル,スカルプ・プラセンタエッセンス,ハイドラジェントル,同部位,同日,可,,,不要,20250309_秋田ver,スカルプ・プラセンタ・プラセンタエッセンス・頭皮ケア・薄毛,ハイドラ・ハイドラフェイシャル・ハイドラクレンジング・毛穴洗浄
コラーゲンピール（マッサージピール）→ハイドラジェントル,コラーゲンピール（マッサージピール）,ハイドラジェントル,同部位,2週間,同部位は不可／別部位は可,,別部位の場合は同日可,不要,20250309_秋田ver,コラーゲンピール・マッサージピール・PRX・ハリ,ハイドラ・ハイドラフェイシャル・ハイドラクレンジング・毛穴洗浄
サーマクール→ハイドラジェントル,サーマクール,ハイドラジェントル,同部位,1週間,同部位は不可／別部位は可,,別部位の場合は同日可,不要,20250309_秋田ver,サーマクール・サーマ・たるみ・引き締め・リフトアップ,ハイドラ・ハイドラフェイシャル・ハイドラクレンジング・毛穴洗浄
ミラドライ→ハイドラジェントル,ミラドライ,ハイドラジェントル,不明,-（原表記）,不明,,原表は「-」ですが意味が明示されていないため、可否・間隔を断定できません,必要,20250309_秋田ver,ミラドライ・ワキガ・腋臭・多汗症・わき汗,ハイドラ・ハイドラフェイシャル・ハイドラクレンジング・毛穴洗浄
医療レーザー脱毛→ハイドラジェントル,医療レーザー脱毛,ハイドラジェントル,同部位,2週間,同部位は不可／別部位は可,,別部位の場合は同日可,不要,20250309_秋田ver,脱毛・医療脱毛・レーザー脱毛・全身脱毛・顔脱毛・VIO脱毛・ひげ脱毛・メンズ脱毛,ハイドラ・ハイドラフェイシャル・ハイドラクレンジング・毛穴洗浄
タトゥー除去（刺青除去）→ハイドラジェントル,タトゥー除去（刺青除去）,ハイドラジェントル,同部位,3か月,同部位は不可／別部位は可,,別部位の場合は同日可,不要,20250309_秋田ver,タトゥー・タトゥー除去・刺青・いれずみ・入れ墨,ハイドラ・ハイドラフェイシャル・ハイドラクレンジング・毛穴洗浄
アートメイク→ハイドラジェントル,アートメイク,ハイドラジェントル,同部位,2週間,同部位は不可／別部位は可,,別部位の場合は同日可,不要,20250309_秋田ver,アートメイク・眉アートメイク・リップアートメイク・タトゥーメイク,ハイドラ・ハイドラフェイシャル・ハイドラクレンジング・毛穴洗浄
ハイドラジェントル→ケミカルピーリング,ハイドラジェントル,ケミカルピーリング,面の治療との併用,初回：同日不可／2回目以降：同日可,条件付き,ハイドラを先に実施,初回は同日不可。問題がなかった場合は2回目以降で同日可,不要,20250309_秋田ver,ハイドラ・ハイドラフェイシャル・ハイドラクレンジング・毛穴洗浄,ピーリング・ケミカルピーリング・サリチル酸ピーリング
ケミカルピーリング→ケミカルピーリング,ケミカルピーリング,ケミカルピーリング,顔／背中／その他,顔：4週間（医師の指示により2週間の場合あり）／背中：3週間／その他：2週間,同部位は不可／別部位は可,,ピーリングの部位により間隔が異なります／別部位の場合は同日可,必要,20250309_秋田ver,ピーリング・ケミカルピーリング・サリチル酸ピーリング,ピーリング・ケミカルピーリング・サリチル酸ピーリング
スマートサイドドットレーザー（2回目以降）→ケミカルピーリング,スマートサイドドットレーザー（2回目以降）,ケミカルピーリング,同部位,4週間,同部位は不可／別部位は可,,別部位の場合は同日可,不要,20250309_秋田ver,スマサイ・スマートサイドドット・スマートサイドドットレーザー,ピーリング・ケミカルピーリング・サリチル酸ピーリング
スマートサイドドットレーザー（初回）→ケミカルピーリング,スマートサイドドットレーザー（初回）,ケミカルピーリング,同部位,3週間,同部位は不可／別部位は可,,別部位の場合は同日可,不要,20250309_秋田ver,スマサイ・スマサイ初回・スマートサイドドット・スマートサイドドットレーザー,ピーリング・ケミカルピーリング・サリチル酸ピーリング
イボレーザー（炭酸ガス／CO2レーザー）→ケミカルピーリング,イボレーザー（炭酸ガス／CO2レーザー）,ケミカルピーリング,同部位,4週間,同部位は不可／別部位は可,,別部位の場合は同日可,不要,20250309_秋田ver,CO2・CO2レーザー・炭酸ガスレーザー・イボレーザー・いぼレーザー・イボ取り,ピーリング・ケミカルピーリング・サリチル酸ピーリング
シミ取りレーザー→ケミカルピーリング,シミ取りレーザー,ケミカルピーリング,同部位,4週間,同部位は不可／別部位は可,,別部位の場合は同日可,不要,20250309_秋田ver,シミレーザー・シミ取り・シミ取りレーザー・シミ治療,ピーリング・ケミカルピーリング・サリチル酸ピーリング
ADM治療（ピコレーザー）→ケミカルピーリング,ADM治療（ピコレーザー）,ケミカルピーリング,同部位,治療完了後 4週間,同部位は不可／別部位は可,,別部位の場合は同日可,不要,20250309_秋田ver,ADM・ADMレーザー・ピコレーザー・ピコ・あざ治療・太田母斑,ピーリング・ケミカルピーリング・サリチル酸ピーリング
ADM治療（ナノレーザー・メドライトC6）→ケミカルピーリング,ADM治療（ナノレーザー・メドライトC6）,ケミカルピーリング,同部位,治療完了後 4週間,同部位は不可／別部位は可,,別部位の場合は同日可,不要,20250309_秋田ver,ADM・ADMレーザー・ナノレーザー・メドライトC6・C6・あざ治療・太田母斑,ピーリング・ケミカルピーリング・サリチル酸ピーリング
レーザートーニング→ケミカルピーリング,レーザートーニング,ケミカルピーリング,同部位,1週間,同部位は不可／別部位は可,,別部位の場合は同日可,不要,20250309_秋田ver,トーニング・レーザートーニング・メドライトC6・肝斑・くすみ,ピーリング・ケミカルピーリング・サリチル酸ピーリング
ピコトーニング→ケミカルピーリング,ピコトーニング,ケミカルピーリング,同部位,2週間,同部位は不可／別部位は可,,別部位の場合は同日可,不要,20250309_秋田ver,ピコトーニング・ピコ・トーニング・肝斑・くすみ,ピーリング・ケミカルピーリング・サリチル酸ピーリング
ピコフラクショナル（1064nm）→ケミカルピーリング,ピコフラクショナル（1064nm）,ケミカルピーリング,同部位,3週間,同部位は不可／別部位は可,,別部位の場合は同日可,不要,20250309_秋田ver,ピコフラクショナル・ピコフラク・1064・フラクショナル・毛穴・肌質改善・ニキビ跡,ピーリング・ケミカルピーリング・サリチル酸ピーリング
そばかすシャワー（532レーザー）→ケミカルピーリング,そばかすシャワー（532レーザー）,ケミカルピーリング,同部位,4週間,同部位は不可／別部位は可,,別部位の場合は同日可,不要,20250309_秋田ver,そばかすシャワー・そばかす・532・そばかす治療,ピーリング・ケミカルピーリング・サリチル酸ピーリング
そばかすスポット照射→ケミカルピーリング,そばかすスポット照射,ケミカルピーリング,同部位,4週間,同部位は不可／別部位は可,,別部位の場合は同日可,不要,20250309_秋田ver,そばかすスポット・そばかす・スポット照射・シミ・そばかす治療,ピーリング・ケミカルピーリング・サリチル酸ピーリング
フォトフェイシャル（光治療）→ケミカルピーリング,フォトフェイシャル（光治療）,ケミカルピーリング,同部位,1週間,同部位は不可／別部位は可,,別部位の場合は同日可,不要,20250309_秋田ver,フォト・フォトフェイシャル・光治療・IPL・ステラM22,ピーリング・ケミカルピーリング・サリチル酸ピーリング
赤み治療（血管腫レーザー）→ケミカルピーリング,赤み治療（血管腫レーザー）,ケミカルピーリング,同部位,治療完了後 2週間,同部位は不可／別部位は可,,別部位の場合は同日可,不要,20250309_秋田ver,赤み治療・血管腫レーザー・赤ら顔・毛細血管拡張,ピーリング・ケミカルピーリング・サリチル酸ピーリング
ボトックス注射（通常）→ケミカルピーリング,ボトックス注射（通常）,ケミカルピーリング,同部位,2週間,同部位は不可／別部位は可,,別部位の場合は同日可,不要,20250309_秋田ver,ボトックス・ボトックス注射・ボツリヌストキシン・エラボトックス・小顔・シワ,ピーリング・ケミカルピーリング・サリチル酸ピーリング
マイクロボトックス→ケミカルピーリング,マイクロボトックス,ケミカルピーリング,同部位,2週間,同部位は不可／別部位は可,,別部位の場合は同日可,不要,20250309_秋田ver,マイクロボトックス・ボトックス・マイクロ・毛穴・テカリ,ピーリング・ケミカルピーリング・サリチル酸ピーリング
テノールNEO（テノールネオ）→ケミカルピーリング,テノールNEO（テノールネオ）,ケミカルピーリング,同部位,翌日,同部位は不可／別部位は可,,別部位の場合は同日可,不要,20250309_秋田ver,テノールネオ・テノールNEO・テノール・たるみ・引き締め,ピーリング・ケミカルピーリング・サリチル酸ピーリング
フラルスキン（トレチノイン）→ケミカルピーリング,フラルスキン（トレチノイン）,ケミカルピーリング,同部位,1週間,同部位は不可／別部位は可,,トレチノインのみの場合／別部位の場合は同日可,不要,20250309_秋田ver,フラルスキン・トレチ・トレチノイン・ハイドロキノン,ピーリング・ケミカルピーリング・サリチル酸ピーリング
部分シミ治療（トレチノイン）→ケミカルピーリング,部分シミ治療（トレチノイン）,ケミカルピーリング,同部位,4週間,同部位は不可／別部位は可,,別部位の場合は同日可,不要,20250309_秋田ver,部分シミ・トレチ・トレチノイン・シミ,ピーリング・ケミカルピーリング・サリチル酸ピーリング
mikoメソッド（首いぼ治療）→ケミカルピーリング,mikoメソッド（首いぼ治療）,ケミカルピーリング,同部位,4週間,同部位は不可／別部位は可,,別部位の場合は同日可,不要,20250309_秋田ver,mikoメソッド・miko・ミコメソッド・首イボ・首いぼ・イボ,ピーリング・ケミカルピーリング・サリチル酸ピーリング
ほくろ切除・ほくろ除去→ケミカルピーリング,ほくろ切除・ほくろ除去,ケミカルピーリング,同部位,上皮化後 4週間,同部位は不可／別部位は可,,別部位の場合は同日可,不要,20250309_秋田ver,ほくろ切除・ほくろ除去・ほくろ・ほくろ取り,ピーリング・ケミカルピーリング・サリチル酸ピーリング
ボライト（スキンブースター）→ケミカルピーリング,ボライト（スキンブースター）,ケミカルピーリング,同部位,4週間,同部位は不可／別部位は可,,別部位の場合は同日可,不要,20250309_秋田ver,ボライト・スキンブースター・ヒアルロン酸・ジュビダーム,ピーリング・ケミカルピーリング・サリチル酸ピーリング
稗粒腫（はいりゅうしゅ）除去→ケミカルピーリング,稗粒腫（はいりゅうしゅ）除去,ケミカルピーリング,同部位,1週間,同部位は不可／別部位は可,,別部位の場合は同日可,不要,20250309_秋田ver,稗粒腫・はいりゅうしゅ・ぶつぶつ・ブツブツ,ピーリング・ケミカルピーリング・サリチル酸ピーリング
ヴェルヴェットスキン→ケミカルピーリング,ヴェルヴェットスキン,ケミカルピーリング,同部位,4週間,同部位は不可／別部位は可,,別部位の場合は同日可,不要,20250309_秋田ver,ヴェルヴェットスキン・ヴェルヴェット・ベルベットスキン・ダーマペン・コラーゲンピール,ピーリング・ケミカルピーリング・サリチル酸ピーリング
ダーマペン4→ケミカルピーリング,ダーマペン4,ケミカルピーリング,同部位,4週間,同部位は不可／別部位は可,,別部位の場合は同日可,不要,20250309_秋田ver,ダーマペン・ダーマペン4・毛穴・ニキビ跡,ピーリング・ケミカルピーリング・サリチル酸ピーリング
HARG療法→ケミカルピーリング,HARG療法,ケミカルピーリング,別部位,翌日,不可,,括弧内の期間は別部位の場合。同部位の間隔はこのセルに明示されていません,必要,20250309_秋田ver,HARG・HARG療法・ハーグ・ハーグ療法・発毛・育毛・薄毛,ピーリング・ケミカルピーリング・サリチル酸ピーリング
スカルプ・プラセンタエッセンス→ケミカルピーリング,スカルプ・プラセンタエッセンス,ケミカルピーリング,別部位,翌日,不可,,括弧内の期間は別部位の場合。同部位の間隔はこのセルに明示されていません,必要,20250309_秋田ver,スカルプ・プラセンタ・プラセンタエッセンス・頭皮ケア・薄毛,ピーリング・ケミカルピーリング・サリチル酸ピーリング
コラーゲンピール（マッサージピール）→ケミカルピーリング,コラーゲンピール（マッサージピール）,ケミカルピーリング,同部位,3週間,同部位は不可／別部位は可,,別部位の場合は同日可,不要,20250309_秋田ver,コラーゲンピール・マッサージピール・PRX・ハリ,ピーリング・ケミカルピーリング・サリチル酸ピーリング
サーマクール→ケミカルピーリング,サーマクール,ケミカルピーリング,同部位,2週間,同部位は不可／別部位は可,,別部位の場合は同日可,不要,20250309_秋田ver,サーマクール・サーマ・たるみ・引き締め・リフトアップ,ピーリング・ケミカルピーリング・サリチル酸ピーリング
ミラドライ→ケミカルピーリング,ミラドライ,ケミカルピーリング,不明,-（原表記）,不明,,原表は「-」ですが意味が明示されていないため、可否・間隔を断定できません,必要,20250309_秋田ver,ミラドライ・ワキガ・腋臭・多汗症・わき汗,ピーリング・ケミカルピーリング・サリチル酸ピーリング
医療レーザー脱毛→ケミカルピーリング,医療レーザー脱毛,ケミカルピーリング,同部位,2週間,同部位は不可／別部位は可,,別部位の場合は同日可,不要,20250309_秋田ver,脱毛・医療脱毛・レーザー脱毛・全身脱毛・顔脱毛・VIO脱毛・ひげ脱毛・メンズ脱毛,ピーリング・ケミカルピーリング・サリチル酸ピーリング
タトゥー除去（刺青除去）→ケミカルピーリング,タトゥー除去（刺青除去）,ケミカルピーリング,同部位,3か月,同部位は不可／別部位は可,,別部位の場合は同日可,不要,20250309_秋田ver,タトゥー・タトゥー除去・刺青・いれずみ・入れ墨,ピーリング・ケミカルピーリング・サリチル酸ピーリング
アートメイク→ケミカルピーリング,アートメイク,ケミカルピーリング,同部位,2週間,同部位は不可／別部位は可,,別部位の場合は同日可,不要,20250309_秋田ver,アートメイク・眉アートメイク・リップアートメイク・タトゥーメイク,ピーリング・ケミカルピーリング・サリチル酸ピーリング
ハイドラジェントル→スマートサイドドットレーザー（2回目以降）,ハイドラジェントル,スマートサイドドットレーザー（2回目以降）,面の治療との併用,初回：同日不可／2回目以降：同日可,条件付き,ハイドラを先に実施,初回は同日不可。問題がなかった場合は2回目以降で同日可,不要,20250309_秋田ver,ハイドラ・ハイドラフェイシャル・ハイドラクレンジング・毛穴洗浄,スマサイ・スマートサイドドット・スマートサイドドットレーザー
ケミカルピーリング→スマートサイドドットレーザー（2回目以降）,ケミカルピーリング,スマートサイドドットレーザー（2回目以降）,同部位,2週間,同部位は不可／別部位は可,,別部位の場合は同日可,不要,20250309_秋田ver,ピーリング・ケミカルピーリング・サリチル酸ピーリング,スマサイ・スマートサイドドット・スマートサイドドットレーザー
スマートサイドドットレーザー（2回目以降）→スマートサイドドットレーザー（2回目以降）,スマートサイドドットレーザー（2回目以降）,スマートサイドドットレーザー（2回目以降）,同部位,8週間,同部位は不可／別部位は可,,別部位の場合は同日可,不要,20250309_秋田ver,スマサイ・スマートサイドドット・スマートサイドドットレーザー,スマサイ・スマートサイドドット・スマートサイドドットレーザー
スマートサイドドットレーザー（初回）→スマートサイドドットレーザー（2回目以降）,スマートサイドドットレーザー（初回）,スマートサイドドットレーザー（2回目以降）,同部位,4週間,同部位は不可／別部位は可,,別部位の場合は同日可,不要,20250309_秋田ver,スマサイ・スマサイ初回・スマートサイドドット・スマートサイドドットレーザー,スマサイ・スマートサイドドット・スマートサイドドットレーザー
イボレーザー（炭酸ガス／CO2レーザー）→スマートサイドドットレーザー（2回目以降）,イボレーザー（炭酸ガス／CO2レーザー）,スマートサイドドットレーザー（2回目以降）,同部位,4週間,同部位は不可／別部位は可,,別部位の場合は同日可,不要,20250309_秋田ver,CO2・CO2レーザー・炭酸ガスレーザー・イボレーザー・いぼレーザー・イボ取り,スマサイ・スマートサイドドット・スマートサイドドットレーザー
シミ取りレーザー→スマートサイドドットレーザー（2回目以降）,シミ取りレーザー,スマートサイドドットレーザー（2回目以降）,同部位,4週間,同部位は不可／別部位は可,,別部位の場合は同日可,不要,20250309_秋田ver,シミレーザー・シミ取り・シミ取りレーザー・シミ治療,スマサイ・スマートサイドドット・スマートサイドドットレーザー
ADM治療（ピコレーザー）→スマートサイドドットレーザー（2回目以降）,ADM治療（ピコレーザー）,スマートサイドドットレーザー（2回目以降）,同部位,治療完了後 4週間,同部位は不可／別部位は可,,別部位の場合は同日可,不要,20250309_秋田ver,ADM・ADMレーザー・ピコレーザー・ピコ・あざ治療・太田母斑,スマサイ・スマートサイドドット・スマートサイドドットレーザー
ADM治療（ナノレーザー・メドライトC6）→スマートサイドドットレーザー（2回目以降）,ADM治療（ナノレーザー・メドライトC6）,スマートサイドドットレーザー（2回目以降）,同部位,治療完了後 4週間,同部位は不可／別部位は可,,別部位の場合は同日可,不要,20250309_秋田ver,ADM・ADMレーザー・ナノレーザー・メドライトC6・C6・あざ治療・太田母斑,スマサイ・スマートサイドドット・スマートサイドドットレーザー
レーザートーニング→スマートサイドドットレーザー（2回目以降）,レーザートーニング,スマートサイドドットレーザー（2回目以降）,同部位,1週間,同部位は不可／別部位は可,,別部位の場合は同日可,不要,20250309_秋田ver,トーニング・レーザートーニング・メドライトC6・肝斑・くすみ,スマサイ・スマートサイドドット・スマートサイドドットレーザー
ピコトーニング→スマートサイドドットレーザー（2回目以降）,ピコトーニング,スマートサイドドットレーザー（2回目以降）,同部位,2週間,同部位は不可／別部位は可,,別部位の場合は同日可,不要,20250309_秋田ver,ピコトーニング・ピコ・トーニング・肝斑・くすみ,スマサイ・スマートサイドドット・スマートサイドドットレーザー
ピコフラクショナル（1064nm）→スマートサイドドットレーザー（2回目以降）,ピコフラクショナル（1064nm）,スマートサイドドットレーザー（2回目以降）,同部位,8週間,同部位は不可／別部位は可,,別部位の場合は同日可,不要,20250309_秋田ver,ピコフラクショナル・ピコフラク・1064・フラクショナル・毛穴・肌質改善・ニキビ跡,スマサイ・スマートサイドドット・スマートサイドドットレーザー
そばかすシャワー（532レーザー）→スマートサイドドットレーザー（2回目以降）,そばかすシャワー（532レーザー）,スマートサイドドットレーザー（2回目以降）,同部位,8週間,同部位は不可／別部位は可,,別部位の場合は同日可,不要,20250309_秋田ver,そばかすシャワー・そばかす・532・そばかす治療,スマサイ・スマートサイドドット・スマートサイドドットレーザー
そばかすスポット照射→スマートサイドドットレーザー（2回目以降）,そばかすスポット照射,スマートサイドドットレーザー（2回目以降）,同部位,8週間,同部位は不可／別部位は可,,別部位の場合は同日可,不要,20250309_秋田ver,そばかすスポット・そばかす・スポット照射・シミ・そばかす治療,スマサイ・スマートサイドドット・スマートサイドドットレーザー
フォトフェイシャル（光治療）→スマートサイドドットレーザー（2回目以降）,フォトフェイシャル（光治療）,スマートサイドドットレーザー（2回目以降）,同部位,1週間,同部位は不可／別部位は可,,別部位の場合は同日可,不要,20250309_秋田ver,フォト・フォトフェイシャル・光治療・IPL・ステラM22,スマサイ・スマートサイドドット・スマートサイドドットレーザー
赤み治療（血管腫レーザー）→スマートサイドドットレーザー（2回目以降）,赤み治療（血管腫レーザー）,スマートサイドドットレーザー（2回目以降）,同部位,治療完了後 2週間,同部位は不可／別部位は可,,別部位の場合は同日可,不要,20250309_秋田ver,赤み治療・血管腫レーザー・赤ら顔・毛細血管拡張,スマサイ・スマートサイドドット・スマートサイドドットレーザー
ボトックス注射（通常）→スマートサイドドットレーザー（2回目以降）,ボトックス注射（通常）,スマートサイドドットレーザー（2回目以降）,同部位,2週間,同部位は不可／別部位は可,,別部位の場合は同日可,不要,20250309_秋田ver,ボトックス・ボトックス注射・ボツリヌストキシン・エラボトックス・小顔・シワ,スマサイ・スマートサイドドット・スマートサイドドットレーザー
マイクロボトックス→スマートサイドドットレーザー（2回目以降）,マイクロボトックス,スマートサイドドットレーザー（2回目以降）,同部位,2週間,同部位は不可／別部位は可,,別部位の場合は同日可,不要,20250309_秋田ver,マイクロボトックス・ボトックス・マイクロ・毛穴・テカリ,スマサイ・スマートサイドドット・スマートサイドドットレーザー
テノールNEO（テノールネオ）→スマートサイドドットレーザー（2回目以降）,テノールNEO（テノールネオ）,スマートサイドドットレーザー（2回目以降）,同部位,同日,可,,,不要,20250309_秋田ver,テノールネオ・テノールNEO・テノール・たるみ・引き締め,スマサイ・スマートサイドドット・スマートサイドドットレーザー
フラルスキン（トレチノイン）→スマートサイドドットレーザー（2回目以降）,フラルスキン（トレチノイン）,スマートサイドドットレーザー（2回目以降）,同部位,1週間,同部位は不可／別部位は可,,トレチノインのみの場合／別部位の場合は同日可,不要,20250309_秋田ver,フラルスキン・トレチ・トレチノイン・ハイドロキノン,スマサイ・スマートサイドドット・スマートサイドドットレーザー
部分シミ治療（トレチノイン）→スマートサイドドットレーザー（2回目以降）,部分シミ治療（トレチノイン）,スマートサイドドットレーザー（2回目以降）,同部位／別部位,同部位：4週間／別部位：翌日,不可,,,不要,20250309_秋田ver,部分シミ・トレチ・トレチノイン・シミ,スマサイ・スマートサイドドット・スマートサイドドットレーザー
mikoメソッド（首いぼ治療）→スマートサイドドットレーザー（2回目以降）,mikoメソッド（首いぼ治療）,スマートサイドドットレーザー（2回目以降）,同部位,4週間,同部位は不可／別部位は可,,別部位の場合は同日可,不要,20250309_秋田ver,mikoメソッド・miko・ミコメソッド・首イボ・首いぼ・イボ,スマサイ・スマートサイドドット・スマートサイドドットレーザー
ほくろ切除・ほくろ除去→スマートサイドドットレーザー（2回目以降）,ほくろ切除・ほくろ除去,スマートサイドドットレーザー（2回目以降）,同部位,上皮化後 4週間,同部位は不可／別部位は可,,別部位の場合は同日可,不要,20250309_秋田ver,ほくろ切除・ほくろ除去・ほくろ・ほくろ取り,スマサイ・スマートサイドドット・スマートサイドドットレーザー
ボライト（スキンブースター）→スマートサイドドットレーザー（2回目以降）,ボライト（スキンブースター）,スマートサイドドットレーザー（2回目以降）,同部位,4週間,同部位は不可／別部位は可,,別部位の場合は同日可,不要,20250309_秋田ver,ボライト・スキンブースター・ヒアルロン酸・ジュビダーム,スマサイ・スマートサイドドット・スマートサイドドットレーザー
稗粒腫（はいりゅうしゅ）除去→スマートサイドドットレーザー（2回目以降）,稗粒腫（はいりゅうしゅ）除去,スマートサイドドットレーザー（2回目以降）,同部位,1週間,同部位は不可／別部位は可,,別部位の場合は同日可,不要,20250309_秋田ver,稗粒腫・はいりゅうしゅ・ぶつぶつ・ブツブツ,スマサイ・スマートサイドドット・スマートサイドドットレーザー
ヴェルヴェットスキン→スマートサイドドットレーザー（2回目以降）,ヴェルヴェットスキン,スマートサイドドットレーザー（2回目以降）,同部位,4週間,同部位は不可／別部位は可,,別部位の場合は同日可,不要,20250309_秋田ver,ヴェルヴェットスキン・ヴェルヴェット・ベルベットスキン・ダーマペン・コラーゲンピール,スマサイ・スマートサイドドット・スマートサイドドットレーザー
ダーマペン4→スマートサイドドットレーザー（2回目以降）,ダーマペン4,スマートサイドドットレーザー（2回目以降）,同部位,4週間,同部位は不可／別部位は可,,別部位の場合は同日可,不要,20250309_秋田ver,ダーマペン・ダーマペン4・毛穴・ニキビ跡,スマサイ・スマートサイドドット・スマートサイドドットレーザー
HARG療法→スマートサイドドットレーザー（2回目以降）,HARG療法,スマートサイドドットレーザー（2回目以降）,別部位,翌日,不可,,括弧内の期間は別部位の場合。同部位の間隔はこのセルに明示されていません,必要,20250309_秋田ver,HARG・HARG療法・ハーグ・ハーグ療法・発毛・育毛・薄毛,スマサイ・スマートサイドドット・スマートサイドドットレーザー
スカルプ・プラセンタエッセンス→スマートサイドドットレーザー（2回目以降）,スカルプ・プラセンタエッセンス,スマートサイドドットレーザー（2回目以降）,別部位,翌日,不可,,括弧内の期間は別部位の場合。同部位の間隔はこのセルに明示されていません,必要,20250309_秋田ver,スカルプ・プラセンタ・プラセンタエッセンス・頭皮ケア・薄毛,スマサイ・スマートサイドドット・スマートサイドドットレーザー
コラーゲンピール（マッサージピール）→スマートサイドドットレーザー（2回目以降）,コラーゲンピール（マッサージピール）,スマートサイドドットレーザー（2回目以降）,同部位,2週間,同部位は不可／別部位は可,,別部位の場合は同日可,不要,20250309_秋田ver,コラーゲンピール・マッサージピール・PRX・ハリ,スマサイ・スマートサイドドット・スマートサイドドットレーザー
サーマクール→スマートサイドドットレーザー（2回目以降）,サーマクール,スマートサイドドットレーザー（2回目以降）,同部位,1週間,同部位は不可／別部位は可,,別部位の場合は同日可,不要,20250309_秋田ver,サーマクール・サーマ・たるみ・引き締め・リフトアップ,スマサイ・スマートサイドドット・スマートサイドドットレーザー
ミラドライ→スマートサイドドットレーザー（2回目以降）,ミラドライ,スマートサイドドットレーザー（2回目以降）,不明,-（原表記）,不明,,原表は「-」ですが意味が明示されていないため、可否・間隔を断定できません,必要,20250309_秋田ver,ミラドライ・ワキガ・腋臭・多汗症・わき汗,スマサイ・スマートサイドドット・スマートサイドドットレーザー
医療レーザー脱毛→スマートサイドドットレーザー（2回目以降）,医療レーザー脱毛,スマートサイドドットレーザー（2回目以降）,同部位,2週間,同部位は不可／別部位は可,,別部位の場合は同日可,不要,20250309_秋田ver,脱毛・医療脱毛・レーザー脱毛・全身脱毛・顔脱毛・VIO脱毛・ひげ脱毛・メンズ脱毛,スマサイ・スマートサイドドット・スマートサイドドットレーザー
タトゥー除去（刺青除去）→スマートサイドドットレーザー（2回目以降）,タトゥー除去（刺青除去）,スマートサイドドットレーザー（2回目以降）,同部位,3か月,同部位は不可／別部位は可,,別部位の場合は同日可,不要,20250309_秋田ver,タトゥー・タトゥー除去・刺青・いれずみ・入れ墨,スマサイ・スマートサイドドット・スマートサイドドットレーザー
アートメイク→スマートサイドドットレーザー（2回目以降）,アートメイク,スマートサイドドットレーザー（2回目以降）,同部位,2週間,同部位は不可／別部位は可,,別部位の場合は同日可,不要,20250309_秋田ver,アートメイク・眉アートメイク・リップアートメイク・タトゥーメイク,スマサイ・スマートサイドドット・スマートサイドドットレーザー
ハイドラジェントル→スマートサイドドットレーザー（初回）,ハイドラジェントル,スマートサイドドットレーザー（初回）,面の治療との併用,初回：同日不可／2回目以降：同日可,条件付き,ハイドラを先に実施,初回は同日不可。問題がなかった場合は2回目以降で同日可,不要,20250309_秋田ver,ハイドラ・ハイドラフェイシャル・ハイドラクレンジング・毛穴洗浄,スマサイ・スマサイ初回・スマートサイドドット・スマートサイドドットレーザー
ケミカルピーリング→スマートサイドドットレーザー（初回）,ケミカルピーリング,スマートサイドドットレーザー（初回）,同部位,2週間,同部位は不可／別部位は可,,別部位の場合は同日可,不要,20250309_秋田ver,ピーリング・ケミカルピーリング・サリチル酸ピーリング,スマサイ・スマサイ初回・スマートサイドドット・スマートサイドドットレーザー
スマートサイドドットレーザー（2回目以降）→スマートサイドドットレーザー（初回）,スマートサイドドットレーザー（2回目以降）,スマートサイドドットレーザー（初回）,同部位,8週間,同部位は不可／別部位は可,,別部位の場合は同日可,不要,20250309_秋田ver,スマサイ・スマートサイドドット・スマートサイドドットレーザー,スマサイ・スマサイ初回・スマートサイドドット・スマートサイドドットレーザー
スマートサイドドットレーザー（初回）→スマートサイドドットレーザー（初回）,スマートサイドドットレーザー（初回）,スマートサイドドットレーザー（初回）,同部位,4週間,同部位は不可／別部位は可,,別部位の場合は同日可,不要,20250309_秋田ver,スマサイ・スマサイ初回・スマートサイドドット・スマートサイドドットレーザー,スマサイ・スマサイ初回・スマートサイドドット・スマートサイドドットレーザー
イボレーザー（炭酸ガス／CO2レーザー）→スマートサイドドットレーザー（初回）,イボレーザー（炭酸ガス／CO2レーザー）,スマートサイドドットレーザー（初回）,同部位,4週間,同部位は不可／別部位は可,,別部位の場合は同日可,不要,20250309_秋田ver,CO2・CO2レーザー・炭酸ガスレーザー・イボレーザー・いぼレーザー・イボ取り,スマサイ・スマサイ初回・スマートサイドドット・スマートサイドドットレーザー
シミ取りレーザー→スマートサイドドットレーザー（初回）,シミ取りレーザー,スマートサイドドットレーザー（初回）,同部位,4週間,同部位は不可／別部位は可,,別部位の場合は同日可,不要,20250309_秋田ver,シミレーザー・シミ取り・シミ取りレーザー・シミ治療,スマサイ・スマサイ初回・スマートサイドドット・スマートサイドドットレーザー
ADM治療（ピコレーザー）→スマートサイドドットレーザー（初回）,ADM治療（ピコレーザー）,スマートサイドドットレーザー（初回）,同部位,治療完了後 4週間,同部位は不可／別部位は可,,別部位の場合は同日可,不要,20250309_秋田ver,ADM・ADMレーザー・ピコレーザー・ピコ・あざ治療・太田母斑,スマサイ・スマサイ初回・スマートサイドドット・スマートサイドドットレーザー
ADM治療（ナノレーザー・メドライトC6）→スマートサイドドットレーザー（初回）,ADM治療（ナノレーザー・メドライトC6）,スマートサイドドットレーザー（初回）,同部位,治療完了後 4週間,同部位は不可／別部位は可,,別部位の場合は同日可,不要,20250309_秋田ver,ADM・ADMレーザー・ナノレーザー・メドライトC6・C6・あざ治療・太田母斑,スマサイ・スマサイ初回・スマートサイドドット・スマートサイドドットレーザー
レーザートーニング→スマートサイドドットレーザー（初回）,レーザートーニング,スマートサイドドットレーザー（初回）,同部位,1週間,同部位は不可／別部位は可,,別部位の場合は同日可,不要,20250309_秋田ver,トーニング・レーザートーニング・メドライトC6・肝斑・くすみ,スマサイ・スマサイ初回・スマートサイドドット・スマートサイドドットレーザー
ピコトーニング→スマートサイドドットレーザー（初回）,ピコトーニング,スマートサイドドットレーザー（初回）,同部位,2週間,同部位は不可／別部位は可,,別部位の場合は同日可,不要,20250309_秋田ver,ピコトーニング・ピコ・トーニング・肝斑・くすみ,スマサイ・スマサイ初回・スマートサイドドット・スマートサイドドットレーザー
ピコフラクショナル（1064nm）→スマートサイドドットレーザー（初回）,ピコフラクショナル（1064nm）,スマートサイドドットレーザー（初回）,同部位,8週間,同部位は不可／別部位は可,,別部位の場合は同日可,不要,20250309_秋田ver,ピコフラクショナル・ピコフラク・1064・フラクショナル・毛穴・肌質改善・ニキビ跡,スマサイ・スマサイ初回・スマートサイドドット・スマートサイドドットレーザー
そばかすシャワー（532レーザー）→スマートサイドドットレーザー（初回）,そばかすシャワー（532レーザー）,スマートサイドドットレーザー（初回）,同部位,8週間,同部位は不可／別部位は可,,別部位の場合は同日可,不要,20250309_秋田ver,そばかすシャワー・そばかす・532・そばかす治療,スマサイ・スマサイ初回・スマートサイドドット・スマートサイドドットレーザー
そばかすスポット照射→スマートサイドドットレーザー（初回）,そばかすスポット照射,スマートサイドドットレーザー（初回）,同部位,8週間,同部位は不可／別部位は可,,別部位の場合は同日可,不要,20250309_秋田ver,そばかすスポット・そばかす・スポット照射・シミ・そばかす治療,スマサイ・スマサイ初回・スマートサイドドット・スマートサイドドットレーザー
フォトフェイシャル（光治療）→スマートサイドドットレーザー（初回）,フォトフェイシャル（光治療）,スマートサイドドットレーザー（初回）,同部位,1週間,同部位は不可／別部位は可,,別部位の場合は同日可,不要,20250309_秋田ver,フォト・フォトフェイシャル・光治療・IPL・ステラM22,スマサイ・スマサイ初回・スマートサイドドット・スマートサイドドットレーザー
赤み治療（血管腫レーザー）→スマートサイドドットレーザー（初回）,赤み治療（血管腫レーザー）,スマートサイドドットレーザー（初回）,同部位,治療完了後 2週間,同部位は不可／別部位は可,,別部位の場合は同日可,不要,20250309_秋田ver,赤み治療・血管腫レーザー・赤ら顔・毛細血管拡張,スマサイ・スマサイ初回・スマートサイドドット・スマートサイドドットレーザー
ボトックス注射（通常）→スマートサイドドットレーザー（初回）,ボトックス注射（通常）,スマートサイドドットレーザー（初回）,同部位,2週間,同部位は不可／別部位は可,,別部位の場合は同日可,不要,20250309_秋田ver,ボトックス・ボトックス注射・ボツリヌストキシン・エラボトックス・小顔・シワ,スマサイ・スマサイ初回・スマートサイドドット・スマートサイドドットレーザー
マイクロボトックス→スマートサイドドットレーザー（初回）,マイクロボトックス,スマートサイドドットレーザー（初回）,同部位,2週間,同部位は不可／別部位は可,,別部位の場合は同日可,不要,20250309_秋田ver,マイクロボトックス・ボトックス・マイクロ・毛穴・テカリ,スマサイ・スマサイ初回・スマートサイドドット・スマートサイドドットレーザー
テノールNEO（テノールネオ）→スマートサイドドットレーザー（初回）,テノールNEO（テノールネオ）,スマートサイドドットレーザー（初回）,同部位,同日,可,,,不要,20250309_秋田ver,テノールネオ・テノールNEO・テノール・たるみ・引き締め,スマサイ・スマサイ初回・スマートサイドドット・スマートサイドドットレーザー
フラルスキン（トレチノイン）→スマートサイドドットレーザー（初回）,フラルスキン（トレチノイン）,スマートサイドドットレーザー（初回）,同部位,1週間,同部位は不可／別部位は可,,トレチノインのみの場合／別部位の場合は同日可,不要,20250309_秋田ver,フラルスキン・トレチ・トレチノイン・ハイドロキノン,スマサイ・スマサイ初回・スマートサイドドット・スマートサイドドットレーザー
部分シミ治療（トレチノイン）→スマートサイドドットレーザー（初回）,部分シミ治療（トレチノイン）,スマートサイドドットレーザー（初回）,同部位／別部位,同部位：4週間／別部位：翌日,不可,,,不要,20250309_秋田ver,部分シミ・トレチ・トレチノイン・シミ,スマサイ・スマサイ初回・スマートサイドドット・スマートサイドドットレーザー
mikoメソッド（首いぼ治療）→スマートサイドドットレーザー（初回）,mikoメソッド（首いぼ治療）,スマートサイドドットレーザー（初回）,同部位,4週間,同部位は不可／別部位は可,,別部位の場合は同日可,不要,20250309_秋田ver,mikoメソッド・miko・ミコメソッド・首イボ・首いぼ・イボ,スマサイ・スマサイ初回・スマートサイドドット・スマートサイドドットレーザー
ほくろ切除・ほくろ除去→スマートサイドドットレーザー（初回）,ほくろ切除・ほくろ除去,スマートサイドドットレーザー（初回）,同部位,上皮化後 4週間,同部位は不可／別部位は可,,別部位の場合は同日可,不要,20250309_秋田ver,ほくろ切除・ほくろ除去・ほくろ・ほくろ取り,スマサイ・スマサイ初回・スマートサイドドット・スマートサイドドットレーザー
ボライト（スキンブースター）→スマートサイドドットレーザー（初回）,ボライト（スキンブースター）,スマートサイドドットレーザー（初回）,同部位,4週間,同部位は不可／別部位は可,,別部位の場合は同日可,不要,20250309_秋田ver,ボライト・スキンブースター・ヒアルロン酸・ジュビダーム,スマサイ・スマサイ初回・スマートサイドドット・スマートサイドドットレーザー
稗粒腫（はいりゅうしゅ）除去→スマートサイドドットレーザー（初回）,稗粒腫（はいりゅうしゅ）除去,スマートサイドドットレーザー（初回）,同部位,1週間,同部位は不可／別部位は可,,別部位の場合は同日可,不要,20250309_秋田ver,稗粒腫・はいりゅうしゅ・ぶつぶつ・ブツブツ,スマサイ・スマサイ初回・スマートサイドドット・スマートサイドドットレーザー
ヴェルヴェットスキン→スマートサイドドットレーザー（初回）,ヴェルヴェットスキン,スマートサイドドットレーザー（初回）,同部位,4週間,同部位は不可／別部位は可,,別部位の場合は同日可,不要,20250309_秋田ver,ヴェルヴェットスキン・ヴェルヴェット・ベルベットスキン・ダーマペン・コラーゲンピール,スマサイ・スマサイ初回・スマートサイドドット・スマートサイドドットレーザー
ダーマペン4→スマートサイドドットレーザー（初回）,ダーマペン4,スマートサイドドットレーザー（初回）,同部位,4週間,同部位は不可／別部位は可,,別部位の場合は同日可,不要,20250309_秋田ver,ダーマペン・ダーマペン4・毛穴・ニキビ跡,スマサイ・スマサイ初回・スマートサイドドット・スマートサイドドットレーザー
HARG療法→スマートサイドドットレーザー（初回）,HARG療法,スマートサイドドットレーザー（初回）,別部位,翌日,不可,,括弧内の期間は別部位の場合。同部位の間隔はこのセルに明示されていません,必要,20250309_秋田ver,HARG・HARG療法・ハーグ・ハーグ療法・発毛・育毛・薄毛,スマサイ・スマサイ初回・スマートサイドドット・スマートサイドドットレーザー
スカルプ・プラセンタエッセンス→スマートサイドドットレーザー（初回）,スカルプ・プラセンタエッセンス,スマートサイドドットレーザー（初回）,別部位,翌日,不可,,括弧内の期間は別部位の場合。同部位の間隔はこのセルに明示されていません,必要,20250309_秋田ver,スカルプ・プラセンタ・プラセンタエッセンス・頭皮ケア・薄毛,スマサイ・スマサイ初回・スマートサイドドット・スマートサイドドットレーザー
コラーゲンピール（マッサージピール）→スマートサイドドットレーザー（初回）,コラーゲンピール（マッサージピール）,スマートサイドドットレーザー（初回）,同部位,2週間,同部位は不可／別部位は可,,別部位の場合は同日可,不要,20250309_秋田ver,コラーゲンピール・マッサージピール・PRX・ハリ,スマサイ・スマサイ初回・スマートサイドドット・スマートサイドドットレーザー
サーマクール→スマートサイドドットレーザー（初回）,サーマクール,スマートサイドドットレーザー（初回）,同部位,1週間,同部位は不可／別部位は可,,別部位の場合は同日可,不要,20250309_秋田ver,サーマクール・サーマ・たるみ・引き締め・リフトアップ,スマサイ・スマサイ初回・スマートサイドドット・スマートサイドドットレーザー
ミラドライ→スマートサイドドットレーザー（初回）,ミラドライ,スマートサイドドットレーザー（初回）,不明,-（原表記）,不明,,原表は「-」ですが意味が明示されていないため、可否・間隔を断定できません,必要,20250309_秋田ver,ミラドライ・ワキガ・腋臭・多汗症・わき汗,スマサイ・スマサイ初回・スマートサイドドット・スマートサイドドットレーザー
医療レーザー脱毛→スマートサイドドットレーザー（初回）,医療レーザー脱毛,スマートサイドドットレーザー（初回）,同部位,2週間,同部位は不可／別部位は可,,別部位の場合は同日可,不要,20250309_秋田ver,脱毛・医療脱毛・レーザー脱毛・全身脱毛・顔脱毛・VIO脱毛・ひげ脱毛・メンズ脱毛,スマサイ・スマサイ初回・スマートサイドドット・スマートサイドドットレーザー
タトゥー除去（刺青除去）→スマートサイドドットレーザー（初回）,タトゥー除去（刺青除去）,スマートサイドドットレーザー（初回）,同部位,3か月,同部位は不可／別部位は可,,別部位の場合は同日可,不要,20250309_秋田ver,タトゥー・タトゥー除去・刺青・いれずみ・入れ墨,スマサイ・スマサイ初回・スマートサイドドット・スマートサイドドットレーザー
アートメイク→スマートサイドドットレーザー（初回）,アートメイク,スマートサイドドットレーザー（初回）,同部位,2週間,同部位は不可／別部位は可,,別部位の場合は同日可,不要,20250309_秋田ver,アートメイク・眉アートメイク・リップアートメイク・タトゥーメイク,スマサイ・スマサイ初回・スマートサイドドット・スマートサイドドットレーザー
ハイドラジェントル→イボレーザー（炭酸ガス／CO2レーザー）,ハイドラジェントル,イボレーザー（炭酸ガス／CO2レーザー）,同部位,同日,可,,,不要,20250309_秋田ver,ハイドラ・ハイドラフェイシャル・ハイドラクレンジング・毛穴洗浄,CO2・CO2レーザー・炭酸ガスレーザー・イボレーザー・いぼレーザー・イボ取り
ケミカルピーリング→イボレーザー（炭酸ガス／CO2レーザー）,ケミカルピーリング,イボレーザー（炭酸ガス／CO2レーザー）,同部位,2週間,同部位は不可／別部位は可,,別部位の場合は同日可,不要,20250309_秋田ver,ピーリング・ケミカルピーリング・サリチル酸ピーリング,CO2・CO2レーザー・炭酸ガスレーザー・イボレーザー・いぼレーザー・イボ取り
スマートサイドドットレーザー（2回目以降）→イボレーザー（炭酸ガス／CO2レーザー）,スマートサイドドットレーザー（2回目以降）,イボレーザー（炭酸ガス／CO2レーザー）,同部位,4週間,同部位は不可／別部位は可,,別部位の場合は同日可,不要,20250309_秋田ver,スマサイ・スマートサイドドット・スマートサイドドットレーザー,CO2・CO2レーザー・炭酸ガスレーザー・イボレーザー・いぼレーザー・イボ取り
スマートサイドドットレーザー（初回）→イボレーザー（炭酸ガス／CO2レーザー）,スマートサイドドットレーザー（初回）,イボレーザー（炭酸ガス／CO2レーザー）,同部位,3週間,同部位は不可／別部位は可,,別部位の場合は同日可,不要,20250309_秋田ver,スマサイ・スマサイ初回・スマートサイドドット・スマートサイドドットレーザー,CO2・CO2レーザー・炭酸ガスレーザー・イボレーザー・いぼレーザー・イボ取り
イボレーザー（炭酸ガス／CO2レーザー）→イボレーザー（炭酸ガス／CO2レーザー）,イボレーザー（炭酸ガス／CO2レーザー）,イボレーザー（炭酸ガス／CO2レーザー）,別部位,2週間,不可,,括弧内の期間は別部位の場合。同部位の間隔はこのセルに明示されていません／CO2は初回の治療では4週間空けます,必要,20250309_秋田ver,CO2・CO2レーザー・炭酸ガスレーザー・イボレーザー・いぼレーザー・イボ取り,CO2・CO2レーザー・炭酸ガスレーザー・イボレーザー・いぼレーザー・イボ取り
シミ取りレーザー→イボレーザー（炭酸ガス／CO2レーザー）,シミ取りレーザー,イボレーザー（炭酸ガス／CO2レーザー）,同部位,4週間,同部位は不可／別部位は可,,別部位の場合は同日可,不要,20250309_秋田ver,シミレーザー・シミ取り・シミ取りレーザー・シミ治療,CO2・CO2レーザー・炭酸ガスレーザー・イボレーザー・いぼレーザー・イボ取り
ADM治療（ピコレーザー）→イボレーザー（炭酸ガス／CO2レーザー）,ADM治療（ピコレーザー）,イボレーザー（炭酸ガス／CO2レーザー）,同部位,治療完了後 4週間,同部位は不可／別部位は可,,別部位の場合は同日可,不要,20250309_秋田ver,ADM・ADMレーザー・ピコレーザー・ピコ・あざ治療・太田母斑,CO2・CO2レーザー・炭酸ガスレーザー・イボレーザー・いぼレーザー・イボ取り
ADM治療（ナノレーザー・メドライトC6）→イボレーザー（炭酸ガス／CO2レーザー）,ADM治療（ナノレーザー・メドライトC6）,イボレーザー（炭酸ガス／CO2レーザー）,同部位,治療完了後 4週間,同部位は不可／別部位は可,,別部位の場合は同日可,不要,20250309_秋田ver,ADM・ADMレーザー・ナノレーザー・メドライトC6・C6・あざ治療・太田母斑,CO2・CO2レーザー・炭酸ガスレーザー・イボレーザー・いぼレーザー・イボ取り
レーザートーニング→イボレーザー（炭酸ガス／CO2レーザー）,レーザートーニング,イボレーザー（炭酸ガス／CO2レーザー）,同部位,1週間,同部位は不可／別部位は可,,別部位の場合は同日可,不要,20250309_秋田ver,トーニング・レーザートーニング・メドライトC6・肝斑・くすみ,CO2・CO2レーザー・炭酸ガスレーザー・イボレーザー・いぼレーザー・イボ取り
ピコトーニング→イボレーザー（炭酸ガス／CO2レーザー）,ピコトーニング,イボレーザー（炭酸ガス／CO2レーザー）,同部位,2週間,同部位は不可／別部位は可,,別部位の場合は同日可,不要,20250309_秋田ver,ピコトーニング・ピコ・トーニング・肝斑・くすみ,CO2・CO2レーザー・炭酸ガスレーザー・イボレーザー・いぼレーザー・イボ取り
ピコフラクショナル（1064nm）→イボレーザー（炭酸ガス／CO2レーザー）,ピコフラクショナル（1064nm）,イボレーザー（炭酸ガス／CO2レーザー）,同部位,3週間,同部位は不可／別部位は可,,別部位の場合は同日可,不要,20250309_秋田ver,ピコフラクショナル・ピコフラク・1064・フラクショナル・毛穴・肌質改善・ニキビ跡,CO2・CO2レーザー・炭酸ガスレーザー・イボレーザー・いぼレーザー・イボ取り
そばかすシャワー（532レーザー）→イボレーザー（炭酸ガス／CO2レーザー）,そばかすシャワー（532レーザー）,イボレーザー（炭酸ガス／CO2レーザー）,同部位,4週間,同部位は不可／別部位は可,,別部位の場合は同日可,不要,20250309_秋田ver,そばかすシャワー・そばかす・532・そばかす治療,CO2・CO2レーザー・炭酸ガスレーザー・イボレーザー・いぼレーザー・イボ取り
そばかすスポット照射→イボレーザー（炭酸ガス／CO2レーザー）,そばかすスポット照射,イボレーザー（炭酸ガス／CO2レーザー）,同部位,4週間,同部位は不可／別部位は可,,別部位の場合は同日可,不要,20250309_秋田ver,そばかすスポット・そばかす・スポット照射・シミ・そばかす治療,CO2・CO2レーザー・炭酸ガスレーザー・イボレーザー・いぼレーザー・イボ取り
フォトフェイシャル（光治療）→イボレーザー（炭酸ガス／CO2レーザー）,フォトフェイシャル（光治療）,イボレーザー（炭酸ガス／CO2レーザー）,同部位,1週間,同部位は不可／別部位は可,,別部位の場合は同日可,不要,20250309_秋田ver,フォト・フォトフェイシャル・光治療・IPL・ステラM22,CO2・CO2レーザー・炭酸ガスレーザー・イボレーザー・いぼレーザー・イボ取り
赤み治療（血管腫レーザー）→イボレーザー（炭酸ガス／CO2レーザー）,赤み治療（血管腫レーザー）,イボレーザー（炭酸ガス／CO2レーザー）,同部位,治療完了後 2週間,同部位は不可／別部位は可,,別部位の場合は同日可,不要,20250309_秋田ver,赤み治療・血管腫レーザー・赤ら顔・毛細血管拡張,CO2・CO2レーザー・炭酸ガスレーザー・イボレーザー・いぼレーザー・イボ取り
ボトックス注射（通常）→イボレーザー（炭酸ガス／CO2レーザー）,ボトックス注射（通常）,イボレーザー（炭酸ガス／CO2レーザー）,同部位,2週間,同部位は不可／別部位は可,,別部位の場合は同日可,不要,20250309_秋田ver,ボトックス・ボトックス注射・ボツリヌストキシン・エラボトックス・小顔・シワ,CO2・CO2レーザー・炭酸ガスレーザー・イボレーザー・いぼレーザー・イボ取り
マイクロボトックス→イボレーザー（炭酸ガス／CO2レーザー）,マイクロボトックス,イボレーザー（炭酸ガス／CO2レーザー）,同部位,2週間,同部位は不可／別部位は可,,別部位の場合は同日可,不要,20250309_秋田ver,マイクロボトックス・ボトックス・マイクロ・毛穴・テカリ,CO2・CO2レーザー・炭酸ガスレーザー・イボレーザー・いぼレーザー・イボ取り
テノールNEO（テノールネオ）→イボレーザー（炭酸ガス／CO2レーザー）,テノールNEO（テノールネオ）,イボレーザー（炭酸ガス／CO2レーザー）,同部位,同日,可,,,不要,20250309_秋田ver,テノールネオ・テノールNEO・テノール・たるみ・引き締め,CO2・CO2レーザー・炭酸ガスレーザー・イボレーザー・いぼレーザー・イボ取り
フラルスキン（トレチノイン）→イボレーザー（炭酸ガス／CO2レーザー）,フラルスキン（トレチノイン）,イボレーザー（炭酸ガス／CO2レーザー）,同部位,1週間,同部位は不可／別部位は可,,トレチノインのみの場合／別部位の場合は同日可,不要,20250309_秋田ver,フラルスキン・トレチ・トレチノイン・ハイドロキノン,CO2・CO2レーザー・炭酸ガスレーザー・イボレーザー・いぼレーザー・イボ取り
部分シミ治療（トレチノイン）→イボレーザー（炭酸ガス／CO2レーザー）,部分シミ治療（トレチノイン）,イボレーザー（炭酸ガス／CO2レーザー）,同部位,4週間,同部位は不可／別部位は可,,別部位の場合は同日可,不要,20250309_秋田ver,部分シミ・トレチ・トレチノイン・シミ,CO2・CO2レーザー・炭酸ガスレーザー・イボレーザー・いぼレーザー・イボ取り
mikoメソッド（首いぼ治療）→イボレーザー（炭酸ガス／CO2レーザー）,mikoメソッド（首いぼ治療）,イボレーザー（炭酸ガス／CO2レーザー）,同部位,4週間,同部位は不可／別部位は可,,別部位の場合は同日可,不要,20250309_秋田ver,mikoメソッド・miko・ミコメソッド・首イボ・首いぼ・イボ,CO2・CO2レーザー・炭酸ガスレーザー・イボレーザー・いぼレーザー・イボ取り
ほくろ切除・ほくろ除去→イボレーザー（炭酸ガス／CO2レーザー）,ほくろ切除・ほくろ除去,イボレーザー（炭酸ガス／CO2レーザー）,同部位,上皮化後 4週間,同部位は不可／別部位は可,,別部位の場合は同日可,不要,20250309_秋田ver,ほくろ切除・ほくろ除去・ほくろ・ほくろ取り,CO2・CO2レーザー・炭酸ガスレーザー・イボレーザー・いぼレーザー・イボ取り
ボライト（スキンブースター）→イボレーザー（炭酸ガス／CO2レーザー）,ボライト（スキンブースター）,イボレーザー（炭酸ガス／CO2レーザー）,同部位,4週間,同部位は不可／別部位は可,,別部位の場合は同日可,不要,20250309_秋田ver,ボライト・スキンブースター・ヒアルロン酸・ジュビダーム,CO2・CO2レーザー・炭酸ガスレーザー・イボレーザー・いぼレーザー・イボ取り
稗粒腫（はいりゅうしゅ）除去→イボレーザー（炭酸ガス／CO2レーザー）,稗粒腫（はいりゅうしゅ）除去,イボレーザー（炭酸ガス／CO2レーザー）,同部位,1週間,同部位は不可／別部位は可,,別部位の場合は同日可,不要,20250309_秋田ver,稗粒腫・はいりゅうしゅ・ぶつぶつ・ブツブツ,CO2・CO2レーザー・炭酸ガスレーザー・イボレーザー・いぼレーザー・イボ取り
ヴェルヴェットスキン→イボレーザー（炭酸ガス／CO2レーザー）,ヴェルヴェットスキン,イボレーザー（炭酸ガス／CO2レーザー）,同部位,4週間,同部位は不可／別部位は可,,別部位の場合は同日可,不要,20250309_秋田ver,ヴェルヴェットスキン・ヴェルヴェット・ベルベットスキン・ダーマペン・コラーゲンピール,CO2・CO2レーザー・炭酸ガスレーザー・イボレーザー・いぼレーザー・イボ取り
ダーマペン4→イボレーザー（炭酸ガス／CO2レーザー）,ダーマペン4,イボレーザー（炭酸ガス／CO2レーザー）,同部位,4週間,同部位は不可／別部位は可,,別部位の場合は同日可,不要,20250309_秋田ver,ダーマペン・ダーマペン4・毛穴・ニキビ跡,CO2・CO2レーザー・炭酸ガスレーザー・イボレーザー・いぼレーザー・イボ取り
HARG療法→イボレーザー（炭酸ガス／CO2レーザー）,HARG療法,イボレーザー（炭酸ガス／CO2レーザー）,別部位,翌日,不可,,括弧内の期間は別部位の場合。同部位の間隔はこのセルに明示されていません,必要,20250309_秋田ver,HARG・HARG療法・ハーグ・ハーグ療法・発毛・育毛・薄毛,CO2・CO2レーザー・炭酸ガスレーザー・イボレーザー・いぼレーザー・イボ取り
スカルプ・プラセンタエッセンス→イボレーザー（炭酸ガス／CO2レーザー）,スカルプ・プラセンタエッセンス,イボレーザー（炭酸ガス／CO2レーザー）,別部位,翌日,不可,,括弧内の期間は別部位の場合。同部位の間隔はこのセルに明示されていません,必要,20250309_秋田ver,スカルプ・プラセンタ・プラセンタエッセンス・頭皮ケア・薄毛,CO2・CO2レーザー・炭酸ガスレーザー・イボレーザー・いぼレーザー・イボ取り
コラーゲンピール（マッサージピール）→イボレーザー（炭酸ガス／CO2レーザー）,コラーゲンピール（マッサージピール）,イボレーザー（炭酸ガス／CO2レーザー）,同部位,2週間,同部位は不可／別部位は可,,別部位の場合は同日可,不要,20250309_秋田ver,コラーゲンピール・マッサージピール・PRX・ハリ,CO2・CO2レーザー・炭酸ガスレーザー・イボレーザー・いぼレーザー・イボ取り
サーマクール→イボレーザー（炭酸ガス／CO2レーザー）,サーマクール,イボレーザー（炭酸ガス／CO2レーザー）,同部位,2週間,同部位は不可／別部位は可,,別部位の場合は同日可,不要,20250309_秋田ver,サーマクール・サーマ・たるみ・引き締め・リフトアップ,CO2・CO2レーザー・炭酸ガスレーザー・イボレーザー・いぼレーザー・イボ取り
ミラドライ→イボレーザー（炭酸ガス／CO2レーザー）,ミラドライ,イボレーザー（炭酸ガス／CO2レーザー）,不明,-（原表記）,不明,,原表は「-」ですが意味が明示されていないため、可否・間隔を断定できません,必要,20250309_秋田ver,ミラドライ・ワキガ・腋臭・多汗症・わき汗,CO2・CO2レーザー・炭酸ガスレーザー・イボレーザー・いぼレーザー・イボ取り
医療レーザー脱毛→イボレーザー（炭酸ガス／CO2レーザー）,医療レーザー脱毛,イボレーザー（炭酸ガス／CO2レーザー）,同部位,2週間,同部位は不可／別部位は可,,別部位の場合は同日可,不要,20250309_秋田ver,脱毛・医療脱毛・レーザー脱毛・全身脱毛・顔脱毛・VIO脱毛・ひげ脱毛・メンズ脱毛,CO2・CO2レーザー・炭酸ガスレーザー・イボレーザー・いぼレーザー・イボ取り
タトゥー除去（刺青除去）→イボレーザー（炭酸ガス／CO2レーザー）,タトゥー除去（刺青除去）,イボレーザー（炭酸ガス／CO2レーザー）,同部位,3か月,同部位は不可／別部位は可,,別部位の場合は同日可,不要,20250309_秋田ver,タトゥー・タトゥー除去・刺青・いれずみ・入れ墨,CO2・CO2レーザー・炭酸ガスレーザー・イボレーザー・いぼレーザー・イボ取り
アートメイク→イボレーザー（炭酸ガス／CO2レーザー）,アートメイク,イボレーザー（炭酸ガス／CO2レーザー）,同部位,2週間,同部位は不可／別部位は可,,別部位の場合は同日可,不要,20250309_秋田ver,アートメイク・眉アートメイク・リップアートメイク・タトゥーメイク,CO2・CO2レーザー・炭酸ガスレーザー・イボレーザー・いぼレーザー・イボ取り
ハイドラジェントル→シミ取りレーザー,ハイドラジェントル,シミ取りレーザー,同部位,同日,可,,,不要,20250309_秋田ver,ハイドラ・ハイドラフェイシャル・ハイドラクレンジング・毛穴洗浄,シミレーザー・シミ取り・シミ取りレーザー・シミ治療
ケミカルピーリング→シミ取りレーザー,ケミカルピーリング,シミ取りレーザー,同部位,2週間,同部位は不可／別部位は可,,別部位の場合は同日可,不要,20250309_秋田ver,ピーリング・ケミカルピーリング・サリチル酸ピーリング,シミレーザー・シミ取り・シミ取りレーザー・シミ治療
スマートサイドドットレーザー（2回目以降）→シミ取りレーザー,スマートサイドドットレーザー（2回目以降）,シミ取りレーザー,同部位,4週間,同部位は不可／別部位は可,,別部位の場合は同日可,不要,20250309_秋田ver,スマサイ・スマートサイドドット・スマートサイドドットレーザー,シミレーザー・シミ取り・シミ取りレーザー・シミ治療
スマートサイドドットレーザー（初回）→シミ取りレーザー,スマートサイドドットレーザー（初回）,シミ取りレーザー,同部位,3週間,同部位は不可／別部位は可,,別部位の場合は同日可,不要,20250309_秋田ver,スマサイ・スマサイ初回・スマートサイドドット・スマートサイドドットレーザー,シミレーザー・シミ取り・シミ取りレーザー・シミ治療
イボレーザー（炭酸ガス／CO2レーザー）→シミ取りレーザー,イボレーザー（炭酸ガス／CO2レーザー）,シミ取りレーザー,同部位,4週間,同部位は不可／別部位は可,,別部位の場合は同日可,不要,20250309_秋田ver,CO2・CO2レーザー・炭酸ガスレーザー・イボレーザー・いぼレーザー・イボ取り,シミレーザー・シミ取り・シミ取りレーザー・シミ治療
シミ取りレーザー→シミ取りレーザー,シミ取りレーザー,シミ取りレーザー,同部位,15～20日,同部位は不可／別部位は可,,再照射の場合／別部位の場合は同日可,不要,20250309_秋田ver,シミレーザー・シミ取り・シミ取りレーザー・シミ治療,シミレーザー・シミ取り・シミ取りレーザー・シミ治療
ADM治療（ピコレーザー）→シミ取りレーザー,ADM治療（ピコレーザー）,シミ取りレーザー,不明,-（原表記）,不明,,原表は「-」ですが意味が明示されていないため、可否・間隔を断定できません,必要,20250309_秋田ver,ADM・ADMレーザー・ピコレーザー・ピコ・あざ治療・太田母斑,シミレーザー・シミ取り・シミ取りレーザー・シミ治療
ADM治療（ナノレーザー・メドライトC6）→シミ取りレーザー,ADM治療（ナノレーザー・メドライトC6）,シミ取りレーザー,不明,-（原表記）,不明,,原表は「-」ですが意味が明示されていないため、可否・間隔を断定できません,必要,20250309_秋田ver,ADM・ADMレーザー・ナノレーザー・メドライトC6・C6・あざ治療・太田母斑,シミレーザー・シミ取り・シミ取りレーザー・シミ治療
レーザートーニング→シミ取りレーザー,レーザートーニング,シミ取りレーザー,同部位,同日,可,,,不要,20250309_秋田ver,トーニング・レーザートーニング・メドライトC6・肝斑・くすみ,シミレーザー・シミ取り・シミ取りレーザー・シミ治療
ピコトーニング→シミ取りレーザー,ピコトーニング,シミ取りレーザー,同部位,2週間,同部位は不可／別部位は可,,別部位の場合は同日可,不要,20250309_秋田ver,ピコトーニング・ピコ・トーニング・肝斑・くすみ,シミレーザー・シミ取り・シミ取りレーザー・シミ治療
ピコフラクショナル（1064nm）→シミ取りレーザー,ピコフラクショナル（1064nm）,シミ取りレーザー,同部位,3週間,同部位は不可／別部位は可,,別部位の場合は同日可,不要,20250309_秋田ver,ピコフラクショナル・ピコフラク・1064・フラクショナル・毛穴・肌質改善・ニキビ跡,シミレーザー・シミ取り・シミ取りレーザー・シミ治療
そばかすシャワー（532レーザー）→シミ取りレーザー,そばかすシャワー（532レーザー）,シミ取りレーザー,同部位,4週間,同部位は不可／別部位は可,,別部位の場合は同日可,不要,20250309_秋田ver,そばかすシャワー・そばかす・532・そばかす治療,シミレーザー・シミ取り・シミ取りレーザー・シミ治療
そばかすスポット照射→シミ取りレーザー,そばかすスポット照射,シミ取りレーザー,同部位,4週間,同部位は不可／別部位は可,,別部位の場合は同日可,不要,20250309_秋田ver,そばかすスポット・そばかす・スポット照射・シミ・そばかす治療,シミレーザー・シミ取り・シミ取りレーザー・シミ治療
フォトフェイシャル（光治療）→シミ取りレーザー,フォトフェイシャル（光治療）,シミ取りレーザー,同部位,1週間,同部位は不可／別部位は可,,別部位の場合は同日可,不要,20250309_秋田ver,フォト・フォトフェイシャル・光治療・IPL・ステラM22,シミレーザー・シミ取り・シミ取りレーザー・シミ治療
赤み治療（血管腫レーザー）→シミ取りレーザー,赤み治療（血管腫レーザー）,シミ取りレーザー,同部位,治療完了後 2週間,同部位は不可／別部位は可,,別部位の場合は同日可,不要,20250309_秋田ver,赤み治療・血管腫レーザー・赤ら顔・毛細血管拡張,シミレーザー・シミ取り・シミ取りレーザー・シミ治療
ボトックス注射（通常）→シミ取りレーザー,ボトックス注射（通常）,シミ取りレーザー,同部位,2週間,同部位は不可／別部位は可,,別部位の場合は同日可,不要,20250309_秋田ver,ボトックス・ボトックス注射・ボツリヌストキシン・エラボトックス・小顔・シワ,シミレーザー・シミ取り・シミ取りレーザー・シミ治療
マイクロボトックス→シミ取りレーザー,マイクロボトックス,シミ取りレーザー,同部位,2週間,同部位は不可／別部位は可,,別部位の場合は同日可,不要,20250309_秋田ver,マイクロボトックス・ボトックス・マイクロ・毛穴・テカリ,シミレーザー・シミ取り・シミ取りレーザー・シミ治療
テノールNEO（テノールネオ）→シミ取りレーザー,テノールNEO（テノールネオ）,シミ取りレーザー,同部位,同日,可,,,不要,20250309_秋田ver,テノールネオ・テノールNEO・テノール・たるみ・引き締め,シミレーザー・シミ取り・シミ取りレーザー・シミ治療
フラルスキン（トレチノイン）→シミ取りレーザー,フラルスキン（トレチノイン）,シミ取りレーザー,同部位,1週間,同部位は不可／別部位は可,,トレチノインのみの場合／別部位の場合は同日可,不要,20250309_秋田ver,フラルスキン・トレチ・トレチノイン・ハイドロキノン,シミレーザー・シミ取り・シミ取りレーザー・シミ治療
部分シミ治療（トレチノイン）→シミ取りレーザー,部分シミ治療（トレチノイン）,シミ取りレーザー,同部位,4週間,同部位は不可／別部位は可,,別部位の場合は同日可,不要,20250309_秋田ver,部分シミ・トレチ・トレチノイン・シミ,シミレーザー・シミ取り・シミ取りレーザー・シミ治療
mikoメソッド（首いぼ治療）→シミ取りレーザー,mikoメソッド（首いぼ治療）,シミ取りレーザー,同部位,4週間,同部位は不可／別部位は可,,別部位の場合は同日可,不要,20250309_秋田ver,mikoメソッド・miko・ミコメソッド・首イボ・首いぼ・イボ,シミレーザー・シミ取り・シミ取りレーザー・シミ治療
ほくろ切除・ほくろ除去→シミ取りレーザー,ほくろ切除・ほくろ除去,シミ取りレーザー,同部位,上皮化後 4週間,同部位は不可／別部位は可,,別部位の場合は同日可,不要,20250309_秋田ver,ほくろ切除・ほくろ除去・ほくろ・ほくろ取り,シミレーザー・シミ取り・シミ取りレーザー・シミ治療
ボライト（スキンブースター）→シミ取りレーザー,ボライト（スキンブースター）,シミ取りレーザー,同部位,4週間,同部位は不可／別部位は可,,別部位の場合は同日可,不要,20250309_秋田ver,ボライト・スキンブースター・ヒアルロン酸・ジュビダーム,シミレーザー・シミ取り・シミ取りレーザー・シミ治療
稗粒腫（はいりゅうしゅ）除去→シミ取りレーザー,稗粒腫（はいりゅうしゅ）除去,シミ取りレーザー,同部位,1週間,同部位は不可／別部位は可,,別部位の場合は同日可,不要,20250309_秋田ver,稗粒腫・はいりゅうしゅ・ぶつぶつ・ブツブツ,シミレーザー・シミ取り・シミ取りレーザー・シミ治療
ヴェルヴェットスキン→シミ取りレーザー,ヴェルヴェットスキン,シミ取りレーザー,同部位,4週間,同部位は不可／別部位は可,,別部位の場合は同日可,不要,20250309_秋田ver,ヴェルヴェットスキン・ヴェルヴェット・ベルベットスキン・ダーマペン・コラーゲンピール,シミレーザー・シミ取り・シミ取りレーザー・シミ治療
ダーマペン4→シミ取りレーザー,ダーマペン4,シミ取りレーザー,同部位,4週間,同部位は不可／別部位は可,,別部位の場合は同日可,不要,20250309_秋田ver,ダーマペン・ダーマペン4・毛穴・ニキビ跡,シミレーザー・シミ取り・シミ取りレーザー・シミ治療
HARG療法→シミ取りレーザー,HARG療法,シミ取りレーザー,別部位,翌日,不可,,括弧内の期間は別部位の場合。同部位の間隔はこのセルに明示されていません,必要,20250309_秋田ver,HARG・HARG療法・ハーグ・ハーグ療法・発毛・育毛・薄毛,シミレーザー・シミ取り・シミ取りレーザー・シミ治療
スカルプ・プラセンタエッセンス→シミ取りレーザー,スカルプ・プラセンタエッセンス,シミ取りレーザー,別部位,翌日,不可,,括弧内の期間は別部位の場合。同部位の間隔はこのセルに明示されていません,必要,20250309_秋田ver,スカルプ・プラセンタ・プラセンタエッセンス・頭皮ケア・薄毛,シミレーザー・シミ取り・シミ取りレーザー・シミ治療
コラーゲンピール（マッサージピール）→シミ取りレーザー,コラーゲンピール（マッサージピール）,シミ取りレーザー,同部位,2週間,同部位は不可／別部位は可,,別部位の場合は同日可,不要,20250309_秋田ver,コラーゲンピール・マッサージピール・PRX・ハリ,シミレーザー・シミ取り・シミ取りレーザー・シミ治療
サーマクール→シミ取りレーザー,サーマクール,シミ取りレーザー,同部位,1週間,同部位は不可／別部位は可,,別部位の場合は同日可,不要,20250309_秋田ver,サーマクール・サーマ・たるみ・引き締め・リフトアップ,シミレーザー・シミ取り・シミ取りレーザー・シミ治療
ミラドライ→シミ取りレーザー,ミラドライ,シミ取りレーザー,不明,-（原表記）,不明,,原表は「-」ですが意味が明示されていないため、可否・間隔を断定できません,必要,20250309_秋田ver,ミラドライ・ワキガ・腋臭・多汗症・わき汗,シミレーザー・シミ取り・シミ取りレーザー・シミ治療
医療レーザー脱毛→シミ取りレーザー,医療レーザー脱毛,シミ取りレーザー,同部位,2週間,同部位は不可／別部位は可,,別部位の場合は同日可,不要,20250309_秋田ver,脱毛・医療脱毛・レーザー脱毛・全身脱毛・顔脱毛・VIO脱毛・ひげ脱毛・メンズ脱毛,シミレーザー・シミ取り・シミ取りレーザー・シミ治療
タトゥー除去（刺青除去）→シミ取りレーザー,タトゥー除去（刺青除去）,シミ取りレーザー,同部位,3か月,同部位は不可／別部位は可,,別部位の場合は同日可,不要,20250309_秋田ver,タトゥー・タトゥー除去・刺青・いれずみ・入れ墨,シミレーザー・シミ取り・シミ取りレーザー・シミ治療
アートメイク→シミ取りレーザー,アートメイク,シミ取りレーザー,同部位,2週間,同部位は不可／別部位は可,,別部位の場合は同日可,不要,20250309_秋田ver,アートメイク・眉アートメイク・リップアートメイク・タトゥーメイク,シミレーザー・シミ取り・シミ取りレーザー・シミ治療
ハイドラジェントル→ADM治療（ピコレーザー）,ハイドラジェントル,ADM治療（ピコレーザー）,同部位,同日,可,,,不要,20250309_秋田ver,ハイドラ・ハイドラフェイシャル・ハイドラクレンジング・毛穴洗浄,ADM・ADMレーザー・ピコレーザー・ピコ・あざ治療・太田母斑
ケミカルピーリング→ADM治療（ピコレーザー）,ケミカルピーリング,ADM治療（ピコレーザー）,同部位,2週間,同部位は不可／別部位は可,,別部位の場合は同日可,不要,20250309_秋田ver,ピーリング・ケミカルピーリング・サリチル酸ピーリング,ADM・ADMレーザー・ピコレーザー・ピコ・あざ治療・太田母斑
スマートサイドドットレーザー（2回目以降）→ADM治療（ピコレーザー）,スマートサイドドットレーザー（2回目以降）,ADM治療（ピコレーザー）,同部位,4週間,同部位は不可／別部位は可,,別部位の場合は同日可,不要,20250309_秋田ver,スマサイ・スマートサイドドット・スマートサイドドットレーザー,ADM・ADMレーザー・ピコレーザー・ピコ・あざ治療・太田母斑
スマートサイドドットレーザー（初回）→ADM治療（ピコレーザー）,スマートサイドドットレーザー（初回）,ADM治療（ピコレーザー）,同部位,3週間,同部位は不可／別部位は可,,別部位の場合は同日可,不要,20250309_秋田ver,スマサイ・スマサイ初回・スマートサイドドット・スマートサイドドットレーザー,ADM・ADMレーザー・ピコレーザー・ピコ・あざ治療・太田母斑
イボレーザー（炭酸ガス／CO2レーザー）→ADM治療（ピコレーザー）,イボレーザー（炭酸ガス／CO2レーザー）,ADM治療（ピコレーザー）,同部位,4週間,同部位は不可／別部位は可,,別部位の場合は同日可,不要,20250309_秋田ver,CO2・CO2レーザー・炭酸ガスレーザー・イボレーザー・いぼレーザー・イボ取り,ADM・ADMレーザー・ピコレーザー・ピコ・あざ治療・太田母斑
シミ取りレーザー→ADM治療（ピコレーザー）,シミ取りレーザー,ADM治療（ピコレーザー）,同部位,12週間,同部位は不可／別部位は可,,別部位の場合は同日可,不要,20250309_秋田ver,シミレーザー・シミ取り・シミ取りレーザー・シミ治療,ADM・ADMレーザー・ピコレーザー・ピコ・あざ治療・太田母斑
ADM治療（ピコレーザー）→ADM治療（ピコレーザー）,ADM治療（ピコレーザー）,ADM治療（ピコレーザー）,同部位,自費：3か月 保険：3か月,同部位は不可／別部位は可,,別部位の場合は同日可,不要,20250309_秋田ver,ADM・ADMレーザー・ピコレーザー・ピコ・あざ治療・太田母斑,ADM・ADMレーザー・ピコレーザー・ピコ・あざ治療・太田母斑
ADM治療（ナノレーザー・メドライトC6）→ADM治療（ピコレーザー）,ADM治療（ナノレーザー・メドライトC6）,ADM治療（ピコレーザー）,同部位,自費：1か月 保険：3か月,同部位は不可／別部位は可,,別部位の場合は同日可,不要,20250309_秋田ver,ADM・ADMレーザー・ナノレーザー・メドライトC6・C6・あざ治療・太田母斑,ADM・ADMレーザー・ピコレーザー・ピコ・あざ治療・太田母斑
レーザートーニング→ADM治療（ピコレーザー）,レーザートーニング,ADM治療（ピコレーザー）,同部位,同日,可,,,不要,20250309_秋田ver,トーニング・レーザートーニング・メドライトC6・肝斑・くすみ,ADM・ADMレーザー・ピコレーザー・ピコ・あざ治療・太田母斑
ピコトーニング→ADM治療（ピコレーザー）,ピコトーニング,ADM治療（ピコレーザー）,同部位,2週間,同部位は不可／別部位は可,,別部位の場合は同日可,不要,20250309_秋田ver,ピコトーニング・ピコ・トーニング・肝斑・くすみ,ADM・ADMレーザー・ピコレーザー・ピコ・あざ治療・太田母斑
ピコフラクショナル（1064nm）→ADM治療（ピコレーザー）,ピコフラクショナル（1064nm）,ADM治療（ピコレーザー）,同部位,3週間,同部位は不可／別部位は可,,別部位の場合は同日可,不要,20250309_秋田ver,ピコフラクショナル・ピコフラク・1064・フラクショナル・毛穴・肌質改善・ニキビ跡,ADM・ADMレーザー・ピコレーザー・ピコ・あざ治療・太田母斑
そばかすシャワー（532レーザー）→ADM治療（ピコレーザー）,そばかすシャワー（532レーザー）,ADM治療（ピコレーザー）,同部位,8週間,同部位は不可／別部位は可,,別部位の場合は同日可,不要,20250309_秋田ver,そばかすシャワー・そばかす・532・そばかす治療,ADM・ADMレーザー・ピコレーザー・ピコ・あざ治療・太田母斑
そばかすスポット照射→ADM治療（ピコレーザー）,そばかすスポット照射,ADM治療（ピコレーザー）,同部位,8週間,同部位は不可／別部位は可,,別部位の場合は同日可,不要,20250309_秋田ver,そばかすスポット・そばかす・スポット照射・シミ・そばかす治療,ADM・ADMレーザー・ピコレーザー・ピコ・あざ治療・太田母斑
フォトフェイシャル（光治療）→ADM治療（ピコレーザー）,フォトフェイシャル（光治療）,ADM治療（ピコレーザー）,同部位,1週間,同部位は不可／別部位は可,,別部位の場合は同日可,不要,20250309_秋田ver,フォト・フォトフェイシャル・光治療・IPL・ステラM22,ADM・ADMレーザー・ピコレーザー・ピコ・あざ治療・太田母斑
赤み治療（血管腫レーザー）→ADM治療（ピコレーザー）,赤み治療（血管腫レーザー）,ADM治療（ピコレーザー）,同部位,治療完了後 2週間,同部位は不可／別部位は可,,別部位の場合は同日可,不要,20250309_秋田ver,赤み治療・血管腫レーザー・赤ら顔・毛細血管拡張,ADM・ADMレーザー・ピコレーザー・ピコ・あざ治療・太田母斑
ボトックス注射（通常）→ADM治療（ピコレーザー）,ボトックス注射（通常）,ADM治療（ピコレーザー）,同部位,2週間,同部位は不可／別部位は可,,別部位の場合は同日可,不要,20250309_秋田ver,ボトックス・ボトックス注射・ボツリヌストキシン・エラボトックス・小顔・シワ,ADM・ADMレーザー・ピコレーザー・ピコ・あざ治療・太田母斑
マイクロボトックス→ADM治療（ピコレーザー）,マイクロボトックス,ADM治療（ピコレーザー）,同部位,2週間,同部位は不可／別部位は可,,別部位の場合は同日可,不要,20250309_秋田ver,マイクロボトックス・ボトックス・マイクロ・毛穴・テカリ,ADM・ADMレーザー・ピコレーザー・ピコ・あざ治療・太田母斑
テノールNEO（テノールネオ）→ADM治療（ピコレーザー）,テノールNEO（テノールネオ）,ADM治療（ピコレーザー）,同部位,同日,可,,,不要,20250309_秋田ver,テノールネオ・テノールNEO・テノール・たるみ・引き締め,ADM・ADMレーザー・ピコレーザー・ピコ・あざ治療・太田母斑
フラルスキン（トレチノイン）→ADM治療（ピコレーザー）,フラルスキン（トレチノイン）,ADM治療（ピコレーザー）,同部位,1週間,同部位は不可／別部位は可,,トレチノインのみの場合／別部位の場合は同日可,不要,20250309_秋田ver,フラルスキン・トレチ・トレチノイン・ハイドロキノン,ADM・ADMレーザー・ピコレーザー・ピコ・あざ治療・太田母斑
部分シミ治療（トレチノイン）→ADM治療（ピコレーザー）,部分シミ治療（トレチノイン）,ADM治療（ピコレーザー）,同部位,4週間,同部位は不可／別部位は可,,別部位の場合は同日可,不要,20250309_秋田ver,部分シミ・トレチ・トレチノイン・シミ,ADM・ADMレーザー・ピコレーザー・ピコ・あざ治療・太田母斑
mikoメソッド（首いぼ治療）→ADM治療（ピコレーザー）,mikoメソッド（首いぼ治療）,ADM治療（ピコレーザー）,同部位,4週間,同部位は不可／別部位は可,,別部位の場合は同日可,不要,20250309_秋田ver,mikoメソッド・miko・ミコメソッド・首イボ・首いぼ・イボ,ADM・ADMレーザー・ピコレーザー・ピコ・あざ治療・太田母斑
ほくろ切除・ほくろ除去→ADM治療（ピコレーザー）,ほくろ切除・ほくろ除去,ADM治療（ピコレーザー）,同部位,上皮化後 4週間,同部位は不可／別部位は可,,別部位の場合は同日可,不要,20250309_秋田ver,ほくろ切除・ほくろ除去・ほくろ・ほくろ取り,ADM・ADMレーザー・ピコレーザー・ピコ・あざ治療・太田母斑
ボライト（スキンブースター）→ADM治療（ピコレーザー）,ボライト（スキンブースター）,ADM治療（ピコレーザー）,同部位,4週間,同部位は不可／別部位は可,,別部位の場合は同日可,不要,20250309_秋田ver,ボライト・スキンブースター・ヒアルロン酸・ジュビダーム,ADM・ADMレーザー・ピコレーザー・ピコ・あざ治療・太田母斑
稗粒腫（はいりゅうしゅ）除去→ADM治療（ピコレーザー）,稗粒腫（はいりゅうしゅ）除去,ADM治療（ピコレーザー）,同部位,1週間,同部位は不可／別部位は可,,別部位の場合は同日可,不要,20250309_秋田ver,稗粒腫・はいりゅうしゅ・ぶつぶつ・ブツブツ,ADM・ADMレーザー・ピコレーザー・ピコ・あざ治療・太田母斑
ヴェルヴェットスキン→ADM治療（ピコレーザー）,ヴェルヴェットスキン,ADM治療（ピコレーザー）,同部位,4週間,同部位は不可／別部位は可,,別部位の場合は同日可,不要,20250309_秋田ver,ヴェルヴェットスキン・ヴェルヴェット・ベルベットスキン・ダーマペン・コラーゲンピール,ADM・ADMレーザー・ピコレーザー・ピコ・あざ治療・太田母斑
ダーマペン4→ADM治療（ピコレーザー）,ダーマペン4,ADM治療（ピコレーザー）,同部位,4週間,同部位は不可／別部位は可,,別部位の場合は同日可,不要,20250309_秋田ver,ダーマペン・ダーマペン4・毛穴・ニキビ跡,ADM・ADMレーザー・ピコレーザー・ピコ・あざ治療・太田母斑
HARG療法→ADM治療（ピコレーザー）,HARG療法,ADM治療（ピコレーザー）,別部位,翌日,不可,,括弧内の期間は別部位の場合。同部位の間隔はこのセルに明示されていません,必要,20250309_秋田ver,HARG・HARG療法・ハーグ・ハーグ療法・発毛・育毛・薄毛,ADM・ADMレーザー・ピコレーザー・ピコ・あざ治療・太田母斑
スカルプ・プラセンタエッセンス→ADM治療（ピコレーザー）,スカルプ・プラセンタエッセンス,ADM治療（ピコレーザー）,別部位,翌日,不可,,括弧内の期間は別部位の場合。同部位の間隔はこのセルに明示されていません,必要,20250309_秋田ver,スカルプ・プラセンタ・プラセンタエッセンス・頭皮ケア・薄毛,ADM・ADMレーザー・ピコレーザー・ピコ・あざ治療・太田母斑
コラーゲンピール（マッサージピール）→ADM治療（ピコレーザー）,コラーゲンピール（マッサージピール）,ADM治療（ピコレーザー）,同部位,2週間,同部位は不可／別部位は可,,別部位の場合は同日可,不要,20250309_秋田ver,コラーゲンピール・マッサージピール・PRX・ハリ,ADM・ADMレーザー・ピコレーザー・ピコ・あざ治療・太田母斑
サーマクール→ADM治療（ピコレーザー）,サーマクール,ADM治療（ピコレーザー）,同部位,1週間,同部位は不可／別部位は可,,別部位の場合は同日可,不要,20250309_秋田ver,サーマクール・サーマ・たるみ・引き締め・リフトアップ,ADM・ADMレーザー・ピコレーザー・ピコ・あざ治療・太田母斑
ミラドライ→ADM治療（ピコレーザー）,ミラドライ,ADM治療（ピコレーザー）,不明,-（原表記）,不明,,原表は「-」ですが意味が明示されていないため、可否・間隔を断定できません,必要,20250309_秋田ver,ミラドライ・ワキガ・腋臭・多汗症・わき汗,ADM・ADMレーザー・ピコレーザー・ピコ・あざ治療・太田母斑
医療レーザー脱毛→ADM治療（ピコレーザー）,医療レーザー脱毛,ADM治療（ピコレーザー）,同部位,2週間,同部位は不可／別部位は可,,別部位の場合は同日可,不要,20250309_秋田ver,脱毛・医療脱毛・レーザー脱毛・全身脱毛・顔脱毛・VIO脱毛・ひげ脱毛・メンズ脱毛,ADM・ADMレーザー・ピコレーザー・ピコ・あざ治療・太田母斑
タトゥー除去（刺青除去）→ADM治療（ピコレーザー）,タトゥー除去（刺青除去）,ADM治療（ピコレーザー）,同部位,3か月,同部位は不可／別部位は可,,別部位の場合は同日可,不要,20250309_秋田ver,タトゥー・タトゥー除去・刺青・いれずみ・入れ墨,ADM・ADMレーザー・ピコレーザー・ピコ・あざ治療・太田母斑
アートメイク→ADM治療（ピコレーザー）,アートメイク,ADM治療（ピコレーザー）,同部位,2週間,同部位は不可／別部位は可,,別部位の場合は同日可,不要,20250309_秋田ver,アートメイク・眉アートメイク・リップアートメイク・タトゥーメイク,ADM・ADMレーザー・ピコレーザー・ピコ・あざ治療・太田母斑
ハイドラジェントル→ADM治療（ナノレーザー・メドライトC6）,ハイドラジェントル,ADM治療（ナノレーザー・メドライトC6）,同部位,同日,可,,,不要,20250309_秋田ver,ハイドラ・ハイドラフェイシャル・ハイドラクレンジング・毛穴洗浄,ADM・ADMレーザー・ナノレーザー・メドライトC6・C6・あざ治療・太田母斑
ケミカルピーリング→ADM治療（ナノレーザー・メドライトC6）,ケミカルピーリング,ADM治療（ナノレーザー・メドライトC6）,同部位,2週間,同部位は不可／別部位は可,,別部位の場合は同日可,不要,20250309_秋田ver,ピーリング・ケミカルピーリング・サリチル酸ピーリング,ADM・ADMレーザー・ナノレーザー・メドライトC6・C6・あざ治療・太田母斑
スマートサイドドットレーザー（2回目以降）→ADM治療（ナノレーザー・メドライトC6）,スマートサイドドットレーザー（2回目以降）,ADM治療（ナノレーザー・メドライトC6）,同部位,4週間,同部位は不可／別部位は可,,別部位の場合は同日可,不要,20250309_秋田ver,スマサイ・スマートサイドドット・スマートサイドドットレーザー,ADM・ADMレーザー・ナノレーザー・メドライトC6・C6・あざ治療・太田母斑
スマートサイドドットレーザー（初回）→ADM治療（ナノレーザー・メドライトC6）,スマートサイドドットレーザー（初回）,ADM治療（ナノレーザー・メドライトC6）,同部位,3週間,同部位は不可／別部位は可,,別部位の場合は同日可,不要,20250309_秋田ver,スマサイ・スマサイ初回・スマートサイドドット・スマートサイドドットレーザー,ADM・ADMレーザー・ナノレーザー・メドライトC6・C6・あざ治療・太田母斑
イボレーザー（炭酸ガス／CO2レーザー）→ADM治療（ナノレーザー・メドライトC6）,イボレーザー（炭酸ガス／CO2レーザー）,ADM治療（ナノレーザー・メドライトC6）,同部位,4週間,同部位は不可／別部位は可,,別部位の場合は同日可,不要,20250309_秋田ver,CO2・CO2レーザー・炭酸ガスレーザー・イボレーザー・いぼレーザー・イボ取り,ADM・ADMレーザー・ナノレーザー・メドライトC6・C6・あざ治療・太田母斑
シミ取りレーザー→ADM治療（ナノレーザー・メドライトC6）,シミ取りレーザー,ADM治療（ナノレーザー・メドライトC6）,不明,-（原表記）,不明,,原表は「-」ですが意味が明示されていないため、可否・間隔を断定できません,必要,20250309_秋田ver,シミレーザー・シミ取り・シミ取りレーザー・シミ治療,ADM・ADMレーザー・ナノレーザー・メドライトC6・C6・あざ治療・太田母斑
ADM治療（ピコレーザー）→ADM治療（ナノレーザー・メドライトC6）,ADM治療（ピコレーザー）,ADM治療（ナノレーザー・メドライトC6）,不明,-（原表記）,不明,,原表は「-」ですが意味が明示されていないため、可否・間隔を断定できません,必要,20250309_秋田ver,ADM・ADMレーザー・ピコレーザー・ピコ・あざ治療・太田母斑,ADM・ADMレーザー・ナノレーザー・メドライトC6・C6・あざ治療・太田母斑
ADM治療（ナノレーザー・メドライトC6）→ADM治療（ナノレーザー・メドライトC6）,ADM治療（ナノレーザー・メドライトC6）,ADM治療（ナノレーザー・メドライトC6）,同部位,自費：1か月 保険：3か月,同部位は不可／別部位は可,,別部位の場合は同日可,不要,20250309_秋田ver,ADM・ADMレーザー・ナノレーザー・メドライトC6・C6・あざ治療・太田母斑,ADM・ADMレーザー・ナノレーザー・メドライトC6・C6・あざ治療・太田母斑
レーザートーニング→ADM治療（ナノレーザー・メドライトC6）,レーザートーニング,ADM治療（ナノレーザー・メドライトC6）,同部位,同日,可,,,不要,20250309_秋田ver,トーニング・レーザートーニング・メドライトC6・肝斑・くすみ,ADM・ADMレーザー・ナノレーザー・メドライトC6・C6・あざ治療・太田母斑
ピコトーニング→ADM治療（ナノレーザー・メドライトC6）,ピコトーニング,ADM治療（ナノレーザー・メドライトC6）,同部位,2週間,同部位は不可／別部位は可,,別部位の場合は同日可,不要,20250309_秋田ver,ピコトーニング・ピコ・トーニング・肝斑・くすみ,ADM・ADMレーザー・ナノレーザー・メドライトC6・C6・あざ治療・太田母斑
ピコフラクショナル（1064nm）→ADM治療（ナノレーザー・メドライトC6）,ピコフラクショナル（1064nm）,ADM治療（ナノレーザー・メドライトC6）,同部位,3週間,同部位は不可／別部位は可,,別部位の場合は同日可,不要,20250309_秋田ver,ピコフラクショナル・ピコフラク・1064・フラクショナル・毛穴・肌質改善・ニキビ跡,ADM・ADMレーザー・ナノレーザー・メドライトC6・C6・あざ治療・太田母斑
そばかすシャワー（532レーザー）→ADM治療（ナノレーザー・メドライトC6）,そばかすシャワー（532レーザー）,ADM治療（ナノレーザー・メドライトC6）,同部位,8週間,同部位は不可／別部位は可,,別部位の場合は同日可,不要,20250309_秋田ver,そばかすシャワー・そばかす・532・そばかす治療,ADM・ADMレーザー・ナノレーザー・メドライトC6・C6・あざ治療・太田母斑
そばかすスポット照射→ADM治療（ナノレーザー・メドライトC6）,そばかすスポット照射,ADM治療（ナノレーザー・メドライトC6）,同部位,8週間,同部位は不可／別部位は可,,別部位の場合は同日可,不要,20250309_秋田ver,そばかすスポット・そばかす・スポット照射・シミ・そばかす治療,ADM・ADMレーザー・ナノレーザー・メドライトC6・C6・あざ治療・太田母斑
フォトフェイシャル（光治療）→ADM治療（ナノレーザー・メドライトC6）,フォトフェイシャル（光治療）,ADM治療（ナノレーザー・メドライトC6）,同部位,1週間,同部位は不可／別部位は可,,別部位の場合は同日可,不要,20250309_秋田ver,フォト・フォトフェイシャル・光治療・IPL・ステラM22,ADM・ADMレーザー・ナノレーザー・メドライトC6・C6・あざ治療・太田母斑
赤み治療（血管腫レーザー）→ADM治療（ナノレーザー・メドライトC6）,赤み治療（血管腫レーザー）,ADM治療（ナノレーザー・メドライトC6）,同部位,治療完了後 2週間,同部位は不可／別部位は可,,別部位の場合は同日可,不要,20250309_秋田ver,赤み治療・血管腫レーザー・赤ら顔・毛細血管拡張,ADM・ADMレーザー・ナノレーザー・メドライトC6・C6・あざ治療・太田母斑
ボトックス注射（通常）→ADM治療（ナノレーザー・メドライトC6）,ボトックス注射（通常）,ADM治療（ナノレーザー・メドライトC6）,同部位,2週間,同部位は不可／別部位は可,,別部位の場合は同日可,不要,20250309_秋田ver,ボトックス・ボトックス注射・ボツリヌストキシン・エラボトックス・小顔・シワ,ADM・ADMレーザー・ナノレーザー・メドライトC6・C6・あざ治療・太田母斑
マイクロボトックス→ADM治療（ナノレーザー・メドライトC6）,マイクロボトックス,ADM治療（ナノレーザー・メドライトC6）,同部位,2週間,同部位は不可／別部位は可,,別部位の場合は同日可,不要,20250309_秋田ver,マイクロボトックス・ボトックス・マイクロ・毛穴・テカリ,ADM・ADMレーザー・ナノレーザー・メドライトC6・C6・あざ治療・太田母斑
テノールNEO（テノールネオ）→ADM治療（ナノレーザー・メドライトC6）,テノールNEO（テノールネオ）,ADM治療（ナノレーザー・メドライトC6）,同部位,同日,可,,,不要,20250309_秋田ver,テノールネオ・テノールNEO・テノール・たるみ・引き締め,ADM・ADMレーザー・ナノレーザー・メドライトC6・C6・あざ治療・太田母斑
フラルスキン（トレチノイン）→ADM治療（ナノレーザー・メドライトC6）,フラルスキン（トレチノイン）,ADM治療（ナノレーザー・メドライトC6）,同部位,1週間,同部位は不可／別部位は可,,トレチノインのみの場合／別部位の場合は同日可,不要,20250309_秋田ver,フラルスキン・トレチ・トレチノイン・ハイドロキノン,ADM・ADMレーザー・ナノレーザー・メドライトC6・C6・あざ治療・太田母斑
部分シミ治療（トレチノイン）→ADM治療（ナノレーザー・メドライトC6）,部分シミ治療（トレチノイン）,ADM治療（ナノレーザー・メドライトC6）,同部位,4週間,同部位は不可／別部位は可,,別部位の場合は同日可,不要,20250309_秋田ver,部分シミ・トレチ・トレチノイン・シミ,ADM・ADMレーザー・ナノレーザー・メドライトC6・C6・あざ治療・太田母斑
mikoメソッド（首いぼ治療）→ADM治療（ナノレーザー・メドライトC6）,mikoメソッド（首いぼ治療）,ADM治療（ナノレーザー・メドライトC6）,同部位,4週間,同部位は不可／別部位は可,,別部位の場合は同日可,不要,20250309_秋田ver,mikoメソッド・miko・ミコメソッド・首イボ・首いぼ・イボ,ADM・ADMレーザー・ナノレーザー・メドライトC6・C6・あざ治療・太田母斑
ほくろ切除・ほくろ除去→ADM治療（ナノレーザー・メドライトC6）,ほくろ切除・ほくろ除去,ADM治療（ナノレーザー・メドライトC6）,同部位,上皮化後 4週間,同部位は不可／別部位は可,,別部位の場合は同日可,不要,20250309_秋田ver,ほくろ切除・ほくろ除去・ほくろ・ほくろ取り,ADM・ADMレーザー・ナノレーザー・メドライトC6・C6・あざ治療・太田母斑
ボライト（スキンブースター）→ADM治療（ナノレーザー・メドライトC6）,ボライト（スキンブースター）,ADM治療（ナノレーザー・メドライトC6）,同部位,4週間,同部位は不可／別部位は可,,別部位の場合は同日可,不要,20250309_秋田ver,ボライト・スキンブースター・ヒアルロン酸・ジュビダーム,ADM・ADMレーザー・ナノレーザー・メドライトC6・C6・あざ治療・太田母斑
稗粒腫（はいりゅうしゅ）除去→ADM治療（ナノレーザー・メドライトC6）,稗粒腫（はいりゅうしゅ）除去,ADM治療（ナノレーザー・メドライトC6）,同部位,1週間,同部位は不可／別部位は可,,別部位の場合は同日可,不要,20250309_秋田ver,稗粒腫・はいりゅうしゅ・ぶつぶつ・ブツブツ,ADM・ADMレーザー・ナノレーザー・メドライトC6・C6・あざ治療・太田母斑
ヴェルヴェットスキン→ADM治療（ナノレーザー・メドライトC6）,ヴェルヴェットスキン,ADM治療（ナノレーザー・メドライトC6）,同部位,4週間,同部位は不可／別部位は可,,別部位の場合は同日可,不要,20250309_秋田ver,ヴェルヴェットスキン・ヴェルヴェット・ベルベットスキン・ダーマペン・コラーゲンピール,ADM・ADMレーザー・ナノレーザー・メドライトC6・C6・あざ治療・太田母斑
ダーマペン4→ADM治療（ナノレーザー・メドライトC6）,ダーマペン4,ADM治療（ナノレーザー・メドライトC6）,同部位,4週間,同部位は不可／別部位は可,,別部位の場合は同日可,不要,20250309_秋田ver,ダーマペン・ダーマペン4・毛穴・ニキビ跡,ADM・ADMレーザー・ナノレーザー・メドライトC6・C6・あざ治療・太田母斑
HARG療法→ADM治療（ナノレーザー・メドライトC6）,HARG療法,ADM治療（ナノレーザー・メドライトC6）,別部位,翌日,不可,,括弧内の期間は別部位の場合。同部位の間隔はこのセルに明示されていません,必要,20250309_秋田ver,HARG・HARG療法・ハーグ・ハーグ療法・発毛・育毛・薄毛,ADM・ADMレーザー・ナノレーザー・メドライトC6・C6・あざ治療・太田母斑
スカルプ・プラセンタエッセンス→ADM治療（ナノレーザー・メドライトC6）,スカルプ・プラセンタエッセンス,ADM治療（ナノレーザー・メドライトC6）,別部位,翌日,不可,,括弧内の期間は別部位の場合。同部位の間隔はこのセルに明示されていません,必要,20250309_秋田ver,スカルプ・プラセンタ・プラセンタエッセンス・頭皮ケア・薄毛,ADM・ADMレーザー・ナノレーザー・メドライトC6・C6・あざ治療・太田母斑
コラーゲンピール（マッサージピール）→ADM治療（ナノレーザー・メドライトC6）,コラーゲンピール（マッサージピール）,ADM治療（ナノレーザー・メドライトC6）,同部位,2週間,同部位は不可／別部位は可,,別部位の場合は同日可,不要,20250309_秋田ver,コラーゲンピール・マッサージピール・PRX・ハリ,ADM・ADMレーザー・ナノレーザー・メドライトC6・C6・あざ治療・太田母斑
サーマクール→ADM治療（ナノレーザー・メドライトC6）,サーマクール,ADM治療（ナノレーザー・メドライトC6）,同部位,1週間,同部位は不可／別部位は可,,別部位の場合は同日可,不要,20250309_秋田ver,サーマクール・サーマ・たるみ・引き締め・リフトアップ,ADM・ADMレーザー・ナノレーザー・メドライトC6・C6・あざ治療・太田母斑
ミラドライ→ADM治療（ナノレーザー・メドライトC6）,ミラドライ,ADM治療（ナノレーザー・メドライトC6）,不明,-（原表記）,不明,,原表は「-」ですが意味が明示されていないため、可否・間隔を断定できません,必要,20250309_秋田ver,ミラドライ・ワキガ・腋臭・多汗症・わき汗,ADM・ADMレーザー・ナノレーザー・メドライトC6・C6・あざ治療・太田母斑
医療レーザー脱毛→ADM治療（ナノレーザー・メドライトC6）,医療レーザー脱毛,ADM治療（ナノレーザー・メドライトC6）,同部位,2週間,同部位は不可／別部位は可,,別部位の場合は同日可,不要,20250309_秋田ver,脱毛・医療脱毛・レーザー脱毛・全身脱毛・顔脱毛・VIO脱毛・ひげ脱毛・メンズ脱毛,ADM・ADMレーザー・ナノレーザー・メドライトC6・C6・あざ治療・太田母斑
タトゥー除去（刺青除去）→ADM治療（ナノレーザー・メドライトC6）,タトゥー除去（刺青除去）,ADM治療（ナノレーザー・メドライトC6）,同部位,3か月,同部位は不可／別部位は可,,別部位の場合は同日可,不要,20250309_秋田ver,タトゥー・タトゥー除去・刺青・いれずみ・入れ墨,ADM・ADMレーザー・ナノレーザー・メドライトC6・C6・あざ治療・太田母斑
アートメイク→ADM治療（ナノレーザー・メドライトC6）,アートメイク,ADM治療（ナノレーザー・メドライトC6）,同部位,2週間,同部位は不可／別部位は可,,別部位の場合は同日可,不要,20250309_秋田ver,アートメイク・眉アートメイク・リップアートメイク・タトゥーメイク,ADM・ADMレーザー・ナノレーザー・メドライトC6・C6・あざ治療・太田母斑
ハイドラジェントル→レーザートーニング,ハイドラジェントル,レーザートーニング,面の治療との併用,初回：同日不可／2回目以降：同日可,条件付き,ハイドラを先に実施,初回は同日不可。問題がなかった場合は2回目以降で同日可,不要,20250309_秋田ver,ハイドラ・ハイドラフェイシャル・ハイドラクレンジング・毛穴洗浄,トーニング・レーザートーニング・メドライトC6・肝斑・くすみ
ケミカルピーリング→レーザートーニング,ケミカルピーリング,レーザートーニング,同部位,2週間,同部位は不可／別部位は可,,別部位の場合は同日可,不要,20250309_秋田ver,ピーリング・ケミカルピーリング・サリチル酸ピーリング,トーニング・レーザートーニング・メドライトC6・肝斑・くすみ
スマートサイドドットレーザー（2回目以降）→レーザートーニング,スマートサイドドットレーザー（2回目以降）,レーザートーニング,同部位,4週間,同部位は不可／別部位は可,,別部位の場合は同日可,不要,20250309_秋田ver,スマサイ・スマートサイドドット・スマートサイドドットレーザー,トーニング・レーザートーニング・メドライトC6・肝斑・くすみ
スマートサイドドットレーザー（初回）→レーザートーニング,スマートサイドドットレーザー（初回）,レーザートーニング,同部位,3週間,同部位は不可／別部位は可,,別部位の場合は同日可,不要,20250309_秋田ver,スマサイ・スマサイ初回・スマートサイドドット・スマートサイドドットレーザー,トーニング・レーザートーニング・メドライトC6・肝斑・くすみ
イボレーザー（炭酸ガス／CO2レーザー）→レーザートーニング,イボレーザー（炭酸ガス／CO2レーザー）,レーザートーニング,同部位,4週間,同部位は不可／別部位は可,,別部位の場合は同日可,不要,20250309_秋田ver,CO2・CO2レーザー・炭酸ガスレーザー・イボレーザー・いぼレーザー・イボ取り,トーニング・レーザートーニング・メドライトC6・肝斑・くすみ
シミ取りレーザー→レーザートーニング,シミ取りレーザー,レーザートーニング,同部位,4週間,同部位は不可／別部位は可,,別部位の場合は同日可,不要,20250309_秋田ver,シミレーザー・シミ取り・シミ取りレーザー・シミ治療,トーニング・レーザートーニング・メドライトC6・肝斑・くすみ
ADM治療（ピコレーザー）→レーザートーニング,ADM治療（ピコレーザー）,レーザートーニング,同部位,治療完了後 4週間,同部位は不可／別部位は可,,別部位の場合は同日可,不要,20250309_秋田ver,ADM・ADMレーザー・ピコレーザー・ピコ・あざ治療・太田母斑,トーニング・レーザートーニング・メドライトC6・肝斑・くすみ
ADM治療（ナノレーザー・メドライトC6）→レーザートーニング,ADM治療（ナノレーザー・メドライトC6）,レーザートーニング,同部位,治療完了後 4週間,同部位は不可／別部位は可,,別部位の場合は同日可,不要,20250309_秋田ver,ADM・ADMレーザー・ナノレーザー・メドライトC6・C6・あざ治療・太田母斑,トーニング・レーザートーニング・メドライトC6・肝斑・くすみ
レーザートーニング→レーザートーニング,レーザートーニング,レーザートーニング,同部位,1～4週間,同部位は不可／別部位は可,,トーニングは1～5回目は週1回、6回目以降は月1回を推奨／別部位の場合は同日可,不要,20250309_秋田ver,トーニング・レーザートーニング・メドライトC6・肝斑・くすみ,トーニング・レーザートーニング・メドライトC6・肝斑・くすみ
ピコトーニング→レーザートーニング,ピコトーニング,レーザートーニング,同部位,2週間,同部位は不可／別部位は可,,別部位の場合は同日可,不要,20250309_秋田ver,ピコトーニング・ピコ・トーニング・肝斑・くすみ,トーニング・レーザートーニング・メドライトC6・肝斑・くすみ
ピコフラクショナル（1064nm）→レーザートーニング,ピコフラクショナル（1064nm）,レーザートーニング,同部位,3週間,同部位は不可／別部位は可,,別部位の場合は同日可,不要,20250309_秋田ver,ピコフラクショナル・ピコフラク・1064・フラクショナル・毛穴・肌質改善・ニキビ跡,トーニング・レーザートーニング・メドライトC6・肝斑・くすみ
そばかすシャワー（532レーザー）→レーザートーニング,そばかすシャワー（532レーザー）,レーザートーニング,同部位,4週間,同部位は不可／別部位は可,,別部位の場合は同日可,不要,20250309_秋田ver,そばかすシャワー・そばかす・532・そばかす治療,トーニング・レーザートーニング・メドライトC6・肝斑・くすみ
そばかすスポット照射→レーザートーニング,そばかすスポット照射,レーザートーニング,同部位,4週間,同部位は不可／別部位は可,,別部位の場合は同日可,不要,20250309_秋田ver,そばかすスポット・そばかす・スポット照射・シミ・そばかす治療,トーニング・レーザートーニング・メドライトC6・肝斑・くすみ
フォトフェイシャル（光治療）→レーザートーニング,フォトフェイシャル（光治療）,レーザートーニング,同部位,2週間,同部位は不可／別部位は可,,別部位の場合は同日可,不要,20250309_秋田ver,フォト・フォトフェイシャル・光治療・IPL・ステラM22,トーニング・レーザートーニング・メドライトC6・肝斑・くすみ
赤み治療（血管腫レーザー）→レーザートーニング,赤み治療（血管腫レーザー）,レーザートーニング,同部位,治療完了後 2週間,同部位は不可／別部位は可,,別部位の場合は同日可,不要,20250309_秋田ver,赤み治療・血管腫レーザー・赤ら顔・毛細血管拡張,トーニング・レーザートーニング・メドライトC6・肝斑・くすみ
ボトックス注射（通常）→レーザートーニング,ボトックス注射（通常）,レーザートーニング,同部位,2週間,同部位は不可／別部位は可,,別部位の場合は同日可,不要,20250309_秋田ver,ボトックス・ボトックス注射・ボツリヌストキシン・エラボトックス・小顔・シワ,トーニング・レーザートーニング・メドライトC6・肝斑・くすみ
マイクロボトックス→レーザートーニング,マイクロボトックス,レーザートーニング,同部位,2週間,同部位は不可／別部位は可,,別部位の場合は同日可,不要,20250309_秋田ver,マイクロボトックス・ボトックス・マイクロ・毛穴・テカリ,トーニング・レーザートーニング・メドライトC6・肝斑・くすみ
テノールNEO（テノールネオ）→レーザートーニング,テノールNEO（テノールネオ）,レーザートーニング,同部位,1週間,条件付き,,会員または回数券の場合は同日可／会員または回数券の場合は、どちらかが初回でも同日可,不要,20250309_秋田ver,テノールネオ・テノールNEO・テノール・たるみ・引き締め,トーニング・レーザートーニング・メドライトC6・肝斑・くすみ
フラルスキン（トレチノイン）→レーザートーニング,フラルスキン（トレチノイン）,レーザートーニング,同部位,1週間,同部位は不可／別部位は可,,トレチノインのみの場合／別部位の場合は同日可,不要,20250309_秋田ver,フラルスキン・トレチ・トレチノイン・ハイドロキノン,トーニング・レーザートーニング・メドライトC6・肝斑・くすみ
部分シミ治療（トレチノイン）→レーザートーニング,部分シミ治療（トレチノイン）,レーザートーニング,同部位,4週間,同部位は不可／別部位は可,,別部位の場合は同日可,不要,20250309_秋田ver,部分シミ・トレチ・トレチノイン・シミ,トーニング・レーザートーニング・メドライトC6・肝斑・くすみ
mikoメソッド（首いぼ治療）→レーザートーニング,mikoメソッド（首いぼ治療）,レーザートーニング,同部位,4週間,同部位は不可／別部位は可,,別部位の場合は同日可,不要,20250309_秋田ver,mikoメソッド・miko・ミコメソッド・首イボ・首いぼ・イボ,トーニング・レーザートーニング・メドライトC6・肝斑・くすみ
ほくろ切除・ほくろ除去→レーザートーニング,ほくろ切除・ほくろ除去,レーザートーニング,同部位,上皮化後 4週間,同部位は不可／別部位は可,,別部位の場合は同日可,不要,20250309_秋田ver,ほくろ切除・ほくろ除去・ほくろ・ほくろ取り,トーニング・レーザートーニング・メドライトC6・肝斑・くすみ
ボライト（スキンブースター）→レーザートーニング,ボライト（スキンブースター）,レーザートーニング,同部位,2週間,同部位は不可／別部位は可,,別部位の場合は同日可,不要,20250309_秋田ver,ボライト・スキンブースター・ヒアルロン酸・ジュビダーム,トーニング・レーザートーニング・メドライトC6・肝斑・くすみ
稗粒腫（はいりゅうしゅ）除去→レーザートーニング,稗粒腫（はいりゅうしゅ）除去,レーザートーニング,同部位,1週間,同部位は不可／別部位は可,,別部位の場合は同日可,不要,20250309_秋田ver,稗粒腫・はいりゅうしゅ・ぶつぶつ・ブツブツ,トーニング・レーザートーニング・メドライトC6・肝斑・くすみ
ヴェルヴェットスキン→レーザートーニング,ヴェルヴェットスキン,レーザートーニング,同部位,4週間,同部位は不可／別部位は可,,別部位の場合は同日可,不要,20250309_秋田ver,ヴェルヴェットスキン・ヴェルヴェット・ベルベットスキン・ダーマペン・コラーゲンピール,トーニング・レーザートーニング・メドライトC6・肝斑・くすみ
ダーマペン4→レーザートーニング,ダーマペン4,レーザートーニング,同部位,4週間,同部位は不可／別部位は可,,別部位の場合は同日可,不要,20250309_秋田ver,ダーマペン・ダーマペン4・毛穴・ニキビ跡,トーニング・レーザートーニング・メドライトC6・肝斑・くすみ
HARG療法→レーザートーニング,HARG療法,レーザートーニング,別部位,翌日,不可,,括弧内の期間は別部位の場合。同部位の間隔はこのセルに明示されていません,必要,20250309_秋田ver,HARG・HARG療法・ハーグ・ハーグ療法・発毛・育毛・薄毛,トーニング・レーザートーニング・メドライトC6・肝斑・くすみ
スカルプ・プラセンタエッセンス→レーザートーニング,スカルプ・プラセンタエッセンス,レーザートーニング,別部位,翌日,不可,,括弧内の期間は別部位の場合。同部位の間隔はこのセルに明示されていません,必要,20250309_秋田ver,スカルプ・プラセンタ・プラセンタエッセンス・頭皮ケア・薄毛,トーニング・レーザートーニング・メドライトC6・肝斑・くすみ
コラーゲンピール（マッサージピール）→レーザートーニング,コラーゲンピール（マッサージピール）,レーザートーニング,同部位,2週間,同部位は不可／別部位は可,,別部位の場合は同日可,不要,20250309_秋田ver,コラーゲンピール・マッサージピール・PRX・ハリ,トーニング・レーザートーニング・メドライトC6・肝斑・くすみ
サーマクール→レーザートーニング,サーマクール,レーザートーニング,同部位,1週間,同部位は不可／別部位は可,,別部位の場合は同日可,不要,20250309_秋田ver,サーマクール・サーマ・たるみ・引き締め・リフトアップ,トーニング・レーザートーニング・メドライトC6・肝斑・くすみ
ミラドライ→レーザートーニング,ミラドライ,レーザートーニング,不明,-（原表記）,不明,,原表は「-」ですが意味が明示されていないため、可否・間隔を断定できません,必要,20250309_秋田ver,ミラドライ・ワキガ・腋臭・多汗症・わき汗,トーニング・レーザートーニング・メドライトC6・肝斑・くすみ
医療レーザー脱毛→レーザートーニング,医療レーザー脱毛,レーザートーニング,同部位,2週間,同部位は不可／別部位は可,,別部位の場合は同日可,不要,20250309_秋田ver,脱毛・医療脱毛・レーザー脱毛・全身脱毛・顔脱毛・VIO脱毛・ひげ脱毛・メンズ脱毛,トーニング・レーザートーニング・メドライトC6・肝斑・くすみ
タトゥー除去（刺青除去）→レーザートーニング,タトゥー除去（刺青除去）,レーザートーニング,同部位,3か月,同部位は不可／別部位は可,,別部位の場合は同日可,不要,20250309_秋田ver,タトゥー・タトゥー除去・刺青・いれずみ・入れ墨,トーニング・レーザートーニング・メドライトC6・肝斑・くすみ
アートメイク→レーザートーニング,アートメイク,レーザートーニング,同部位,2週間,同部位は不可／別部位は可,,別部位の場合は同日可,不要,20250309_秋田ver,アートメイク・眉アートメイク・リップアートメイク・タトゥーメイク,トーニング・レーザートーニング・メドライトC6・肝斑・くすみ
ハイドラジェントル→ピコトーニング,ハイドラジェントル,ピコトーニング,面の治療との併用,初回：同日不可／2回目以降：同日可,条件付き,ハイドラを先に実施,初回は同日不可。問題がなかった場合は2回目以降で同日可,不要,20250309_秋田ver,ハイドラ・ハイドラフェイシャル・ハイドラクレンジング・毛穴洗浄,ピコトーニング・ピコ・トーニング・肝斑・くすみ
ケミカルピーリング→ピコトーニング,ケミカルピーリング,ピコトーニング,同部位,2週間,同部位は不可／別部位は可,,別部位の場合は同日可,不要,20250309_秋田ver,ピーリング・ケミカルピーリング・サリチル酸ピーリング,ピコトーニング・ピコ・トーニング・肝斑・くすみ
スマートサイドドットレーザー（2回目以降）→ピコトーニング,スマートサイドドットレーザー（2回目以降）,ピコトーニング,同部位,4週間,同部位は不可／別部位は可,,別部位の場合は同日可,不要,20250309_秋田ver,スマサイ・スマートサイドドット・スマートサイドドットレーザー,ピコトーニング・ピコ・トーニング・肝斑・くすみ
スマートサイドドットレーザー（初回）→ピコトーニング,スマートサイドドットレーザー（初回）,ピコトーニング,同部位,3週間,同部位は不可／別部位は可,,別部位の場合は同日可,不要,20250309_秋田ver,スマサイ・スマサイ初回・スマートサイドドット・スマートサイドドットレーザー,ピコトーニング・ピコ・トーニング・肝斑・くすみ
イボレーザー（炭酸ガス／CO2レーザー）→ピコトーニング,イボレーザー（炭酸ガス／CO2レーザー）,ピコトーニング,同部位,4週間,同部位は不可／別部位は可,,別部位の場合は同日可,不要,20250309_秋田ver,CO2・CO2レーザー・炭酸ガスレーザー・イボレーザー・いぼレーザー・イボ取り,ピコトーニング・ピコ・トーニング・肝斑・くすみ
シミ取りレーザー→ピコトーニング,シミ取りレーザー,ピコトーニング,同部位,4週間,同部位は不可／別部位は可,,別部位の場合は同日可,不要,20250309_秋田ver,シミレーザー・シミ取り・シミ取りレーザー・シミ治療,ピコトーニング・ピコ・トーニング・肝斑・くすみ
ADM治療（ピコレーザー）→ピコトーニング,ADM治療（ピコレーザー）,ピコトーニング,同部位,治療完了後 4週間,同部位は不可／別部位は可,,別部位の場合は同日可,不要,20250309_秋田ver,ADM・ADMレーザー・ピコレーザー・ピコ・あざ治療・太田母斑,ピコトーニング・ピコ・トーニング・肝斑・くすみ
ADM治療（ナノレーザー・メドライトC6）→ピコトーニング,ADM治療（ナノレーザー・メドライトC6）,ピコトーニング,同部位,治療完了後 4週間,同部位は不可／別部位は可,,別部位の場合は同日可,不要,20250309_秋田ver,ADM・ADMレーザー・ナノレーザー・メドライトC6・C6・あざ治療・太田母斑,ピコトーニング・ピコ・トーニング・肝斑・くすみ
レーザートーニング→ピコトーニング,レーザートーニング,ピコトーニング,同部位,1週間,同部位は不可／別部位は可,,※の参照先を表から一意に特定できないため、追加条件は未確定です／別部位の場合は同日可,必要,20250309_秋田ver,トーニング・レーザートーニング・メドライトC6・肝斑・くすみ,ピコトーニング・ピコ・トーニング・肝斑・くすみ
ピコトーニング→ピコトーニング,ピコトーニング,ピコトーニング,同部位,2～4週間,同部位は不可／別部位は可,,※の参照先を表から一意に特定できないため、追加条件は未確定です／別部位の場合は同日可,必要,20250309_秋田ver,ピコトーニング・ピコ・トーニング・肝斑・くすみ,ピコトーニング・ピコ・トーニング・肝斑・くすみ
ピコフラクショナル（1064nm）→ピコトーニング,ピコフラクショナル（1064nm）,ピコトーニング,同部位,3週間,同部位は不可／別部位は可,,別部位の場合は同日可,不要,20250309_秋田ver,ピコフラクショナル・ピコフラク・1064・フラクショナル・毛穴・肌質改善・ニキビ跡,ピコトーニング・ピコ・トーニング・肝斑・くすみ
そばかすシャワー（532レーザー）→ピコトーニング,そばかすシャワー（532レーザー）,ピコトーニング,同部位,4週間,同部位は不可／別部位は可,,別部位の場合は同日可,不要,20250309_秋田ver,そばかすシャワー・そばかす・532・そばかす治療,ピコトーニング・ピコ・トーニング・肝斑・くすみ
そばかすスポット照射→ピコトーニング,そばかすスポット照射,ピコトーニング,同部位,4週間,同部位は不可／別部位は可,,別部位の場合は同日可,不要,20250309_秋田ver,そばかすスポット・そばかす・スポット照射・シミ・そばかす治療,ピコトーニング・ピコ・トーニング・肝斑・くすみ
フォトフェイシャル（光治療）→ピコトーニング,フォトフェイシャル（光治療）,ピコトーニング,同部位,2週間,同部位は不可／別部位は可,,別部位の場合は同日可,不要,20250309_秋田ver,フォト・フォトフェイシャル・光治療・IPL・ステラM22,ピコトーニング・ピコ・トーニング・肝斑・くすみ
赤み治療（血管腫レーザー）→ピコトーニング,赤み治療（血管腫レーザー）,ピコトーニング,同部位,治療完了後 2週間,同部位は不可／別部位は可,,別部位の場合は同日可,不要,20250309_秋田ver,赤み治療・血管腫レーザー・赤ら顔・毛細血管拡張,ピコトーニング・ピコ・トーニング・肝斑・くすみ
ボトックス注射（通常）→ピコトーニング,ボトックス注射（通常）,ピコトーニング,同部位,2週間,同部位は不可／別部位は可,,別部位の場合は同日可,不要,20250309_秋田ver,ボトックス・ボトックス注射・ボツリヌストキシン・エラボトックス・小顔・シワ,ピコトーニング・ピコ・トーニング・肝斑・くすみ
マイクロボトックス→ピコトーニング,マイクロボトックス,ピコトーニング,同部位,2週間,同部位は不可／別部位は可,,別部位の場合は同日可,不要,20250309_秋田ver,マイクロボトックス・ボトックス・マイクロ・毛穴・テカリ,ピコトーニング・ピコ・トーニング・肝斑・くすみ
テノールNEO（テノールネオ）→ピコトーニング,テノールNEO（テノールネオ）,ピコトーニング,同部位,2週間,条件付き,,会員または回数券の場合は同日可／会員または回数券の場合は、どちらかが初回でも同日可,不要,20250309_秋田ver,テノールネオ・テノールNEO・テノール・たるみ・引き締め,ピコトーニング・ピコ・トーニング・肝斑・くすみ
フラルスキン（トレチノイン）→ピコトーニング,フラルスキン（トレチノイン）,ピコトーニング,同部位,1週間,同部位は不可／別部位は可,,トレチノインのみの場合／別部位の場合は同日可,不要,20250309_秋田ver,フラルスキン・トレチ・トレチノイン・ハイドロキノン,ピコトーニング・ピコ・トーニング・肝斑・くすみ
部分シミ治療（トレチノイン）→ピコトーニング,部分シミ治療（トレチノイン）,ピコトーニング,同部位,4週間,同部位は不可／別部位は可,,別部位の場合は同日可,不要,20250309_秋田ver,部分シミ・トレチ・トレチノイン・シミ,ピコトーニング・ピコ・トーニング・肝斑・くすみ
mikoメソッド（首いぼ治療）→ピコトーニング,mikoメソッド（首いぼ治療）,ピコトーニング,同部位,4週間,同部位は不可／別部位は可,,別部位の場合は同日可,不要,20250309_秋田ver,mikoメソッド・miko・ミコメソッド・首イボ・首いぼ・イボ,ピコトーニング・ピコ・トーニング・肝斑・くすみ
ほくろ切除・ほくろ除去→ピコトーニング,ほくろ切除・ほくろ除去,ピコトーニング,同部位,上皮化後 4週間,同部位は不可／別部位は可,,別部位の場合は同日可,不要,20250309_秋田ver,ほくろ切除・ほくろ除去・ほくろ・ほくろ取り,ピコトーニング・ピコ・トーニング・肝斑・くすみ
ボライト（スキンブースター）→ピコトーニング,ボライト（スキンブースター）,ピコトーニング,同部位,4週間,同部位は不可／別部位は可,,別部位の場合は同日可,不要,20250309_秋田ver,ボライト・スキンブースター・ヒアルロン酸・ジュビダーム,ピコトーニング・ピコ・トーニング・肝斑・くすみ
稗粒腫（はいりゅうしゅ）除去→ピコトーニング,稗粒腫（はいりゅうしゅ）除去,ピコトーニング,同部位,1週間,同部位は不可／別部位は可,,別部位の場合は同日可,不要,20250309_秋田ver,稗粒腫・はいりゅうしゅ・ぶつぶつ・ブツブツ,ピコトーニング・ピコ・トーニング・肝斑・くすみ
ヴェルヴェットスキン→ピコトーニング,ヴェルヴェットスキン,ピコトーニング,同部位,4週間,同部位は不可／別部位は可,,別部位の場合は同日可,不要,20250309_秋田ver,ヴェルヴェットスキン・ヴェルヴェット・ベルベットスキン・ダーマペン・コラーゲンピール,ピコトーニング・ピコ・トーニング・肝斑・くすみ
ダーマペン4→ピコトーニング,ダーマペン4,ピコトーニング,同部位,4週間,同部位は不可／別部位は可,,別部位の場合は同日可,不要,20250309_秋田ver,ダーマペン・ダーマペン4・毛穴・ニキビ跡,ピコトーニング・ピコ・トーニング・肝斑・くすみ
HARG療法→ピコトーニング,HARG療法,ピコトーニング,別部位,翌日,不可,,括弧内の期間は別部位の場合。同部位の間隔はこのセルに明示されていません,必要,20250309_秋田ver,HARG・HARG療法・ハーグ・ハーグ療法・発毛・育毛・薄毛,ピコトーニング・ピコ・トーニング・肝斑・くすみ
スカルプ・プラセンタエッセンス→ピコトーニング,スカルプ・プラセンタエッセンス,ピコトーニング,別部位,翌日,不可,,括弧内の期間は別部位の場合。同部位の間隔はこのセルに明示されていません,必要,20250309_秋田ver,スカルプ・プラセンタ・プラセンタエッセンス・頭皮ケア・薄毛,ピコトーニング・ピコ・トーニング・肝斑・くすみ
コラーゲンピール（マッサージピール）→ピコトーニング,コラーゲンピール（マッサージピール）,ピコトーニング,同部位,2週間,同部位は不可／別部位は可,,別部位の場合は同日可,不要,20250309_秋田ver,コラーゲンピール・マッサージピール・PRX・ハリ,ピコトーニング・ピコ・トーニング・肝斑・くすみ
サーマクール→ピコトーニング,サーマクール,ピコトーニング,同部位,1週間,同部位は不可／別部位は可,,別部位の場合は同日可,不要,20250309_秋田ver,サーマクール・サーマ・たるみ・引き締め・リフトアップ,ピコトーニング・ピコ・トーニング・肝斑・くすみ
ミラドライ→ピコトーニング,ミラドライ,ピコトーニング,不明,-（原表記）,不明,,原表は「-」ですが意味が明示されていないため、可否・間隔を断定できません,必要,20250309_秋田ver,ミラドライ・ワキガ・腋臭・多汗症・わき汗,ピコトーニング・ピコ・トーニング・肝斑・くすみ
医療レーザー脱毛→ピコトーニング,医療レーザー脱毛,ピコトーニング,同部位,2週間,同部位は不可／別部位は可,,別部位の場合は同日可,不要,20250309_秋田ver,脱毛・医療脱毛・レーザー脱毛・全身脱毛・顔脱毛・VIO脱毛・ひげ脱毛・メンズ脱毛,ピコトーニング・ピコ・トーニング・肝斑・くすみ
タトゥー除去（刺青除去）→ピコトーニング,タトゥー除去（刺青除去）,ピコトーニング,同部位,3か月,同部位は不可／別部位は可,,別部位の場合は同日可,不要,20250309_秋田ver,タトゥー・タトゥー除去・刺青・いれずみ・入れ墨,ピコトーニング・ピコ・トーニング・肝斑・くすみ
アートメイク→ピコトーニング,アートメイク,ピコトーニング,同部位,2週間,同部位は不可／別部位は可,,別部位の場合は同日可,不要,20250309_秋田ver,アートメイク・眉アートメイク・リップアートメイク・タトゥーメイク,ピコトーニング・ピコ・トーニング・肝斑・くすみ
ハイドラジェントル→ピコフラクショナル（1064nm）,ハイドラジェントル,ピコフラクショナル（1064nm）,面の治療との併用,初回：同日不可／2回目以降：同日可,条件付き,ハイドラを先に実施,初回は同日不可。問題がなかった場合は2回目以降で同日可,不要,20250309_秋田ver,ハイドラ・ハイドラフェイシャル・ハイドラクレンジング・毛穴洗浄,ピコフラクショナル・ピコフラク・1064・フラクショナル・毛穴・肌質改善・ニキビ跡
ケミカルピーリング→ピコフラクショナル（1064nm）,ケミカルピーリング,ピコフラクショナル（1064nm）,同部位,2週間,同部位は不可／別部位は可,,別部位の場合は同日可,不要,20250309_秋田ver,ピーリング・ケミカルピーリング・サリチル酸ピーリング,ピコフラクショナル・ピコフラク・1064・フラクショナル・毛穴・肌質改善・ニキビ跡
スマートサイドドットレーザー（2回目以降）→ピコフラクショナル（1064nm）,スマートサイドドットレーザー（2回目以降）,ピコフラクショナル（1064nm）,同部位,8週間,同部位は不可／別部位は可,,別部位の場合は同日可,不要,20250309_秋田ver,スマサイ・スマートサイドドット・スマートサイドドットレーザー,ピコフラクショナル・ピコフラク・1064・フラクショナル・毛穴・肌質改善・ニキビ跡
スマートサイドドットレーザー（初回）→ピコフラクショナル（1064nm）,スマートサイドドットレーザー（初回）,ピコフラクショナル（1064nm）,同部位,8週間,同部位は不可／別部位は可,,別部位の場合は同日可,不要,20250309_秋田ver,スマサイ・スマサイ初回・スマートサイドドット・スマートサイドドットレーザー,ピコフラクショナル・ピコフラク・1064・フラクショナル・毛穴・肌質改善・ニキビ跡
イボレーザー（炭酸ガス／CO2レーザー）→ピコフラクショナル（1064nm）,イボレーザー（炭酸ガス／CO2レーザー）,ピコフラクショナル（1064nm）,同部位,4週間,同部位は不可／別部位は可,,別部位の場合は同日可,不要,20250309_秋田ver,CO2・CO2レーザー・炭酸ガスレーザー・イボレーザー・いぼレーザー・イボ取り,ピコフラクショナル・ピコフラク・1064・フラクショナル・毛穴・肌質改善・ニキビ跡
シミ取りレーザー→ピコフラクショナル（1064nm）,シミ取りレーザー,ピコフラクショナル（1064nm）,同部位,4週間,同部位は不可／別部位は可,,別部位の場合は同日可,不要,20250309_秋田ver,シミレーザー・シミ取り・シミ取りレーザー・シミ治療,ピコフラクショナル・ピコフラク・1064・フラクショナル・毛穴・肌質改善・ニキビ跡
ADM治療（ピコレーザー）→ピコフラクショナル（1064nm）,ADM治療（ピコレーザー）,ピコフラクショナル（1064nm）,同部位,治療完了後 4週間,同部位は不可／別部位は可,,別部位の場合は同日可,不要,20250309_秋田ver,ADM・ADMレーザー・ピコレーザー・ピコ・あざ治療・太田母斑,ピコフラクショナル・ピコフラク・1064・フラクショナル・毛穴・肌質改善・ニキビ跡
ADM治療（ナノレーザー・メドライトC6）→ピコフラクショナル（1064nm）,ADM治療（ナノレーザー・メドライトC6）,ピコフラクショナル（1064nm）,同部位,治療完了後 4週間,同部位は不可／別部位は可,,別部位の場合は同日可,不要,20250309_秋田ver,ADM・ADMレーザー・ナノレーザー・メドライトC6・C6・あざ治療・太田母斑,ピコフラクショナル・ピコフラク・1064・フラクショナル・毛穴・肌質改善・ニキビ跡
レーザートーニング→ピコフラクショナル（1064nm）,レーザートーニング,ピコフラクショナル（1064nm）,同部位,2週間,同部位は不可／別部位は可,,別部位の場合は同日可,不要,20250309_秋田ver,トーニング・レーザートーニング・メドライトC6・肝斑・くすみ,ピコフラクショナル・ピコフラク・1064・フラクショナル・毛穴・肌質改善・ニキビ跡
ピコトーニング→ピコフラクショナル（1064nm）,ピコトーニング,ピコフラクショナル（1064nm）,同部位,2週間,同部位は不可／別部位は可,,別部位の場合は同日可,不要,20250309_秋田ver,ピコトーニング・ピコ・トーニング・肝斑・くすみ,ピコフラクショナル・ピコフラク・1064・フラクショナル・毛穴・肌質改善・ニキビ跡
ピコフラクショナル（1064nm）→ピコフラクショナル（1064nm）,ピコフラクショナル（1064nm）,ピコフラクショナル（1064nm）,同部位,2～3か月,同部位は不可／別部位は可,,別部位の場合は同日可,不要,20250309_秋田ver,ピコフラクショナル・ピコフラク・1064・フラクショナル・毛穴・肌質改善・ニキビ跡,ピコフラクショナル・ピコフラク・1064・フラクショナル・毛穴・肌質改善・ニキビ跡
そばかすシャワー（532レーザー）→ピコフラクショナル（1064nm）,そばかすシャワー（532レーザー）,ピコフラクショナル（1064nm）,同部位,1～3か月,同部位は不可／別部位は可,,別部位の場合は同日可,不要,20250309_秋田ver,そばかすシャワー・そばかす・532・そばかす治療,ピコフラクショナル・ピコフラク・1064・フラクショナル・毛穴・肌質改善・ニキビ跡
そばかすスポット照射→ピコフラクショナル（1064nm）,そばかすスポット照射,ピコフラクショナル（1064nm）,同部位,1～3か月,同部位は不可／別部位は可,,別部位の場合は同日可,不要,20250309_秋田ver,そばかすスポット・そばかす・スポット照射・シミ・そばかす治療,ピコフラクショナル・ピコフラク・1064・フラクショナル・毛穴・肌質改善・ニキビ跡
フォトフェイシャル（光治療）→ピコフラクショナル（1064nm）,フォトフェイシャル（光治療）,ピコフラクショナル（1064nm）,同部位,2週間,同部位は不可／別部位は可,,別部位の場合は同日可,不要,20250309_秋田ver,フォト・フォトフェイシャル・光治療・IPL・ステラM22,ピコフラクショナル・ピコフラク・1064・フラクショナル・毛穴・肌質改善・ニキビ跡
赤み治療（血管腫レーザー）→ピコフラクショナル（1064nm）,赤み治療（血管腫レーザー）,ピコフラクショナル（1064nm）,同部位,治療完了後 2週間,同部位は不可／別部位は可,,別部位の場合は同日可,不要,20250309_秋田ver,赤み治療・血管腫レーザー・赤ら顔・毛細血管拡張,ピコフラクショナル・ピコフラク・1064・フラクショナル・毛穴・肌質改善・ニキビ跡
ボトックス注射（通常）→ピコフラクショナル（1064nm）,ボトックス注射（通常）,ピコフラクショナル（1064nm）,同部位,2週間,同部位は不可／別部位は可,,別部位の場合は同日可,不要,20250309_秋田ver,ボトックス・ボトックス注射・ボツリヌストキシン・エラボトックス・小顔・シワ,ピコフラクショナル・ピコフラク・1064・フラクショナル・毛穴・肌質改善・ニキビ跡
マイクロボトックス→ピコフラクショナル（1064nm）,マイクロボトックス,ピコフラクショナル（1064nm）,同部位,2週間,同部位は不可／別部位は可,,別部位の場合は同日可,不要,20250309_秋田ver,マイクロボトックス・ボトックス・マイクロ・毛穴・テカリ,ピコフラクショナル・ピコフラク・1064・フラクショナル・毛穴・肌質改善・ニキビ跡
テノールNEO（テノールネオ）→ピコフラクショナル（1064nm）,テノールNEO（テノールネオ）,ピコフラクショナル（1064nm）,同部位,2週間,同部位は不可／別部位は可,,別部位の場合は同日可,不要,20250309_秋田ver,テノールネオ・テノールNEO・テノール・たるみ・引き締め,ピコフラクショナル・ピコフラク・1064・フラクショナル・毛穴・肌質改善・ニキビ跡
フラルスキン（トレチノイン）→ピコフラクショナル（1064nm）,フラルスキン（トレチノイン）,ピコフラクショナル（1064nm）,同部位,1週間,同部位は不可／別部位は可,,トレチノインのみの場合／別部位の場合は同日可,不要,20250309_秋田ver,フラルスキン・トレチ・トレチノイン・ハイドロキノン,ピコフラクショナル・ピコフラク・1064・フラクショナル・毛穴・肌質改善・ニキビ跡
部分シミ治療（トレチノイン）→ピコフラクショナル（1064nm）,部分シミ治療（トレチノイン）,ピコフラクショナル（1064nm）,同部位,4週間,同部位は不可／別部位は可,,別部位の場合は同日可,不要,20250309_秋田ver,部分シミ・トレチ・トレチノイン・シミ,ピコフラクショナル・ピコフラク・1064・フラクショナル・毛穴・肌質改善・ニキビ跡
mikoメソッド（首いぼ治療）→ピコフラクショナル（1064nm）,mikoメソッド（首いぼ治療）,ピコフラクショナル（1064nm）,同部位,4週間,同部位は不可／別部位は可,,別部位の場合は同日可,不要,20250309_秋田ver,mikoメソッド・miko・ミコメソッド・首イボ・首いぼ・イボ,ピコフラクショナル・ピコフラク・1064・フラクショナル・毛穴・肌質改善・ニキビ跡
ほくろ切除・ほくろ除去→ピコフラクショナル（1064nm）,ほくろ切除・ほくろ除去,ピコフラクショナル（1064nm）,同部位,上皮化後 4週間,同部位は不可／別部位は可,,別部位の場合は同日可,不要,20250309_秋田ver,ほくろ切除・ほくろ除去・ほくろ・ほくろ取り,ピコフラクショナル・ピコフラク・1064・フラクショナル・毛穴・肌質改善・ニキビ跡
ボライト（スキンブースター）→ピコフラクショナル（1064nm）,ボライト（スキンブースター）,ピコフラクショナル（1064nm）,同部位,2週間,同部位は不可／別部位は可,,別部位の場合は同日可,不要,20250309_秋田ver,ボライト・スキンブースター・ヒアルロン酸・ジュビダーム,ピコフラクショナル・ピコフラク・1064・フラクショナル・毛穴・肌質改善・ニキビ跡
稗粒腫（はいりゅうしゅ）除去→ピコフラクショナル（1064nm）,稗粒腫（はいりゅうしゅ）除去,ピコフラクショナル（1064nm）,同部位,1週間,同部位は不可／別部位は可,,別部位の場合は同日可,不要,20250309_秋田ver,稗粒腫・はいりゅうしゅ・ぶつぶつ・ブツブツ,ピコフラクショナル・ピコフラク・1064・フラクショナル・毛穴・肌質改善・ニキビ跡
ヴェルヴェットスキン→ピコフラクショナル（1064nm）,ヴェルヴェットスキン,ピコフラクショナル（1064nm）,同部位,4週間,同部位は不可／別部位は可,,別部位の場合は同日可,不要,20250309_秋田ver,ヴェルヴェットスキン・ヴェルヴェット・ベルベットスキン・ダーマペン・コラーゲンピール,ピコフラクショナル・ピコフラク・1064・フラクショナル・毛穴・肌質改善・ニキビ跡
ダーマペン4→ピコフラクショナル（1064nm）,ダーマペン4,ピコフラクショナル（1064nm）,同部位,4週間,同部位は不可／別部位は可,,別部位の場合は同日可,不要,20250309_秋田ver,ダーマペン・ダーマペン4・毛穴・ニキビ跡,ピコフラクショナル・ピコフラク・1064・フラクショナル・毛穴・肌質改善・ニキビ跡
HARG療法→ピコフラクショナル（1064nm）,HARG療法,ピコフラクショナル（1064nm）,別部位,翌日,不可,,括弧内の期間は別部位の場合。同部位の間隔はこのセルに明示されていません,必要,20250309_秋田ver,HARG・HARG療法・ハーグ・ハーグ療法・発毛・育毛・薄毛,ピコフラクショナル・ピコフラク・1064・フラクショナル・毛穴・肌質改善・ニキビ跡
スカルプ・プラセンタエッセンス→ピコフラクショナル（1064nm）,スカルプ・プラセンタエッセンス,ピコフラクショナル（1064nm）,別部位,翌日,不可,,括弧内の期間は別部位の場合。同部位の間隔はこのセルに明示されていません,必要,20250309_秋田ver,スカルプ・プラセンタ・プラセンタエッセンス・頭皮ケア・薄毛,ピコフラクショナル・ピコフラク・1064・フラクショナル・毛穴・肌質改善・ニキビ跡
コラーゲンピール（マッサージピール）→ピコフラクショナル（1064nm）,コラーゲンピール（マッサージピール）,ピコフラクショナル（1064nm）,同部位,2週間,同部位は不可／別部位は可,,別部位の場合は同日可,不要,20250309_秋田ver,コラーゲンピール・マッサージピール・PRX・ハリ,ピコフラクショナル・ピコフラク・1064・フラクショナル・毛穴・肌質改善・ニキビ跡
サーマクール→ピコフラクショナル（1064nm）,サーマクール,ピコフラクショナル（1064nm）,同部位,1週間,同部位は不可／別部位は可,,別部位の場合は同日可,不要,20250309_秋田ver,サーマクール・サーマ・たるみ・引き締め・リフトアップ,ピコフラクショナル・ピコフラク・1064・フラクショナル・毛穴・肌質改善・ニキビ跡
ミラドライ→ピコフラクショナル（1064nm）,ミラドライ,ピコフラクショナル（1064nm）,不明,-（原表記）,不明,,原表は「-」ですが意味が明示されていないため、可否・間隔を断定できません,必要,20250309_秋田ver,ミラドライ・ワキガ・腋臭・多汗症・わき汗,ピコフラクショナル・ピコフラク・1064・フラクショナル・毛穴・肌質改善・ニキビ跡
医療レーザー脱毛→ピコフラクショナル（1064nm）,医療レーザー脱毛,ピコフラクショナル（1064nm）,同部位,2週間,同部位は不可／別部位は可,,別部位の場合は同日可,不要,20250309_秋田ver,脱毛・医療脱毛・レーザー脱毛・全身脱毛・顔脱毛・VIO脱毛・ひげ脱毛・メンズ脱毛,ピコフラクショナル・ピコフラク・1064・フラクショナル・毛穴・肌質改善・ニキビ跡
タトゥー除去（刺青除去）→ピコフラクショナル（1064nm）,タトゥー除去（刺青除去）,ピコフラクショナル（1064nm）,同部位,3か月,同部位は不可／別部位は可,,別部位の場合は同日可,不要,20250309_秋田ver,タトゥー・タトゥー除去・刺青・いれずみ・入れ墨,ピコフラクショナル・ピコフラク・1064・フラクショナル・毛穴・肌質改善・ニキビ跡
アートメイク→ピコフラクショナル（1064nm）,アートメイク,ピコフラクショナル（1064nm）,同部位,2週間,同部位は不可／別部位は可,,別部位の場合は同日可,不要,20250309_秋田ver,アートメイク・眉アートメイク・リップアートメイク・タトゥーメイク,ピコフラクショナル・ピコフラク・1064・フラクショナル・毛穴・肌質改善・ニキビ跡
ハイドラジェントル→そばかすシャワー（532レーザー）,ハイドラジェントル,そばかすシャワー（532レーザー）,面の治療との併用,初回：同日不可／2回目以降：同日可,条件付き,ハイドラを先に実施,初回は同日不可。問題がなかった場合は2回目以降で同日可,不要,20250309_秋田ver,ハイドラ・ハイドラフェイシャル・ハイドラクレンジング・毛穴洗浄,そばかすシャワー・そばかす・532・そばかす治療
ケミカルピーリング→そばかすシャワー（532レーザー）,ケミカルピーリング,そばかすシャワー（532レーザー）,同部位,2週間,同部位は不可／別部位は可,,別部位の場合は同日可,不要,20250309_秋田ver,ピーリング・ケミカルピーリング・サリチル酸ピーリング,そばかすシャワー・そばかす・532・そばかす治療
スマートサイドドットレーザー（2回目以降）→そばかすシャワー（532レーザー）,スマートサイドドットレーザー（2回目以降）,そばかすシャワー（532レーザー）,同部位,8週間,同部位は不可／別部位は可,,別部位の場合は同日可,不要,20250309_秋田ver,スマサイ・スマートサイドドット・スマートサイドドットレーザー,そばかすシャワー・そばかす・532・そばかす治療
スマートサイドドットレーザー（初回）→そばかすシャワー（532レーザー）,スマートサイドドットレーザー（初回）,そばかすシャワー（532レーザー）,同部位,8週間,同部位は不可／別部位は可,,別部位の場合は同日可,不要,20250309_秋田ver,スマサイ・スマサイ初回・スマートサイドドット・スマートサイドドットレーザー,そばかすシャワー・そばかす・532・そばかす治療
イボレーザー（炭酸ガス／CO2レーザー）→そばかすシャワー（532レーザー）,イボレーザー（炭酸ガス／CO2レーザー）,そばかすシャワー（532レーザー）,同部位,4週間,同部位は不可／別部位は可,,別部位の場合は同日可,不要,20250309_秋田ver,CO2・CO2レーザー・炭酸ガスレーザー・イボレーザー・いぼレーザー・イボ取り,そばかすシャワー・そばかす・532・そばかす治療
シミ取りレーザー→そばかすシャワー（532レーザー）,シミ取りレーザー,そばかすシャワー（532レーザー）,同部位,4週間,同部位は不可／別部位は可,,別部位の場合は同日可,不要,20250309_秋田ver,シミレーザー・シミ取り・シミ取りレーザー・シミ治療,そばかすシャワー・そばかす・532・そばかす治療
ADM治療（ピコレーザー）→そばかすシャワー（532レーザー）,ADM治療（ピコレーザー）,そばかすシャワー（532レーザー）,同部位,治療完了後 4週間,同部位は不可／別部位は可,,別部位の場合は同日可,不要,20250309_秋田ver,ADM・ADMレーザー・ピコレーザー・ピコ・あざ治療・太田母斑,そばかすシャワー・そばかす・532・そばかす治療
ADM治療（ナノレーザー・メドライトC6）→そばかすシャワー（532レーザー）,ADM治療（ナノレーザー・メドライトC6）,そばかすシャワー（532レーザー）,同部位,治療完了後 4週間,同部位は不可／別部位は可,,別部位の場合は同日可,不要,20250309_秋田ver,ADM・ADMレーザー・ナノレーザー・メドライトC6・C6・あざ治療・太田母斑,そばかすシャワー・そばかす・532・そばかす治療
レーザートーニング→そばかすシャワー（532レーザー）,レーザートーニング,そばかすシャワー（532レーザー）,同部位,2週間,同部位は不可／別部位は可,,別部位の場合は同日可,不要,20250309_秋田ver,トーニング・レーザートーニング・メドライトC6・肝斑・くすみ,そばかすシャワー・そばかす・532・そばかす治療
ピコトーニング→そばかすシャワー（532レーザー）,ピコトーニング,そばかすシャワー（532レーザー）,同部位,2週間,同部位は不可／別部位は可,,別部位の場合は同日可,不要,20250309_秋田ver,ピコトーニング・ピコ・トーニング・肝斑・くすみ,そばかすシャワー・そばかす・532・そばかす治療
ピコフラクショナル（1064nm）→そばかすシャワー（532レーザー）,ピコフラクショナル（1064nm）,そばかすシャワー（532レーザー）,同部位,4週間,同部位は不可／別部位は可,,別部位の場合は同日可,不要,20250309_秋田ver,ピコフラクショナル・ピコフラク・1064・フラクショナル・毛穴・肌質改善・ニキビ跡,そばかすシャワー・そばかす・532・そばかす治療
そばかすシャワー（532レーザー）→そばかすシャワー（532レーザー）,そばかすシャワー（532レーザー）,そばかすシャワー（532レーザー）,同部位,1～3か月,同部位は不可／別部位は可,,別部位の場合は同日可,不要,20250309_秋田ver,そばかすシャワー・そばかす・532・そばかす治療,そばかすシャワー・そばかす・532・そばかす治療
そばかすスポット照射→そばかすシャワー（532レーザー）,そばかすスポット照射,そばかすシャワー（532レーザー）,同部位,4週間,同部位は不可／別部位は可,,別部位の場合は同日可,不要,20250309_秋田ver,そばかすスポット・そばかす・スポット照射・シミ・そばかす治療,そばかすシャワー・そばかす・532・そばかす治療
フォトフェイシャル（光治療）→そばかすシャワー（532レーザー）,フォトフェイシャル（光治療）,そばかすシャワー（532レーザー）,同部位,2週間,同部位は不可／別部位は可,,別部位の場合は同日可,不要,20250309_秋田ver,フォト・フォトフェイシャル・光治療・IPL・ステラM22,そばかすシャワー・そばかす・532・そばかす治療
赤み治療（血管腫レーザー）→そばかすシャワー（532レーザー）,赤み治療（血管腫レーザー）,そばかすシャワー（532レーザー）,同部位,治療完了後 2週間,同部位は不可／別部位は可,,別部位の場合は同日可,不要,20250309_秋田ver,赤み治療・血管腫レーザー・赤ら顔・毛細血管拡張,そばかすシャワー・そばかす・532・そばかす治療
ボトックス注射（通常）→そばかすシャワー（532レーザー）,ボトックス注射（通常）,そばかすシャワー（532レーザー）,同部位,2週間,同部位は不可／別部位は可,,別部位の場合は同日可,不要,20250309_秋田ver,ボトックス・ボトックス注射・ボツリヌストキシン・エラボトックス・小顔・シワ,そばかすシャワー・そばかす・532・そばかす治療
マイクロボトックス→そばかすシャワー（532レーザー）,マイクロボトックス,そばかすシャワー（532レーザー）,同部位,2週間,同部位は不可／別部位は可,,別部位の場合は同日可,不要,20250309_秋田ver,マイクロボトックス・ボトックス・マイクロ・毛穴・テカリ,そばかすシャワー・そばかす・532・そばかす治療
テノールNEO（テノールネオ）→そばかすシャワー（532レーザー）,テノールNEO（テノールネオ）,そばかすシャワー（532レーザー）,同部位,2週間,同部位は不可／別部位は可,,別部位の場合は同日可,不要,20250309_秋田ver,テノールネオ・テノールNEO・テノール・たるみ・引き締め,そばかすシャワー・そばかす・532・そばかす治療
フラルスキン（トレチノイン）→そばかすシャワー（532レーザー）,フラルスキン（トレチノイン）,そばかすシャワー（532レーザー）,同部位,1週間,同部位は不可／別部位は可,,トレチノインのみの場合／別部位の場合は同日可,不要,20250309_秋田ver,フラルスキン・トレチ・トレチノイン・ハイドロキノン,そばかすシャワー・そばかす・532・そばかす治療
部分シミ治療（トレチノイン）→そばかすシャワー（532レーザー）,部分シミ治療（トレチノイン）,そばかすシャワー（532レーザー）,同部位,4週間,同部位は不可／別部位は可,,別部位の場合は同日可,不要,20250309_秋田ver,部分シミ・トレチ・トレチノイン・シミ,そばかすシャワー・そばかす・532・そばかす治療
mikoメソッド（首いぼ治療）→そばかすシャワー（532レーザー）,mikoメソッド（首いぼ治療）,そばかすシャワー（532レーザー）,同部位,4週間,同部位は不可／別部位は可,,別部位の場合は同日可,不要,20250309_秋田ver,mikoメソッド・miko・ミコメソッド・首イボ・首いぼ・イボ,そばかすシャワー・そばかす・532・そばかす治療
ほくろ切除・ほくろ除去→そばかすシャワー（532レーザー）,ほくろ切除・ほくろ除去,そばかすシャワー（532レーザー）,同部位,上皮化後 4週間,同部位は不可／別部位は可,,別部位の場合は同日可,不要,20250309_秋田ver,ほくろ切除・ほくろ除去・ほくろ・ほくろ取り,そばかすシャワー・そばかす・532・そばかす治療
ボライト（スキンブースター）→そばかすシャワー（532レーザー）,ボライト（スキンブースター）,そばかすシャワー（532レーザー）,同部位,2週間,同部位は不可／別部位は可,,別部位の場合は同日可,不要,20250309_秋田ver,ボライト・スキンブースター・ヒアルロン酸・ジュビダーム,そばかすシャワー・そばかす・532・そばかす治療
稗粒腫（はいりゅうしゅ）除去→そばかすシャワー（532レーザー）,稗粒腫（はいりゅうしゅ）除去,そばかすシャワー（532レーザー）,同部位,1週間,同部位は不可／別部位は可,,別部位の場合は同日可,不要,20250309_秋田ver,稗粒腫・はいりゅうしゅ・ぶつぶつ・ブツブツ,そばかすシャワー・そばかす・532・そばかす治療
ヴェルヴェットスキン→そばかすシャワー（532レーザー）,ヴェルヴェットスキン,そばかすシャワー（532レーザー）,同部位,4週間,同部位は不可／別部位は可,,別部位の場合は同日可,不要,20250309_秋田ver,ヴェルヴェットスキン・ヴェルヴェット・ベルベットスキン・ダーマペン・コラーゲンピール,そばかすシャワー・そばかす・532・そばかす治療
ダーマペン4→そばかすシャワー（532レーザー）,ダーマペン4,そばかすシャワー（532レーザー）,同部位,4週間,同部位は不可／別部位は可,,別部位の場合は同日可,不要,20250309_秋田ver,ダーマペン・ダーマペン4・毛穴・ニキビ跡,そばかすシャワー・そばかす・532・そばかす治療
HARG療法→そばかすシャワー（532レーザー）,HARG療法,そばかすシャワー（532レーザー）,別部位,翌日,不可,,括弧内の期間は別部位の場合。同部位の間隔はこのセルに明示されていません,必要,20250309_秋田ver,HARG・HARG療法・ハーグ・ハーグ療法・発毛・育毛・薄毛,そばかすシャワー・そばかす・532・そばかす治療
スカルプ・プラセンタエッセンス→そばかすシャワー（532レーザー）,スカルプ・プラセンタエッセンス,そばかすシャワー（532レーザー）,別部位,翌日,不可,,括弧内の期間は別部位の場合。同部位の間隔はこのセルに明示されていません,必要,20250309_秋田ver,スカルプ・プラセンタ・プラセンタエッセンス・頭皮ケア・薄毛,そばかすシャワー・そばかす・532・そばかす治療
コラーゲンピール（マッサージピール）→そばかすシャワー（532レーザー）,コラーゲンピール（マッサージピール）,そばかすシャワー（532レーザー）,同部位,2週間,同部位は不可／別部位は可,,別部位の場合は同日可,不要,20250309_秋田ver,コラーゲンピール・マッサージピール・PRX・ハリ,そばかすシャワー・そばかす・532・そばかす治療
サーマクール→そばかすシャワー（532レーザー）,サーマクール,そばかすシャワー（532レーザー）,同部位,1週間,同部位は不可／別部位は可,,別部位の場合は同日可,不要,20250309_秋田ver,サーマクール・サーマ・たるみ・引き締め・リフトアップ,そばかすシャワー・そばかす・532・そばかす治療
ミラドライ→そばかすシャワー（532レーザー）,ミラドライ,そばかすシャワー（532レーザー）,不明,-（原表記）,不明,,原表は「-」ですが意味が明示されていないため、可否・間隔を断定できません,必要,20250309_秋田ver,ミラドライ・ワキガ・腋臭・多汗症・わき汗,そばかすシャワー・そばかす・532・そばかす治療
医療レーザー脱毛→そばかすシャワー（532レーザー）,医療レーザー脱毛,そばかすシャワー（532レーザー）,同部位,2週間,同部位は不可／別部位は可,,別部位の場合は同日可,不要,20250309_秋田ver,脱毛・医療脱毛・レーザー脱毛・全身脱毛・顔脱毛・VIO脱毛・ひげ脱毛・メンズ脱毛,そばかすシャワー・そばかす・532・そばかす治療
タトゥー除去（刺青除去）→そばかすシャワー（532レーザー）,タトゥー除去（刺青除去）,そばかすシャワー（532レーザー）,同部位,3か月,同部位は不可／別部位は可,,別部位の場合は同日可,不要,20250309_秋田ver,タトゥー・タトゥー除去・刺青・いれずみ・入れ墨,そばかすシャワー・そばかす・532・そばかす治療
アートメイク→そばかすシャワー（532レーザー）,アートメイク,そばかすシャワー（532レーザー）,同部位,2週間,同部位は不可／別部位は可,,別部位の場合は同日可,不要,20250309_秋田ver,アートメイク・眉アートメイク・リップアートメイク・タトゥーメイク,そばかすシャワー・そばかす・532・そばかす治療
ハイドラジェントル→そばかすスポット照射,ハイドラジェントル,そばかすスポット照射,面の治療との併用,初回：同日不可／2回目以降：同日可,条件付き,ハイドラを先に実施,初回は同日不可。問題がなかった場合は2回目以降で同日可,不要,20250309_秋田ver,ハイドラ・ハイドラフェイシャル・ハイドラクレンジング・毛穴洗浄,そばかすスポット・そばかす・スポット照射・シミ・そばかす治療
ケミカルピーリング→そばかすスポット照射,ケミカルピーリング,そばかすスポット照射,同部位,2週間,同部位は不可／別部位は可,,別部位の場合は同日可,不要,20250309_秋田ver,ピーリング・ケミカルピーリング・サリチル酸ピーリング,そばかすスポット・そばかす・スポット照射・シミ・そばかす治療
スマートサイドドットレーザー（2回目以降）→そばかすスポット照射,スマートサイドドットレーザー（2回目以降）,そばかすスポット照射,同部位,8週間,同部位は不可／別部位は可,,別部位の場合は同日可,不要,20250309_秋田ver,スマサイ・スマートサイドドット・スマートサイドドットレーザー,そばかすスポット・そばかす・スポット照射・シミ・そばかす治療
スマートサイドドットレーザー（初回）→そばかすスポット照射,スマートサイドドットレーザー（初回）,そばかすスポット照射,同部位,8週間,同部位は不可／別部位は可,,別部位の場合は同日可,不要,20250309_秋田ver,スマサイ・スマサイ初回・スマートサイドドット・スマートサイドドットレーザー,そばかすスポット・そばかす・スポット照射・シミ・そばかす治療
イボレーザー（炭酸ガス／CO2レーザー）→そばかすスポット照射,イボレーザー（炭酸ガス／CO2レーザー）,そばかすスポット照射,同部位,4週間,同部位は不可／別部位は可,,別部位の場合は同日可,不要,20250309_秋田ver,CO2・CO2レーザー・炭酸ガスレーザー・イボレーザー・いぼレーザー・イボ取り,そばかすスポット・そばかす・スポット照射・シミ・そばかす治療
シミ取りレーザー→そばかすスポット照射,シミ取りレーザー,そばかすスポット照射,同部位,4週間,同部位は不可／別部位は可,,別部位の場合は同日可,不要,20250309_秋田ver,シミレーザー・シミ取り・シミ取りレーザー・シミ治療,そばかすスポット・そばかす・スポット照射・シミ・そばかす治療
ADM治療（ピコレーザー）→そばかすスポット照射,ADM治療（ピコレーザー）,そばかすスポット照射,同部位,治療完了後 4週間,同部位は不可／別部位は可,,別部位の場合は同日可,不要,20250309_秋田ver,ADM・ADMレーザー・ピコレーザー・ピコ・あざ治療・太田母斑,そばかすスポット・そばかす・スポット照射・シミ・そばかす治療
ADM治療（ナノレーザー・メドライトC6）→そばかすスポット照射,ADM治療（ナノレーザー・メドライトC6）,そばかすスポット照射,同部位,治療完了後 4週間,同部位は不可／別部位は可,,別部位の場合は同日可,不要,20250309_秋田ver,ADM・ADMレーザー・ナノレーザー・メドライトC6・C6・あざ治療・太田母斑,そばかすスポット・そばかす・スポット照射・シミ・そばかす治療
レーザートーニング→そばかすスポット照射,レーザートーニング,そばかすスポット照射,同部位,2週間,同部位は不可／別部位は可,,別部位の場合は同日可,不要,20250309_秋田ver,トーニング・レーザートーニング・メドライトC6・肝斑・くすみ,そばかすスポット・そばかす・スポット照射・シミ・そばかす治療
ピコトーニング→そばかすスポット照射,ピコトーニング,そばかすスポット照射,同部位,2週間,同部位は不可／別部位は可,,別部位の場合は同日可,不要,20250309_秋田ver,ピコトーニング・ピコ・トーニング・肝斑・くすみ,そばかすスポット・そばかす・スポット照射・シミ・そばかす治療
ピコフラクショナル（1064nm）→そばかすスポット照射,ピコフラクショナル（1064nm）,そばかすスポット照射,同部位,4週間,同部位は不可／別部位は可,,別部位の場合は同日可,不要,20250309_秋田ver,ピコフラクショナル・ピコフラク・1064・フラクショナル・毛穴・肌質改善・ニキビ跡,そばかすスポット・そばかす・スポット照射・シミ・そばかす治療
そばかすシャワー（532レーザー）→そばかすスポット照射,そばかすシャワー（532レーザー）,そばかすスポット照射,同部位,1～3か月,同部位は不可／別部位は可,,別部位の場合は同日可,不要,20250309_秋田ver,そばかすシャワー・そばかす・532・そばかす治療,そばかすスポット・そばかす・スポット照射・シミ・そばかす治療
そばかすスポット照射→そばかすスポット照射,そばかすスポット照射,そばかすスポット照射,同一箇所／明らかな別箇所,取り残し：3週間以内／それ以外の同一箇所：3か月以上,同部位は不可／別部位は可,,明らかな別箇所は3か月空ける必要なし。同じ箇所または箇所が不明な場合は3か月空けます／別部位の場合は同日可,必要,20250309_秋田ver,そばかすスポット・そばかす・スポット照射・シミ・そばかす治療,そばかすスポット・そばかす・スポット照射・シミ・そばかす治療
フォトフェイシャル（光治療）→そばかすスポット照射,フォトフェイシャル（光治療）,そばかすスポット照射,同部位,2週間,同部位は不可／別部位は可,,別部位の場合は同日可,不要,20250309_秋田ver,フォト・フォトフェイシャル・光治療・IPL・ステラM22,そばかすスポット・そばかす・スポット照射・シミ・そばかす治療
赤み治療（血管腫レーザー）→そばかすスポット照射,赤み治療（血管腫レーザー）,そばかすスポット照射,同部位,治療完了後 2週間,同部位は不可／別部位は可,,別部位の場合は同日可,不要,20250309_秋田ver,赤み治療・血管腫レーザー・赤ら顔・毛細血管拡張,そばかすスポット・そばかす・スポット照射・シミ・そばかす治療
ボトックス注射（通常）→そばかすスポット照射,ボトックス注射（通常）,そばかすスポット照射,同部位,2週間,同部位は不可／別部位は可,,別部位の場合は同日可,不要,20250309_秋田ver,ボトックス・ボトックス注射・ボツリヌストキシン・エラボトックス・小顔・シワ,そばかすスポット・そばかす・スポット照射・シミ・そばかす治療
マイクロボトックス→そばかすスポット照射,マイクロボトックス,そばかすスポット照射,同部位,2週間,同部位は不可／別部位は可,,別部位の場合は同日可,不要,20250309_秋田ver,マイクロボトックス・ボトックス・マイクロ・毛穴・テカリ,そばかすスポット・そばかす・スポット照射・シミ・そばかす治療
テノールNEO（テノールネオ）→そばかすスポット照射,テノールNEO（テノールネオ）,そばかすスポット照射,同部位,2週間,同部位は不可／別部位は可,,別部位の場合は同日可,不要,20250309_秋田ver,テノールネオ・テノールNEO・テノール・たるみ・引き締め,そばかすスポット・そばかす・スポット照射・シミ・そばかす治療
フラルスキン（トレチノイン）→そばかすスポット照射,フラルスキン（トレチノイン）,そばかすスポット照射,同部位,1週間,同部位は不可／別部位は可,,トレチノインのみの場合／別部位の場合は同日可,不要,20250309_秋田ver,フラルスキン・トレチ・トレチノイン・ハイドロキノン,そばかすスポット・そばかす・スポット照射・シミ・そばかす治療
部分シミ治療（トレチノイン）→そばかすスポット照射,部分シミ治療（トレチノイン）,そばかすスポット照射,同部位,4週間,同部位は不可／別部位は可,,別部位の場合は同日可,不要,20250309_秋田ver,部分シミ・トレチ・トレチノイン・シミ,そばかすスポット・そばかす・スポット照射・シミ・そばかす治療
mikoメソッド（首いぼ治療）→そばかすスポット照射,mikoメソッド（首いぼ治療）,そばかすスポット照射,同部位,4週間,同部位は不可／別部位は可,,別部位の場合は同日可,不要,20250309_秋田ver,mikoメソッド・miko・ミコメソッド・首イボ・首いぼ・イボ,そばかすスポット・そばかす・スポット照射・シミ・そばかす治療
ほくろ切除・ほくろ除去→そばかすスポット照射,ほくろ切除・ほくろ除去,そばかすスポット照射,同部位,上皮化後 4週間,同部位は不可／別部位は可,,別部位の場合は同日可,不要,20250309_秋田ver,ほくろ切除・ほくろ除去・ほくろ・ほくろ取り,そばかすスポット・そばかす・スポット照射・シミ・そばかす治療
ボライト（スキンブースター）→そばかすスポット照射,ボライト（スキンブースター）,そばかすスポット照射,同部位,2週間,同部位は不可／別部位は可,,別部位の場合は同日可,不要,20250309_秋田ver,ボライト・スキンブースター・ヒアルロン酸・ジュビダーム,そばかすスポット・そばかす・スポット照射・シミ・そばかす治療
稗粒腫（はいりゅうしゅ）除去→そばかすスポット照射,稗粒腫（はいりゅうしゅ）除去,そばかすスポット照射,同部位,1週間,同部位は不可／別部位は可,,別部位の場合は同日可,不要,20250309_秋田ver,稗粒腫・はいりゅうしゅ・ぶつぶつ・ブツブツ,そばかすスポット・そばかす・スポット照射・シミ・そばかす治療
ヴェルヴェットスキン→そばかすスポット照射,ヴェルヴェットスキン,そばかすスポット照射,同部位,4週間,同部位は不可／別部位は可,,別部位の場合は同日可,不要,20250309_秋田ver,ヴェルヴェットスキン・ヴェルヴェット・ベルベットスキン・ダーマペン・コラーゲンピール,そばかすスポット・そばかす・スポット照射・シミ・そばかす治療
ダーマペン4→そばかすスポット照射,ダーマペン4,そばかすスポット照射,同部位,4週間,同部位は不可／別部位は可,,別部位の場合は同日可,不要,20250309_秋田ver,ダーマペン・ダーマペン4・毛穴・ニキビ跡,そばかすスポット・そばかす・スポット照射・シミ・そばかす治療
HARG療法→そばかすスポット照射,HARG療法,そばかすスポット照射,別部位,翌日,不可,,括弧内の期間は別部位の場合。同部位の間隔はこのセルに明示されていません,必要,20250309_秋田ver,HARG・HARG療法・ハーグ・ハーグ療法・発毛・育毛・薄毛,そばかすスポット・そばかす・スポット照射・シミ・そばかす治療
スカルプ・プラセンタエッセンス→そばかすスポット照射,スカルプ・プラセンタエッセンス,そばかすスポット照射,別部位,翌日,不可,,括弧内の期間は別部位の場合。同部位の間隔はこのセルに明示されていません,必要,20250309_秋田ver,スカルプ・プラセンタ・プラセンタエッセンス・頭皮ケア・薄毛,そばかすスポット・そばかす・スポット照射・シミ・そばかす治療
コラーゲンピール（マッサージピール）→そばかすスポット照射,コラーゲンピール（マッサージピール）,そばかすスポット照射,同部位,2週間,同部位は不可／別部位は可,,別部位の場合は同日可,不要,20250309_秋田ver,コラーゲンピール・マッサージピール・PRX・ハリ,そばかすスポット・そばかす・スポット照射・シミ・そばかす治療
サーマクール→そばかすスポット照射,サーマクール,そばかすスポット照射,同部位,1週間,同部位は不可／別部位は可,,別部位の場合は同日可,不要,20250309_秋田ver,サーマクール・サーマ・たるみ・引き締め・リフトアップ,そばかすスポット・そばかす・スポット照射・シミ・そばかす治療
ミラドライ→そばかすスポット照射,ミラドライ,そばかすスポット照射,不明,-（原表記）,不明,,原表は「-」ですが意味が明示されていないため、可否・間隔を断定できません,必要,20250309_秋田ver,ミラドライ・ワキガ・腋臭・多汗症・わき汗,そばかすスポット・そばかす・スポット照射・シミ・そばかす治療
医療レーザー脱毛→そばかすスポット照射,医療レーザー脱毛,そばかすスポット照射,同部位,2週間,同部位は不可／別部位は可,,別部位の場合は同日可,不要,20250309_秋田ver,脱毛・医療脱毛・レーザー脱毛・全身脱毛・顔脱毛・VIO脱毛・ひげ脱毛・メンズ脱毛,そばかすスポット・そばかす・スポット照射・シミ・そばかす治療
タトゥー除去（刺青除去）→そばかすスポット照射,タトゥー除去（刺青除去）,そばかすスポット照射,同部位,3か月,同部位は不可／別部位は可,,別部位の場合は同日可,不要,20250309_秋田ver,タトゥー・タトゥー除去・刺青・いれずみ・入れ墨,そばかすスポット・そばかす・スポット照射・シミ・そばかす治療
アートメイク→そばかすスポット照射,アートメイク,そばかすスポット照射,同部位,2週間,同部位は不可／別部位は可,,別部位の場合は同日可,不要,20250309_秋田ver,アートメイク・眉アートメイク・リップアートメイク・タトゥーメイク,そばかすスポット・そばかす・スポット照射・シミ・そばかす治療
ハイドラジェントル→フォトフェイシャル（光治療）,ハイドラジェントル,フォトフェイシャル（光治療）,面の治療との併用,初回：同日不可／2回目以降：同日可,条件付き,ハイドラを先に実施,初回は同日不可。問題がなかった場合は2回目以降で同日可,不要,20250309_秋田ver,ハイドラ・ハイドラフェイシャル・ハイドラクレンジング・毛穴洗浄,フォト・フォトフェイシャル・光治療・IPL・ステラM22
ケミカルピーリング→フォトフェイシャル（光治療）,ケミカルピーリング,フォトフェイシャル（光治療）,同部位,2週間,同部位は不可／別部位は可,,別部位の場合は同日可,不要,20250309_秋田ver,ピーリング・ケミカルピーリング・サリチル酸ピーリング,フォト・フォトフェイシャル・光治療・IPL・ステラM22
スマートサイドドットレーザー（2回目以降）→フォトフェイシャル（光治療）,スマートサイドドットレーザー（2回目以降）,フォトフェイシャル（光治療）,同部位,4週間,同部位は不可／別部位は可,,別部位の場合は同日可,不要,20250309_秋田ver,スマサイ・スマートサイドドット・スマートサイドドットレーザー,フォト・フォトフェイシャル・光治療・IPL・ステラM22
スマートサイドドットレーザー（初回）→フォトフェイシャル（光治療）,スマートサイドドットレーザー（初回）,フォトフェイシャル（光治療）,同部位,3週間,同部位は不可／別部位は可,,別部位の場合は同日可,不要,20250309_秋田ver,スマサイ・スマサイ初回・スマートサイドドット・スマートサイドドットレーザー,フォト・フォトフェイシャル・光治療・IPL・ステラM22
イボレーザー（炭酸ガス／CO2レーザー）→フォトフェイシャル（光治療）,イボレーザー（炭酸ガス／CO2レーザー）,フォトフェイシャル（光治療）,同部位,4週間,同部位は不可／別部位は可,,別部位の場合は同日可,不要,20250309_秋田ver,CO2・CO2レーザー・炭酸ガスレーザー・イボレーザー・いぼレーザー・イボ取り,フォト・フォトフェイシャル・光治療・IPL・ステラM22
シミ取りレーザー→フォトフェイシャル（光治療）,シミ取りレーザー,フォトフェイシャル（光治療）,同部位,4週間,同部位は不可／別部位は可,,別部位の場合は同日可,不要,20250309_秋田ver,シミレーザー・シミ取り・シミ取りレーザー・シミ治療,フォト・フォトフェイシャル・光治療・IPL・ステラM22
ADM治療（ピコレーザー）→フォトフェイシャル（光治療）,ADM治療（ピコレーザー）,フォトフェイシャル（光治療）,同部位,治療完了後 4週間,同部位は不可／別部位は可,,別部位の場合は同日可,不要,20250309_秋田ver,ADM・ADMレーザー・ピコレーザー・ピコ・あざ治療・太田母斑,フォト・フォトフェイシャル・光治療・IPL・ステラM22
ADM治療（ナノレーザー・メドライトC6）→フォトフェイシャル（光治療）,ADM治療（ナノレーザー・メドライトC6）,フォトフェイシャル（光治療）,同部位,治療完了後 4週間,同部位は不可／別部位は可,,別部位の場合は同日可,不要,20250309_秋田ver,ADM・ADMレーザー・ナノレーザー・メドライトC6・C6・あざ治療・太田母斑,フォト・フォトフェイシャル・光治療・IPL・ステラM22
レーザートーニング→フォトフェイシャル（光治療）,レーザートーニング,フォトフェイシャル（光治療）,同部位,1週間,同部位は不可／別部位は可,,別部位の場合は同日可,不要,20250309_秋田ver,トーニング・レーザートーニング・メドライトC6・肝斑・くすみ,フォト・フォトフェイシャル・光治療・IPL・ステラM22
ピコトーニング→フォトフェイシャル（光治療）,ピコトーニング,フォトフェイシャル（光治療）,同部位,2週間,同部位は不可／別部位は可,,別部位の場合は同日可,不要,20250309_秋田ver,ピコトーニング・ピコ・トーニング・肝斑・くすみ,フォト・フォトフェイシャル・光治療・IPL・ステラM22
ピコフラクショナル（1064nm）→フォトフェイシャル（光治療）,ピコフラクショナル（1064nm）,フォトフェイシャル（光治療）,同部位,3週間,同部位は不可／別部位は可,,別部位の場合は同日可,不要,20250309_秋田ver,ピコフラクショナル・ピコフラク・1064・フラクショナル・毛穴・肌質改善・ニキビ跡,フォト・フォトフェイシャル・光治療・IPL・ステラM22
そばかすシャワー（532レーザー）→フォトフェイシャル（光治療）,そばかすシャワー（532レーザー）,フォトフェイシャル（光治療）,同部位,4週間,同部位は不可／別部位は可,,別部位の場合は同日可,不要,20250309_秋田ver,そばかすシャワー・そばかす・532・そばかす治療,フォト・フォトフェイシャル・光治療・IPL・ステラM22
そばかすスポット照射→フォトフェイシャル（光治療）,そばかすスポット照射,フォトフェイシャル（光治療）,同部位,4週間,同部位は不可／別部位は可,,別部位の場合は同日可,不要,20250309_秋田ver,そばかすスポット・そばかす・スポット照射・シミ・そばかす治療,フォト・フォトフェイシャル・光治療・IPL・ステラM22
フォトフェイシャル（光治療）→フォトフェイシャル（光治療）,フォトフェイシャル（光治療）,フォトフェイシャル（光治療）,同部位,3〜4週間,同部位は不可／別部位は可,,別部位の場合は同日可,不要,20250309_秋田ver,フォト・フォトフェイシャル・光治療・IPL・ステラM22,フォト・フォトフェイシャル・光治療・IPL・ステラM22
赤み治療（血管腫レーザー）→フォトフェイシャル（光治療）,赤み治療（血管腫レーザー）,フォトフェイシャル（光治療）,同部位,治療完了後 2週間,同部位は不可／別部位は可,,別部位の場合は同日可,不要,20250309_秋田ver,赤み治療・血管腫レーザー・赤ら顔・毛細血管拡張,フォト・フォトフェイシャル・光治療・IPL・ステラM22
ボトックス注射（通常）→フォトフェイシャル（光治療）,ボトックス注射（通常）,フォトフェイシャル（光治療）,同部位,2週間,同部位は不可／別部位は可,,別部位の場合は同日可,不要,20250309_秋田ver,ボトックス・ボトックス注射・ボツリヌストキシン・エラボトックス・小顔・シワ,フォト・フォトフェイシャル・光治療・IPL・ステラM22
マイクロボトックス→フォトフェイシャル（光治療）,マイクロボトックス,フォトフェイシャル（光治療）,同部位,2週間,同部位は不可／別部位は可,,別部位の場合は同日可,不要,20250309_秋田ver,マイクロボトックス・ボトックス・マイクロ・毛穴・テカリ,フォト・フォトフェイシャル・光治療・IPL・ステラM22
テノールNEO（テノールネオ）→フォトフェイシャル（光治療）,テノールNEO（テノールネオ）,フォトフェイシャル（光治療）,同部位,1週間,同部位は不可／別部位は可,,別部位の場合は同日可,不要,20250309_秋田ver,テノールネオ・テノールNEO・テノール・たるみ・引き締め,フォト・フォトフェイシャル・光治療・IPL・ステラM22
フラルスキン（トレチノイン）→フォトフェイシャル（光治療）,フラルスキン（トレチノイン）,フォトフェイシャル（光治療）,同部位,1週間,同部位は不可／別部位は可,,トレチノインのみの場合／別部位の場合は同日可,不要,20250309_秋田ver,フラルスキン・トレチ・トレチノイン・ハイドロキノン,フォト・フォトフェイシャル・光治療・IPL・ステラM22
部分シミ治療（トレチノイン）→フォトフェイシャル（光治療）,部分シミ治療（トレチノイン）,フォトフェイシャル（光治療）,同部位,4週間,同部位は不可／別部位は可,,別部位の場合は同日可,不要,20250309_秋田ver,部分シミ・トレチ・トレチノイン・シミ,フォト・フォトフェイシャル・光治療・IPL・ステラM22
mikoメソッド（首いぼ治療）→フォトフェイシャル（光治療）,mikoメソッド（首いぼ治療）,フォトフェイシャル（光治療）,同部位,4週間,同部位は不可／別部位は可,,別部位の場合は同日可,不要,20250309_秋田ver,mikoメソッド・miko・ミコメソッド・首イボ・首いぼ・イボ,フォト・フォトフェイシャル・光治療・IPL・ステラM22
ほくろ切除・ほくろ除去→フォトフェイシャル（光治療）,ほくろ切除・ほくろ除去,フォトフェイシャル（光治療）,同部位,上皮化後 4週間,同部位は不可／別部位は可,,別部位の場合は同日可,不要,20250309_秋田ver,ほくろ切除・ほくろ除去・ほくろ・ほくろ取り,フォト・フォトフェイシャル・光治療・IPL・ステラM22
ボライト（スキンブースター）→フォトフェイシャル（光治療）,ボライト（スキンブースター）,フォトフェイシャル（光治療）,同部位,4週間,同部位は不可／別部位は可,,別部位の場合は同日可,不要,20250309_秋田ver,ボライト・スキンブースター・ヒアルロン酸・ジュビダーム,フォト・フォトフェイシャル・光治療・IPL・ステラM22
稗粒腫（はいりゅうしゅ）除去→フォトフェイシャル（光治療）,稗粒腫（はいりゅうしゅ）除去,フォトフェイシャル（光治療）,同部位,1週間,同部位は不可／別部位は可,,別部位の場合は同日可,不要,20250309_秋田ver,稗粒腫・はいりゅうしゅ・ぶつぶつ・ブツブツ,フォト・フォトフェイシャル・光治療・IPL・ステラM22
ヴェルヴェットスキン→フォトフェイシャル（光治療）,ヴェルヴェットスキン,フォトフェイシャル（光治療）,同部位,4週間,同部位は不可／別部位は可,,別部位の場合は同日可,不要,20250309_秋田ver,ヴェルヴェットスキン・ヴェルヴェット・ベルベットスキン・ダーマペン・コラーゲンピール,フォト・フォトフェイシャル・光治療・IPL・ステラM22
ダーマペン4→フォトフェイシャル（光治療）,ダーマペン4,フォトフェイシャル（光治療）,同部位,4週間,同部位は不可／別部位は可,,別部位の場合は同日可,不要,20250309_秋田ver,ダーマペン・ダーマペン4・毛穴・ニキビ跡,フォト・フォトフェイシャル・光治療・IPL・ステラM22
HARG療法→フォトフェイシャル（光治療）,HARG療法,フォトフェイシャル（光治療）,別部位,翌日,不可,,括弧内の期間は別部位の場合。同部位の間隔はこのセルに明示されていません,必要,20250309_秋田ver,HARG・HARG療法・ハーグ・ハーグ療法・発毛・育毛・薄毛,フォト・フォトフェイシャル・光治療・IPL・ステラM22
スカルプ・プラセンタエッセンス→フォトフェイシャル（光治療）,スカルプ・プラセンタエッセンス,フォトフェイシャル（光治療）,別部位,翌日,不可,,括弧内の期間は別部位の場合。同部位の間隔はこのセルに明示されていません,必要,20250309_秋田ver,スカルプ・プラセンタ・プラセンタエッセンス・頭皮ケア・薄毛,フォト・フォトフェイシャル・光治療・IPL・ステラM22
コラーゲンピール（マッサージピール）→フォトフェイシャル（光治療）,コラーゲンピール（マッサージピール）,フォトフェイシャル（光治療）,同部位,2週間,同部位は不可／別部位は可,,別部位の場合は同日可,不要,20250309_秋田ver,コラーゲンピール・マッサージピール・PRX・ハリ,フォト・フォトフェイシャル・光治療・IPL・ステラM22
サーマクール→フォトフェイシャル（光治療）,サーマクール,フォトフェイシャル（光治療）,同部位,1週間,同部位は不可／別部位は可,,別部位の場合は同日可,不要,20250309_秋田ver,サーマクール・サーマ・たるみ・引き締め・リフトアップ,フォト・フォトフェイシャル・光治療・IPL・ステラM22
ミラドライ→フォトフェイシャル（光治療）,ミラドライ,フォトフェイシャル（光治療）,不明,-（原表記）,不明,,原表は「-」ですが意味が明示されていないため、可否・間隔を断定できません,必要,20250309_秋田ver,ミラドライ・ワキガ・腋臭・多汗症・わき汗,フォト・フォトフェイシャル・光治療・IPL・ステラM22
医療レーザー脱毛→フォトフェイシャル（光治療）,医療レーザー脱毛,フォトフェイシャル（光治療）,同部位,2週間,同部位は不可／別部位は可,,別部位の場合は同日可,不要,20250309_秋田ver,脱毛・医療脱毛・レーザー脱毛・全身脱毛・顔脱毛・VIO脱毛・ひげ脱毛・メンズ脱毛,フォト・フォトフェイシャル・光治療・IPL・ステラM22
タトゥー除去（刺青除去）→フォトフェイシャル（光治療）,タトゥー除去（刺青除去）,フォトフェイシャル（光治療）,同部位,3か月,同部位は不可／別部位は可,,別部位の場合は同日可,不要,20250309_秋田ver,タトゥー・タトゥー除去・刺青・いれずみ・入れ墨,フォト・フォトフェイシャル・光治療・IPL・ステラM22
アートメイク→フォトフェイシャル（光治療）,アートメイク,フォトフェイシャル（光治療）,同部位,2週間,同部位は不可／別部位は可,,別部位の場合は同日可,不要,20250309_秋田ver,アートメイク・眉アートメイク・リップアートメイク・タトゥーメイク,フォト・フォトフェイシャル・光治療・IPL・ステラM22
ハイドラジェントル→赤み治療（血管腫レーザー）,ハイドラジェントル,赤み治療（血管腫レーザー）,面の治療との併用,初回：同日不可／2回目以降：同日可,条件付き,ハイドラを先に実施,初回は同日不可。問題がなかった場合は2回目以降で同日可,不要,20250309_秋田ver,ハイドラ・ハイドラフェイシャル・ハイドラクレンジング・毛穴洗浄,赤み治療・血管腫レーザー・赤ら顔・毛細血管拡張
ケミカルピーリング→赤み治療（血管腫レーザー）,ケミカルピーリング,赤み治療（血管腫レーザー）,同部位,2週間,同部位は不可／別部位は可,,別部位の場合は同日可,不要,20250309_秋田ver,ピーリング・ケミカルピーリング・サリチル酸ピーリング,赤み治療・血管腫レーザー・赤ら顔・毛細血管拡張
スマートサイドドットレーザー（2回目以降）→赤み治療（血管腫レーザー）,スマートサイドドットレーザー（2回目以降）,赤み治療（血管腫レーザー）,同部位,4週間,同部位は不可／別部位は可,,別部位の場合は同日可,不要,20250309_秋田ver,スマサイ・スマートサイドドット・スマートサイドドットレーザー,赤み治療・血管腫レーザー・赤ら顔・毛細血管拡張
スマートサイドドットレーザー（初回）→赤み治療（血管腫レーザー）,スマートサイドドットレーザー（初回）,赤み治療（血管腫レーザー）,同部位,3週間,同部位は不可／別部位は可,,別部位の場合は同日可,不要,20250309_秋田ver,スマサイ・スマサイ初回・スマートサイドドット・スマートサイドドットレーザー,赤み治療・血管腫レーザー・赤ら顔・毛細血管拡張
イボレーザー（炭酸ガス／CO2レーザー）→赤み治療（血管腫レーザー）,イボレーザー（炭酸ガス／CO2レーザー）,赤み治療（血管腫レーザー）,同部位,4週間,同部位は不可／別部位は可,,別部位の場合は同日可,不要,20250309_秋田ver,CO2・CO2レーザー・炭酸ガスレーザー・イボレーザー・いぼレーザー・イボ取り,赤み治療・血管腫レーザー・赤ら顔・毛細血管拡張
シミ取りレーザー→赤み治療（血管腫レーザー）,シミ取りレーザー,赤み治療（血管腫レーザー）,同部位,4週間,同部位は不可／別部位は可,,別部位の場合は同日可,不要,20250309_秋田ver,シミレーザー・シミ取り・シミ取りレーザー・シミ治療,赤み治療・血管腫レーザー・赤ら顔・毛細血管拡張
ADM治療（ピコレーザー）→赤み治療（血管腫レーザー）,ADM治療（ピコレーザー）,赤み治療（血管腫レーザー）,同部位,治療完了後 4週間,同部位は不可／別部位は可,,別部位の場合は同日可,不要,20250309_秋田ver,ADM・ADMレーザー・ピコレーザー・ピコ・あざ治療・太田母斑,赤み治療・血管腫レーザー・赤ら顔・毛細血管拡張
ADM治療（ナノレーザー・メドライトC6）→赤み治療（血管腫レーザー）,ADM治療（ナノレーザー・メドライトC6）,赤み治療（血管腫レーザー）,同部位,治療完了後 4週間,同部位は不可／別部位は可,,別部位の場合は同日可,不要,20250309_秋田ver,ADM・ADMレーザー・ナノレーザー・メドライトC6・C6・あざ治療・太田母斑,赤み治療・血管腫レーザー・赤ら顔・毛細血管拡張
レーザートーニング→赤み治療（血管腫レーザー）,レーザートーニング,赤み治療（血管腫レーザー）,同部位,1週間,同部位は不可／別部位は可,,別部位の場合は同日可,不要,20250309_秋田ver,トーニング・レーザートーニング・メドライトC6・肝斑・くすみ,赤み治療・血管腫レーザー・赤ら顔・毛細血管拡張
ピコトーニング→赤み治療（血管腫レーザー）,ピコトーニング,赤み治療（血管腫レーザー）,同部位,2週間,同部位は不可／別部位は可,,別部位の場合は同日可,不要,20250309_秋田ver,ピコトーニング・ピコ・トーニング・肝斑・くすみ,赤み治療・血管腫レーザー・赤ら顔・毛細血管拡張
ピコフラクショナル（1064nm）→赤み治療（血管腫レーザー）,ピコフラクショナル（1064nm）,赤み治療（血管腫レーザー）,同部位,3週間,同部位は不可／別部位は可,,別部位の場合は同日可,不要,20250309_秋田ver,ピコフラクショナル・ピコフラク・1064・フラクショナル・毛穴・肌質改善・ニキビ跡,赤み治療・血管腫レーザー・赤ら顔・毛細血管拡張
そばかすシャワー（532レーザー）→赤み治療（血管腫レーザー）,そばかすシャワー（532レーザー）,赤み治療（血管腫レーザー）,同部位,4週間,同部位は不可／別部位は可,,別部位の場合は同日可,不要,20250309_秋田ver,そばかすシャワー・そばかす・532・そばかす治療,赤み治療・血管腫レーザー・赤ら顔・毛細血管拡張
そばかすスポット照射→赤み治療（血管腫レーザー）,そばかすスポット照射,赤み治療（血管腫レーザー）,同部位,4週間,同部位は不可／別部位は可,,別部位の場合は同日可,不要,20250309_秋田ver,そばかすスポット・そばかす・スポット照射・シミ・そばかす治療,赤み治療・血管腫レーザー・赤ら顔・毛細血管拡張
フォトフェイシャル（光治療）→赤み治療（血管腫レーザー）,フォトフェイシャル（光治療）,赤み治療（血管腫レーザー）,同部位,3〜4週間,同部位は不可／別部位は可,,別部位の場合は同日可,不要,20250309_秋田ver,フォト・フォトフェイシャル・光治療・IPL・ステラM22,赤み治療・血管腫レーザー・赤ら顔・毛細血管拡張
赤み治療（血管腫レーザー）→赤み治療（血管腫レーザー）,赤み治療（血管腫レーザー）,赤み治療（血管腫レーザー）,同部位,2〜4週間,同部位は不可／別部位は可,,別部位の場合は同日可,不要,20250309_秋田ver,赤み治療・血管腫レーザー・赤ら顔・毛細血管拡張,赤み治療・血管腫レーザー・赤ら顔・毛細血管拡張
ボトックス注射（通常）→赤み治療（血管腫レーザー）,ボトックス注射（通常）,赤み治療（血管腫レーザー）,同部位,2週間,同部位は不可／別部位は可,,別部位の場合は同日可,不要,20250309_秋田ver,ボトックス・ボトックス注射・ボツリヌストキシン・エラボトックス・小顔・シワ,赤み治療・血管腫レーザー・赤ら顔・毛細血管拡張
マイクロボトックス→赤み治療（血管腫レーザー）,マイクロボトックス,赤み治療（血管腫レーザー）,同部位,2週間,同部位は不可／別部位は可,,別部位の場合は同日可,不要,20250309_秋田ver,マイクロボトックス・ボトックス・マイクロ・毛穴・テカリ,赤み治療・血管腫レーザー・赤ら顔・毛細血管拡張
テノールNEO（テノールネオ）→赤み治療（血管腫レーザー）,テノールNEO（テノールネオ）,赤み治療（血管腫レーザー）,同部位,1週間,同部位は不可／別部位は可,,別部位の場合は同日可,不要,20250309_秋田ver,テノールネオ・テノールNEO・テノール・たるみ・引き締め,赤み治療・血管腫レーザー・赤ら顔・毛細血管拡張
フラルスキン（トレチノイン）→赤み治療（血管腫レーザー）,フラルスキン（トレチノイン）,赤み治療（血管腫レーザー）,同部位,1週間,同部位は不可／別部位は可,,トレチノインのみの場合／別部位の場合は同日可,不要,20250309_秋田ver,フラルスキン・トレチ・トレチノイン・ハイドロキノン,赤み治療・血管腫レーザー・赤ら顔・毛細血管拡張
部分シミ治療（トレチノイン）→赤み治療（血管腫レーザー）,部分シミ治療（トレチノイン）,赤み治療（血管腫レーザー）,同部位,4週間,同部位は不可／別部位は可,,別部位の場合は同日可,不要,20250309_秋田ver,部分シミ・トレチ・トレチノイン・シミ,赤み治療・血管腫レーザー・赤ら顔・毛細血管拡張
mikoメソッド（首いぼ治療）→赤み治療（血管腫レーザー）,mikoメソッド（首いぼ治療）,赤み治療（血管腫レーザー）,同部位,4週間,同部位は不可／別部位は可,,別部位の場合は同日可,不要,20250309_秋田ver,mikoメソッド・miko・ミコメソッド・首イボ・首いぼ・イボ,赤み治療・血管腫レーザー・赤ら顔・毛細血管拡張
ほくろ切除・ほくろ除去→赤み治療（血管腫レーザー）,ほくろ切除・ほくろ除去,赤み治療（血管腫レーザー）,同部位,上皮化後 4週間,同部位は不可／別部位は可,,別部位の場合は同日可,不要,20250309_秋田ver,ほくろ切除・ほくろ除去・ほくろ・ほくろ取り,赤み治療・血管腫レーザー・赤ら顔・毛細血管拡張
ボライト（スキンブースター）→赤み治療（血管腫レーザー）,ボライト（スキンブースター）,赤み治療（血管腫レーザー）,同部位,4週間,同部位は不可／別部位は可,,別部位の場合は同日可,不要,20250309_秋田ver,ボライト・スキンブースター・ヒアルロン酸・ジュビダーム,赤み治療・血管腫レーザー・赤ら顔・毛細血管拡張
稗粒腫（はいりゅうしゅ）除去→赤み治療（血管腫レーザー）,稗粒腫（はいりゅうしゅ）除去,赤み治療（血管腫レーザー）,同部位,1週間,同部位は不可／別部位は可,,別部位の場合は同日可,不要,20250309_秋田ver,稗粒腫・はいりゅうしゅ・ぶつぶつ・ブツブツ,赤み治療・血管腫レーザー・赤ら顔・毛細血管拡張
ヴェルヴェットスキン→赤み治療（血管腫レーザー）,ヴェルヴェットスキン,赤み治療（血管腫レーザー）,同部位,4週間,同部位は不可／別部位は可,,別部位の場合は同日可,不要,20250309_秋田ver,ヴェルヴェットスキン・ヴェルヴェット・ベルベットスキン・ダーマペン・コラーゲンピール,赤み治療・血管腫レーザー・赤ら顔・毛細血管拡張
ダーマペン4→赤み治療（血管腫レーザー）,ダーマペン4,赤み治療（血管腫レーザー）,同部位,4週間,同部位は不可／別部位は可,,別部位の場合は同日可,不要,20250309_秋田ver,ダーマペン・ダーマペン4・毛穴・ニキビ跡,赤み治療・血管腫レーザー・赤ら顔・毛細血管拡張
HARG療法→赤み治療（血管腫レーザー）,HARG療法,赤み治療（血管腫レーザー）,別部位,翌日,不可,,括弧内の期間は別部位の場合。同部位の間隔はこのセルに明示されていません,必要,20250309_秋田ver,HARG・HARG療法・ハーグ・ハーグ療法・発毛・育毛・薄毛,赤み治療・血管腫レーザー・赤ら顔・毛細血管拡張
スカルプ・プラセンタエッセンス→赤み治療（血管腫レーザー）,スカルプ・プラセンタエッセンス,赤み治療（血管腫レーザー）,別部位,翌日,不可,,括弧内の期間は別部位の場合。同部位の間隔はこのセルに明示されていません,必要,20250309_秋田ver,スカルプ・プラセンタ・プラセンタエッセンス・頭皮ケア・薄毛,赤み治療・血管腫レーザー・赤ら顔・毛細血管拡張
コラーゲンピール（マッサージピール）→赤み治療（血管腫レーザー）,コラーゲンピール（マッサージピール）,赤み治療（血管腫レーザー）,同部位,2週間,同部位は不可／別部位は可,,別部位の場合は同日可,不要,20250309_秋田ver,コラーゲンピール・マッサージピール・PRX・ハリ,赤み治療・血管腫レーザー・赤ら顔・毛細血管拡張
サーマクール→赤み治療（血管腫レーザー）,サーマクール,赤み治療（血管腫レーザー）,同部位,1週間,同部位は不可／別部位は可,,別部位の場合は同日可,不要,20250309_秋田ver,サーマクール・サーマ・たるみ・引き締め・リフトアップ,赤み治療・血管腫レーザー・赤ら顔・毛細血管拡張
ミラドライ→赤み治療（血管腫レーザー）,ミラドライ,赤み治療（血管腫レーザー）,不明,-（原表記）,不明,,原表は「-」ですが意味が明示されていないため、可否・間隔を断定できません,必要,20250309_秋田ver,ミラドライ・ワキガ・腋臭・多汗症・わき汗,赤み治療・血管腫レーザー・赤ら顔・毛細血管拡張
医療レーザー脱毛→赤み治療（血管腫レーザー）,医療レーザー脱毛,赤み治療（血管腫レーザー）,同部位,2週間,同部位は不可／別部位は可,,別部位の場合は同日可,不要,20250309_秋田ver,脱毛・医療脱毛・レーザー脱毛・全身脱毛・顔脱毛・VIO脱毛・ひげ脱毛・メンズ脱毛,赤み治療・血管腫レーザー・赤ら顔・毛細血管拡張
タトゥー除去（刺青除去）→赤み治療（血管腫レーザー）,タトゥー除去（刺青除去）,赤み治療（血管腫レーザー）,同部位,3か月,同部位は不可／別部位は可,,別部位の場合は同日可,不要,20250309_秋田ver,タトゥー・タトゥー除去・刺青・いれずみ・入れ墨,赤み治療・血管腫レーザー・赤ら顔・毛細血管拡張
アートメイク→赤み治療（血管腫レーザー）,アートメイク,赤み治療（血管腫レーザー）,同部位,2週間,同部位は不可／別部位は可,,別部位の場合は同日可,不要,20250309_秋田ver,アートメイク・眉アートメイク・リップアートメイク・タトゥーメイク,赤み治療・血管腫レーザー・赤ら顔・毛細血管拡張
ハイドラジェントル→ボトックス注射（通常）,ハイドラジェントル,ボトックス注射（通常）,同部位,同日,可,,,不要,20250309_秋田ver,ハイドラ・ハイドラフェイシャル・ハイドラクレンジング・毛穴洗浄,ボトックス・ボトックス注射・ボツリヌストキシン・エラボトックス・小顔・シワ
ケミカルピーリング→ボトックス注射（通常）,ケミカルピーリング,ボトックス注射（通常）,同部位,翌日,同部位は不可／別部位は可,,別部位の場合は同日可,不要,20250309_秋田ver,ピーリング・ケミカルピーリング・サリチル酸ピーリング,ボトックス・ボトックス注射・ボツリヌストキシン・エラボトックス・小顔・シワ
スマートサイドドットレーザー（2回目以降）→ボトックス注射（通常）,スマートサイドドットレーザー（2回目以降）,ボトックス注射（通常）,同部位,2週間,同部位は不可／別部位は可,,別部位の場合は同日可,不要,20250309_秋田ver,スマサイ・スマートサイドドット・スマートサイドドットレーザー,ボトックス・ボトックス注射・ボツリヌストキシン・エラボトックス・小顔・シワ
スマートサイドドットレーザー（初回）→ボトックス注射（通常）,スマートサイドドットレーザー（初回）,ボトックス注射（通常）,同部位,2週間,同部位は不可／別部位は可,,別部位の場合は同日可,不要,20250309_秋田ver,スマサイ・スマサイ初回・スマートサイドドット・スマートサイドドットレーザー,ボトックス・ボトックス注射・ボツリヌストキシン・エラボトックス・小顔・シワ
イボレーザー（炭酸ガス／CO2レーザー）→ボトックス注射（通常）,イボレーザー（炭酸ガス／CO2レーザー）,ボトックス注射（通常）,同部位,4週間,同部位は不可／別部位は可,,別部位の場合は同日可,不要,20250309_秋田ver,CO2・CO2レーザー・炭酸ガスレーザー・イボレーザー・いぼレーザー・イボ取り,ボトックス・ボトックス注射・ボツリヌストキシン・エラボトックス・小顔・シワ
シミ取りレーザー→ボトックス注射（通常）,シミ取りレーザー,ボトックス注射（通常）,同部位,4週間,同部位は不可／別部位は可,,別部位の場合は同日可,不要,20250309_秋田ver,シミレーザー・シミ取り・シミ取りレーザー・シミ治療,ボトックス・ボトックス注射・ボツリヌストキシン・エラボトックス・小顔・シワ
ADM治療（ピコレーザー）→ボトックス注射（通常）,ADM治療（ピコレーザー）,ボトックス注射（通常）,同部位,治療完了後 4週間,同部位は不可／別部位は可,,別部位の場合は同日可,不要,20250309_秋田ver,ADM・ADMレーザー・ピコレーザー・ピコ・あざ治療・太田母斑,ボトックス・ボトックス注射・ボツリヌストキシン・エラボトックス・小顔・シワ
ADM治療（ナノレーザー・メドライトC6）→ボトックス注射（通常）,ADM治療（ナノレーザー・メドライトC6）,ボトックス注射（通常）,同部位,治療完了後 4週間,同部位は不可／別部位は可,,別部位の場合は同日可,不要,20250309_秋田ver,ADM・ADMレーザー・ナノレーザー・メドライトC6・C6・あざ治療・太田母斑,ボトックス・ボトックス注射・ボツリヌストキシン・エラボトックス・小顔・シワ
レーザートーニング→ボトックス注射（通常）,レーザートーニング,ボトックス注射（通常）,同部位,同日,条件付き,,施術部位を冷やして実施する場合,不要,20250309_秋田ver,トーニング・レーザートーニング・メドライトC6・肝斑・くすみ,ボトックス・ボトックス注射・ボツリヌストキシン・エラボトックス・小顔・シワ
ピコトーニング→ボトックス注射（通常）,ピコトーニング,ボトックス注射（通常）,同部位,同日,条件付き,,施術部位を冷やして実施する場合,不要,20250309_秋田ver,ピコトーニング・ピコ・トーニング・肝斑・くすみ,ボトックス・ボトックス注射・ボツリヌストキシン・エラボトックス・小顔・シワ
ピコフラクショナル（1064nm）→ボトックス注射（通常）,ピコフラクショナル（1064nm）,ボトックス注射（通常）,同部位,2週間,同部位は不可／別部位は可,,別部位の場合は同日可,不要,20250309_秋田ver,ピコフラクショナル・ピコフラク・1064・フラクショナル・毛穴・肌質改善・ニキビ跡,ボトックス・ボトックス注射・ボツリヌストキシン・エラボトックス・小顔・シワ
そばかすシャワー（532レーザー）→ボトックス注射（通常）,そばかすシャワー（532レーザー）,ボトックス注射（通常）,同部位,2週間,同部位は不可／別部位は可,,別部位の場合は同日可,不要,20250309_秋田ver,そばかすシャワー・そばかす・532・そばかす治療,ボトックス・ボトックス注射・ボツリヌストキシン・エラボトックス・小顔・シワ
そばかすスポット照射→ボトックス注射（通常）,そばかすスポット照射,ボトックス注射（通常）,同部位,4週間,同部位は不可／別部位は可,,別部位の場合は同日可,不要,20250309_秋田ver,そばかすスポット・そばかす・スポット照射・シミ・そばかす治療,ボトックス・ボトックス注射・ボツリヌストキシン・エラボトックス・小顔・シワ
フォトフェイシャル（光治療）→ボトックス注射（通常）,フォトフェイシャル（光治療）,ボトックス注射（通常）,同部位,1週間,条件付き,,医師判断で、施術部位を冷やした場合は同日可,必要,20250309_秋田ver,フォト・フォトフェイシャル・光治療・IPL・ステラM22,ボトックス・ボトックス注射・ボツリヌストキシン・エラボトックス・小顔・シワ
赤み治療（血管腫レーザー）→ボトックス注射（通常）,赤み治療（血管腫レーザー）,ボトックス注射（通常）,同部位,治療完了後 2週間,同部位は不可／別部位は可,,別部位の場合は同日可,不要,20250309_秋田ver,赤み治療・血管腫レーザー・赤ら顔・毛細血管拡張,ボトックス・ボトックス注射・ボツリヌストキシン・エラボトックス・小顔・シワ
ボトックス注射（通常）→ボトックス注射（通常）,ボトックス注射（通常）,ボトックス注射（通常）,同一注入部位／別注入部位／部位不明,4か月,不可,,通常のボトックスは4か月、マイクロボトックスは3か月空けます。効果不足時の追加治療は医師判断です。同じ場所への追加注入は2週間経過後から3週間以内、遅くても1か月以内です。別部位への追加注入も2週間経過後です。部位が不明な場合は同じ場所への追加注入として扱います,必要（効果不足時の追加治療）,20250309_秋田ver,ボトックス・ボトックス注射・ボツリヌストキシン・エラボトックス・小顔・シワ,ボトックス・ボトックス注射・ボツリヌストキシン・エラボトックス・小顔・シワ
マイクロボトックス→ボトックス注射（通常）,マイクロボトックス,ボトックス注射（通常）,同一注入部位／別注入部位／部位不明,3か月,不可,,通常のボトックスは4か月、マイクロボトックスは3か月空けます。効果不足時の追加治療は医師判断です。同じ場所への追加注入は2週間経過後から3週間以内、遅くても1か月以内です。別部位への追加注入も2週間経過後です。部位が不明な場合は同じ場所への追加注入として扱います,必要（効果不足時の追加治療）,20250309_秋田ver,マイクロボトックス・ボトックス・マイクロ・毛穴・テカリ,ボトックス・ボトックス注射・ボツリヌストキシン・エラボトックス・小顔・シワ
テノールNEO（テノールネオ）→ボトックス注射（通常）,テノールNEO（テノールネオ）,ボトックス注射（通常）,同部位,同日,条件付き,テノールネオを先に実施,施術部位を冷やして実施する場合／基本的には同日可。ただし積極的な推奨ではなく、同日実施の強い希望がある場合に限ります,不要,20250309_秋田ver,テノールネオ・テノールNEO・テノール・たるみ・引き締め,ボトックス・ボトックス注射・ボツリヌストキシン・エラボトックス・小顔・シワ
フラルスキン（トレチノイン）→ボトックス注射（通常）,フラルスキン（トレチノイン）,ボトックス注射（通常）,同部位,同日,可,,,不要,20250309_秋田ver,フラルスキン・トレチ・トレチノイン・ハイドロキノン,ボトックス・ボトックス注射・ボツリヌストキシン・エラボトックス・小顔・シワ
部分シミ治療（トレチノイン）→ボトックス注射（通常）,部分シミ治療（トレチノイン）,ボトックス注射（通常）,同部位,同日,可,,,不要,20250309_秋田ver,部分シミ・トレチ・トレチノイン・シミ,ボトックス・ボトックス注射・ボツリヌストキシン・エラボトックス・小顔・シワ
mikoメソッド（首いぼ治療）→ボトックス注射（通常）,mikoメソッド（首いぼ治療）,ボトックス注射（通常）,同部位,4週間,同部位は不可／別部位は可,,別部位の場合は同日可,不要,20250309_秋田ver,mikoメソッド・miko・ミコメソッド・首イボ・首いぼ・イボ,ボトックス・ボトックス注射・ボツリヌストキシン・エラボトックス・小顔・シワ
ほくろ切除・ほくろ除去→ボトックス注射（通常）,ほくろ切除・ほくろ除去,ボトックス注射（通常）,同部位,上皮化後 4週間,同部位は不可／別部位は可,,別部位の場合は同日可,不要,20250309_秋田ver,ほくろ切除・ほくろ除去・ほくろ・ほくろ取り,ボトックス・ボトックス注射・ボツリヌストキシン・エラボトックス・小顔・シワ
ボライト（スキンブースター）→ボトックス注射（通常）,ボライト（スキンブースター）,ボトックス注射（通常）,同部位,4週間,同部位は不可／別部位は可,,別部位の場合は同日可,不要,20250309_秋田ver,ボライト・スキンブースター・ヒアルロン酸・ジュビダーム,ボトックス・ボトックス注射・ボツリヌストキシン・エラボトックス・小顔・シワ
稗粒腫（はいりゅうしゅ）除去→ボトックス注射（通常）,稗粒腫（はいりゅうしゅ）除去,ボトックス注射（通常）,同部位,1週間,同部位は不可／別部位は可,,別部位の場合は同日可,不要,20250309_秋田ver,稗粒腫・はいりゅうしゅ・ぶつぶつ・ブツブツ,ボトックス・ボトックス注射・ボツリヌストキシン・エラボトックス・小顔・シワ
ヴェルヴェットスキン→ボトックス注射（通常）,ヴェルヴェットスキン,ボトックス注射（通常）,同部位,2週間,同部位は不可／別部位は可,,別部位の場合は同日可,不要,20250309_秋田ver,ヴェルヴェットスキン・ヴェルヴェット・ベルベットスキン・ダーマペン・コラーゲンピール,ボトックス・ボトックス注射・ボツリヌストキシン・エラボトックス・小顔・シワ
ダーマペン4→ボトックス注射（通常）,ダーマペン4,ボトックス注射（通常）,同部位,2週間,同部位は不可／別部位は可,,別部位の場合は同日可,不要,20250309_秋田ver,ダーマペン・ダーマペン4・毛穴・ニキビ跡,ボトックス・ボトックス注射・ボツリヌストキシン・エラボトックス・小顔・シワ
HARG療法→ボトックス注射（通常）,HARG療法,ボトックス注射（通常）,別部位,翌日,不可,,括弧内の期間は別部位の場合。同部位の間隔はこのセルに明示されていません,必要,20250309_秋田ver,HARG・HARG療法・ハーグ・ハーグ療法・発毛・育毛・薄毛,ボトックス・ボトックス注射・ボツリヌストキシン・エラボトックス・小顔・シワ
スカルプ・プラセンタエッセンス→ボトックス注射（通常）,スカルプ・プラセンタエッセンス,ボトックス注射（通常）,別部位,翌日,不可,,括弧内の期間は別部位の場合。同部位の間隔はこのセルに明示されていません,必要,20250309_秋田ver,スカルプ・プラセンタ・プラセンタエッセンス・頭皮ケア・薄毛,ボトックス・ボトックス注射・ボツリヌストキシン・エラボトックス・小顔・シワ
コラーゲンピール（マッサージピール）→ボトックス注射（通常）,コラーゲンピール（マッサージピール）,ボトックス注射（通常）,同部位,翌日,同部位は不可／別部位は可,,別部位の場合は同日可,不要,20250309_秋田ver,コラーゲンピール・マッサージピール・PRX・ハリ,ボトックス・ボトックス注射・ボツリヌストキシン・エラボトックス・小顔・シワ
サーマクール→ボトックス注射（通常）,サーマクール,ボトックス注射（通常）,同部位,2週間,同部位は不可／別部位は可,,別部位の場合は同日可,不要,20250309_秋田ver,サーマクール・サーマ・たるみ・引き締め・リフトアップ,ボトックス・ボトックス注射・ボツリヌストキシン・エラボトックス・小顔・シワ
ミラドライ→ボトックス注射（通常）,ミラドライ,ボトックス注射（通常）,同部位,1か月,同部位は不可／別部位は可,,別部位の場合は同日可,不要,20250309_秋田ver,ミラドライ・ワキガ・腋臭・多汗症・わき汗,ボトックス・ボトックス注射・ボツリヌストキシン・エラボトックス・小顔・シワ
医療レーザー脱毛→ボトックス注射（通常）,医療レーザー脱毛,ボトックス注射（通常）,同部位,2週間,同部位は不可／別部位は可,,別部位の場合は同日可,不要,20250309_秋田ver,脱毛・医療脱毛・レーザー脱毛・全身脱毛・顔脱毛・VIO脱毛・ひげ脱毛・メンズ脱毛,ボトックス・ボトックス注射・ボツリヌストキシン・エラボトックス・小顔・シワ
タトゥー除去（刺青除去）→ボトックス注射（通常）,タトゥー除去（刺青除去）,ボトックス注射（通常）,同部位,3か月,同部位は不可／別部位は可,,別部位の場合は同日可,不要,20250309_秋田ver,タトゥー・タトゥー除去・刺青・いれずみ・入れ墨,ボトックス・ボトックス注射・ボツリヌストキシン・エラボトックス・小顔・シワ
アートメイク→ボトックス注射（通常）,アートメイク,ボトックス注射（通常）,同部位,2週間,同部位は不可／別部位は可,,別部位の場合は同日可,不要,20250309_秋田ver,アートメイク・眉アートメイク・リップアートメイク・タトゥーメイク,ボトックス・ボトックス注射・ボツリヌストキシン・エラボトックス・小顔・シワ
ハイドラジェントル→マイクロボトックス,ハイドラジェントル,マイクロボトックス,同部位,同日,可,,,不要,20250309_秋田ver,ハイドラ・ハイドラフェイシャル・ハイドラクレンジング・毛穴洗浄,マイクロボトックス・ボトックス・マイクロ・毛穴・テカリ
ケミカルピーリング→マイクロボトックス,ケミカルピーリング,マイクロボトックス,同部位,翌日,同部位は不可／別部位は可,,別部位の場合は同日可,不要,20250309_秋田ver,ピーリング・ケミカルピーリング・サリチル酸ピーリング,マイクロボトックス・ボトックス・マイクロ・毛穴・テカリ
スマートサイドドットレーザー（2回目以降）→マイクロボトックス,スマートサイドドットレーザー（2回目以降）,マイクロボトックス,同部位,2週間,同部位は不可／別部位は可,,別部位の場合は同日可,不要,20250309_秋田ver,スマサイ・スマートサイドドット・スマートサイドドットレーザー,マイクロボトックス・ボトックス・マイクロ・毛穴・テカリ
スマートサイドドットレーザー（初回）→マイクロボトックス,スマートサイドドットレーザー（初回）,マイクロボトックス,同部位,2週間,同部位は不可／別部位は可,,別部位の場合は同日可,不要,20250309_秋田ver,スマサイ・スマサイ初回・スマートサイドドット・スマートサイドドットレーザー,マイクロボトックス・ボトックス・マイクロ・毛穴・テカリ
イボレーザー（炭酸ガス／CO2レーザー）→マイクロボトックス,イボレーザー（炭酸ガス／CO2レーザー）,マイクロボトックス,同部位,4週間,同部位は不可／別部位は可,,別部位の場合は同日可,不要,20250309_秋田ver,CO2・CO2レーザー・炭酸ガスレーザー・イボレーザー・いぼレーザー・イボ取り,マイクロボトックス・ボトックス・マイクロ・毛穴・テカリ
シミ取りレーザー→マイクロボトックス,シミ取りレーザー,マイクロボトックス,同部位,4週間,同部位は不可／別部位は可,,別部位の場合は同日可,不要,20250309_秋田ver,シミレーザー・シミ取り・シミ取りレーザー・シミ治療,マイクロボトックス・ボトックス・マイクロ・毛穴・テカリ
ADM治療（ピコレーザー）→マイクロボトックス,ADM治療（ピコレーザー）,マイクロボトックス,同部位,治療完了後 4週間,同部位は不可／別部位は可,,別部位の場合は同日可,不要,20250309_秋田ver,ADM・ADMレーザー・ピコレーザー・ピコ・あざ治療・太田母斑,マイクロボトックス・ボトックス・マイクロ・毛穴・テカリ
ADM治療（ナノレーザー・メドライトC6）→マイクロボトックス,ADM治療（ナノレーザー・メドライトC6）,マイクロボトックス,同部位,治療完了後 4週間,同部位は不可／別部位は可,,別部位の場合は同日可,不要,20250309_秋田ver,ADM・ADMレーザー・ナノレーザー・メドライトC6・C6・あざ治療・太田母斑,マイクロボトックス・ボトックス・マイクロ・毛穴・テカリ
レーザートーニング→マイクロボトックス,レーザートーニング,マイクロボトックス,同部位,同日,条件付き,,施術部位を冷やして実施する場合,不要,20250309_秋田ver,トーニング・レーザートーニング・メドライトC6・肝斑・くすみ,マイクロボトックス・ボトックス・マイクロ・毛穴・テカリ
ピコトーニング→マイクロボトックス,ピコトーニング,マイクロボトックス,同部位,同日,条件付き,,施術部位を冷やして実施する場合,不要,20250309_秋田ver,ピコトーニング・ピコ・トーニング・肝斑・くすみ,マイクロボトックス・ボトックス・マイクロ・毛穴・テカリ
ピコフラクショナル（1064nm）→マイクロボトックス,ピコフラクショナル（1064nm）,マイクロボトックス,同部位,2週間,同部位は不可／別部位は可,,別部位の場合は同日可,不要,20250309_秋田ver,ピコフラクショナル・ピコフラク・1064・フラクショナル・毛穴・肌質改善・ニキビ跡,マイクロボトックス・ボトックス・マイクロ・毛穴・テカリ
そばかすシャワー（532レーザー）→マイクロボトックス,そばかすシャワー（532レーザー）,マイクロボトックス,同部位,2週間,同部位は不可／別部位は可,,別部位の場合は同日可,不要,20250309_秋田ver,そばかすシャワー・そばかす・532・そばかす治療,マイクロボトックス・ボトックス・マイクロ・毛穴・テカリ
そばかすスポット照射→マイクロボトックス,そばかすスポット照射,マイクロボトックス,同部位,4週間,同部位は不可／別部位は可,,別部位の場合は同日可,不要,20250309_秋田ver,そばかすスポット・そばかす・スポット照射・シミ・そばかす治療,マイクロボトックス・ボトックス・マイクロ・毛穴・テカリ
フォトフェイシャル（光治療）→マイクロボトックス,フォトフェイシャル（光治療）,マイクロボトックス,同部位,1週間,条件付き,,医師判断で、施術部位を冷やした場合は同日可,必要,20250309_秋田ver,フォト・フォトフェイシャル・光治療・IPL・ステラM22,マイクロボトックス・ボトックス・マイクロ・毛穴・テカリ
赤み治療（血管腫レーザー）→マイクロボトックス,赤み治療（血管腫レーザー）,マイクロボトックス,同部位,治療完了後 2週間,同部位は不可／別部位は可,,別部位の場合は同日可,不要,20250309_秋田ver,赤み治療・血管腫レーザー・赤ら顔・毛細血管拡張,マイクロボトックス・ボトックス・マイクロ・毛穴・テカリ
ボトックス注射（通常）→マイクロボトックス,ボトックス注射（通常）,マイクロボトックス,同一注入部位／別注入部位／部位不明,4か月,不可,,通常のボトックスは4か月、マイクロボトックスは3か月空けます。効果不足時の追加治療は医師判断です。同じ場所への追加注入は2週間経過後から3週間以内、遅くても1か月以内です。別部位への追加注入も2週間経過後です。部位が不明な場合は同じ場所への追加注入として扱います,必要（効果不足時の追加治療）,20250309_秋田ver,ボトックス・ボトックス注射・ボツリヌストキシン・エラボトックス・小顔・シワ,マイクロボトックス・ボトックス・マイクロ・毛穴・テカリ
マイクロボトックス→マイクロボトックス,マイクロボトックス,マイクロボトックス,同一注入部位／別注入部位／部位不明,3か月,不可,,通常のボトックスは4か月、マイクロボトックスは3か月空けます。効果不足時の追加治療は医師判断です。同じ場所への追加注入は2週間経過後から3週間以内、遅くても1か月以内です。別部位への追加注入も2週間経過後です。部位が不明な場合は同じ場所への追加注入として扱います,必要（効果不足時の追加治療）,20250309_秋田ver,マイクロボトックス・ボトックス・マイクロ・毛穴・テカリ,マイクロボトックス・ボトックス・マイクロ・毛穴・テカリ
テノールNEO（テノールネオ）→マイクロボトックス,テノールNEO（テノールネオ）,マイクロボトックス,同部位,同日,条件付き,テノールネオを先に実施,施術部位を冷やして実施する場合／基本的には同日可。ただし積極的な推奨ではなく、同日実施の強い希望がある場合に限ります,不要,20250309_秋田ver,テノールネオ・テノールNEO・テノール・たるみ・引き締め,マイクロボトックス・ボトックス・マイクロ・毛穴・テカリ
フラルスキン（トレチノイン）→マイクロボトックス,フラルスキン（トレチノイン）,マイクロボトックス,同部位,同日,可,,,不要,20250309_秋田ver,フラルスキン・トレチ・トレチノイン・ハイドロキノン,マイクロボトックス・ボトックス・マイクロ・毛穴・テカリ
部分シミ治療（トレチノイン）→マイクロボトックス,部分シミ治療（トレチノイン）,マイクロボトックス,同部位,同日,可,,,不要,20250309_秋田ver,部分シミ・トレチ・トレチノイン・シミ,マイクロボトックス・ボトックス・マイクロ・毛穴・テカリ
mikoメソッド（首いぼ治療）→マイクロボトックス,mikoメソッド（首いぼ治療）,マイクロボトックス,同部位,4週間,同部位は不可／別部位は可,,別部位の場合は同日可,不要,20250309_秋田ver,mikoメソッド・miko・ミコメソッド・首イボ・首いぼ・イボ,マイクロボトックス・ボトックス・マイクロ・毛穴・テカリ
ほくろ切除・ほくろ除去→マイクロボトックス,ほくろ切除・ほくろ除去,マイクロボトックス,同部位,上皮化後 4週間,同部位は不可／別部位は可,,別部位の場合は同日可,不要,20250309_秋田ver,ほくろ切除・ほくろ除去・ほくろ・ほくろ取り,マイクロボトックス・ボトックス・マイクロ・毛穴・テカリ
ボライト（スキンブースター）→マイクロボトックス,ボライト（スキンブースター）,マイクロボトックス,同部位,4週間,同部位は不可／別部位は可,,別部位の場合は同日可,不要,20250309_秋田ver,ボライト・スキンブースター・ヒアルロン酸・ジュビダーム,マイクロボトックス・ボトックス・マイクロ・毛穴・テカリ
稗粒腫（はいりゅうしゅ）除去→マイクロボトックス,稗粒腫（はいりゅうしゅ）除去,マイクロボトックス,同部位,1週間,同部位は不可／別部位は可,,別部位の場合は同日可,不要,20250309_秋田ver,稗粒腫・はいりゅうしゅ・ぶつぶつ・ブツブツ,マイクロボトックス・ボトックス・マイクロ・毛穴・テカリ
ヴェルヴェットスキン→マイクロボトックス,ヴェルヴェットスキン,マイクロボトックス,同部位,2週間,同部位は不可／別部位は可,,別部位の場合は同日可,不要,20250309_秋田ver,ヴェルヴェットスキン・ヴェルヴェット・ベルベットスキン・ダーマペン・コラーゲンピール,マイクロボトックス・ボトックス・マイクロ・毛穴・テカリ
ダーマペン4→マイクロボトックス,ダーマペン4,マイクロボトックス,同部位,2週間,同部位は不可／別部位は可,,別部位の場合は同日可,不要,20250309_秋田ver,ダーマペン・ダーマペン4・毛穴・ニキビ跡,マイクロボトックス・ボトックス・マイクロ・毛穴・テカリ
HARG療法→マイクロボトックス,HARG療法,マイクロボトックス,別部位,翌日,不可,,括弧内の期間は別部位の場合。同部位の間隔はこのセルに明示されていません,必要,20250309_秋田ver,HARG・HARG療法・ハーグ・ハーグ療法・発毛・育毛・薄毛,マイクロボトックス・ボトックス・マイクロ・毛穴・テカリ
スカルプ・プラセンタエッセンス→マイクロボトックス,スカルプ・プラセンタエッセンス,マイクロボトックス,別部位,翌日,不可,,括弧内の期間は別部位の場合。同部位の間隔はこのセルに明示されていません,必要,20250309_秋田ver,スカルプ・プラセンタ・プラセンタエッセンス・頭皮ケア・薄毛,マイクロボトックス・ボトックス・マイクロ・毛穴・テカリ
コラーゲンピール（マッサージピール）→マイクロボトックス,コラーゲンピール（マッサージピール）,マイクロボトックス,同部位,翌日,同部位は不可／別部位は可,,別部位の場合は同日可,不要,20250309_秋田ver,コラーゲンピール・マッサージピール・PRX・ハリ,マイクロボトックス・ボトックス・マイクロ・毛穴・テカリ
サーマクール→マイクロボトックス,サーマクール,マイクロボトックス,同部位,2週間,同部位は不可／別部位は可,,別部位の場合は同日可,不要,20250309_秋田ver,サーマクール・サーマ・たるみ・引き締め・リフトアップ,マイクロボトックス・ボトックス・マイクロ・毛穴・テカリ
ミラドライ→マイクロボトックス,ミラドライ,マイクロボトックス,同部位,1か月,同部位は不可／別部位は可,,別部位の場合は同日可,不要,20250309_秋田ver,ミラドライ・ワキガ・腋臭・多汗症・わき汗,マイクロボトックス・ボトックス・マイクロ・毛穴・テカリ
医療レーザー脱毛→マイクロボトックス,医療レーザー脱毛,マイクロボトックス,同部位,2週間,同部位は不可／別部位は可,,別部位の場合は同日可,不要,20250309_秋田ver,脱毛・医療脱毛・レーザー脱毛・全身脱毛・顔脱毛・VIO脱毛・ひげ脱毛・メンズ脱毛,マイクロボトックス・ボトックス・マイクロ・毛穴・テカリ
タトゥー除去（刺青除去）→マイクロボトックス,タトゥー除去（刺青除去）,マイクロボトックス,同部位,3か月,同部位は不可／別部位は可,,別部位の場合は同日可,不要,20250309_秋田ver,タトゥー・タトゥー除去・刺青・いれずみ・入れ墨,マイクロボトックス・ボトックス・マイクロ・毛穴・テカリ
アートメイク→マイクロボトックス,アートメイク,マイクロボトックス,同部位,2週間,同部位は不可／別部位は可,,別部位の場合は同日可,不要,20250309_秋田ver,アートメイク・眉アートメイク・リップアートメイク・タトゥーメイク,マイクロボトックス・ボトックス・マイクロ・毛穴・テカリ
ハイドラジェントル→フラルスキン（部分シミ）,ハイドラジェントル,フラルスキン（部分シミ）,同部位,翌日,同部位は不可／別部位は可,,別部位の場合は同日可,不要,20250309_秋田ver,ハイドラ・ハイドラフェイシャル・ハイドラクレンジング・毛穴洗浄,フラルスキン・部分シミ・トレチノイン・ハイドロキノン
ケミカルピーリング→フラルスキン（部分シミ）,ケミカルピーリング,フラルスキン（部分シミ）,同部位,2週間,同部位は不可／別部位は可,,併用しない場合／別部位の場合は同日可,不要,20250309_秋田ver,ピーリング・ケミカルピーリング・サリチル酸ピーリング,フラルスキン・部分シミ・トレチノイン・ハイドロキノン
スマートサイドドットレーザー（2回目以降）→フラルスキン（部分シミ）,スマートサイドドットレーザー（2回目以降）,フラルスキン（部分シミ）,同部位,4週間,同部位は不可／別部位は可,,別部位の場合は同日可,不要,20250309_秋田ver,スマサイ・スマートサイドドット・スマートサイドドットレーザー,フラルスキン・部分シミ・トレチノイン・ハイドロキノン
スマートサイドドットレーザー（初回）→フラルスキン（部分シミ）,スマートサイドドットレーザー（初回）,フラルスキン（部分シミ）,同部位,2週間,同部位は不可／別部位は可,,別部位の場合は同日可,不要,20250309_秋田ver,スマサイ・スマサイ初回・スマートサイドドット・スマートサイドドットレーザー,フラルスキン・部分シミ・トレチノイン・ハイドロキノン
イボレーザー（炭酸ガス／CO2レーザー）→フラルスキン（部分シミ）,イボレーザー（炭酸ガス／CO2レーザー）,フラルスキン（部分シミ）,同部位,2週間,同部位は不可／別部位は可,,別部位の場合は同日可,不要,20250309_秋田ver,CO2・CO2レーザー・炭酸ガスレーザー・イボレーザー・いぼレーザー・イボ取り,フラルスキン・部分シミ・トレチノイン・ハイドロキノン
シミ取りレーザー→フラルスキン（部分シミ）,シミ取りレーザー,フラルスキン（部分シミ）,同部位,4週間,同部位は不可／別部位は可,,別部位の場合は同日可,不要,20250309_秋田ver,シミレーザー・シミ取り・シミ取りレーザー・シミ治療,フラルスキン・部分シミ・トレチノイン・ハイドロキノン
ADM治療（ピコレーザー）→フラルスキン（部分シミ）,ADM治療（ピコレーザー）,フラルスキン（部分シミ）,同部位,治療完了後 4週間,同部位は不可／別部位は可,,別部位の場合は同日可,不要,20250309_秋田ver,ADM・ADMレーザー・ピコレーザー・ピコ・あざ治療・太田母斑,フラルスキン・部分シミ・トレチノイン・ハイドロキノン
ADM治療（ナノレーザー・メドライトC6）→フラルスキン（部分シミ）,ADM治療（ナノレーザー・メドライトC6）,フラルスキン（部分シミ）,同部位,治療完了後 4週間,同部位は不可／別部位は可,,別部位の場合は同日可,不要,20250309_秋田ver,ADM・ADMレーザー・ナノレーザー・メドライトC6・C6・あざ治療・太田母斑,フラルスキン・部分シミ・トレチノイン・ハイドロキノン
レーザートーニング→フラルスキン（部分シミ）,レーザートーニング,フラルスキン（部分シミ）,同部位,開始：1週間 再開：直後,条件付き,,開始時と再開時で必要な間隔が異なります,不要,20250309_秋田ver,トーニング・レーザートーニング・メドライトC6・肝斑・くすみ,フラルスキン・部分シミ・トレチノイン・ハイドロキノン
ピコトーニング→フラルスキン（部分シミ）,ピコトーニング,フラルスキン（部分シミ）,同部位,2週間,同部位は不可／別部位は可,,別部位の場合は同日可,不要,20250309_秋田ver,ピコトーニング・ピコ・トーニング・肝斑・くすみ,フラルスキン・部分シミ・トレチノイン・ハイドロキノン
ピコフラクショナル（1064nm）→フラルスキン（部分シミ）,ピコフラクショナル（1064nm）,フラルスキン（部分シミ）,同部位,3週間,同部位は不可／別部位は可,,別部位の場合は同日可,不要,20250309_秋田ver,ピコフラクショナル・ピコフラク・1064・フラクショナル・毛穴・肌質改善・ニキビ跡,フラルスキン・部分シミ・トレチノイン・ハイドロキノン
そばかすシャワー（532レーザー）→フラルスキン（部分シミ）,そばかすシャワー（532レーザー）,フラルスキン（部分シミ）,同部位,2週間,同部位は不可／別部位は可,,別部位の場合は同日可,不要,20250309_秋田ver,そばかすシャワー・そばかす・532・そばかす治療,フラルスキン・部分シミ・トレチノイン・ハイドロキノン
そばかすスポット照射→フラルスキン（部分シミ）,そばかすスポット照射,フラルスキン（部分シミ）,同部位,4週間,同部位は不可／別部位は可,,別部位の場合は同日可,不要,20250309_秋田ver,そばかすスポット・そばかす・スポット照射・シミ・そばかす治療,フラルスキン・部分シミ・トレチノイン・ハイドロキノン
フォトフェイシャル（光治療）→フラルスキン（部分シミ）,フォトフェイシャル（光治療）,フラルスキン（部分シミ）,同部位,開始：1週間 再開：直後,条件付き,,開始時と再開時で必要な間隔が異なります,不要,20250309_秋田ver,フォト・フォトフェイシャル・光治療・IPL・ステラM22,フラルスキン・部分シミ・トレチノイン・ハイドロキノン
赤み治療（血管腫レーザー）→フラルスキン（部分シミ）,赤み治療（血管腫レーザー）,フラルスキン（部分シミ）,同部位,治療完了後 2週間,同部位は不可／別部位は可,,別部位の場合は同日可,不要,20250309_秋田ver,赤み治療・血管腫レーザー・赤ら顔・毛細血管拡張,フラルスキン・部分シミ・トレチノイン・ハイドロキノン
ボトックス注射（通常）→フラルスキン（部分シミ）,ボトックス注射（通常）,フラルスキン（部分シミ）,同部位,同日,可,,,不要,20250309_秋田ver,ボトックス・ボトックス注射・ボツリヌストキシン・エラボトックス・小顔・シワ,フラルスキン・部分シミ・トレチノイン・ハイドロキノン
マイクロボトックス→フラルスキン（部分シミ）,マイクロボトックス,フラルスキン（部分シミ）,同部位,同日,可,,,不要,20250309_秋田ver,マイクロボトックス・ボトックス・マイクロ・毛穴・テカリ,フラルスキン・部分シミ・トレチノイン・ハイドロキノン
テノールNEO（テノールネオ）→フラルスキン（部分シミ）,テノールNEO（テノールネオ）,フラルスキン（部分シミ）,同部位,開始：1週間 再開：直後,条件付き,,開始時と再開時で必要な間隔が異なります,不要,20250309_秋田ver,テノールネオ・テノールNEO・テノール・たるみ・引き締め,フラルスキン・部分シミ・トレチノイン・ハイドロキノン
フラルスキン（トレチノイン）→フラルスキン（部分シミ）,フラルスキン（トレチノイン）,フラルスキン（部分シミ）,不明,-（原表記）,不明,,原表は「-」ですが意味が明示されていないため、可否・間隔を断定できません,必要,20250309_秋田ver,フラルスキン・トレチ・トレチノイン・ハイドロキノン,フラルスキン・部分シミ・トレチノイン・ハイドロキノン
部分シミ治療（トレチノイン）→フラルスキン（部分シミ）,部分シミ治療（トレチノイン）,フラルスキン（部分シミ）,不明,-（原表記）,不明,,原表は「-」ですが意味が明示されていないため、可否・間隔を断定できません,必要,20250309_秋田ver,部分シミ・トレチ・トレチノイン・シミ,フラルスキン・部分シミ・トレチノイン・ハイドロキノン
mikoメソッド（首いぼ治療）→フラルスキン（部分シミ）,mikoメソッド（首いぼ治療）,フラルスキン（部分シミ）,同部位,2週間,同部位は不可／別部位は可,,別部位の場合は同日可,不要,20250309_秋田ver,mikoメソッド・miko・ミコメソッド・首イボ・首いぼ・イボ,フラルスキン・部分シミ・トレチノイン・ハイドロキノン
ほくろ切除・ほくろ除去→フラルスキン（部分シミ）,ほくろ切除・ほくろ除去,フラルスキン（部分シミ）,同部位,上皮化後 4週間,同部位は不可／別部位は可,,別部位の場合は同日可,不要,20250309_秋田ver,ほくろ切除・ほくろ除去・ほくろ・ほくろ取り,フラルスキン・部分シミ・トレチノイン・ハイドロキノン
ボライト（スキンブースター）→フラルスキン（部分シミ）,ボライト（スキンブースター）,フラルスキン（部分シミ）,同部位,4週間,同部位は不可／別部位は可,,別部位の場合は同日可,不要,20250309_秋田ver,ボライト・スキンブースター・ヒアルロン酸・ジュビダーム,フラルスキン・部分シミ・トレチノイン・ハイドロキノン
稗粒腫（はいりゅうしゅ）除去→フラルスキン（部分シミ）,稗粒腫（はいりゅうしゅ）除去,フラルスキン（部分シミ）,同部位,1週間,同部位は不可／別部位は可,,別部位の場合は同日可,不要,20250309_秋田ver,稗粒腫・はいりゅうしゅ・ぶつぶつ・ブツブツ,フラルスキン・部分シミ・トレチノイン・ハイドロキノン
ヴェルヴェットスキン→フラルスキン（部分シミ）,ヴェルヴェットスキン,フラルスキン（部分シミ）,同部位,4週間,同部位は不可／別部位は可,,別部位の場合は同日可,不要,20250309_秋田ver,ヴェルヴェットスキン・ヴェルヴェット・ベルベットスキン・ダーマペン・コラーゲンピール,フラルスキン・部分シミ・トレチノイン・ハイドロキノン
ダーマペン4→フラルスキン（部分シミ）,ダーマペン4,フラルスキン（部分シミ）,同部位,4週間,同部位は不可／別部位は可,,別部位の場合は同日可,不要,20250309_秋田ver,ダーマペン・ダーマペン4・毛穴・ニキビ跡,フラルスキン・部分シミ・トレチノイン・ハイドロキノン
HARG療法→フラルスキン（部分シミ）,HARG療法,フラルスキン（部分シミ）,別部位,翌日,不可,,括弧内の期間は別部位の場合。同部位の間隔はこのセルに明示されていません,必要,20250309_秋田ver,HARG・HARG療法・ハーグ・ハーグ療法・発毛・育毛・薄毛,フラルスキン・部分シミ・トレチノイン・ハイドロキノン
スカルプ・プラセンタエッセンス→フラルスキン（部分シミ）,スカルプ・プラセンタエッセンス,フラルスキン（部分シミ）,別部位,翌日,不可,,括弧内の期間は別部位の場合。同部位の間隔はこのセルに明示されていません,必要,20250309_秋田ver,スカルプ・プラセンタ・プラセンタエッセンス・頭皮ケア・薄毛,フラルスキン・部分シミ・トレチノイン・ハイドロキノン
コラーゲンピール（マッサージピール）→フラルスキン（部分シミ）,コラーゲンピール（マッサージピール）,フラルスキン（部分シミ）,同部位,2週間,同部位は不可／別部位は可,,別部位の場合は同日可,不要,20250309_秋田ver,コラーゲンピール・マッサージピール・PRX・ハリ,フラルスキン・部分シミ・トレチノイン・ハイドロキノン
サーマクール→フラルスキン（部分シミ）,サーマクール,フラルスキン（部分シミ）,同部位,2週間,同部位は不可／別部位は可,,別部位の場合は同日可,不要,20250309_秋田ver,サーマクール・サーマ・たるみ・引き締め・リフトアップ,フラルスキン・部分シミ・トレチノイン・ハイドロキノン
ミラドライ→フラルスキン（部分シミ）,ミラドライ,フラルスキン（部分シミ）,不明,-（原表記）,不明,,原表は「-」ですが意味が明示されていないため、可否・間隔を断定できません,必要,20250309_秋田ver,ミラドライ・ワキガ・腋臭・多汗症・わき汗,フラルスキン・部分シミ・トレチノイン・ハイドロキノン
医療レーザー脱毛→フラルスキン（部分シミ）,医療レーザー脱毛,フラルスキン（部分シミ）,同部位,2週間,同部位は不可／別部位は可,,別部位の場合は同日可,不要,20250309_秋田ver,脱毛・医療脱毛・レーザー脱毛・全身脱毛・顔脱毛・VIO脱毛・ひげ脱毛・メンズ脱毛,フラルスキン・部分シミ・トレチノイン・ハイドロキノン
タトゥー除去（刺青除去）→フラルスキン（部分シミ）,タトゥー除去（刺青除去）,フラルスキン（部分シミ）,同部位,3か月,同部位は不可／別部位は可,,別部位の場合は同日可,不要,20250309_秋田ver,タトゥー・タトゥー除去・刺青・いれずみ・入れ墨,フラルスキン・部分シミ・トレチノイン・ハイドロキノン
アートメイク→フラルスキン（部分シミ）,アートメイク,フラルスキン（部分シミ）,同部位,2週間,同部位は不可／別部位は可,,別部位の場合は同日可,不要,20250309_秋田ver,アートメイク・眉アートメイク・リップアートメイク・タトゥーメイク,フラルスキン・部分シミ・トレチノイン・ハイドロキノン
ハイドラジェントル→テノールNEO（テノールネオ）,ハイドラジェントル,テノールNEO（テノールネオ）,面の治療との併用,初回：同日不可／2回目以降：同日可,条件付き,ハイドラを先に実施,初回は同日不可。問題がなかった場合は2回目以降で同日可,不要,20250309_秋田ver,ハイドラ・ハイドラフェイシャル・ハイドラクレンジング・毛穴洗浄,テノールネオ・テノールNEO・テノール・たるみ・引き締め
ケミカルピーリング→テノールNEO（テノールネオ）,ケミカルピーリング,テノールNEO（テノールネオ）,同部位,2週間,同部位は不可／別部位は可,,別部位の場合は同日可,不要,20250309_秋田ver,ピーリング・ケミカルピーリング・サリチル酸ピーリング,テノールネオ・テノールNEO・テノール・たるみ・引き締め
スマートサイドドットレーザー（2回目以降）→テノールNEO（テノールネオ）,スマートサイドドットレーザー（2回目以降）,テノールNEO（テノールネオ）,同部位,4週間,同部位は不可／別部位は可,,別部位の場合は同日可,不要,20250309_秋田ver,スマサイ・スマートサイドドット・スマートサイドドットレーザー,テノールネオ・テノールNEO・テノール・たるみ・引き締め
スマートサイドドットレーザー（初回）→テノールNEO（テノールネオ）,スマートサイドドットレーザー（初回）,テノールNEO（テノールネオ）,同部位,2週間,同部位は不可／別部位は可,,別部位の場合は同日可,不要,20250309_秋田ver,スマサイ・スマサイ初回・スマートサイドドット・スマートサイドドットレーザー,テノールネオ・テノールNEO・テノール・たるみ・引き締め
イボレーザー（炭酸ガス／CO2レーザー）→テノールNEO（テノールネオ）,イボレーザー（炭酸ガス／CO2レーザー）,テノールNEO（テノールネオ）,同部位,4週間,同部位は不可／別部位は可,,別部位の場合は同日可,不要,20250309_秋田ver,CO2・CO2レーザー・炭酸ガスレーザー・イボレーザー・いぼレーザー・イボ取り,テノールネオ・テノールNEO・テノール・たるみ・引き締め
シミ取りレーザー→テノールNEO（テノールネオ）,シミ取りレーザー,テノールNEO（テノールネオ）,同部位,4週間,同部位は不可／別部位は可,,別部位の場合は同日可,不要,20250309_秋田ver,シミレーザー・シミ取り・シミ取りレーザー・シミ治療,テノールネオ・テノールNEO・テノール・たるみ・引き締め
ADM治療（ピコレーザー）→テノールNEO（テノールネオ）,ADM治療（ピコレーザー）,テノールNEO（テノールネオ）,同部位,治療完了後 4週間,同部位は不可／別部位は可,,別部位の場合は同日可,不要,20250309_秋田ver,ADM・ADMレーザー・ピコレーザー・ピコ・あざ治療・太田母斑,テノールネオ・テノールNEO・テノール・たるみ・引き締め
ADM治療（ナノレーザー・メドライトC6）→テノールNEO（テノールネオ）,ADM治療（ナノレーザー・メドライトC6）,テノールNEO（テノールネオ）,同部位,治療完了後 4週間,同部位は不可／別部位は可,,別部位の場合は同日可,不要,20250309_秋田ver,ADM・ADMレーザー・ナノレーザー・メドライトC6・C6・あざ治療・太田母斑,テノールネオ・テノールNEO・テノール・たるみ・引き締め
レーザートーニング→テノールNEO（テノールネオ）,レーザートーニング,テノールNEO（テノールネオ）,同部位,1週間,同部位は不可／別部位は可,,別部位の場合は同日可,不要,20250309_秋田ver,トーニング・レーザートーニング・メドライトC6・肝斑・くすみ,テノールネオ・テノールNEO・テノール・たるみ・引き締め
ピコトーニング→テノールNEO（テノールネオ）,ピコトーニング,テノールNEO（テノールネオ）,同部位,2週間,同部位は不可／別部位は可,,別部位の場合は同日可,不要,20250309_秋田ver,ピコトーニング・ピコ・トーニング・肝斑・くすみ,テノールネオ・テノールNEO・テノール・たるみ・引き締め
ピコフラクショナル（1064nm）→テノールNEO（テノールネオ）,ピコフラクショナル（1064nm）,テノールNEO（テノールネオ）,同部位,3週間,同部位は不可／別部位は可,,別部位の場合は同日可,不要,20250309_秋田ver,ピコフラクショナル・ピコフラク・1064・フラクショナル・毛穴・肌質改善・ニキビ跡,テノールネオ・テノールNEO・テノール・たるみ・引き締め
そばかすシャワー（532レーザー）→テノールNEO（テノールネオ）,そばかすシャワー（532レーザー）,テノールNEO（テノールネオ）,同部位,4週間,同部位は不可／別部位は可,,別部位の場合は同日可,不要,20250309_秋田ver,そばかすシャワー・そばかす・532・そばかす治療,テノールネオ・テノールNEO・テノール・たるみ・引き締め
そばかすスポット照射→テノールNEO（テノールネオ）,そばかすスポット照射,テノールNEO（テノールネオ）,同部位,4週間,同部位は不可／別部位は可,,別部位の場合は同日可,不要,20250309_秋田ver,そばかすスポット・そばかす・スポット照射・シミ・そばかす治療,テノールネオ・テノールNEO・テノール・たるみ・引き締め
フォトフェイシャル（光治療）→テノールNEO（テノールネオ）,フォトフェイシャル（光治療）,テノールNEO（テノールネオ）,同部位,1週間,同部位は不可／別部位は可,,別部位の場合は同日可,不要,20250309_秋田ver,フォト・フォトフェイシャル・光治療・IPL・ステラM22,テノールネオ・テノールNEO・テノール・たるみ・引き締め
赤み治療（血管腫レーザー）→テノールNEO（テノールネオ）,赤み治療（血管腫レーザー）,テノールNEO（テノールネオ）,同部位,治療完了後 2週間,同部位は不可／別部位は可,,別部位の場合は同日可,不要,20250309_秋田ver,赤み治療・血管腫レーザー・赤ら顔・毛細血管拡張,テノールネオ・テノールNEO・テノール・たるみ・引き締め
ボトックス注射（通常）→テノールNEO（テノールネオ）,ボトックス注射（通常）,テノールNEO（テノールネオ）,同部位,2週間,同部位は不可／別部位は可,,別部位の場合は同日可,不要,20250309_秋田ver,ボトックス・ボトックス注射・ボツリヌストキシン・エラボトックス・小顔・シワ,テノールネオ・テノールNEO・テノール・たるみ・引き締め
マイクロボトックス→テノールNEO（テノールネオ）,マイクロボトックス,テノールNEO（テノールネオ）,同部位,2週間,同部位は不可／別部位は可,,別部位の場合は同日可,不要,20250309_秋田ver,マイクロボトックス・ボトックス・マイクロ・毛穴・テカリ,テノールネオ・テノールNEO・テノール・たるみ・引き締め
テノールNEO（テノールネオ）→テノールNEO（テノールネオ）,テノールNEO（テノールネオ）,テノールNEO（テノールネオ）,同部位,2週間,同部位は不可／別部位は可,,別部位の場合は同日可,不要,20250309_秋田ver,テノールネオ・テノールNEO・テノール・たるみ・引き締め,テノールネオ・テノールNEO・テノール・たるみ・引き締め
フラルスキン（トレチノイン）→テノールNEO（テノールネオ）,フラルスキン（トレチノイン）,テノールNEO（テノールネオ）,同部位,1週間,同部位は不可／別部位は可,,トレチノインのみの場合／別部位の場合は同日可,不要,20250309_秋田ver,フラルスキン・トレチ・トレチノイン・ハイドロキノン,テノールネオ・テノールNEO・テノール・たるみ・引き締め
部分シミ治療（トレチノイン）→テノールNEO（テノールネオ）,部分シミ治療（トレチノイン）,テノールNEO（テノールネオ）,同部位,4週間,同部位は不可／別部位は可,,別部位の場合は同日可,不要,20250309_秋田ver,部分シミ・トレチ・トレチノイン・シミ,テノールネオ・テノールNEO・テノール・たるみ・引き締め
mikoメソッド（首いぼ治療）→テノールNEO（テノールネオ）,mikoメソッド（首いぼ治療）,テノールNEO（テノールネオ）,同部位,2週間,同部位は不可／別部位は可,,別部位の場合は同日可,不要,20250309_秋田ver,mikoメソッド・miko・ミコメソッド・首イボ・首いぼ・イボ,テノールネオ・テノールNEO・テノール・たるみ・引き締め
ほくろ切除・ほくろ除去→テノールNEO（テノールネオ）,ほくろ切除・ほくろ除去,テノールNEO（テノールネオ）,同部位,上皮化後 4週間,同部位は不可／別部位は可,,別部位の場合は同日可,不要,20250309_秋田ver,ほくろ切除・ほくろ除去・ほくろ・ほくろ取り,テノールネオ・テノールNEO・テノール・たるみ・引き締め
ボライト（スキンブースター）→テノールNEO（テノールネオ）,ボライト（スキンブースター）,テノールNEO（テノールネオ）,同部位,4週間,同部位は不可／別部位は可,,別部位の場合は同日可,不要,20250309_秋田ver,ボライト・スキンブースター・ヒアルロン酸・ジュビダーム,テノールネオ・テノールNEO・テノール・たるみ・引き締め
稗粒腫（はいりゅうしゅ）除去→テノールNEO（テノールネオ）,稗粒腫（はいりゅうしゅ）除去,テノールNEO（テノールネオ）,同部位,1週間,同部位は不可／別部位は可,,別部位の場合は同日可,不要,20250309_秋田ver,稗粒腫・はいりゅうしゅ・ぶつぶつ・ブツブツ,テノールネオ・テノールNEO・テノール・たるみ・引き締め
ヴェルヴェットスキン→テノールNEO（テノールネオ）,ヴェルヴェットスキン,テノールNEO（テノールネオ）,同部位,4週間,同部位は不可／別部位は可,,別部位の場合は同日可,不要,20250309_秋田ver,ヴェルヴェットスキン・ヴェルヴェット・ベルベットスキン・ダーマペン・コラーゲンピール,テノールネオ・テノールNEO・テノール・たるみ・引き締め
ダーマペン4→テノールNEO（テノールネオ）,ダーマペン4,テノールNEO（テノールネオ）,同部位,4週間,同部位は不可／別部位は可,,別部位の場合は同日可,不要,20250309_秋田ver,ダーマペン・ダーマペン4・毛穴・ニキビ跡,テノールネオ・テノールNEO・テノール・たるみ・引き締め
HARG療法→テノールNEO（テノールネオ）,HARG療法,テノールNEO（テノールネオ）,別部位,翌日,不可,,括弧内の期間は別部位の場合。同部位の間隔はこのセルに明示されていません,必要,20250309_秋田ver,HARG・HARG療法・ハーグ・ハーグ療法・発毛・育毛・薄毛,テノールネオ・テノールNEO・テノール・たるみ・引き締め
スカルプ・プラセンタエッセンス→テノールNEO（テノールネオ）,スカルプ・プラセンタエッセンス,テノールNEO（テノールネオ）,別部位,翌日,不可,,括弧内の期間は別部位の場合。同部位の間隔はこのセルに明示されていません,必要,20250309_秋田ver,スカルプ・プラセンタ・プラセンタエッセンス・頭皮ケア・薄毛,テノールネオ・テノールNEO・テノール・たるみ・引き締め
コラーゲンピール（マッサージピール）→テノールNEO（テノールネオ）,コラーゲンピール（マッサージピール）,テノールNEO（テノールネオ）,同部位,1週間,同部位は不可／別部位は可,,別部位の場合は同日可,不要,20250309_秋田ver,コラーゲンピール・マッサージピール・PRX・ハリ,テノールネオ・テノールNEO・テノール・たるみ・引き締め
サーマクール→テノールNEO（テノールネオ）,サーマクール,テノールNEO（テノールネオ）,同部位,2週間,同部位は不可／別部位は可,,別部位の場合は同日可,不要,20250309_秋田ver,サーマクール・サーマ・たるみ・引き締め・リフトアップ,テノールネオ・テノールNEO・テノール・たるみ・引き締め
ミラドライ→テノールNEO（テノールネオ）,ミラドライ,テノールNEO（テノールネオ）,不明,-（原表記）,不明,,原表は「-」ですが意味が明示されていないため、可否・間隔を断定できません,必要,20250309_秋田ver,ミラドライ・ワキガ・腋臭・多汗症・わき汗,テノールネオ・テノールNEO・テノール・たるみ・引き締め
医療レーザー脱毛→テノールNEO（テノールネオ）,医療レーザー脱毛,テノールNEO（テノールネオ）,同部位,2週間,同部位は不可／別部位は可,,別部位の場合は同日可,不要,20250309_秋田ver,脱毛・医療脱毛・レーザー脱毛・全身脱毛・顔脱毛・VIO脱毛・ひげ脱毛・メンズ脱毛,テノールネオ・テノールNEO・テノール・たるみ・引き締め
タトゥー除去（刺青除去）→テノールNEO（テノールネオ）,タトゥー除去（刺青除去）,テノールNEO（テノールネオ）,同部位,3か月,同部位は不可／別部位は可,,別部位の場合は同日可,不要,20250309_秋田ver,タトゥー・タトゥー除去・刺青・いれずみ・入れ墨,テノールネオ・テノールNEO・テノール・たるみ・引き締め
アートメイク→テノールNEO（テノールネオ）,アートメイク,テノールNEO（テノールネオ）,同部位,2週間,同部位は不可／別部位は可,,別部位の場合は同日可,不要,20250309_秋田ver,アートメイク・眉アートメイク・リップアートメイク・タトゥーメイク,テノールネオ・テノールNEO・テノール・たるみ・引き締め
ハイドラジェントル→mikoメソッド（首いぼ治療）,ハイドラジェントル,mikoメソッド（首いぼ治療）,不明,-（原表記）,不明,,原表は「-」ですが意味が明示されていないため、可否・間隔を断定できません,必要,20250309_秋田ver,ハイドラ・ハイドラフェイシャル・ハイドラクレンジング・毛穴洗浄,mikoメソッド・miko・ミコメソッド・首イボ・首いぼ・イボ
ケミカルピーリング→mikoメソッド（首いぼ治療）,ケミカルピーリング,mikoメソッド（首いぼ治療）,同部位,2週間,同部位は不可／別部位は可,,別部位の場合は同日可,不要,20250309_秋田ver,ピーリング・ケミカルピーリング・サリチル酸ピーリング,mikoメソッド・miko・ミコメソッド・首イボ・首いぼ・イボ
スマートサイドドットレーザー（2回目以降）→mikoメソッド（首いぼ治療）,スマートサイドドットレーザー（2回目以降）,mikoメソッド（首いぼ治療）,同部位,4週間,同部位は不可／別部位は可,,別部位の場合は同日可,不要,20250309_秋田ver,スマサイ・スマートサイドドット・スマートサイドドットレーザー,mikoメソッド・miko・ミコメソッド・首イボ・首いぼ・イボ
スマートサイドドットレーザー（初回）→mikoメソッド（首いぼ治療）,スマートサイドドットレーザー（初回）,mikoメソッド（首いぼ治療）,同部位,3週間,同部位は不可／別部位は可,,別部位の場合は同日可,不要,20250309_秋田ver,スマサイ・スマサイ初回・スマートサイドドット・スマートサイドドットレーザー,mikoメソッド・miko・ミコメソッド・首イボ・首いぼ・イボ
イボレーザー（炭酸ガス／CO2レーザー）→mikoメソッド（首いぼ治療）,イボレーザー（炭酸ガス／CO2レーザー）,mikoメソッド（首いぼ治療）,同部位,4週間,同部位は不可／別部位は可,,別部位の場合は同日可,不要,20250309_秋田ver,CO2・CO2レーザー・炭酸ガスレーザー・イボレーザー・いぼレーザー・イボ取り,mikoメソッド・miko・ミコメソッド・首イボ・首いぼ・イボ
シミ取りレーザー→mikoメソッド（首いぼ治療）,シミ取りレーザー,mikoメソッド（首いぼ治療）,不明,-（原表記）,不明,,原表は「-」ですが意味が明示されていないため、可否・間隔を断定できません,必要,20250309_秋田ver,シミレーザー・シミ取り・シミ取りレーザー・シミ治療,mikoメソッド・miko・ミコメソッド・首イボ・首いぼ・イボ
ADM治療（ピコレーザー）→mikoメソッド（首いぼ治療）,ADM治療（ピコレーザー）,mikoメソッド（首いぼ治療）,不明,-（原表記）,不明,,原表は「-」ですが意味が明示されていないため、可否・間隔を断定できません,必要,20250309_秋田ver,ADM・ADMレーザー・ピコレーザー・ピコ・あざ治療・太田母斑,mikoメソッド・miko・ミコメソッド・首イボ・首いぼ・イボ
ADM治療（ナノレーザー・メドライトC6）→mikoメソッド（首いぼ治療）,ADM治療（ナノレーザー・メドライトC6）,mikoメソッド（首いぼ治療）,不明,-（原表記）,不明,,原表は「-」ですが意味が明示されていないため、可否・間隔を断定できません,必要,20250309_秋田ver,ADM・ADMレーザー・ナノレーザー・メドライトC6・C6・あざ治療・太田母斑,mikoメソッド・miko・ミコメソッド・首イボ・首いぼ・イボ
レーザートーニング→mikoメソッド（首いぼ治療）,レーザートーニング,mikoメソッド（首いぼ治療）,同部位,2週間,同部位は不可／別部位は可,,別部位の場合は同日可,不要,20250309_秋田ver,トーニング・レーザートーニング・メドライトC6・肝斑・くすみ,mikoメソッド・miko・ミコメソッド・首イボ・首いぼ・イボ
ピコトーニング→mikoメソッド（首いぼ治療）,ピコトーニング,mikoメソッド（首いぼ治療）,同部位,2週間,同部位は不可／別部位は可,,別部位の場合は同日可,不要,20250309_秋田ver,ピコトーニング・ピコ・トーニング・肝斑・くすみ,mikoメソッド・miko・ミコメソッド・首イボ・首いぼ・イボ
ピコフラクショナル（1064nm）→mikoメソッド（首いぼ治療）,ピコフラクショナル（1064nm）,mikoメソッド（首いぼ治療）,同部位,3週間,同部位は不可／別部位は可,,別部位の場合は同日可,不要,20250309_秋田ver,ピコフラクショナル・ピコフラク・1064・フラクショナル・毛穴・肌質改善・ニキビ跡,mikoメソッド・miko・ミコメソッド・首イボ・首いぼ・イボ
そばかすシャワー（532レーザー）→mikoメソッド（首いぼ治療）,そばかすシャワー（532レーザー）,mikoメソッド（首いぼ治療）,同部位,4週間,同部位は不可／別部位は可,,別部位の場合は同日可,不要,20250309_秋田ver,そばかすシャワー・そばかす・532・そばかす治療,mikoメソッド・miko・ミコメソッド・首イボ・首いぼ・イボ
そばかすスポット照射→mikoメソッド（首いぼ治療）,そばかすスポット照射,mikoメソッド（首いぼ治療）,不明,-（原表記）,不明,,原表は「-」ですが意味が明示されていないため、可否・間隔を断定できません,必要,20250309_秋田ver,そばかすスポット・そばかす・スポット照射・シミ・そばかす治療,mikoメソッド・miko・ミコメソッド・首イボ・首いぼ・イボ
フォトフェイシャル（光治療）→mikoメソッド（首いぼ治療）,フォトフェイシャル（光治療）,mikoメソッド（首いぼ治療）,同部位,2週間,同部位は不可／別部位は可,,別部位の場合は同日可,不要,20250309_秋田ver,フォト・フォトフェイシャル・光治療・IPL・ステラM22,mikoメソッド・miko・ミコメソッド・首イボ・首いぼ・イボ
赤み治療（血管腫レーザー）→mikoメソッド（首いぼ治療）,赤み治療（血管腫レーザー）,mikoメソッド（首いぼ治療）,同部位,治療完了後 2週間,同部位は不可／別部位は可,,別部位の場合は同日可,不要,20250309_秋田ver,赤み治療・血管腫レーザー・赤ら顔・毛細血管拡張,mikoメソッド・miko・ミコメソッド・首イボ・首いぼ・イボ
ボトックス注射（通常）→mikoメソッド（首いぼ治療）,ボトックス注射（通常）,mikoメソッド（首いぼ治療）,同部位,2週間,同部位は不可／別部位は可,,別部位の場合は同日可,不要,20250309_秋田ver,ボトックス・ボトックス注射・ボツリヌストキシン・エラボトックス・小顔・シワ,mikoメソッド・miko・ミコメソッド・首イボ・首いぼ・イボ
マイクロボトックス→mikoメソッド（首いぼ治療）,マイクロボトックス,mikoメソッド（首いぼ治療）,同部位,2週間,同部位は不可／別部位は可,,別部位の場合は同日可,不要,20250309_秋田ver,マイクロボトックス・ボトックス・マイクロ・毛穴・テカリ,mikoメソッド・miko・ミコメソッド・首イボ・首いぼ・イボ
テノールNEO（テノールネオ）→mikoメソッド（首いぼ治療）,テノールNEO（テノールネオ）,mikoメソッド（首いぼ治療）,同部位,同日,可,,,不要,20250309_秋田ver,テノールネオ・テノールNEO・テノール・たるみ・引き締め,mikoメソッド・miko・ミコメソッド・首イボ・首いぼ・イボ
フラルスキン（トレチノイン）→mikoメソッド（首いぼ治療）,フラルスキン（トレチノイン）,mikoメソッド（首いぼ治療）,同部位,1週間,同部位は不可／別部位は可,,トレチノインのみの場合／別部位の場合は同日可,不要,20250309_秋田ver,フラルスキン・トレチ・トレチノイン・ハイドロキノン,mikoメソッド・miko・ミコメソッド・首イボ・首いぼ・イボ
部分シミ治療（トレチノイン）→mikoメソッド（首いぼ治療）,部分シミ治療（トレチノイン）,mikoメソッド（首いぼ治療）,同部位,4週間,同部位は不可／別部位は可,,別部位の場合は同日可,不要,20250309_秋田ver,部分シミ・トレチ・トレチノイン・シミ,mikoメソッド・miko・ミコメソッド・首イボ・首いぼ・イボ
mikoメソッド（首いぼ治療）→mikoメソッド（首いぼ治療）,mikoメソッド（首いぼ治療）,mikoメソッド（首いぼ治療）,同部位,2週間,同部位は不可／別部位は可,,別部位の場合は同日可,不要,20250309_秋田ver,mikoメソッド・miko・ミコメソッド・首イボ・首いぼ・イボ,mikoメソッド・miko・ミコメソッド・首イボ・首いぼ・イボ
ほくろ切除・ほくろ除去→mikoメソッド（首いぼ治療）,ほくろ切除・ほくろ除去,mikoメソッド（首いぼ治療）,同部位,上皮化後 4週間,同部位は不可／別部位は可,,別部位の場合は同日可,不要,20250309_秋田ver,ほくろ切除・ほくろ除去・ほくろ・ほくろ取り,mikoメソッド・miko・ミコメソッド・首イボ・首いぼ・イボ
ボライト（スキンブースター）→mikoメソッド（首いぼ治療）,ボライト（スキンブースター）,mikoメソッド（首いぼ治療）,同部位,4週間,同部位は不可／別部位は可,,別部位の場合は同日可,不要,20250309_秋田ver,ボライト・スキンブースター・ヒアルロン酸・ジュビダーム,mikoメソッド・miko・ミコメソッド・首イボ・首いぼ・イボ
稗粒腫（はいりゅうしゅ）除去→mikoメソッド（首いぼ治療）,稗粒腫（はいりゅうしゅ）除去,mikoメソッド（首いぼ治療）,同部位,1週間,同部位は不可／別部位は可,,別部位の場合は同日可,不要,20250309_秋田ver,稗粒腫・はいりゅうしゅ・ぶつぶつ・ブツブツ,mikoメソッド・miko・ミコメソッド・首イボ・首いぼ・イボ
ヴェルヴェットスキン→mikoメソッド（首いぼ治療）,ヴェルヴェットスキン,mikoメソッド（首いぼ治療）,別部位,翌日,不可,,括弧内の期間は別部位の場合。同部位の間隔はこのセルに明示されていません,必要,20250309_秋田ver,ヴェルヴェットスキン・ヴェルヴェット・ベルベットスキン・ダーマペン・コラーゲンピール,mikoメソッド・miko・ミコメソッド・首イボ・首いぼ・イボ
ダーマペン4→mikoメソッド（首いぼ治療）,ダーマペン4,mikoメソッド（首いぼ治療）,別部位,翌日,不可,,括弧内の期間は別部位の場合。同部位の間隔はこのセルに明示されていません,必要,20250309_秋田ver,ダーマペン・ダーマペン4・毛穴・ニキビ跡,mikoメソッド・miko・ミコメソッド・首イボ・首いぼ・イボ
HARG療法→mikoメソッド（首いぼ治療）,HARG療法,mikoメソッド（首いぼ治療）,別部位,翌日,不可,,括弧内の期間は別部位の場合。同部位の間隔はこのセルに明示されていません,必要,20250309_秋田ver,HARG・HARG療法・ハーグ・ハーグ療法・発毛・育毛・薄毛,mikoメソッド・miko・ミコメソッド・首イボ・首いぼ・イボ
スカルプ・プラセンタエッセンス→mikoメソッド（首いぼ治療）,スカルプ・プラセンタエッセンス,mikoメソッド（首いぼ治療）,別部位,翌日,不可,,括弧内の期間は別部位の場合。同部位の間隔はこのセルに明示されていません,必要,20250309_秋田ver,スカルプ・プラセンタ・プラセンタエッセンス・頭皮ケア・薄毛,mikoメソッド・miko・ミコメソッド・首イボ・首いぼ・イボ
コラーゲンピール（マッサージピール）→mikoメソッド（首いぼ治療）,コラーゲンピール（マッサージピール）,mikoメソッド（首いぼ治療）,同部位,1週間,同部位は不可／別部位は可,,別部位の場合は同日可,不要,20250309_秋田ver,コラーゲンピール・マッサージピール・PRX・ハリ,mikoメソッド・miko・ミコメソッド・首イボ・首いぼ・イボ
サーマクール→mikoメソッド（首いぼ治療）,サーマクール,mikoメソッド（首いぼ治療）,同部位,2週間,同部位は不可／別部位は可,,別部位の場合は同日可,不要,20250309_秋田ver,サーマクール・サーマ・たるみ・引き締め・リフトアップ,mikoメソッド・miko・ミコメソッド・首イボ・首いぼ・イボ
ミラドライ→mikoメソッド（首いぼ治療）,ミラドライ,mikoメソッド（首いぼ治療）,不明,-（原表記）,不明,,原表は「-」ですが意味が明示されていないため、可否・間隔を断定できません,必要,20250309_秋田ver,ミラドライ・ワキガ・腋臭・多汗症・わき汗,mikoメソッド・miko・ミコメソッド・首イボ・首いぼ・イボ
医療レーザー脱毛→mikoメソッド（首いぼ治療）,医療レーザー脱毛,mikoメソッド（首いぼ治療）,同部位,2週間,同部位は不可／別部位は可,,別部位の場合は同日可,不要,20250309_秋田ver,脱毛・医療脱毛・レーザー脱毛・全身脱毛・顔脱毛・VIO脱毛・ひげ脱毛・メンズ脱毛,mikoメソッド・miko・ミコメソッド・首イボ・首いぼ・イボ
タトゥー除去（刺青除去）→mikoメソッド（首いぼ治療）,タトゥー除去（刺青除去）,mikoメソッド（首いぼ治療）,同部位,3か月,同部位は不可／別部位は可,,別部位の場合は同日可,不要,20250309_秋田ver,タトゥー・タトゥー除去・刺青・いれずみ・入れ墨,mikoメソッド・miko・ミコメソッド・首イボ・首いぼ・イボ
アートメイク→mikoメソッド（首いぼ治療）,アートメイク,mikoメソッド（首いぼ治療）,同部位,2週間,同部位は不可／別部位は可,,別部位の場合は同日可,不要,20250309_秋田ver,アートメイク・眉アートメイク・リップアートメイク・タトゥーメイク,mikoメソッド・miko・ミコメソッド・首イボ・首いぼ・イボ
ハイドラジェントル→ほくろ切除・ほくろ除去,ハイドラジェントル,ほくろ切除・ほくろ除去,同部位,同日,可,,,不要,20250309_秋田ver,ハイドラ・ハイドラフェイシャル・ハイドラクレンジング・毛穴洗浄,ほくろ切除・ほくろ除去・ほくろ・ほくろ取り
ケミカルピーリング→ほくろ切除・ほくろ除去,ケミカルピーリング,ほくろ切除・ほくろ除去,同部位,2週間,同部位は不可／別部位は可,,別部位の場合は同日可,不要,20250309_秋田ver,ピーリング・ケミカルピーリング・サリチル酸ピーリング,ほくろ切除・ほくろ除去・ほくろ・ほくろ取り
スマートサイドドットレーザー（2回目以降）→ほくろ切除・ほくろ除去,スマートサイドドットレーザー（2回目以降）,ほくろ切除・ほくろ除去,同部位,4週間,同部位は不可／別部位は可,,別部位の場合は同日可,不要,20250309_秋田ver,スマサイ・スマートサイドドット・スマートサイドドットレーザー,ほくろ切除・ほくろ除去・ほくろ・ほくろ取り
スマートサイドドットレーザー（初回）→ほくろ切除・ほくろ除去,スマートサイドドットレーザー（初回）,ほくろ切除・ほくろ除去,同部位,3週間,同部位は不可／別部位は可,,別部位の場合は同日可,不要,20250309_秋田ver,スマサイ・スマサイ初回・スマートサイドドット・スマートサイドドットレーザー,ほくろ切除・ほくろ除去・ほくろ・ほくろ取り
イボレーザー（炭酸ガス／CO2レーザー）→ほくろ切除・ほくろ除去,イボレーザー（炭酸ガス／CO2レーザー）,ほくろ切除・ほくろ除去,同部位,4週間,同部位は不可／別部位は可,,別部位の場合は同日可,不要,20250309_秋田ver,CO2・CO2レーザー・炭酸ガスレーザー・イボレーザー・いぼレーザー・イボ取り,ほくろ切除・ほくろ除去・ほくろ・ほくろ取り
シミ取りレーザー→ほくろ切除・ほくろ除去,シミ取りレーザー,ほくろ切除・ほくろ除去,同部位,4週間,同部位は不可／別部位は可,,別部位の場合は同日可,不要,20250309_秋田ver,シミレーザー・シミ取り・シミ取りレーザー・シミ治療,ほくろ切除・ほくろ除去・ほくろ・ほくろ取り
ADM治療（ピコレーザー）→ほくろ切除・ほくろ除去,ADM治療（ピコレーザー）,ほくろ切除・ほくろ除去,同部位,治療完了後 4週間,同部位は不可／別部位は可,,別部位の場合は同日可,不要,20250309_秋田ver,ADM・ADMレーザー・ピコレーザー・ピコ・あざ治療・太田母斑,ほくろ切除・ほくろ除去・ほくろ・ほくろ取り
ADM治療（ナノレーザー・メドライトC6）→ほくろ切除・ほくろ除去,ADM治療（ナノレーザー・メドライトC6）,ほくろ切除・ほくろ除去,同部位,治療完了後 4週間,同部位は不可／別部位は可,,別部位の場合は同日可,不要,20250309_秋田ver,ADM・ADMレーザー・ナノレーザー・メドライトC6・C6・あざ治療・太田母斑,ほくろ切除・ほくろ除去・ほくろ・ほくろ取り
レーザートーニング→ほくろ切除・ほくろ除去,レーザートーニング,ほくろ切除・ほくろ除去,同部位,1週間,同部位は不可／別部位は可,,別部位の場合は同日可,不要,20250309_秋田ver,トーニング・レーザートーニング・メドライトC6・肝斑・くすみ,ほくろ切除・ほくろ除去・ほくろ・ほくろ取り
ピコトーニング→ほくろ切除・ほくろ除去,ピコトーニング,ほくろ切除・ほくろ除去,同部位,2週間,同部位は不可／別部位は可,,別部位の場合は同日可,不要,20250309_秋田ver,ピコトーニング・ピコ・トーニング・肝斑・くすみ,ほくろ切除・ほくろ除去・ほくろ・ほくろ取り
ピコフラクショナル（1064nm）→ほくろ切除・ほくろ除去,ピコフラクショナル（1064nm）,ほくろ切除・ほくろ除去,同部位,3週間,同部位は不可／別部位は可,,別部位の場合は同日可,不要,20250309_秋田ver,ピコフラクショナル・ピコフラク・1064・フラクショナル・毛穴・肌質改善・ニキビ跡,ほくろ切除・ほくろ除去・ほくろ・ほくろ取り
そばかすシャワー（532レーザー）→ほくろ切除・ほくろ除去,そばかすシャワー（532レーザー）,ほくろ切除・ほくろ除去,同部位,4週間,同部位は不可／別部位は可,,別部位の場合は同日可,不要,20250309_秋田ver,そばかすシャワー・そばかす・532・そばかす治療,ほくろ切除・ほくろ除去・ほくろ・ほくろ取り
そばかすスポット照射→ほくろ切除・ほくろ除去,そばかすスポット照射,ほくろ切除・ほくろ除去,同部位,4週間,同部位は不可／別部位は可,,別部位の場合は同日可,不要,20250309_秋田ver,そばかすスポット・そばかす・スポット照射・シミ・そばかす治療,ほくろ切除・ほくろ除去・ほくろ・ほくろ取り
フォトフェイシャル（光治療）→ほくろ切除・ほくろ除去,フォトフェイシャル（光治療）,ほくろ切除・ほくろ除去,同部位,2週間,同部位は不可／別部位は可,,別部位の場合は同日可,不要,20250309_秋田ver,フォト・フォトフェイシャル・光治療・IPL・ステラM22,ほくろ切除・ほくろ除去・ほくろ・ほくろ取り
赤み治療（血管腫レーザー）→ほくろ切除・ほくろ除去,赤み治療（血管腫レーザー）,ほくろ切除・ほくろ除去,同部位,治療完了後 2週間,同部位は不可／別部位は可,,別部位の場合は同日可,不要,20250309_秋田ver,赤み治療・血管腫レーザー・赤ら顔・毛細血管拡張,ほくろ切除・ほくろ除去・ほくろ・ほくろ取り
ボトックス注射（通常）→ほくろ切除・ほくろ除去,ボトックス注射（通常）,ほくろ切除・ほくろ除去,同部位,2週間,同部位は不可／別部位は可,,別部位の場合は同日可,不要,20250309_秋田ver,ボトックス・ボトックス注射・ボツリヌストキシン・エラボトックス・小顔・シワ,ほくろ切除・ほくろ除去・ほくろ・ほくろ取り
マイクロボトックス→ほくろ切除・ほくろ除去,マイクロボトックス,ほくろ切除・ほくろ除去,同部位,2週間,同部位は不可／別部位は可,,別部位の場合は同日可,不要,20250309_秋田ver,マイクロボトックス・ボトックス・マイクロ・毛穴・テカリ,ほくろ切除・ほくろ除去・ほくろ・ほくろ取り
テノールNEO（テノールネオ）→ほくろ切除・ほくろ除去,テノールNEO（テノールネオ）,ほくろ切除・ほくろ除去,同部位,同日,可,,,不要,20250309_秋田ver,テノールネオ・テノールNEO・テノール・たるみ・引き締め,ほくろ切除・ほくろ除去・ほくろ・ほくろ取り
フラルスキン（トレチノイン）→ほくろ切除・ほくろ除去,フラルスキン（トレチノイン）,ほくろ切除・ほくろ除去,同部位,1週間,同部位は不可／別部位は可,,トレチノインのみの場合／別部位の場合は同日可,不要,20250309_秋田ver,フラルスキン・トレチ・トレチノイン・ハイドロキノン,ほくろ切除・ほくろ除去・ほくろ・ほくろ取り
部分シミ治療（トレチノイン）→ほくろ切除・ほくろ除去,部分シミ治療（トレチノイン）,ほくろ切除・ほくろ除去,同部位／別部位,同部位：4週間／別部位：翌日,不可,,,不要,20250309_秋田ver,部分シミ・トレチ・トレチノイン・シミ,ほくろ切除・ほくろ除去・ほくろ・ほくろ取り
mikoメソッド（首いぼ治療）→ほくろ切除・ほくろ除去,mikoメソッド（首いぼ治療）,ほくろ切除・ほくろ除去,不明,-（原表記）,不明,,原表は「-」ですが意味が明示されていないため、可否・間隔を断定できません,必要,20250309_秋田ver,mikoメソッド・miko・ミコメソッド・首イボ・首いぼ・イボ,ほくろ切除・ほくろ除去・ほくろ・ほくろ取り
ほくろ切除・ほくろ除去→ほくろ切除・ほくろ除去,ほくろ切除・ほくろ除去,ほくろ切除・ほくろ除去,同部位,3か月,同部位は不可／別部位は可,,別部位の場合は同日可,不要,20250309_秋田ver,ほくろ切除・ほくろ除去・ほくろ・ほくろ取り,ほくろ切除・ほくろ除去・ほくろ・ほくろ取り
ボライト（スキンブースター）→ほくろ切除・ほくろ除去,ボライト（スキンブースター）,ほくろ切除・ほくろ除去,同部位,4週間,同部位は不可／別部位は可,,別部位の場合は同日可,不要,20250309_秋田ver,ボライト・スキンブースター・ヒアルロン酸・ジュビダーム,ほくろ切除・ほくろ除去・ほくろ・ほくろ取り
稗粒腫（はいりゅうしゅ）除去→ほくろ切除・ほくろ除去,稗粒腫（はいりゅうしゅ）除去,ほくろ切除・ほくろ除去,不明,-（原表記）,不明,,原表は「-」ですが意味が明示されていないため、可否・間隔を断定できません,必要,20250309_秋田ver,稗粒腫・はいりゅうしゅ・ぶつぶつ・ブツブツ,ほくろ切除・ほくろ除去・ほくろ・ほくろ取り
ヴェルヴェットスキン→ほくろ切除・ほくろ除去,ヴェルヴェットスキン,ほくろ切除・ほくろ除去,同部位,4週間,同部位は不可／別部位は可,,別部位の場合は同日可,不要,20250309_秋田ver,ヴェルヴェットスキン・ヴェルヴェット・ベルベットスキン・ダーマペン・コラーゲンピール,ほくろ切除・ほくろ除去・ほくろ・ほくろ取り
ダーマペン4→ほくろ切除・ほくろ除去,ダーマペン4,ほくろ切除・ほくろ除去,同部位,4週間,同部位は不可／別部位は可,,別部位の場合は同日可,不要,20250309_秋田ver,ダーマペン・ダーマペン4・毛穴・ニキビ跡,ほくろ切除・ほくろ除去・ほくろ・ほくろ取り
HARG療法→ほくろ切除・ほくろ除去,HARG療法,ほくろ切除・ほくろ除去,別部位,翌日,不可,,括弧内の期間は別部位の場合。同部位の間隔はこのセルに明示されていません,必要,20250309_秋田ver,HARG・HARG療法・ハーグ・ハーグ療法・発毛・育毛・薄毛,ほくろ切除・ほくろ除去・ほくろ・ほくろ取り
スカルプ・プラセンタエッセンス→ほくろ切除・ほくろ除去,スカルプ・プラセンタエッセンス,ほくろ切除・ほくろ除去,別部位,翌日,不可,,括弧内の期間は別部位の場合。同部位の間隔はこのセルに明示されていません,必要,20250309_秋田ver,スカルプ・プラセンタ・プラセンタエッセンス・頭皮ケア・薄毛,ほくろ切除・ほくろ除去・ほくろ・ほくろ取り
コラーゲンピール（マッサージピール）→ほくろ切除・ほくろ除去,コラーゲンピール（マッサージピール）,ほくろ切除・ほくろ除去,同部位,1週間,同部位は不可／別部位は可,,別部位の場合は同日可,不要,20250309_秋田ver,コラーゲンピール・マッサージピール・PRX・ハリ,ほくろ切除・ほくろ除去・ほくろ・ほくろ取り
サーマクール→ほくろ切除・ほくろ除去,サーマクール,ほくろ切除・ほくろ除去,同部位,2週間,同部位は不可／別部位は可,,別部位の場合は同日可,不要,20250309_秋田ver,サーマクール・サーマ・たるみ・引き締め・リフトアップ,ほくろ切除・ほくろ除去・ほくろ・ほくろ取り
ミラドライ→ほくろ切除・ほくろ除去,ミラドライ,ほくろ切除・ほくろ除去,不明,-（原表記）,不明,,原表は「-」ですが意味が明示されていないため、可否・間隔を断定できません,必要,20250309_秋田ver,ミラドライ・ワキガ・腋臭・多汗症・わき汗,ほくろ切除・ほくろ除去・ほくろ・ほくろ取り
医療レーザー脱毛→ほくろ切除・ほくろ除去,医療レーザー脱毛,ほくろ切除・ほくろ除去,同部位,2週間,同部位は不可／別部位は可,,別部位の場合は同日可,不要,20250309_秋田ver,脱毛・医療脱毛・レーザー脱毛・全身脱毛・顔脱毛・VIO脱毛・ひげ脱毛・メンズ脱毛,ほくろ切除・ほくろ除去・ほくろ・ほくろ取り
タトゥー除去（刺青除去）→ほくろ切除・ほくろ除去,タトゥー除去（刺青除去）,ほくろ切除・ほくろ除去,同部位,3か月,同部位は不可／別部位は可,,別部位の場合は同日可,不要,20250309_秋田ver,タトゥー・タトゥー除去・刺青・いれずみ・入れ墨,ほくろ切除・ほくろ除去・ほくろ・ほくろ取り
アートメイク→ほくろ切除・ほくろ除去,アートメイク,ほくろ切除・ほくろ除去,同部位,2週間,同部位は不可／別部位は可,,別部位の場合は同日可,不要,20250309_秋田ver,アートメイク・眉アートメイク・リップアートメイク・タトゥーメイク,ほくろ切除・ほくろ除去・ほくろ・ほくろ取り
ハイドラジェントル→ボライト（スキンブースター）,ハイドラジェントル,ボライト（スキンブースター）,同部位,同日,可,,,不要,20250309_秋田ver,ハイドラ・ハイドラフェイシャル・ハイドラクレンジング・毛穴洗浄,ボライト・スキンブースター・ヒアルロン酸・ジュビダーム
ケミカルピーリング→ボライト（スキンブースター）,ケミカルピーリング,ボライト（スキンブースター）,同部位,2週間,同部位は不可／別部位は可,,別部位の場合は同日可,不要,20250309_秋田ver,ピーリング・ケミカルピーリング・サリチル酸ピーリング,ボライト・スキンブースター・ヒアルロン酸・ジュビダーム
スマートサイドドットレーザー（2回目以降）→ボライト（スキンブースター）,スマートサイドドットレーザー（2回目以降）,ボライト（スキンブースター）,同部位,4週間,同部位は不可／別部位は可,,別部位の場合は同日可,不要,20250309_秋田ver,スマサイ・スマートサイドドット・スマートサイドドットレーザー,ボライト・スキンブースター・ヒアルロン酸・ジュビダーム
スマートサイドドットレーザー（初回）→ボライト（スキンブースター）,スマートサイドドットレーザー（初回）,ボライト（スキンブースター）,同部位,3週間,同部位は不可／別部位は可,,別部位の場合は同日可,不要,20250309_秋田ver,スマサイ・スマサイ初回・スマートサイドドット・スマートサイドドットレーザー,ボライト・スキンブースター・ヒアルロン酸・ジュビダーム
イボレーザー（炭酸ガス／CO2レーザー）→ボライト（スキンブースター）,イボレーザー（炭酸ガス／CO2レーザー）,ボライト（スキンブースター）,同部位,4週間,同部位は不可／別部位は可,,別部位の場合は同日可,不要,20250309_秋田ver,CO2・CO2レーザー・炭酸ガスレーザー・イボレーザー・いぼレーザー・イボ取り,ボライト・スキンブースター・ヒアルロン酸・ジュビダーム
シミ取りレーザー→ボライト（スキンブースター）,シミ取りレーザー,ボライト（スキンブースター）,同部位,4週間,同部位は不可／別部位は可,,別部位の場合は同日可,不要,20250309_秋田ver,シミレーザー・シミ取り・シミ取りレーザー・シミ治療,ボライト・スキンブースター・ヒアルロン酸・ジュビダーム
ADM治療（ピコレーザー）→ボライト（スキンブースター）,ADM治療（ピコレーザー）,ボライト（スキンブースター）,同部位,治療完了後 4週間,同部位は不可／別部位は可,,別部位の場合は同日可,不要,20250309_秋田ver,ADM・ADMレーザー・ピコレーザー・ピコ・あざ治療・太田母斑,ボライト・スキンブースター・ヒアルロン酸・ジュビダーム
ADM治療（ナノレーザー・メドライトC6）→ボライト（スキンブースター）,ADM治療（ナノレーザー・メドライトC6）,ボライト（スキンブースター）,同部位,治療完了後 4週間,同部位は不可／別部位は可,,別部位の場合は同日可,不要,20250309_秋田ver,ADM・ADMレーザー・ナノレーザー・メドライトC6・C6・あざ治療・太田母斑,ボライト・スキンブースター・ヒアルロン酸・ジュビダーム
レーザートーニング→ボライト（スキンブースター）,レーザートーニング,ボライト（スキンブースター）,同部位,1週間,同部位は不可／別部位は可,,別部位の場合は同日可,不要,20250309_秋田ver,トーニング・レーザートーニング・メドライトC6・肝斑・くすみ,ボライト・スキンブースター・ヒアルロン酸・ジュビダーム
ピコトーニング→ボライト（スキンブースター）,ピコトーニング,ボライト（スキンブースター）,同部位,2週間,同部位は不可／別部位は可,,別部位の場合は同日可,不要,20250309_秋田ver,ピコトーニング・ピコ・トーニング・肝斑・くすみ,ボライト・スキンブースター・ヒアルロン酸・ジュビダーム
ピコフラクショナル（1064nm）→ボライト（スキンブースター）,ピコフラクショナル（1064nm）,ボライト（スキンブースター）,同部位,4週間,同部位は不可／別部位は可,,別部位の場合は同日可,不要,20250309_秋田ver,ピコフラクショナル・ピコフラク・1064・フラクショナル・毛穴・肌質改善・ニキビ跡,ボライト・スキンブースター・ヒアルロン酸・ジュビダーム
そばかすシャワー（532レーザー）→ボライト（スキンブースター）,そばかすシャワー（532レーザー）,ボライト（スキンブースター）,同部位,4週間,同部位は不可／別部位は可,,別部位の場合は同日可,不要,20250309_秋田ver,そばかすシャワー・そばかす・532・そばかす治療,ボライト・スキンブースター・ヒアルロン酸・ジュビダーム
そばかすスポット照射→ボライト（スキンブースター）,そばかすスポット照射,ボライト（スキンブースター）,同部位,4週間,同部位は不可／別部位は可,,別部位の場合は同日可,不要,20250309_秋田ver,そばかすスポット・そばかす・スポット照射・シミ・そばかす治療,ボライト・スキンブースター・ヒアルロン酸・ジュビダーム
フォトフェイシャル（光治療）→ボライト（スキンブースター）,フォトフェイシャル（光治療）,ボライト（スキンブースター）,同部位,1週間,同部位は不可／別部位は可,,別部位の場合は同日可,不要,20250309_秋田ver,フォト・フォトフェイシャル・光治療・IPL・ステラM22,ボライト・スキンブースター・ヒアルロン酸・ジュビダーム
赤み治療（血管腫レーザー）→ボライト（スキンブースター）,赤み治療（血管腫レーザー）,ボライト（スキンブースター）,同部位,治療完了後 2週間,同部位は不可／別部位は可,,別部位の場合は同日可,不要,20250309_秋田ver,赤み治療・血管腫レーザー・赤ら顔・毛細血管拡張,ボライト・スキンブースター・ヒアルロン酸・ジュビダーム
ボトックス注射（通常）→ボライト（スキンブースター）,ボトックス注射（通常）,ボライト（スキンブースター）,同部位,2週間,同部位は不可／別部位は可,,別部位の場合は同日可,不要,20250309_秋田ver,ボトックス・ボトックス注射・ボツリヌストキシン・エラボトックス・小顔・シワ,ボライト・スキンブースター・ヒアルロン酸・ジュビダーム
マイクロボトックス→ボライト（スキンブースター）,マイクロボトックス,ボライト（スキンブースター）,同部位,2週間,同部位は不可／別部位は可,,別部位の場合は同日可,不要,20250309_秋田ver,マイクロボトックス・ボトックス・マイクロ・毛穴・テカリ,ボライト・スキンブースター・ヒアルロン酸・ジュビダーム
テノールNEO（テノールネオ）→ボライト（スキンブースター）,テノールNEO（テノールネオ）,ボライト（スキンブースター）,同部位,1週間,同部位は不可／別部位は可,,別部位の場合は同日可,不要,20250309_秋田ver,テノールネオ・テノールNEO・テノール・たるみ・引き締め,ボライト・スキンブースター・ヒアルロン酸・ジュビダーム
フラルスキン（トレチノイン）→ボライト（スキンブースター）,フラルスキン（トレチノイン）,ボライト（スキンブースター）,同部位,1週間,同部位は不可／別部位は可,,トレチノインのみの場合／別部位の場合は同日可,不要,20250309_秋田ver,フラルスキン・トレチ・トレチノイン・ハイドロキノン,ボライト・スキンブースター・ヒアルロン酸・ジュビダーム
部分シミ治療（トレチノイン）→ボライト（スキンブースター）,部分シミ治療（トレチノイン）,ボライト（スキンブースター）,同部位,4週間,同部位は不可／別部位は可,,別部位の場合は同日可,不要,20250309_秋田ver,部分シミ・トレチ・トレチノイン・シミ,ボライト・スキンブースター・ヒアルロン酸・ジュビダーム
mikoメソッド（首いぼ治療）→ボライト（スキンブースター）,mikoメソッド（首いぼ治療）,ボライト（スキンブースター）,同部位,4週間,同部位は不可／別部位は可,,別部位の場合は同日可,不要,20250309_秋田ver,mikoメソッド・miko・ミコメソッド・首イボ・首いぼ・イボ,ボライト・スキンブースター・ヒアルロン酸・ジュビダーム
ほくろ切除・ほくろ除去→ボライト（スキンブースター）,ほくろ切除・ほくろ除去,ボライト（スキンブースター）,同部位,上皮化後 4週間,同部位は不可／別部位は可,,別部位の場合は同日可,不要,20250309_秋田ver,ほくろ切除・ほくろ除去・ほくろ・ほくろ取り,ボライト・スキンブースター・ヒアルロン酸・ジュビダーム
ボライト（スキンブースター）→ボライト（スキンブースター）,ボライト（スキンブースター）,ボライト（スキンブースター）,同部位,4週間,同部位は不可／別部位は可,,別部位の場合は同日可,不要,20250309_秋田ver,ボライト・スキンブースター・ヒアルロン酸・ジュビダーム,ボライト・スキンブースター・ヒアルロン酸・ジュビダーム
稗粒腫（はいりゅうしゅ）除去→ボライト（スキンブースター）,稗粒腫（はいりゅうしゅ）除去,ボライト（スキンブースター）,同部位,1週間,同部位は不可／別部位は可,,別部位の場合は同日可,不要,20250309_秋田ver,稗粒腫・はいりゅうしゅ・ぶつぶつ・ブツブツ,ボライト・スキンブースター・ヒアルロン酸・ジュビダーム
ヴェルヴェットスキン→ボライト（スキンブースター）,ヴェルヴェットスキン,ボライト（スキンブースター）,同部位,4週間,同部位は不可／別部位は可,,別部位の場合は同日可,不要,20250309_秋田ver,ヴェルヴェットスキン・ヴェルヴェット・ベルベットスキン・ダーマペン・コラーゲンピール,ボライト・スキンブースター・ヒアルロン酸・ジュビダーム
ダーマペン4→ボライト（スキンブースター）,ダーマペン4,ボライト（スキンブースター）,同部位,4週間,同部位は不可／別部位は可,,別部位の場合は同日可,不要,20250309_秋田ver,ダーマペン・ダーマペン4・毛穴・ニキビ跡,ボライト・スキンブースター・ヒアルロン酸・ジュビダーム
HARG療法→ボライト（スキンブースター）,HARG療法,ボライト（スキンブースター）,別部位,翌日,不可,,括弧内の期間は別部位の場合。同部位の間隔はこのセルに明示されていません,必要,20250309_秋田ver,HARG・HARG療法・ハーグ・ハーグ療法・発毛・育毛・薄毛,ボライト・スキンブースター・ヒアルロン酸・ジュビダーム
スカルプ・プラセンタエッセンス→ボライト（スキンブースター）,スカルプ・プラセンタエッセンス,ボライト（スキンブースター）,別部位,翌日,不可,,括弧内の期間は別部位の場合。同部位の間隔はこのセルに明示されていません,必要,20250309_秋田ver,スカルプ・プラセンタ・プラセンタエッセンス・頭皮ケア・薄毛,ボライト・スキンブースター・ヒアルロン酸・ジュビダーム
コラーゲンピール（マッサージピール）→ボライト（スキンブースター）,コラーゲンピール（マッサージピール）,ボライト（スキンブースター）,同部位,1週間,同部位は不可／別部位は可,,別部位の場合は同日可,不要,20250309_秋田ver,コラーゲンピール・マッサージピール・PRX・ハリ,ボライト・スキンブースター・ヒアルロン酸・ジュビダーム
サーマクール→ボライト（スキンブースター）,サーマクール,ボライト（スキンブースター）,同部位,2週間,同部位は不可／別部位は可,,別部位の場合は同日可,不要,20250309_秋田ver,サーマクール・サーマ・たるみ・引き締め・リフトアップ,ボライト・スキンブースター・ヒアルロン酸・ジュビダーム
ミラドライ→ボライト（スキンブースター）,ミラドライ,ボライト（スキンブースター）,不明,-（原表記）,不明,,原表は「-」ですが意味が明示されていないため、可否・間隔を断定できません,必要,20250309_秋田ver,ミラドライ・ワキガ・腋臭・多汗症・わき汗,ボライト・スキンブースター・ヒアルロン酸・ジュビダーム
医療レーザー脱毛→ボライト（スキンブースター）,医療レーザー脱毛,ボライト（スキンブースター）,同部位,2週間,同部位は不可／別部位は可,,別部位の場合は同日可,不要,20250309_秋田ver,脱毛・医療脱毛・レーザー脱毛・全身脱毛・顔脱毛・VIO脱毛・ひげ脱毛・メンズ脱毛,ボライト・スキンブースター・ヒアルロン酸・ジュビダーム
タトゥー除去（刺青除去）→ボライト（スキンブースター）,タトゥー除去（刺青除去）,ボライト（スキンブースター）,同部位,3か月,同部位は不可／別部位は可,,別部位の場合は同日可,不要,20250309_秋田ver,タトゥー・タトゥー除去・刺青・いれずみ・入れ墨,ボライト・スキンブースター・ヒアルロン酸・ジュビダーム
アートメイク→ボライト（スキンブースター）,アートメイク,ボライト（スキンブースター）,同部位,2週間,同部位は不可／別部位は可,,別部位の場合は同日可,不要,20250309_秋田ver,アートメイク・眉アートメイク・リップアートメイク・タトゥーメイク,ボライト・スキンブースター・ヒアルロン酸・ジュビダーム
ハイドラジェントル→稗粒腫（はいりゅうしゅ）除去,ハイドラジェントル,稗粒腫（はいりゅうしゅ）除去,同部位,同日,可,,,不要,20250309_秋田ver,ハイドラ・ハイドラフェイシャル・ハイドラクレンジング・毛穴洗浄,稗粒腫・はいりゅうしゅ・ぶつぶつ・ブツブツ
ケミカルピーリング→稗粒腫（はいりゅうしゅ）除去,ケミカルピーリング,稗粒腫（はいりゅうしゅ）除去,同部位,2週間,同部位は不可／別部位は可,,別部位の場合は同日可,不要,20250309_秋田ver,ピーリング・ケミカルピーリング・サリチル酸ピーリング,稗粒腫・はいりゅうしゅ・ぶつぶつ・ブツブツ
スマートサイドドットレーザー（2回目以降）→稗粒腫（はいりゅうしゅ）除去,スマートサイドドットレーザー（2回目以降）,稗粒腫（はいりゅうしゅ）除去,同部位,4週間,同部位は不可／別部位は可,,別部位の場合は同日可,不要,20250309_秋田ver,スマサイ・スマートサイドドット・スマートサイドドットレーザー,稗粒腫・はいりゅうしゅ・ぶつぶつ・ブツブツ
スマートサイドドットレーザー（初回）→稗粒腫（はいりゅうしゅ）除去,スマートサイドドットレーザー（初回）,稗粒腫（はいりゅうしゅ）除去,同部位,3週間,同部位は不可／別部位は可,,別部位の場合は同日可,不要,20250309_秋田ver,スマサイ・スマサイ初回・スマートサイドドット・スマートサイドドットレーザー,稗粒腫・はいりゅうしゅ・ぶつぶつ・ブツブツ
イボレーザー（炭酸ガス／CO2レーザー）→稗粒腫（はいりゅうしゅ）除去,イボレーザー（炭酸ガス／CO2レーザー）,稗粒腫（はいりゅうしゅ）除去,同部位,4週間,同部位は不可／別部位は可,,別部位の場合は同日可,不要,20250309_秋田ver,CO2・CO2レーザー・炭酸ガスレーザー・イボレーザー・いぼレーザー・イボ取り,稗粒腫・はいりゅうしゅ・ぶつぶつ・ブツブツ
シミ取りレーザー→稗粒腫（はいりゅうしゅ）除去,シミ取りレーザー,稗粒腫（はいりゅうしゅ）除去,同部位,4週間,同部位は不可／別部位は可,,別部位の場合は同日可,不要,20250309_秋田ver,シミレーザー・シミ取り・シミ取りレーザー・シミ治療,稗粒腫・はいりゅうしゅ・ぶつぶつ・ブツブツ
ADM治療（ピコレーザー）→稗粒腫（はいりゅうしゅ）除去,ADM治療（ピコレーザー）,稗粒腫（はいりゅうしゅ）除去,同部位,治療完了後 4週間,同部位は不可／別部位は可,,別部位の場合は同日可,不要,20250309_秋田ver,ADM・ADMレーザー・ピコレーザー・ピコ・あざ治療・太田母斑,稗粒腫・はいりゅうしゅ・ぶつぶつ・ブツブツ
ADM治療（ナノレーザー・メドライトC6）→稗粒腫（はいりゅうしゅ）除去,ADM治療（ナノレーザー・メドライトC6）,稗粒腫（はいりゅうしゅ）除去,同部位,治療完了後 4週間,同部位は不可／別部位は可,,別部位の場合は同日可,不要,20250309_秋田ver,ADM・ADMレーザー・ナノレーザー・メドライトC6・C6・あざ治療・太田母斑,稗粒腫・はいりゅうしゅ・ぶつぶつ・ブツブツ
レーザートーニング→稗粒腫（はいりゅうしゅ）除去,レーザートーニング,稗粒腫（はいりゅうしゅ）除去,同部位,1週間,同部位は不可／別部位は可,,別部位の場合は同日可,不要,20250309_秋田ver,トーニング・レーザートーニング・メドライトC6・肝斑・くすみ,稗粒腫・はいりゅうしゅ・ぶつぶつ・ブツブツ
ピコトーニング→稗粒腫（はいりゅうしゅ）除去,ピコトーニング,稗粒腫（はいりゅうしゅ）除去,同部位,2週間,同部位は不可／別部位は可,,別部位の場合は同日可,不要,20250309_秋田ver,ピコトーニング・ピコ・トーニング・肝斑・くすみ,稗粒腫・はいりゅうしゅ・ぶつぶつ・ブツブツ
ピコフラクショナル（1064nm）→稗粒腫（はいりゅうしゅ）除去,ピコフラクショナル（1064nm）,稗粒腫（はいりゅうしゅ）除去,同部位,3週間,同部位は不可／別部位は可,,別部位の場合は同日可,不要,20250309_秋田ver,ピコフラクショナル・ピコフラク・1064・フラクショナル・毛穴・肌質改善・ニキビ跡,稗粒腫・はいりゅうしゅ・ぶつぶつ・ブツブツ
そばかすシャワー（532レーザー）→稗粒腫（はいりゅうしゅ）除去,そばかすシャワー（532レーザー）,稗粒腫（はいりゅうしゅ）除去,同部位,4週間,同部位は不可／別部位は可,,別部位の場合は同日可,不要,20250309_秋田ver,そばかすシャワー・そばかす・532・そばかす治療,稗粒腫・はいりゅうしゅ・ぶつぶつ・ブツブツ
そばかすスポット照射→稗粒腫（はいりゅうしゅ）除去,そばかすスポット照射,稗粒腫（はいりゅうしゅ）除去,同部位,4週間,同部位は不可／別部位は可,,別部位の場合は同日可,不要,20250309_秋田ver,そばかすスポット・そばかす・スポット照射・シミ・そばかす治療,稗粒腫・はいりゅうしゅ・ぶつぶつ・ブツブツ
フォトフェイシャル（光治療）→稗粒腫（はいりゅうしゅ）除去,フォトフェイシャル（光治療）,稗粒腫（はいりゅうしゅ）除去,同部位,2週間,同部位は不可／別部位は可,,別部位の場合は同日可,不要,20250309_秋田ver,フォト・フォトフェイシャル・光治療・IPL・ステラM22,稗粒腫・はいりゅうしゅ・ぶつぶつ・ブツブツ
赤み治療（血管腫レーザー）→稗粒腫（はいりゅうしゅ）除去,赤み治療（血管腫レーザー）,稗粒腫（はいりゅうしゅ）除去,同部位,治療完了後 2週間,同部位は不可／別部位は可,,別部位の場合は同日可,不要,20250309_秋田ver,赤み治療・血管腫レーザー・赤ら顔・毛細血管拡張,稗粒腫・はいりゅうしゅ・ぶつぶつ・ブツブツ
ボトックス注射（通常）→稗粒腫（はいりゅうしゅ）除去,ボトックス注射（通常）,稗粒腫（はいりゅうしゅ）除去,同部位,2週間,同部位は不可／別部位は可,,別部位の場合は同日可,不要,20250309_秋田ver,ボトックス・ボトックス注射・ボツリヌストキシン・エラボトックス・小顔・シワ,稗粒腫・はいりゅうしゅ・ぶつぶつ・ブツブツ
マイクロボトックス→稗粒腫（はいりゅうしゅ）除去,マイクロボトックス,稗粒腫（はいりゅうしゅ）除去,同部位,2週間,同部位は不可／別部位は可,,別部位の場合は同日可,不要,20250309_秋田ver,マイクロボトックス・ボトックス・マイクロ・毛穴・テカリ,稗粒腫・はいりゅうしゅ・ぶつぶつ・ブツブツ
テノールNEO（テノールネオ）→稗粒腫（はいりゅうしゅ）除去,テノールNEO（テノールネオ）,稗粒腫（はいりゅうしゅ）除去,同部位,同日,可,,,不要,20250309_秋田ver,テノールネオ・テノールNEO・テノール・たるみ・引き締め,稗粒腫・はいりゅうしゅ・ぶつぶつ・ブツブツ
フラルスキン（トレチノイン）→稗粒腫（はいりゅうしゅ）除去,フラルスキン（トレチノイン）,稗粒腫（はいりゅうしゅ）除去,同部位,1週間,同部位は不可／別部位は可,,トレチノインのみの場合／別部位の場合は同日可,不要,20250309_秋田ver,フラルスキン・トレチ・トレチノイン・ハイドロキノン,稗粒腫・はいりゅうしゅ・ぶつぶつ・ブツブツ
部分シミ治療（トレチノイン）→稗粒腫（はいりゅうしゅ）除去,部分シミ治療（トレチノイン）,稗粒腫（はいりゅうしゅ）除去,同部位,4週間,同部位は不可／別部位は可,,別部位の場合は同日可,不要,20250309_秋田ver,部分シミ・トレチ・トレチノイン・シミ,稗粒腫・はいりゅうしゅ・ぶつぶつ・ブツブツ
mikoメソッド（首いぼ治療）→稗粒腫（はいりゅうしゅ）除去,mikoメソッド（首いぼ治療）,稗粒腫（はいりゅうしゅ）除去,不明,-（原表記）,不明,,原表は「-」ですが意味が明示されていないため、可否・間隔を断定できません,必要,20250309_秋田ver,mikoメソッド・miko・ミコメソッド・首イボ・首いぼ・イボ,稗粒腫・はいりゅうしゅ・ぶつぶつ・ブツブツ
ほくろ切除・ほくろ除去→稗粒腫（はいりゅうしゅ）除去,ほくろ切除・ほくろ除去,稗粒腫（はいりゅうしゅ）除去,不明,-（原表記）,不明,,原表は「-」ですが意味が明示されていないため、可否・間隔を断定できません,必要,20250309_秋田ver,ほくろ切除・ほくろ除去・ほくろ・ほくろ取り,稗粒腫・はいりゅうしゅ・ぶつぶつ・ブツブツ
ボライト（スキンブースター）→稗粒腫（はいりゅうしゅ）除去,ボライト（スキンブースター）,稗粒腫（はいりゅうしゅ）除去,同部位,4週間,同部位は不可／別部位は可,,別部位の場合は同日可,不要,20250309_秋田ver,ボライト・スキンブースター・ヒアルロン酸・ジュビダーム,稗粒腫・はいりゅうしゅ・ぶつぶつ・ブツブツ
稗粒腫（はいりゅうしゅ）除去→稗粒腫（はいりゅうしゅ）除去,稗粒腫（はいりゅうしゅ）除去,稗粒腫（はいりゅうしゅ）除去,同部位,1週間,同部位は不可／別部位は可,,別部位の場合は同日可,不要,20250309_秋田ver,稗粒腫・はいりゅうしゅ・ぶつぶつ・ブツブツ,稗粒腫・はいりゅうしゅ・ぶつぶつ・ブツブツ
ヴェルヴェットスキン→稗粒腫（はいりゅうしゅ）除去,ヴェルヴェットスキン,稗粒腫（はいりゅうしゅ）除去,同部位,4週間,同部位は不可／別部位は可,,別部位の場合は同日可,不要,20250309_秋田ver,ヴェルヴェットスキン・ヴェルヴェット・ベルベットスキン・ダーマペン・コラーゲンピール,稗粒腫・はいりゅうしゅ・ぶつぶつ・ブツブツ
ダーマペン4→稗粒腫（はいりゅうしゅ）除去,ダーマペン4,稗粒腫（はいりゅうしゅ）除去,同部位,4週間,同部位は不可／別部位は可,,別部位の場合は同日可,不要,20250309_秋田ver,ダーマペン・ダーマペン4・毛穴・ニキビ跡,稗粒腫・はいりゅうしゅ・ぶつぶつ・ブツブツ
HARG療法→稗粒腫（はいりゅうしゅ）除去,HARG療法,稗粒腫（はいりゅうしゅ）除去,別部位,翌日,不可,,括弧内の期間は別部位の場合。同部位の間隔はこのセルに明示されていません,必要,20250309_秋田ver,HARG・HARG療法・ハーグ・ハーグ療法・発毛・育毛・薄毛,稗粒腫・はいりゅうしゅ・ぶつぶつ・ブツブツ
スカルプ・プラセンタエッセンス→稗粒腫（はいりゅうしゅ）除去,スカルプ・プラセンタエッセンス,稗粒腫（はいりゅうしゅ）除去,別部位,翌日,不可,,括弧内の期間は別部位の場合。同部位の間隔はこのセルに明示されていません,必要,20250309_秋田ver,スカルプ・プラセンタ・プラセンタエッセンス・頭皮ケア・薄毛,稗粒腫・はいりゅうしゅ・ぶつぶつ・ブツブツ
コラーゲンピール（マッサージピール）→稗粒腫（はいりゅうしゅ）除去,コラーゲンピール（マッサージピール）,稗粒腫（はいりゅうしゅ）除去,同部位,1週間,同部位は不可／別部位は可,,別部位の場合は同日可,不要,20250309_秋田ver,コラーゲンピール・マッサージピール・PRX・ハリ,稗粒腫・はいりゅうしゅ・ぶつぶつ・ブツブツ
サーマクール→稗粒腫（はいりゅうしゅ）除去,サーマクール,稗粒腫（はいりゅうしゅ）除去,同部位,2週間,同部位は不可／別部位は可,,別部位の場合は同日可,不要,20250309_秋田ver,サーマクール・サーマ・たるみ・引き締め・リフトアップ,稗粒腫・はいりゅうしゅ・ぶつぶつ・ブツブツ
ミラドライ→稗粒腫（はいりゅうしゅ）除去,ミラドライ,稗粒腫（はいりゅうしゅ）除去,不明,-（原表記）,不明,,原表は「-」ですが意味が明示されていないため、可否・間隔を断定できません,必要,20250309_秋田ver,ミラドライ・ワキガ・腋臭・多汗症・わき汗,稗粒腫・はいりゅうしゅ・ぶつぶつ・ブツブツ
医療レーザー脱毛→稗粒腫（はいりゅうしゅ）除去,医療レーザー脱毛,稗粒腫（はいりゅうしゅ）除去,同部位,2週間,同部位は不可／別部位は可,,別部位の場合は同日可,不要,20250309_秋田ver,脱毛・医療脱毛・レーザー脱毛・全身脱毛・顔脱毛・VIO脱毛・ひげ脱毛・メンズ脱毛,稗粒腫・はいりゅうしゅ・ぶつぶつ・ブツブツ
タトゥー除去（刺青除去）→稗粒腫（はいりゅうしゅ）除去,タトゥー除去（刺青除去）,稗粒腫（はいりゅうしゅ）除去,同部位,3か月,同部位は不可／別部位は可,,別部位の場合は同日可,不要,20250309_秋田ver,タトゥー・タトゥー除去・刺青・いれずみ・入れ墨,稗粒腫・はいりゅうしゅ・ぶつぶつ・ブツブツ
アートメイク→稗粒腫（はいりゅうしゅ）除去,アートメイク,稗粒腫（はいりゅうしゅ）除去,同部位,2週間,同部位は不可／別部位は可,,別部位の場合は同日可,不要,20250309_秋田ver,アートメイク・眉アートメイク・リップアートメイク・タトゥーメイク,稗粒腫・はいりゅうしゅ・ぶつぶつ・ブツブツ
ハイドラジェントル→ヴェルヴェットスキン,ハイドラジェントル,ヴェルヴェットスキン,同部位,2週間,同部位は不可／別部位は可,,別部位の場合は同日可,不要,20250309_秋田ver,ハイドラ・ハイドラフェイシャル・ハイドラクレンジング・毛穴洗浄,ヴェルヴェットスキン・ヴェルヴェット・ベルベットスキン・ダーマペン・コラーゲンピール
ケミカルピーリング→ヴェルヴェットスキン,ケミカルピーリング,ヴェルヴェットスキン,同部位,2週間,同部位は不可／別部位は可,,別部位の場合は同日可,不要,20250309_秋田ver,ピーリング・ケミカルピーリング・サリチル酸ピーリング,ヴェルヴェットスキン・ヴェルヴェット・ベルベットスキン・ダーマペン・コラーゲンピール
スマートサイドドットレーザー（2回目以降）→ヴェルヴェットスキン,スマートサイドドットレーザー（2回目以降）,ヴェルヴェットスキン,同部位,4週間,同部位は不可／別部位は可,,別部位の場合は同日可,不要,20250309_秋田ver,スマサイ・スマートサイドドット・スマートサイドドットレーザー,ヴェルヴェットスキン・ヴェルヴェット・ベルベットスキン・ダーマペン・コラーゲンピール
スマートサイドドットレーザー（初回）→ヴェルヴェットスキン,スマートサイドドットレーザー（初回）,ヴェルヴェットスキン,同部位,3週間,同部位は不可／別部位は可,,別部位の場合は同日可,不要,20250309_秋田ver,スマサイ・スマサイ初回・スマートサイドドット・スマートサイドドットレーザー,ヴェルヴェットスキン・ヴェルヴェット・ベルベットスキン・ダーマペン・コラーゲンピール
イボレーザー（炭酸ガス／CO2レーザー）→ヴェルヴェットスキン,イボレーザー（炭酸ガス／CO2レーザー）,ヴェルヴェットスキン,同部位,4週間,同部位は不可／別部位は可,,別部位の場合は同日可,不要,20250309_秋田ver,CO2・CO2レーザー・炭酸ガスレーザー・イボレーザー・いぼレーザー・イボ取り,ヴェルヴェットスキン・ヴェルヴェット・ベルベットスキン・ダーマペン・コラーゲンピール
シミ取りレーザー→ヴェルヴェットスキン,シミ取りレーザー,ヴェルヴェットスキン,同部位,4週間,同部位は不可／別部位は可,,別部位の場合は同日可,不要,20250309_秋田ver,シミレーザー・シミ取り・シミ取りレーザー・シミ治療,ヴェルヴェットスキン・ヴェルヴェット・ベルベットスキン・ダーマペン・コラーゲンピール
ADM治療（ピコレーザー）→ヴェルヴェットスキン,ADM治療（ピコレーザー）,ヴェルヴェットスキン,同部位,治療完了後 4週間,同部位は不可／別部位は可,,別部位の場合は同日可,不要,20250309_秋田ver,ADM・ADMレーザー・ピコレーザー・ピコ・あざ治療・太田母斑,ヴェルヴェットスキン・ヴェルヴェット・ベルベットスキン・ダーマペン・コラーゲンピール
ADM治療（ナノレーザー・メドライトC6）→ヴェルヴェットスキン,ADM治療（ナノレーザー・メドライトC6）,ヴェルヴェットスキン,同部位,治療完了後 4週間,同部位は不可／別部位は可,,別部位の場合は同日可,不要,20250309_秋田ver,ADM・ADMレーザー・ナノレーザー・メドライトC6・C6・あざ治療・太田母斑,ヴェルヴェットスキン・ヴェルヴェット・ベルベットスキン・ダーマペン・コラーゲンピール
レーザートーニング→ヴェルヴェットスキン,レーザートーニング,ヴェルヴェットスキン,同部位,1週間,同部位は不可／別部位は可,,別部位の場合は同日可,不要,20250309_秋田ver,トーニング・レーザートーニング・メドライトC6・肝斑・くすみ,ヴェルヴェットスキン・ヴェルヴェット・ベルベットスキン・ダーマペン・コラーゲンピール
ピコトーニング→ヴェルヴェットスキン,ピコトーニング,ヴェルヴェットスキン,同部位,2週間,同部位は不可／別部位は可,,別部位の場合は同日可,不要,20250309_秋田ver,ピコトーニング・ピコ・トーニング・肝斑・くすみ,ヴェルヴェットスキン・ヴェルヴェット・ベルベットスキン・ダーマペン・コラーゲンピール
ピコフラクショナル（1064nm）→ヴェルヴェットスキン,ピコフラクショナル（1064nm）,ヴェルヴェットスキン,同部位,4週間,同部位は不可／別部位は可,,別部位の場合は同日可,不要,20250309_秋田ver,ピコフラクショナル・ピコフラク・1064・フラクショナル・毛穴・肌質改善・ニキビ跡,ヴェルヴェットスキン・ヴェルヴェット・ベルベットスキン・ダーマペン・コラーゲンピール
そばかすシャワー（532レーザー）→ヴェルヴェットスキン,そばかすシャワー（532レーザー）,ヴェルヴェットスキン,同部位,4週間,同部位は不可／別部位は可,,別部位の場合は同日可,不要,20250309_秋田ver,そばかすシャワー・そばかす・532・そばかす治療,ヴェルヴェットスキン・ヴェルヴェット・ベルベットスキン・ダーマペン・コラーゲンピール
そばかすスポット照射→ヴェルヴェットスキン,そばかすスポット照射,ヴェルヴェットスキン,同部位,4週間,同部位は不可／別部位は可,,別部位の場合は同日可,不要,20250309_秋田ver,そばかすスポット・そばかす・スポット照射・シミ・そばかす治療,ヴェルヴェットスキン・ヴェルヴェット・ベルベットスキン・ダーマペン・コラーゲンピール
フォトフェイシャル（光治療）→ヴェルヴェットスキン,フォトフェイシャル（光治療）,ヴェルヴェットスキン,同部位,4週間,同部位は不可／別部位は可,,別部位の場合は同日可,不要,20250309_秋田ver,フォト・フォトフェイシャル・光治療・IPL・ステラM22,ヴェルヴェットスキン・ヴェルヴェット・ベルベットスキン・ダーマペン・コラーゲンピール
赤み治療（血管腫レーザー）→ヴェルヴェットスキン,赤み治療（血管腫レーザー）,ヴェルヴェットスキン,同部位,治療完了後 2週間,同部位は不可／別部位は可,,別部位の場合は同日可,不要,20250309_秋田ver,赤み治療・血管腫レーザー・赤ら顔・毛細血管拡張,ヴェルヴェットスキン・ヴェルヴェット・ベルベットスキン・ダーマペン・コラーゲンピール
ボトックス注射（通常）→ヴェルヴェットスキン,ボトックス注射（通常）,ヴェルヴェットスキン,同部位,1週間,同部位は不可／別部位は可,,別部位の場合は同日可,不要,20250309_秋田ver,ボトックス・ボトックス注射・ボツリヌストキシン・エラボトックス・小顔・シワ,ヴェルヴェットスキン・ヴェルヴェット・ベルベットスキン・ダーマペン・コラーゲンピール
マイクロボトックス→ヴェルヴェットスキン,マイクロボトックス,ヴェルヴェットスキン,同部位,1週間,同部位は不可／別部位は可,,別部位の場合は同日可,不要,20250309_秋田ver,マイクロボトックス・ボトックス・マイクロ・毛穴・テカリ,ヴェルヴェットスキン・ヴェルヴェット・ベルベットスキン・ダーマペン・コラーゲンピール
テノールNEO（テノールネオ）→ヴェルヴェットスキン,テノールNEO（テノールネオ）,ヴェルヴェットスキン,同部位,1週間,同部位は不可／別部位は可,,別部位の場合は同日可,不要,20250309_秋田ver,テノールネオ・テノールNEO・テノール・たるみ・引き締め,ヴェルヴェットスキン・ヴェルヴェット・ベルベットスキン・ダーマペン・コラーゲンピール
フラルスキン（トレチノイン）→ヴェルヴェットスキン,フラルスキン（トレチノイン）,ヴェルヴェットスキン,同部位,1週間,同部位は不可／別部位は可,,トレチノインのみの場合／別部位の場合は同日可,不要,20250309_秋田ver,フラルスキン・トレチ・トレチノイン・ハイドロキノン,ヴェルヴェットスキン・ヴェルヴェット・ベルベットスキン・ダーマペン・コラーゲンピール
部分シミ治療（トレチノイン）→ヴェルヴェットスキン,部分シミ治療（トレチノイン）,ヴェルヴェットスキン,同部位,4週間,同部位は不可／別部位は可,,別部位の場合は同日可,不要,20250309_秋田ver,部分シミ・トレチ・トレチノイン・シミ,ヴェルヴェットスキン・ヴェルヴェット・ベルベットスキン・ダーマペン・コラーゲンピール
mikoメソッド（首いぼ治療）→ヴェルヴェットスキン,mikoメソッド（首いぼ治療）,ヴェルヴェットスキン,別部位,2週間,不可,,括弧内の期間は別部位の場合。同部位の間隔はこのセルに明示されていません,必要,20250309_秋田ver,mikoメソッド・miko・ミコメソッド・首イボ・首いぼ・イボ,ヴェルヴェットスキン・ヴェルヴェット・ベルベットスキン・ダーマペン・コラーゲンピール
ほくろ切除・ほくろ除去→ヴェルヴェットスキン,ほくろ切除・ほくろ除去,ヴェルヴェットスキン,同部位,上皮化後 4週間,同部位は不可／別部位は可,,別部位の場合は同日可,不要,20250309_秋田ver,ほくろ切除・ほくろ除去・ほくろ・ほくろ取り,ヴェルヴェットスキン・ヴェルヴェット・ベルベットスキン・ダーマペン・コラーゲンピール
ボライト（スキンブースター）→ヴェルヴェットスキン,ボライト（スキンブースター）,ヴェルヴェットスキン,不明,-（原表記）,不明,,原表は「-」ですが意味が明示されていないため、可否・間隔を断定できません,必要,20250309_秋田ver,ボライト・スキンブースター・ヒアルロン酸・ジュビダーム,ヴェルヴェットスキン・ヴェルヴェット・ベルベットスキン・ダーマペン・コラーゲンピール
稗粒腫（はいりゅうしゅ）除去→ヴェルヴェットスキン,稗粒腫（はいりゅうしゅ）除去,ヴェルヴェットスキン,同部位,1週間,同部位は不可／別部位は可,,別部位の場合は同日可,不要,20250309_秋田ver,稗粒腫・はいりゅうしゅ・ぶつぶつ・ブツブツ,ヴェルヴェットスキン・ヴェルヴェット・ベルベットスキン・ダーマペン・コラーゲンピール
ヴェルヴェットスキン→ヴェルヴェットスキン,ヴェルヴェットスキン,ヴェルヴェットスキン,同部位,4週間,同部位は不可／別部位は可,,別部位の場合は同日可,不要,20250309_秋田ver,ヴェルヴェットスキン・ヴェルヴェット・ベルベットスキン・ダーマペン・コラーゲンピール,ヴェルヴェットスキン・ヴェルヴェット・ベルベットスキン・ダーマペン・コラーゲンピール
ダーマペン4→ヴェルヴェットスキン,ダーマペン4,ヴェルヴェットスキン,同部位,4週間,同部位は不可／別部位は可,,ダーマペンは基本4週間。出血状況により変わるため医師の指示に従います／別部位の場合は同日可,必要,20250309_秋田ver,ダーマペン・ダーマペン4・毛穴・ニキビ跡,ヴェルヴェットスキン・ヴェルヴェット・ベルベットスキン・ダーマペン・コラーゲンピール
HARG療法→ヴェルヴェットスキン,HARG療法,ヴェルヴェットスキン,同部位,翌日,同部位は不可／別部位は可,,別部位の場合は同日可,不要,20250309_秋田ver,HARG・HARG療法・ハーグ・ハーグ療法・発毛・育毛・薄毛,ヴェルヴェットスキン・ヴェルヴェット・ベルベットスキン・ダーマペン・コラーゲンピール
スカルプ・プラセンタエッセンス→ヴェルヴェットスキン,スカルプ・プラセンタエッセンス,ヴェルヴェットスキン,同部位,翌日,同部位は不可／別部位は可,,別部位の場合は同日可,不要,20250309_秋田ver,スカルプ・プラセンタ・プラセンタエッセンス・頭皮ケア・薄毛,ヴェルヴェットスキン・ヴェルヴェット・ベルベットスキン・ダーマペン・コラーゲンピール
コラーゲンピール（マッサージピール）→ヴェルヴェットスキン,コラーゲンピール（マッサージピール）,ヴェルヴェットスキン,同部位,2週間,同部位は不可／別部位は可,,別部位の場合は同日可,不要,20250309_秋田ver,コラーゲンピール・マッサージピール・PRX・ハリ,ヴェルヴェットスキン・ヴェルヴェット・ベルベットスキン・ダーマペン・コラーゲンピール
サーマクール→ヴェルヴェットスキン,サーマクール,ヴェルヴェットスキン,同部位,2週間,同部位は不可／別部位は可,,別部位の場合は同日可,不要,20250309_秋田ver,サーマクール・サーマ・たるみ・引き締め・リフトアップ,ヴェルヴェットスキン・ヴェルヴェット・ベルベットスキン・ダーマペン・コラーゲンピール
ミラドライ→ヴェルヴェットスキン,ミラドライ,ヴェルヴェットスキン,不明,-（原表記）,不明,,原表は「-」ですが意味が明示されていないため、可否・間隔を断定できません,必要,20250309_秋田ver,ミラドライ・ワキガ・腋臭・多汗症・わき汗,ヴェルヴェットスキン・ヴェルヴェット・ベルベットスキン・ダーマペン・コラーゲンピール
医療レーザー脱毛→ヴェルヴェットスキン,医療レーザー脱毛,ヴェルヴェットスキン,同部位,4週間,同部位は不可／別部位は可,,別部位の場合は同日可,不要,20250309_秋田ver,脱毛・医療脱毛・レーザー脱毛・全身脱毛・顔脱毛・VIO脱毛・ひげ脱毛・メンズ脱毛,ヴェルヴェットスキン・ヴェルヴェット・ベルベットスキン・ダーマペン・コラーゲンピール
タトゥー除去（刺青除去）→ヴェルヴェットスキン,タトゥー除去（刺青除去）,ヴェルヴェットスキン,同部位,3か月,同部位は不可／別部位は可,,別部位の場合は同日可,不要,20250309_秋田ver,タトゥー・タトゥー除去・刺青・いれずみ・入れ墨,ヴェルヴェットスキン・ヴェルヴェット・ベルベットスキン・ダーマペン・コラーゲンピール
アートメイク→ヴェルヴェットスキン,アートメイク,ヴェルヴェットスキン,同部位,2週間,同部位は不可／別部位は可,,別部位の場合は同日可,不要,20250309_秋田ver,アートメイク・眉アートメイク・リップアートメイク・タトゥーメイク,ヴェルヴェットスキン・ヴェルヴェット・ベルベットスキン・ダーマペン・コラーゲンピール
ハイドラジェントル→ダーマペン4,ハイドラジェントル,ダーマペン4,面の治療との併用,初回：同日不可／2回目以降：同日可,条件付き,ハイドラを先に実施,初回は同日不可。問題がなかった場合は2回目以降で同日可,不要,20250309_秋田ver,ハイドラ・ハイドラフェイシャル・ハイドラクレンジング・毛穴洗浄,ダーマペン・ダーマペン4・毛穴・ニキビ跡
ケミカルピーリング→ダーマペン4,ケミカルピーリング,ダーマペン4,同部位,2週間,同部位は不可／別部位は可,,別部位の場合は同日可,不要,20250309_秋田ver,ピーリング・ケミカルピーリング・サリチル酸ピーリング,ダーマペン・ダーマペン4・毛穴・ニキビ跡
スマートサイドドットレーザー（2回目以降）→ダーマペン4,スマートサイドドットレーザー（2回目以降）,ダーマペン4,同部位,4週間,同部位は不可／別部位は可,,別部位の場合は同日可,不要,20250309_秋田ver,スマサイ・スマートサイドドット・スマートサイドドットレーザー,ダーマペン・ダーマペン4・毛穴・ニキビ跡
スマートサイドドットレーザー（初回）→ダーマペン4,スマートサイドドットレーザー（初回）,ダーマペン4,同部位,2週間,同部位は不可／別部位は可,,別部位の場合は同日可,不要,20250309_秋田ver,スマサイ・スマサイ初回・スマートサイドドット・スマートサイドドットレーザー,ダーマペン・ダーマペン4・毛穴・ニキビ跡
イボレーザー（炭酸ガス／CO2レーザー）→ダーマペン4,イボレーザー（炭酸ガス／CO2レーザー）,ダーマペン4,同部位,4週間,同部位は不可／別部位は可,,別部位の場合は同日可,不要,20250309_秋田ver,CO2・CO2レーザー・炭酸ガスレーザー・イボレーザー・いぼレーザー・イボ取り,ダーマペン・ダーマペン4・毛穴・ニキビ跡
シミ取りレーザー→ダーマペン4,シミ取りレーザー,ダーマペン4,同部位,4週間,同部位は不可／別部位は可,,別部位の場合は同日可,不要,20250309_秋田ver,シミレーザー・シミ取り・シミ取りレーザー・シミ治療,ダーマペン・ダーマペン4・毛穴・ニキビ跡
ADM治療（ピコレーザー）→ダーマペン4,ADM治療（ピコレーザー）,ダーマペン4,同部位,治療完了後 4週間,同部位は不可／別部位は可,,別部位の場合は同日可,不要,20250309_秋田ver,ADM・ADMレーザー・ピコレーザー・ピコ・あざ治療・太田母斑,ダーマペン・ダーマペン4・毛穴・ニキビ跡
ADM治療（ナノレーザー・メドライトC6）→ダーマペン4,ADM治療（ナノレーザー・メドライトC6）,ダーマペン4,同部位,治療完了後 4週間,同部位は不可／別部位は可,,別部位の場合は同日可,不要,20250309_秋田ver,ADM・ADMレーザー・ナノレーザー・メドライトC6・C6・あざ治療・太田母斑,ダーマペン・ダーマペン4・毛穴・ニキビ跡
レーザートーニング→ダーマペン4,レーザートーニング,ダーマペン4,同部位,1週間,同部位は不可／別部位は可,,別部位の場合は同日可,不要,20250309_秋田ver,トーニング・レーザートーニング・メドライトC6・肝斑・くすみ,ダーマペン・ダーマペン4・毛穴・ニキビ跡
ピコトーニング→ダーマペン4,ピコトーニング,ダーマペン4,同部位,2週間,同部位は不可／別部位は可,,別部位の場合は同日可,不要,20250309_秋田ver,ピコトーニング・ピコ・トーニング・肝斑・くすみ,ダーマペン・ダーマペン4・毛穴・ニキビ跡
ピコフラクショナル（1064nm）→ダーマペン4,ピコフラクショナル（1064nm）,ダーマペン4,同部位,4週間,同部位は不可／別部位は可,,別部位の場合は同日可,不要,20250309_秋田ver,ピコフラクショナル・ピコフラク・1064・フラクショナル・毛穴・肌質改善・ニキビ跡,ダーマペン・ダーマペン4・毛穴・ニキビ跡
そばかすシャワー（532レーザー）→ダーマペン4,そばかすシャワー（532レーザー）,ダーマペン4,同部位,4週間,同部位は不可／別部位は可,,別部位の場合は同日可,不要,20250309_秋田ver,そばかすシャワー・そばかす・532・そばかす治療,ダーマペン・ダーマペン4・毛穴・ニキビ跡
そばかすスポット照射→ダーマペン4,そばかすスポット照射,ダーマペン4,同部位,4週間,同部位は不可／別部位は可,,別部位の場合は同日可,不要,20250309_秋田ver,そばかすスポット・そばかす・スポット照射・シミ・そばかす治療,ダーマペン・ダーマペン4・毛穴・ニキビ跡
フォトフェイシャル（光治療）→ダーマペン4,フォトフェイシャル（光治療）,ダーマペン4,同部位,2週間,同部位は不可／別部位は可,,別部位の場合は同日可,不要,20250309_秋田ver,フォト・フォトフェイシャル・光治療・IPL・ステラM22,ダーマペン・ダーマペン4・毛穴・ニキビ跡
赤み治療（血管腫レーザー）→ダーマペン4,赤み治療（血管腫レーザー）,ダーマペン4,同部位,治療完了後 2週間,同部位は不可／別部位は可,,別部位の場合は同日可,不要,20250309_秋田ver,赤み治療・血管腫レーザー・赤ら顔・毛細血管拡張,ダーマペン・ダーマペン4・毛穴・ニキビ跡
ボトックス注射（通常）→ダーマペン4,ボトックス注射（通常）,ダーマペン4,同部位,2週間,同部位は不可／別部位は可,,別部位の場合は同日可,不要,20250309_秋田ver,ボトックス・ボトックス注射・ボツリヌストキシン・エラボトックス・小顔・シワ,ダーマペン・ダーマペン4・毛穴・ニキビ跡
マイクロボトックス→ダーマペン4,マイクロボトックス,ダーマペン4,同部位,2週間,同部位は不可／別部位は可,,別部位の場合は同日可,不要,20250309_秋田ver,マイクロボトックス・ボトックス・マイクロ・毛穴・テカリ,ダーマペン・ダーマペン4・毛穴・ニキビ跡
テノールNEO（テノールネオ）→ダーマペン4,テノールNEO（テノールネオ）,ダーマペン4,同部位,1週間,同部位は不可／別部位は可,,別部位の場合は同日可,不要,20250309_秋田ver,テノールネオ・テノールNEO・テノール・たるみ・引き締め,ダーマペン・ダーマペン4・毛穴・ニキビ跡
フラルスキン（トレチノイン）→ダーマペン4,フラルスキン（トレチノイン）,ダーマペン4,同部位,1週間,同部位は不可／別部位は可,,トレチノインのみの場合／別部位の場合は同日可,不要,20250309_秋田ver,フラルスキン・トレチ・トレチノイン・ハイドロキノン,ダーマペン・ダーマペン4・毛穴・ニキビ跡
部分シミ治療（トレチノイン）→ダーマペン4,部分シミ治療（トレチノイン）,ダーマペン4,同部位,4週間,同部位は不可／別部位は可,,別部位の場合は同日可,不要,20250309_秋田ver,部分シミ・トレチ・トレチノイン・シミ,ダーマペン・ダーマペン4・毛穴・ニキビ跡
mikoメソッド（首いぼ治療）→ダーマペン4,mikoメソッド（首いぼ治療）,ダーマペン4,別部位,2週間,不可,,括弧内の期間は別部位の場合。同部位の間隔はこのセルに明示されていません,必要,20250309_秋田ver,mikoメソッド・miko・ミコメソッド・首イボ・首いぼ・イボ,ダーマペン・ダーマペン4・毛穴・ニキビ跡
ほくろ切除・ほくろ除去→ダーマペン4,ほくろ切除・ほくろ除去,ダーマペン4,同部位,上皮化後 4週間,同部位は不可／別部位は可,,別部位の場合は同日可,不要,20250309_秋田ver,ほくろ切除・ほくろ除去・ほくろ・ほくろ取り,ダーマペン・ダーマペン4・毛穴・ニキビ跡
ボライト（スキンブースター）→ダーマペン4,ボライト（スキンブースター）,ダーマペン4,不明,-（原表記）,不明,,原表は「-」ですが意味が明示されていないため、可否・間隔を断定できません,必要,20250309_秋田ver,ボライト・スキンブースター・ヒアルロン酸・ジュビダーム,ダーマペン・ダーマペン4・毛穴・ニキビ跡
稗粒腫（はいりゅうしゅ）除去→ダーマペン4,稗粒腫（はいりゅうしゅ）除去,ダーマペン4,同部位,1週間,同部位は不可／別部位は可,,別部位の場合は同日可,不要,20250309_秋田ver,稗粒腫・はいりゅうしゅ・ぶつぶつ・ブツブツ,ダーマペン・ダーマペン4・毛穴・ニキビ跡
ヴェルヴェットスキン→ダーマペン4,ヴェルヴェットスキン,ダーマペン4,同部位,4週間,同部位は不可／別部位は可,,別部位の場合は同日可,不要,20250309_秋田ver,ヴェルヴェットスキン・ヴェルヴェット・ベルベットスキン・ダーマペン・コラーゲンピール,ダーマペン・ダーマペン4・毛穴・ニキビ跡
ダーマペン4→ダーマペン4,ダーマペン4,ダーマペン4,同部位,4週間,同部位は不可／別部位は可,,ダーマペンは基本4週間。出血状況により変わるため医師の指示に従います／別部位の場合は同日可,必要,20250309_秋田ver,ダーマペン・ダーマペン4・毛穴・ニキビ跡,ダーマペン・ダーマペン4・毛穴・ニキビ跡
HARG療法→ダーマペン4,HARG療法,ダーマペン4,同部位,翌日,同部位は不可／別部位は可,,別部位の場合は同日可,不要,20250309_秋田ver,HARG・HARG療法・ハーグ・ハーグ療法・発毛・育毛・薄毛,ダーマペン・ダーマペン4・毛穴・ニキビ跡
スカルプ・プラセンタエッセンス→ダーマペン4,スカルプ・プラセンタエッセンス,ダーマペン4,同部位,翌日,同部位は不可／別部位は可,,別部位の場合は同日可,不要,20250309_秋田ver,スカルプ・プラセンタ・プラセンタエッセンス・頭皮ケア・薄毛,ダーマペン・ダーマペン4・毛穴・ニキビ跡
コラーゲンピール（マッサージピール）→ダーマペン4,コラーゲンピール（マッサージピール）,ダーマペン4,同部位,2週間,同部位は不可／別部位は可,,別部位の場合は同日可,不要,20250309_秋田ver,コラーゲンピール・マッサージピール・PRX・ハリ,ダーマペン・ダーマペン4・毛穴・ニキビ跡
サーマクール→ダーマペン4,サーマクール,ダーマペン4,同部位,1週間,同部位は不可／別部位は可,,別部位の場合は同日可,不要,20250309_秋田ver,サーマクール・サーマ・たるみ・引き締め・リフトアップ,ダーマペン・ダーマペン4・毛穴・ニキビ跡
ミラドライ→ダーマペン4,ミラドライ,ダーマペン4,不明,-（原表記）,不明,,原表は「-」ですが意味が明示されていないため、可否・間隔を断定できません,必要,20250309_秋田ver,ミラドライ・ワキガ・腋臭・多汗症・わき汗,ダーマペン・ダーマペン4・毛穴・ニキビ跡
医療レーザー脱毛→ダーマペン4,医療レーザー脱毛,ダーマペン4,同部位,2週間,同部位は不可／別部位は可,,別部位の場合は同日可,不要,20250309_秋田ver,脱毛・医療脱毛・レーザー脱毛・全身脱毛・顔脱毛・VIO脱毛・ひげ脱毛・メンズ脱毛,ダーマペン・ダーマペン4・毛穴・ニキビ跡
タトゥー除去（刺青除去）→ダーマペン4,タトゥー除去（刺青除去）,ダーマペン4,同部位,3か月,同部位は不可／別部位は可,,別部位の場合は同日可,不要,20250309_秋田ver,タトゥー・タトゥー除去・刺青・いれずみ・入れ墨,ダーマペン・ダーマペン4・毛穴・ニキビ跡
アートメイク→ダーマペン4,アートメイク,ダーマペン4,同部位,2週間,同部位は不可／別部位は可,,別部位の場合は同日可,不要,20250309_秋田ver,アートメイク・眉アートメイク・リップアートメイク・タトゥーメイク,ダーマペン・ダーマペン4・毛穴・ニキビ跡
ハイドラジェントル→HARG療法,ハイドラジェントル,HARG療法,不明,-（原表記）,不明,,原表は「-」ですが意味が明示されていないため、可否・間隔を断定できません,必要,20250309_秋田ver,ハイドラ・ハイドラフェイシャル・ハイドラクレンジング・毛穴洗浄,HARG・HARG療法・ハーグ・ハーグ療法・発毛・育毛・薄毛
ケミカルピーリング→HARG療法,ケミカルピーリング,HARG療法,別部位,翌日,不可,,括弧内の期間は別部位の場合。同部位の間隔はこのセルに明示されていません,必要,20250309_秋田ver,ピーリング・ケミカルピーリング・サリチル酸ピーリング,HARG・HARG療法・ハーグ・ハーグ療法・発毛・育毛・薄毛
スマートサイドドットレーザー（2回目以降）→HARG療法,スマートサイドドットレーザー（2回目以降）,HARG療法,別部位,翌日,不可,,括弧内の期間は別部位の場合。同部位の間隔はこのセルに明示されていません,必要,20250309_秋田ver,スマサイ・スマートサイドドット・スマートサイドドットレーザー,HARG・HARG療法・ハーグ・ハーグ療法・発毛・育毛・薄毛
スマートサイドドットレーザー（初回）→HARG療法,スマートサイドドットレーザー（初回）,HARG療法,別部位,翌日,不可,,括弧内の期間は別部位の場合。同部位の間隔はこのセルに明示されていません,必要,20250309_秋田ver,スマサイ・スマサイ初回・スマートサイドドット・スマートサイドドットレーザー,HARG・HARG療法・ハーグ・ハーグ療法・発毛・育毛・薄毛
イボレーザー（炭酸ガス／CO2レーザー）→HARG療法,イボレーザー（炭酸ガス／CO2レーザー）,HARG療法,別部位,翌日,不可,,括弧内の期間は別部位の場合。同部位の間隔はこのセルに明示されていません,必要,20250309_秋田ver,CO2・CO2レーザー・炭酸ガスレーザー・イボレーザー・いぼレーザー・イボ取り,HARG・HARG療法・ハーグ・ハーグ療法・発毛・育毛・薄毛
シミ取りレーザー→HARG療法,シミ取りレーザー,HARG療法,別部位,翌日,不可,,括弧内の期間は別部位の場合。同部位の間隔はこのセルに明示されていません,必要,20250309_秋田ver,シミレーザー・シミ取り・シミ取りレーザー・シミ治療,HARG・HARG療法・ハーグ・ハーグ療法・発毛・育毛・薄毛
ADM治療（ピコレーザー）→HARG療法,ADM治療（ピコレーザー）,HARG療法,別部位,翌日,不可,,括弧内の期間は別部位の場合。同部位の間隔はこのセルに明示されていません,必要,20250309_秋田ver,ADM・ADMレーザー・ピコレーザー・ピコ・あざ治療・太田母斑,HARG・HARG療法・ハーグ・ハーグ療法・発毛・育毛・薄毛
ADM治療（ナノレーザー・メドライトC6）→HARG療法,ADM治療（ナノレーザー・メドライトC6）,HARG療法,別部位,翌日,不可,,括弧内の期間は別部位の場合。同部位の間隔はこのセルに明示されていません,必要,20250309_秋田ver,ADM・ADMレーザー・ナノレーザー・メドライトC6・C6・あざ治療・太田母斑,HARG・HARG療法・ハーグ・ハーグ療法・発毛・育毛・薄毛
レーザートーニング→HARG療法,レーザートーニング,HARG療法,別部位,翌日,不可,,括弧内の期間は別部位の場合。同部位の間隔はこのセルに明示されていません,必要,20250309_秋田ver,トーニング・レーザートーニング・メドライトC6・肝斑・くすみ,HARG・HARG療法・ハーグ・ハーグ療法・発毛・育毛・薄毛
ピコトーニング→HARG療法,ピコトーニング,HARG療法,別部位,翌日,不可,,括弧内の期間は別部位の場合。同部位の間隔はこのセルに明示されていません,必要,20250309_秋田ver,ピコトーニング・ピコ・トーニング・肝斑・くすみ,HARG・HARG療法・ハーグ・ハーグ療法・発毛・育毛・薄毛
ピコフラクショナル（1064nm）→HARG療法,ピコフラクショナル（1064nm）,HARG療法,別部位,翌日,不可,,括弧内の期間は別部位の場合。同部位の間隔はこのセルに明示されていません,必要,20250309_秋田ver,ピコフラクショナル・ピコフラク・1064・フラクショナル・毛穴・肌質改善・ニキビ跡,HARG・HARG療法・ハーグ・ハーグ療法・発毛・育毛・薄毛
そばかすシャワー（532レーザー）→HARG療法,そばかすシャワー（532レーザー）,HARG療法,別部位,翌日,不可,,括弧内の期間は別部位の場合。同部位の間隔はこのセルに明示されていません,必要,20250309_秋田ver,そばかすシャワー・そばかす・532・そばかす治療,HARG・HARG療法・ハーグ・ハーグ療法・発毛・育毛・薄毛
そばかすスポット照射→HARG療法,そばかすスポット照射,HARG療法,別部位,翌日,不可,,括弧内の期間は別部位の場合。同部位の間隔はこのセルに明示されていません,必要,20250309_秋田ver,そばかすスポット・そばかす・スポット照射・シミ・そばかす治療,HARG・HARG療法・ハーグ・ハーグ療法・発毛・育毛・薄毛
フォトフェイシャル（光治療）→HARG療法,フォトフェイシャル（光治療）,HARG療法,別部位,翌日,不可,,括弧内の期間は別部位の場合。同部位の間隔はこのセルに明示されていません,必要,20250309_秋田ver,フォト・フォトフェイシャル・光治療・IPL・ステラM22,HARG・HARG療法・ハーグ・ハーグ療法・発毛・育毛・薄毛
赤み治療（血管腫レーザー）→HARG療法,赤み治療（血管腫レーザー）,HARG療法,同部位,治療完了後 2週間,同部位は不可／別部位は可,,別部位の場合は同日可,不要,20250309_秋田ver,赤み治療・血管腫レーザー・赤ら顔・毛細血管拡張,HARG・HARG療法・ハーグ・ハーグ療法・発毛・育毛・薄毛
ボトックス注射（通常）→HARG療法,ボトックス注射（通常）,HARG療法,別部位,翌日,不可,,括弧内の期間は別部位の場合。同部位の間隔はこのセルに明示されていません,必要,20250309_秋田ver,ボトックス・ボトックス注射・ボツリヌストキシン・エラボトックス・小顔・シワ,HARG・HARG療法・ハーグ・ハーグ療法・発毛・育毛・薄毛
マイクロボトックス→HARG療法,マイクロボトックス,HARG療法,別部位,翌日,不可,,括弧内の期間は別部位の場合。同部位の間隔はこのセルに明示されていません,必要,20250309_秋田ver,マイクロボトックス・ボトックス・マイクロ・毛穴・テカリ,HARG・HARG療法・ハーグ・ハーグ療法・発毛・育毛・薄毛
テノールNEO（テノールネオ）→HARG療法,テノールNEO（テノールネオ）,HARG療法,別部位,翌日,不可,,括弧内の期間は別部位の場合。同部位の間隔はこのセルに明示されていません,必要,20250309_秋田ver,テノールネオ・テノールNEO・テノール・たるみ・引き締め,HARG・HARG療法・ハーグ・ハーグ療法・発毛・育毛・薄毛
フラルスキン（トレチノイン）→HARG療法,フラルスキン（トレチノイン）,HARG療法,別部位,翌日,不可,,括弧内の期間は別部位の場合。同部位の間隔はこのセルに明示されていません,必要,20250309_秋田ver,フラルスキン・トレチ・トレチノイン・ハイドロキノン,HARG・HARG療法・ハーグ・ハーグ療法・発毛・育毛・薄毛
部分シミ治療（トレチノイン）→HARG療法,部分シミ治療（トレチノイン）,HARG療法,別部位,翌日,不可,,括弧内の期間は別部位の場合。同部位の間隔はこのセルに明示されていません,必要,20250309_秋田ver,部分シミ・トレチ・トレチノイン・シミ,HARG・HARG療法・ハーグ・ハーグ療法・発毛・育毛・薄毛
mikoメソッド（首いぼ治療）→HARG療法,mikoメソッド（首いぼ治療）,HARG療法,別部位,翌日,不可,,括弧内の期間は別部位の場合。同部位の間隔はこのセルに明示されていません,必要,20250309_秋田ver,mikoメソッド・miko・ミコメソッド・首イボ・首いぼ・イボ,HARG・HARG療法・ハーグ・ハーグ療法・発毛・育毛・薄毛
ほくろ切除・ほくろ除去→HARG療法,ほくろ切除・ほくろ除去,HARG療法,別部位,翌日,不可,,括弧内の期間は別部位の場合。同部位の間隔はこのセルに明示されていません,必要,20250309_秋田ver,ほくろ切除・ほくろ除去・ほくろ・ほくろ取り,HARG・HARG療法・ハーグ・ハーグ療法・発毛・育毛・薄毛
ボライト（スキンブースター）→HARG療法,ボライト（スキンブースター）,HARG療法,別部位,翌日,不可,,括弧内の期間は別部位の場合。同部位の間隔はこのセルに明示されていません,必要,20250309_秋田ver,ボライト・スキンブースター・ヒアルロン酸・ジュビダーム,HARG・HARG療法・ハーグ・ハーグ療法・発毛・育毛・薄毛
稗粒腫（はいりゅうしゅ）除去→HARG療法,稗粒腫（はいりゅうしゅ）除去,HARG療法,同部位,1週間,同部位は不可／別部位は可,,別部位の場合は同日可,不要,20250309_秋田ver,稗粒腫・はいりゅうしゅ・ぶつぶつ・ブツブツ,HARG・HARG療法・ハーグ・ハーグ療法・発毛・育毛・薄毛
ヴェルヴェットスキン→HARG療法,ヴェルヴェットスキン,HARG療法,別部位,翌日,不可,,括弧内の期間は別部位の場合。同部位の間隔はこのセルに明示されていません,必要,20250309_秋田ver,ヴェルヴェットスキン・ヴェルヴェット・ベルベットスキン・ダーマペン・コラーゲンピール,HARG・HARG療法・ハーグ・ハーグ療法・発毛・育毛・薄毛
ダーマペン4→HARG療法,ダーマペン4,HARG療法,別部位,翌日,不可,,括弧内の期間は別部位の場合。同部位の間隔はこのセルに明示されていません,必要,20250309_秋田ver,ダーマペン・ダーマペン4・毛穴・ニキビ跡,HARG・HARG療法・ハーグ・ハーグ療法・発毛・育毛・薄毛
HARG療法→HARG療法,HARG療法,HARG療法,同部位,4週間,同部位は不可／別部位は可,,別部位の場合は同日可,不要,20250309_秋田ver,HARG・HARG療法・ハーグ・ハーグ療法・発毛・育毛・薄毛,HARG・HARG療法・ハーグ・ハーグ療法・発毛・育毛・薄毛
スカルプ・プラセンタエッセンス→HARG療法,スカルプ・プラセンタエッセンス,HARG療法,同部位,1週間,同部位は不可／別部位は可,,別部位の場合は同日可,不要,20250309_秋田ver,スカルプ・プラセンタ・プラセンタエッセンス・頭皮ケア・薄毛,HARG・HARG療法・ハーグ・ハーグ療法・発毛・育毛・薄毛
コラーゲンピール（マッサージピール）→HARG療法,コラーゲンピール（マッサージピール）,HARG療法,別部位,翌日,不可,,括弧内の期間は別部位の場合。同部位の間隔はこのセルに明示されていません,必要,20250309_秋田ver,コラーゲンピール・マッサージピール・PRX・ハリ,HARG・HARG療法・ハーグ・ハーグ療法・発毛・育毛・薄毛
サーマクール→HARG療法,サーマクール,HARG療法,別部位,翌日,不可,,括弧内の期間は別部位の場合。同部位の間隔はこのセルに明示されていません,必要,20250309_秋田ver,サーマクール・サーマ・たるみ・引き締め・リフトアップ,HARG・HARG療法・ハーグ・ハーグ療法・発毛・育毛・薄毛
ミラドライ→HARG療法,ミラドライ,HARG療法,別部位,翌日,不可,,括弧内の期間は別部位の場合。同部位の間隔はこのセルに明示されていません,必要,20250309_秋田ver,ミラドライ・ワキガ・腋臭・多汗症・わき汗,HARG・HARG療法・ハーグ・ハーグ療法・発毛・育毛・薄毛
医療レーザー脱毛→HARG療法,医療レーザー脱毛,HARG療法,別部位,翌日,不可,,括弧内の期間は別部位の場合。同部位の間隔はこのセルに明示されていません,必要,20250309_秋田ver,脱毛・医療脱毛・レーザー脱毛・全身脱毛・顔脱毛・VIO脱毛・ひげ脱毛・メンズ脱毛,HARG・HARG療法・ハーグ・ハーグ療法・発毛・育毛・薄毛
タトゥー除去（刺青除去）→HARG療法,タトゥー除去（刺青除去）,HARG療法,同部位,3か月,同部位は不可／別部位は可,,別部位の場合は同日可,不要,20250309_秋田ver,タトゥー・タトゥー除去・刺青・いれずみ・入れ墨,HARG・HARG療法・ハーグ・ハーグ療法・発毛・育毛・薄毛
アートメイク→HARG療法,アートメイク,HARG療法,同部位,2週間,同部位は不可／別部位は可,,別部位の場合は同日可,不要,20250309_秋田ver,アートメイク・眉アートメイク・リップアートメイク・タトゥーメイク,HARG・HARG療法・ハーグ・ハーグ療法・発毛・育毛・薄毛
ハイドラジェントル→スカルプ・プラセンタエッセンス,ハイドラジェントル,スカルプ・プラセンタエッセンス,不明,-（原表記）,不明,,原表は「-」ですが意味が明示されていないため、可否・間隔を断定できません,必要,20250309_秋田ver,ハイドラ・ハイドラフェイシャル・ハイドラクレンジング・毛穴洗浄,スカルプ・プラセンタ・プラセンタエッセンス・頭皮ケア・薄毛
ケミカルピーリング→スカルプ・プラセンタエッセンス,ケミカルピーリング,スカルプ・プラセンタエッセンス,別部位,翌日,不可,,括弧内の期間は別部位の場合。同部位の間隔はこのセルに明示されていません,必要,20250309_秋田ver,ピーリング・ケミカルピーリング・サリチル酸ピーリング,スカルプ・プラセンタ・プラセンタエッセンス・頭皮ケア・薄毛
スマートサイドドットレーザー（2回目以降）→スカルプ・プラセンタエッセンス,スマートサイドドットレーザー（2回目以降）,スカルプ・プラセンタエッセンス,別部位,翌日,不可,,括弧内の期間は別部位の場合。同部位の間隔はこのセルに明示されていません,必要,20250309_秋田ver,スマサイ・スマートサイドドット・スマートサイドドットレーザー,スカルプ・プラセンタ・プラセンタエッセンス・頭皮ケア・薄毛
スマートサイドドットレーザー（初回）→スカルプ・プラセンタエッセンス,スマートサイドドットレーザー（初回）,スカルプ・プラセンタエッセンス,別部位,翌日,不可,,括弧内の期間は別部位の場合。同部位の間隔はこのセルに明示されていません,必要,20250309_秋田ver,スマサイ・スマサイ初回・スマートサイドドット・スマートサイドドットレーザー,スカルプ・プラセンタ・プラセンタエッセンス・頭皮ケア・薄毛
イボレーザー（炭酸ガス／CO2レーザー）→スカルプ・プラセンタエッセンス,イボレーザー（炭酸ガス／CO2レーザー）,スカルプ・プラセンタエッセンス,別部位,翌日,不可,,括弧内の期間は別部位の場合。同部位の間隔はこのセルに明示されていません,必要,20250309_秋田ver,CO2・CO2レーザー・炭酸ガスレーザー・イボレーザー・いぼレーザー・イボ取り,スカルプ・プラセンタ・プラセンタエッセンス・頭皮ケア・薄毛
シミ取りレーザー→スカルプ・プラセンタエッセンス,シミ取りレーザー,スカルプ・プラセンタエッセンス,別部位,翌日,不可,,括弧内の期間は別部位の場合。同部位の間隔はこのセルに明示されていません,必要,20250309_秋田ver,シミレーザー・シミ取り・シミ取りレーザー・シミ治療,スカルプ・プラセンタ・プラセンタエッセンス・頭皮ケア・薄毛
ADM治療（ピコレーザー）→スカルプ・プラセンタエッセンス,ADM治療（ピコレーザー）,スカルプ・プラセンタエッセンス,別部位,翌日,不可,,括弧内の期間は別部位の場合。同部位の間隔はこのセルに明示されていません,必要,20250309_秋田ver,ADM・ADMレーザー・ピコレーザー・ピコ・あざ治療・太田母斑,スカルプ・プラセンタ・プラセンタエッセンス・頭皮ケア・薄毛
ADM治療（ナノレーザー・メドライトC6）→スカルプ・プラセンタエッセンス,ADM治療（ナノレーザー・メドライトC6）,スカルプ・プラセンタエッセンス,別部位,翌日,不可,,括弧内の期間は別部位の場合。同部位の間隔はこのセルに明示されていません,必要,20250309_秋田ver,ADM・ADMレーザー・ナノレーザー・メドライトC6・C6・あざ治療・太田母斑,スカルプ・プラセンタ・プラセンタエッセンス・頭皮ケア・薄毛
レーザートーニング→スカルプ・プラセンタエッセンス,レーザートーニング,スカルプ・プラセンタエッセンス,別部位,翌日,不可,,括弧内の期間は別部位の場合。同部位の間隔はこのセルに明示されていません,必要,20250309_秋田ver,トーニング・レーザートーニング・メドライトC6・肝斑・くすみ,スカルプ・プラセンタ・プラセンタエッセンス・頭皮ケア・薄毛
ピコトーニング→スカルプ・プラセンタエッセンス,ピコトーニング,スカルプ・プラセンタエッセンス,別部位,翌日,不可,,括弧内の期間は別部位の場合。同部位の間隔はこのセルに明示されていません,必要,20250309_秋田ver,ピコトーニング・ピコ・トーニング・肝斑・くすみ,スカルプ・プラセンタ・プラセンタエッセンス・頭皮ケア・薄毛
ピコフラクショナル（1064nm）→スカルプ・プラセンタエッセンス,ピコフラクショナル（1064nm）,スカルプ・プラセンタエッセンス,別部位,翌日,不可,,括弧内の期間は別部位の場合。同部位の間隔はこのセルに明示されていません,必要,20250309_秋田ver,ピコフラクショナル・ピコフラク・1064・フラクショナル・毛穴・肌質改善・ニキビ跡,スカルプ・プラセンタ・プラセンタエッセンス・頭皮ケア・薄毛
そばかすシャワー（532レーザー）→スカルプ・プラセンタエッセンス,そばかすシャワー（532レーザー）,スカルプ・プラセンタエッセンス,別部位,翌日,不可,,括弧内の期間は別部位の場合。同部位の間隔はこのセルに明示されていません,必要,20250309_秋田ver,そばかすシャワー・そばかす・532・そばかす治療,スカルプ・プラセンタ・プラセンタエッセンス・頭皮ケア・薄毛
そばかすスポット照射→スカルプ・プラセンタエッセンス,そばかすスポット照射,スカルプ・プラセンタエッセンス,別部位,翌日,不可,,括弧内の期間は別部位の場合。同部位の間隔はこのセルに明示されていません,必要,20250309_秋田ver,そばかすスポット・そばかす・スポット照射・シミ・そばかす治療,スカルプ・プラセンタ・プラセンタエッセンス・頭皮ケア・薄毛
フォトフェイシャル（光治療）→スカルプ・プラセンタエッセンス,フォトフェイシャル（光治療）,スカルプ・プラセンタエッセンス,別部位,翌日,不可,,括弧内の期間は別部位の場合。同部位の間隔はこのセルに明示されていません,必要,20250309_秋田ver,フォト・フォトフェイシャル・光治療・IPL・ステラM22,スカルプ・プラセンタ・プラセンタエッセンス・頭皮ケア・薄毛
赤み治療（血管腫レーザー）→スカルプ・プラセンタエッセンス,赤み治療（血管腫レーザー）,スカルプ・プラセンタエッセンス,同部位,治療完了後 2週間,同部位は不可／別部位は可,,別部位の場合は同日可,不要,20250309_秋田ver,赤み治療・血管腫レーザー・赤ら顔・毛細血管拡張,スカルプ・プラセンタ・プラセンタエッセンス・頭皮ケア・薄毛
ボトックス注射（通常）→スカルプ・プラセンタエッセンス,ボトックス注射（通常）,スカルプ・プラセンタエッセンス,別部位,翌日,不可,,括弧内の期間は別部位の場合。同部位の間隔はこのセルに明示されていません,必要,20250309_秋田ver,ボトックス・ボトックス注射・ボツリヌストキシン・エラボトックス・小顔・シワ,スカルプ・プラセンタ・プラセンタエッセンス・頭皮ケア・薄毛
マイクロボトックス→スカルプ・プラセンタエッセンス,マイクロボトックス,スカルプ・プラセンタエッセンス,別部位,翌日,不可,,括弧内の期間は別部位の場合。同部位の間隔はこのセルに明示されていません,必要,20250309_秋田ver,マイクロボトックス・ボトックス・マイクロ・毛穴・テカリ,スカルプ・プラセンタ・プラセンタエッセンス・頭皮ケア・薄毛
テノールNEO（テノールネオ）→スカルプ・プラセンタエッセンス,テノールNEO（テノールネオ）,スカルプ・プラセンタエッセンス,別部位,翌日,不可,,括弧内の期間は別部位の場合。同部位の間隔はこのセルに明示されていません,必要,20250309_秋田ver,テノールネオ・テノールNEO・テノール・たるみ・引き締め,スカルプ・プラセンタ・プラセンタエッセンス・頭皮ケア・薄毛
フラルスキン（トレチノイン）→スカルプ・プラセンタエッセンス,フラルスキン（トレチノイン）,スカルプ・プラセンタエッセンス,別部位,翌日,不可,,括弧内の期間は別部位の場合。同部位の間隔はこのセルに明示されていません,必要,20250309_秋田ver,フラルスキン・トレチ・トレチノイン・ハイドロキノン,スカルプ・プラセンタ・プラセンタエッセンス・頭皮ケア・薄毛
部分シミ治療（トレチノイン）→スカルプ・プラセンタエッセンス,部分シミ治療（トレチノイン）,スカルプ・プラセンタエッセンス,別部位,翌日,不可,,括弧内の期間は別部位の場合。同部位の間隔はこのセルに明示されていません,必要,20250309_秋田ver,部分シミ・トレチ・トレチノイン・シミ,スカルプ・プラセンタ・プラセンタエッセンス・頭皮ケア・薄毛
mikoメソッド（首いぼ治療）→スカルプ・プラセンタエッセンス,mikoメソッド（首いぼ治療）,スカルプ・プラセンタエッセンス,別部位,翌日,不可,,括弧内の期間は別部位の場合。同部位の間隔はこのセルに明示されていません,必要,20250309_秋田ver,mikoメソッド・miko・ミコメソッド・首イボ・首いぼ・イボ,スカルプ・プラセンタ・プラセンタエッセンス・頭皮ケア・薄毛
ほくろ切除・ほくろ除去→スカルプ・プラセンタエッセンス,ほくろ切除・ほくろ除去,スカルプ・プラセンタエッセンス,別部位,翌日,不可,,括弧内の期間は別部位の場合。同部位の間隔はこのセルに明示されていません,必要,20250309_秋田ver,ほくろ切除・ほくろ除去・ほくろ・ほくろ取り,スカルプ・プラセンタ・プラセンタエッセンス・頭皮ケア・薄毛
ボライト（スキンブースター）→スカルプ・プラセンタエッセンス,ボライト（スキンブースター）,スカルプ・プラセンタエッセンス,別部位,翌日,不可,,括弧内の期間は別部位の場合。同部位の間隔はこのセルに明示されていません,必要,20250309_秋田ver,ボライト・スキンブースター・ヒアルロン酸・ジュビダーム,スカルプ・プラセンタ・プラセンタエッセンス・頭皮ケア・薄毛
稗粒腫（はいりゅうしゅ）除去→スカルプ・プラセンタエッセンス,稗粒腫（はいりゅうしゅ）除去,スカルプ・プラセンタエッセンス,同部位,1週間,同部位は不可／別部位は可,,別部位の場合は同日可,不要,20250309_秋田ver,稗粒腫・はいりゅうしゅ・ぶつぶつ・ブツブツ,スカルプ・プラセンタ・プラセンタエッセンス・頭皮ケア・薄毛
ヴェルヴェットスキン→スカルプ・プラセンタエッセンス,ヴェルヴェットスキン,スカルプ・プラセンタエッセンス,別部位,翌日,不可,,括弧内の期間は別部位の場合。同部位の間隔はこのセルに明示されていません,必要,20250309_秋田ver,ヴェルヴェットスキン・ヴェルヴェット・ベルベットスキン・ダーマペン・コラーゲンピール,スカルプ・プラセンタ・プラセンタエッセンス・頭皮ケア・薄毛
ダーマペン4→スカルプ・プラセンタエッセンス,ダーマペン4,スカルプ・プラセンタエッセンス,別部位,翌日,不可,,括弧内の期間は別部位の場合。同部位の間隔はこのセルに明示されていません,必要,20250309_秋田ver,ダーマペン・ダーマペン4・毛穴・ニキビ跡,スカルプ・プラセンタ・プラセンタエッセンス・頭皮ケア・薄毛
HARG療法→スカルプ・プラセンタエッセンス,HARG療法,スカルプ・プラセンタエッセンス,同部位,1週間,同部位は不可／別部位は可,,別部位の場合は同日可,不要,20250309_秋田ver,HARG・HARG療法・ハーグ・ハーグ療法・発毛・育毛・薄毛,スカルプ・プラセンタ・プラセンタエッセンス・頭皮ケア・薄毛
スカルプ・プラセンタエッセンス→スカルプ・プラセンタエッセンス,スカルプ・プラセンタエッセンス,スカルプ・プラセンタエッセンス,同部位,1週間,同部位は不可／別部位は可,,別部位の場合は同日可,不要,20250309_秋田ver,スカルプ・プラセンタ・プラセンタエッセンス・頭皮ケア・薄毛,スカルプ・プラセンタ・プラセンタエッセンス・頭皮ケア・薄毛
コラーゲンピール（マッサージピール）→スカルプ・プラセンタエッセンス,コラーゲンピール（マッサージピール）,スカルプ・プラセンタエッセンス,別部位,翌日,不可,,括弧内の期間は別部位の場合。同部位の間隔はこのセルに明示されていません,必要,20250309_秋田ver,コラーゲンピール・マッサージピール・PRX・ハリ,スカルプ・プラセンタ・プラセンタエッセンス・頭皮ケア・薄毛
サーマクール→スカルプ・プラセンタエッセンス,サーマクール,スカルプ・プラセンタエッセンス,別部位,翌日,不可,,括弧内の期間は別部位の場合。同部位の間隔はこのセルに明示されていません,必要,20250309_秋田ver,サーマクール・サーマ・たるみ・引き締め・リフトアップ,スカルプ・プラセンタ・プラセンタエッセンス・頭皮ケア・薄毛
ミラドライ→スカルプ・プラセンタエッセンス,ミラドライ,スカルプ・プラセンタエッセンス,別部位,翌日,不可,,括弧内の期間は別部位の場合。同部位の間隔はこのセルに明示されていません,必要,20250309_秋田ver,ミラドライ・ワキガ・腋臭・多汗症・わき汗,スカルプ・プラセンタ・プラセンタエッセンス・頭皮ケア・薄毛
医療レーザー脱毛→スカルプ・プラセンタエッセンス,医療レーザー脱毛,スカルプ・プラセンタエッセンス,別部位,翌日,不可,,括弧内の期間は別部位の場合。同部位の間隔はこのセルに明示されていません,必要,20250309_秋田ver,脱毛・医療脱毛・レーザー脱毛・全身脱毛・顔脱毛・VIO脱毛・ひげ脱毛・メンズ脱毛,スカルプ・プラセンタ・プラセンタエッセンス・頭皮ケア・薄毛
タトゥー除去（刺青除去）→スカルプ・プラセンタエッセンス,タトゥー除去（刺青除去）,スカルプ・プラセンタエッセンス,同部位,3か月,同部位は不可／別部位は可,,別部位の場合は同日可,不要,20250309_秋田ver,タトゥー・タトゥー除去・刺青・いれずみ・入れ墨,スカルプ・プラセンタ・プラセンタエッセンス・頭皮ケア・薄毛
アートメイク→スカルプ・プラセンタエッセンス,アートメイク,スカルプ・プラセンタエッセンス,同部位,2週間,同部位は不可／別部位は可,,別部位の場合は同日可,不要,20250309_秋田ver,アートメイク・眉アートメイク・リップアートメイク・タトゥーメイク,スカルプ・プラセンタ・プラセンタエッセンス・頭皮ケア・薄毛
ハイドラジェントル→コラーゲンピール（マッサージピール）,ハイドラジェントル,コラーゲンピール（マッサージピール）,面の治療との併用,初回：同日不可／2回目以降：同日可,条件付き,ハイドラを先に実施,初回は同日不可。問題がなかった場合は2回目以降で同日可,不要,20250309_秋田ver,ハイドラ・ハイドラフェイシャル・ハイドラクレンジング・毛穴洗浄,コラーゲンピール・マッサージピール・PRX・ハリ
ケミカルピーリング→コラーゲンピール（マッサージピール）,ケミカルピーリング,コラーゲンピール（マッサージピール）,同部位,3週間,同部位は不可／別部位は可,,別部位の場合は同日可,不要,20250309_秋田ver,ピーリング・ケミカルピーリング・サリチル酸ピーリング,コラーゲンピール・マッサージピール・PRX・ハリ
スマートサイドドットレーザー（2回目以降）→コラーゲンピール（マッサージピール）,スマートサイドドットレーザー（2回目以降）,コラーゲンピール（マッサージピール）,同部位,4週間,同部位は不可／別部位は可,,別部位の場合は同日可,不要,20250309_秋田ver,スマサイ・スマートサイドドット・スマートサイドドットレーザー,コラーゲンピール・マッサージピール・PRX・ハリ
スマートサイドドットレーザー（初回）→コラーゲンピール（マッサージピール）,スマートサイドドットレーザー（初回）,コラーゲンピール（マッサージピール）,同部位,3週間,同部位は不可／別部位は可,,別部位の場合は同日可,不要,20250309_秋田ver,スマサイ・スマサイ初回・スマートサイドドット・スマートサイドドットレーザー,コラーゲンピール・マッサージピール・PRX・ハリ
イボレーザー（炭酸ガス／CO2レーザー）→コラーゲンピール（マッサージピール）,イボレーザー（炭酸ガス／CO2レーザー）,コラーゲンピール（マッサージピール）,同部位,4週間,同部位は不可／別部位は可,,別部位の場合は同日可,不要,20250309_秋田ver,CO2・CO2レーザー・炭酸ガスレーザー・イボレーザー・いぼレーザー・イボ取り,コラーゲンピール・マッサージピール・PRX・ハリ
シミ取りレーザー→コラーゲンピール（マッサージピール）,シミ取りレーザー,コラーゲンピール（マッサージピール）,同部位,4週間,同部位は不可／別部位は可,,別部位の場合は同日可,不要,20250309_秋田ver,シミレーザー・シミ取り・シミ取りレーザー・シミ治療,コラーゲンピール・マッサージピール・PRX・ハリ
ADM治療（ピコレーザー）→コラーゲンピール（マッサージピール）,ADM治療（ピコレーザー）,コラーゲンピール（マッサージピール）,同部位,治療完了後 4週間,同部位は不可／別部位は可,,別部位の場合は同日可,不要,20250309_秋田ver,ADM・ADMレーザー・ピコレーザー・ピコ・あざ治療・太田母斑,コラーゲンピール・マッサージピール・PRX・ハリ
ADM治療（ナノレーザー・メドライトC6）→コラーゲンピール（マッサージピール）,ADM治療（ナノレーザー・メドライトC6）,コラーゲンピール（マッサージピール）,同部位,治療完了後 4週間,同部位は不可／別部位は可,,別部位の場合は同日可,不要,20250309_秋田ver,ADM・ADMレーザー・ナノレーザー・メドライトC6・C6・あざ治療・太田母斑,コラーゲンピール・マッサージピール・PRX・ハリ
レーザートーニング→コラーゲンピール（マッサージピール）,レーザートーニング,コラーゲンピール（マッサージピール）,同部位,1週間,同部位は不可／別部位は可,,別部位の場合は同日可,不要,20250309_秋田ver,トーニング・レーザートーニング・メドライトC6・肝斑・くすみ,コラーゲンピール・マッサージピール・PRX・ハリ
ピコトーニング→コラーゲンピール（マッサージピール）,ピコトーニング,コラーゲンピール（マッサージピール）,同部位,2週間,同部位は不可／別部位は可,,別部位の場合は同日可,不要,20250309_秋田ver,ピコトーニング・ピコ・トーニング・肝斑・くすみ,コラーゲンピール・マッサージピール・PRX・ハリ
ピコフラクショナル（1064nm）→コラーゲンピール（マッサージピール）,ピコフラクショナル（1064nm）,コラーゲンピール（マッサージピール）,同部位,4週間,同部位は不可／別部位は可,,別部位の場合は同日可,不要,20250309_秋田ver,ピコフラクショナル・ピコフラク・1064・フラクショナル・毛穴・肌質改善・ニキビ跡,コラーゲンピール・マッサージピール・PRX・ハリ
そばかすシャワー（532レーザー）→コラーゲンピール（マッサージピール）,そばかすシャワー（532レーザー）,コラーゲンピール（マッサージピール）,同部位,4週間,同部位は不可／別部位は可,,別部位の場合は同日可,不要,20250309_秋田ver,そばかすシャワー・そばかす・532・そばかす治療,コラーゲンピール・マッサージピール・PRX・ハリ
そばかすスポット照射→コラーゲンピール（マッサージピール）,そばかすスポット照射,コラーゲンピール（マッサージピール）,同部位,4週間,同部位は不可／別部位は可,,別部位の場合は同日可,不要,20250309_秋田ver,そばかすスポット・そばかす・スポット照射・シミ・そばかす治療,コラーゲンピール・マッサージピール・PRX・ハリ
フォトフェイシャル（光治療）→コラーゲンピール（マッサージピール）,フォトフェイシャル（光治療）,コラーゲンピール（マッサージピール）,同部位,1週間,同部位は不可／別部位は可,,別部位の場合は同日可,不要,20250309_秋田ver,フォト・フォトフェイシャル・光治療・IPL・ステラM22,コラーゲンピール・マッサージピール・PRX・ハリ
赤み治療（血管腫レーザー）→コラーゲンピール（マッサージピール）,赤み治療（血管腫レーザー）,コラーゲンピール（マッサージピール）,同部位,治療完了後 2週間,同部位は不可／別部位は可,,別部位の場合は同日可,不要,20250309_秋田ver,赤み治療・血管腫レーザー・赤ら顔・毛細血管拡張,コラーゲンピール・マッサージピール・PRX・ハリ
ボトックス注射（通常）→コラーゲンピール（マッサージピール）,ボトックス注射（通常）,コラーゲンピール（マッサージピール）,同部位,2週間,同部位は不可／別部位は可,,別部位の場合は同日可,不要,20250309_秋田ver,ボトックス・ボトックス注射・ボツリヌストキシン・エラボトックス・小顔・シワ,コラーゲンピール・マッサージピール・PRX・ハリ
マイクロボトックス→コラーゲンピール（マッサージピール）,マイクロボトックス,コラーゲンピール（マッサージピール）,同部位,2週間,同部位は不可／別部位は可,,別部位の場合は同日可,不要,20250309_秋田ver,マイクロボトックス・ボトックス・マイクロ・毛穴・テカリ,コラーゲンピール・マッサージピール・PRX・ハリ
テノールNEO（テノールネオ）→コラーゲンピール（マッサージピール）,テノールNEO（テノールネオ）,コラーゲンピール（マッサージピール）,同部位,翌日,同部位は不可／別部位は可,,別部位の場合は同日可,不要,20250309_秋田ver,テノールネオ・テノールNEO・テノール・たるみ・引き締め,コラーゲンピール・マッサージピール・PRX・ハリ
フラルスキン（トレチノイン）→コラーゲンピール（マッサージピール）,フラルスキン（トレチノイン）,コラーゲンピール（マッサージピール）,同部位,1週間,同部位は不可／別部位は可,,トレチノインのみの場合／別部位の場合は同日可,不要,20250309_秋田ver,フラルスキン・トレチ・トレチノイン・ハイドロキノン,コラーゲンピール・マッサージピール・PRX・ハリ
部分シミ治療（トレチノイン）→コラーゲンピール（マッサージピール）,部分シミ治療（トレチノイン）,コラーゲンピール（マッサージピール）,同部位,4週間,同部位は不可／別部位は可,,別部位の場合は同日可,不要,20250309_秋田ver,部分シミ・トレチ・トレチノイン・シミ,コラーゲンピール・マッサージピール・PRX・ハリ
mikoメソッド（首いぼ治療）→コラーゲンピール（マッサージピール）,mikoメソッド（首いぼ治療）,コラーゲンピール（マッサージピール）,同部位,4週間,同部位は不可／別部位は可,,別部位の場合は同日可,不要,20250309_秋田ver,mikoメソッド・miko・ミコメソッド・首イボ・首いぼ・イボ,コラーゲンピール・マッサージピール・PRX・ハリ
ほくろ切除・ほくろ除去→コラーゲンピール（マッサージピール）,ほくろ切除・ほくろ除去,コラーゲンピール（マッサージピール）,同部位,上皮化後 4週間,同部位は不可／別部位は可,,別部位の場合は同日可,不要,20250309_秋田ver,ほくろ切除・ほくろ除去・ほくろ・ほくろ取り,コラーゲンピール・マッサージピール・PRX・ハリ
ボライト（スキンブースター）→コラーゲンピール（マッサージピール）,ボライト（スキンブースター）,コラーゲンピール（マッサージピール）,同部位,4週間,同部位は不可／別部位は可,,別部位の場合は同日可,不要,20250309_秋田ver,ボライト・スキンブースター・ヒアルロン酸・ジュビダーム,コラーゲンピール・マッサージピール・PRX・ハリ
稗粒腫（はいりゅうしゅ）除去→コラーゲンピール（マッサージピール）,稗粒腫（はいりゅうしゅ）除去,コラーゲンピール（マッサージピール）,同部位,1週間,同部位は不可／別部位は可,,別部位の場合は同日可,不要,20250309_秋田ver,稗粒腫・はいりゅうしゅ・ぶつぶつ・ブツブツ,コラーゲンピール・マッサージピール・PRX・ハリ
ヴェルヴェットスキン→コラーゲンピール（マッサージピール）,ヴェルヴェットスキン,コラーゲンピール（マッサージピール）,同部位,4週間,同部位は不可／別部位は可,,別部位の場合は同日可,不要,20250309_秋田ver,ヴェルヴェットスキン・ヴェルヴェット・ベルベットスキン・ダーマペン・コラーゲンピール,コラーゲンピール・マッサージピール・PRX・ハリ
ダーマペン4→コラーゲンピール（マッサージピール）,ダーマペン4,コラーゲンピール（マッサージピール）,同部位,4週間,同部位は不可／別部位は可,,別部位の場合は同日可,不要,20250309_秋田ver,ダーマペン・ダーマペン4・毛穴・ニキビ跡,コラーゲンピール・マッサージピール・PRX・ハリ
HARG療法→コラーゲンピール（マッサージピール）,HARG療法,コラーゲンピール（マッサージピール）,別部位,翌日,不可,,括弧内の期間は別部位の場合。同部位の間隔はこのセルに明示されていません,必要,20250309_秋田ver,HARG・HARG療法・ハーグ・ハーグ療法・発毛・育毛・薄毛,コラーゲンピール・マッサージピール・PRX・ハリ
スカルプ・プラセンタエッセンス→コラーゲンピール（マッサージピール）,スカルプ・プラセンタエッセンス,コラーゲンピール（マッサージピール）,別部位,翌日,不可,,括弧内の期間は別部位の場合。同部位の間隔はこのセルに明示されていません,必要,20250309_秋田ver,スカルプ・プラセンタ・プラセンタエッセンス・頭皮ケア・薄毛,コラーゲンピール・マッサージピール・PRX・ハリ
コラーゲンピール（マッサージピール）→コラーゲンピール（マッサージピール）,コラーゲンピール（マッサージピール）,コラーゲンピール（マッサージピール）,同部位,2～3週間,同部位は不可／別部位は可,,別部位の場合は同日可,不要,20250309_秋田ver,コラーゲンピール・マッサージピール・PRX・ハリ,コラーゲンピール・マッサージピール・PRX・ハリ
サーマクール→コラーゲンピール（マッサージピール）,サーマクール,コラーゲンピール（マッサージピール）,同部位,2週間,同部位は不可／別部位は可,,別部位の場合は同日可,不要,20250309_秋田ver,サーマクール・サーマ・たるみ・引き締め・リフトアップ,コラーゲンピール・マッサージピール・PRX・ハリ
ミラドライ→コラーゲンピール（マッサージピール）,ミラドライ,コラーゲンピール（マッサージピール）,不明,-（原表記）,不明,,原表は「-」ですが意味が明示されていないため、可否・間隔を断定できません,必要,20250309_秋田ver,ミラドライ・ワキガ・腋臭・多汗症・わき汗,コラーゲンピール・マッサージピール・PRX・ハリ
医療レーザー脱毛→コラーゲンピール（マッサージピール）,医療レーザー脱毛,コラーゲンピール（マッサージピール）,同部位,2週間,同部位は不可／別部位は可,,別部位の場合は同日可,不要,20250309_秋田ver,脱毛・医療脱毛・レーザー脱毛・全身脱毛・顔脱毛・VIO脱毛・ひげ脱毛・メンズ脱毛,コラーゲンピール・マッサージピール・PRX・ハリ
タトゥー除去（刺青除去）→コラーゲンピール（マッサージピール）,タトゥー除去（刺青除去）,コラーゲンピール（マッサージピール）,同部位,3か月,同部位は不可／別部位は可,,別部位の場合は同日可,不要,20250309_秋田ver,タトゥー・タトゥー除去・刺青・いれずみ・入れ墨,コラーゲンピール・マッサージピール・PRX・ハリ
アートメイク→コラーゲンピール（マッサージピール）,アートメイク,コラーゲンピール（マッサージピール）,同部位,2週間,同部位は不可／別部位は可,,別部位の場合は同日可,不要,20250309_秋田ver,アートメイク・眉アートメイク・リップアートメイク・タトゥーメイク,コラーゲンピール・マッサージピール・PRX・ハリ
ハイドラジェントル→サーマクール,ハイドラジェントル,サーマクール,同部位,翌日,同部位は不可／別部位は可,,別部位の場合は同日可,不要,20250309_秋田ver,ハイドラ・ハイドラフェイシャル・ハイドラクレンジング・毛穴洗浄,サーマクール・サーマ・たるみ・引き締め・リフトアップ
ケミカルピーリング→サーマクール,ケミカルピーリング,サーマクール,同部位,2週間,同部位は不可／別部位は可,,別部位の場合は同日可,不要,20250309_秋田ver,ピーリング・ケミカルピーリング・サリチル酸ピーリング,サーマクール・サーマ・たるみ・引き締め・リフトアップ
スマートサイドドットレーザー（2回目以降）→サーマクール,スマートサイドドットレーザー（2回目以降）,サーマクール,同部位,4週間,同部位は不可／別部位は可,,別部位の場合は同日可,不要,20250309_秋田ver,スマサイ・スマートサイドドット・スマートサイドドットレーザー,サーマクール・サーマ・たるみ・引き締め・リフトアップ
スマートサイドドットレーザー（初回）→サーマクール,スマートサイドドットレーザー（初回）,サーマクール,同部位,3週間,同部位は不可／別部位は可,,別部位の場合は同日可,不要,20250309_秋田ver,スマサイ・スマサイ初回・スマートサイドドット・スマートサイドドットレーザー,サーマクール・サーマ・たるみ・引き締め・リフトアップ
イボレーザー（炭酸ガス／CO2レーザー）→サーマクール,イボレーザー（炭酸ガス／CO2レーザー）,サーマクール,同部位,4週間,同部位は不可／別部位は可,,別部位の場合は同日可,不要,20250309_秋田ver,CO2・CO2レーザー・炭酸ガスレーザー・イボレーザー・いぼレーザー・イボ取り,サーマクール・サーマ・たるみ・引き締め・リフトアップ
シミ取りレーザー→サーマクール,シミ取りレーザー,サーマクール,同部位,4週間,同部位は不可／別部位は可,,別部位の場合は同日可,不要,20250309_秋田ver,シミレーザー・シミ取り・シミ取りレーザー・シミ治療,サーマクール・サーマ・たるみ・引き締め・リフトアップ
ADM治療（ピコレーザー）→サーマクール,ADM治療（ピコレーザー）,サーマクール,同部位,4週間,同部位は不可／別部位は可,,別部位の場合は同日可,不要,20250309_秋田ver,ADM・ADMレーザー・ピコレーザー・ピコ・あざ治療・太田母斑,サーマクール・サーマ・たるみ・引き締め・リフトアップ
ADM治療（ナノレーザー・メドライトC6）→サーマクール,ADM治療（ナノレーザー・メドライトC6）,サーマクール,同部位,4週間,同部位は不可／別部位は可,,別部位の場合は同日可,不要,20250309_秋田ver,ADM・ADMレーザー・ナノレーザー・メドライトC6・C6・あざ治療・太田母斑,サーマクール・サーマ・たるみ・引き締め・リフトアップ
レーザートーニング→サーマクール,レーザートーニング,サーマクール,同部位,1週間,同部位は不可／別部位は可,,別部位の場合は同日可,不要,20250309_秋田ver,トーニング・レーザートーニング・メドライトC6・肝斑・くすみ,サーマクール・サーマ・たるみ・引き締め・リフトアップ
ピコトーニング→サーマクール,ピコトーニング,サーマクール,同部位,2週間,同部位は不可／別部位は可,,別部位の場合は同日可,不要,20250309_秋田ver,ピコトーニング・ピコ・トーニング・肝斑・くすみ,サーマクール・サーマ・たるみ・引き締め・リフトアップ
ピコフラクショナル（1064nm）→サーマクール,ピコフラクショナル（1064nm）,サーマクール,同部位,4週間,同部位は不可／別部位は可,,別部位の場合は同日可,不要,20250309_秋田ver,ピコフラクショナル・ピコフラク・1064・フラクショナル・毛穴・肌質改善・ニキビ跡,サーマクール・サーマ・たるみ・引き締め・リフトアップ
そばかすシャワー（532レーザー）→サーマクール,そばかすシャワー（532レーザー）,サーマクール,同部位,4週間,同部位は不可／別部位は可,,別部位の場合は同日可,不要,20250309_秋田ver,そばかすシャワー・そばかす・532・そばかす治療,サーマクール・サーマ・たるみ・引き締め・リフトアップ
そばかすスポット照射→サーマクール,そばかすスポット照射,サーマクール,同部位,4週間,同部位は不可／別部位は可,,別部位の場合は同日可,不要,20250309_秋田ver,そばかすスポット・そばかす・スポット照射・シミ・そばかす治療,サーマクール・サーマ・たるみ・引き締め・リフトアップ
フォトフェイシャル（光治療）→サーマクール,フォトフェイシャル（光治療）,サーマクール,同部位,2週間,同部位は不可／別部位は可,,別部位の場合は同日可,不要,20250309_秋田ver,フォト・フォトフェイシャル・光治療・IPL・ステラM22,サーマクール・サーマ・たるみ・引き締め・リフトアップ
赤み治療（血管腫レーザー）→サーマクール,赤み治療（血管腫レーザー）,サーマクール,同部位,治療完了後 2週間,同部位は不可／別部位は可,,別部位の場合は同日可,不要,20250309_秋田ver,赤み治療・血管腫レーザー・赤ら顔・毛細血管拡張,サーマクール・サーマ・たるみ・引き締め・リフトアップ
ボトックス注射（通常）→サーマクール,ボトックス注射（通常）,サーマクール,同部位,2週間,同部位は不可／別部位は可,,別部位の場合は同日可,不要,20250309_秋田ver,ボトックス・ボトックス注射・ボツリヌストキシン・エラボトックス・小顔・シワ,サーマクール・サーマ・たるみ・引き締め・リフトアップ
マイクロボトックス→サーマクール,マイクロボトックス,サーマクール,同部位,2週間,同部位は不可／別部位は可,,別部位の場合は同日可,不要,20250309_秋田ver,マイクロボトックス・ボトックス・マイクロ・毛穴・テカリ,サーマクール・サーマ・たるみ・引き締め・リフトアップ
テノールNEO（テノールネオ）→サーマクール,テノールNEO（テノールネオ）,サーマクール,同部位,2週間,同部位は不可／別部位は可,,別部位の場合は同日可,不要,20250309_秋田ver,テノールネオ・テノールNEO・テノール・たるみ・引き締め,サーマクール・サーマ・たるみ・引き締め・リフトアップ
フラルスキン（トレチノイン）→サーマクール,フラルスキン（トレチノイン）,サーマクール,同部位,1週間,同部位は不可／別部位は可,,トレチノインのみの場合／別部位の場合は同日可,不要,20250309_秋田ver,フラルスキン・トレチ・トレチノイン・ハイドロキノン,サーマクール・サーマ・たるみ・引き締め・リフトアップ
部分シミ治療（トレチノイン）→サーマクール,部分シミ治療（トレチノイン）,サーマクール,同部位,4週間,同部位は不可／別部位は可,,別部位の場合は同日可,不要,20250309_秋田ver,部分シミ・トレチ・トレチノイン・シミ,サーマクール・サーマ・たるみ・引き締め・リフトアップ
mikoメソッド（首いぼ治療）→サーマクール,mikoメソッド（首いぼ治療）,サーマクール,同部位,4週間,同部位は不可／別部位は可,,別部位の場合は同日可,不要,20250309_秋田ver,mikoメソッド・miko・ミコメソッド・首イボ・首いぼ・イボ,サーマクール・サーマ・たるみ・引き締め・リフトアップ
ほくろ切除・ほくろ除去→サーマクール,ほくろ切除・ほくろ除去,サーマクール,同部位,上皮化後 4週間,同部位は不可／別部位は可,,別部位の場合は同日可,不要,20250309_秋田ver,ほくろ切除・ほくろ除去・ほくろ・ほくろ取り,サーマクール・サーマ・たるみ・引き締め・リフトアップ
ボライト（スキンブースター）→サーマクール,ボライト（スキンブースター）,サーマクール,同部位,4週間,同部位は不可／別部位は可,,別部位の場合は同日可,不要,20250309_秋田ver,ボライト・スキンブースター・ヒアルロン酸・ジュビダーム,サーマクール・サーマ・たるみ・引き締め・リフトアップ
稗粒腫（はいりゅうしゅ）除去→サーマクール,稗粒腫（はいりゅうしゅ）除去,サーマクール,同部位,1週間,同部位は不可／別部位は可,,別部位の場合は同日可,不要,20250309_秋田ver,稗粒腫・はいりゅうしゅ・ぶつぶつ・ブツブツ,サーマクール・サーマ・たるみ・引き締め・リフトアップ
ヴェルヴェットスキン→サーマクール,ヴェルヴェットスキン,サーマクール,同部位,4週間,同部位は不可／別部位は可,,別部位の場合は同日可,不要,20250309_秋田ver,ヴェルヴェットスキン・ヴェルヴェット・ベルベットスキン・ダーマペン・コラーゲンピール,サーマクール・サーマ・たるみ・引き締め・リフトアップ
ダーマペン4→サーマクール,ダーマペン4,サーマクール,同部位,4週間,同部位は不可／別部位は可,,別部位の場合は同日可,不要,20250309_秋田ver,ダーマペン・ダーマペン4・毛穴・ニキビ跡,サーマクール・サーマ・たるみ・引き締め・リフトアップ
HARG療法→サーマクール,HARG療法,サーマクール,別部位,翌日,不可,,括弧内の期間は別部位の場合。同部位の間隔はこのセルに明示されていません,必要,20250309_秋田ver,HARG・HARG療法・ハーグ・ハーグ療法・発毛・育毛・薄毛,サーマクール・サーマ・たるみ・引き締め・リフトアップ
スカルプ・プラセンタエッセンス→サーマクール,スカルプ・プラセンタエッセンス,サーマクール,別部位,翌日,不可,,括弧内の期間は別部位の場合。同部位の間隔はこのセルに明示されていません,必要,20250309_秋田ver,スカルプ・プラセンタ・プラセンタエッセンス・頭皮ケア・薄毛,サーマクール・サーマ・たるみ・引き締め・リフトアップ
コラーゲンピール（マッサージピール）→サーマクール,コラーゲンピール（マッサージピール）,サーマクール,同部位,2週間,同部位は不可／別部位は可,,別部位の場合は同日可,不要,20250309_秋田ver,コラーゲンピール・マッサージピール・PRX・ハリ,サーマクール・サーマ・たるみ・引き締め・リフトアップ
サーマクール→サーマクール,サーマクール,サーマクール,同部位,6か月,同部位は不可／別部位は可,,サーマクールは6か月空けます／別部位の場合は同日可,不要,20250309_秋田ver,サーマクール・サーマ・たるみ・引き締め・リフトアップ,サーマクール・サーマ・たるみ・引き締め・リフトアップ
ミラドライ→サーマクール,ミラドライ,サーマクール,不明,-（原表記）,不明,,原表は「-」ですが意味が明示されていないため、可否・間隔を断定できません,必要,20250309_秋田ver,ミラドライ・ワキガ・腋臭・多汗症・わき汗,サーマクール・サーマ・たるみ・引き締め・リフトアップ
医療レーザー脱毛→サーマクール,医療レーザー脱毛,サーマクール,同部位,2週間,同部位は不可／別部位は可,,別部位の場合は同日可,不要,20250309_秋田ver,脱毛・医療脱毛・レーザー脱毛・全身脱毛・顔脱毛・VIO脱毛・ひげ脱毛・メンズ脱毛,サーマクール・サーマ・たるみ・引き締め・リフトアップ
タトゥー除去（刺青除去）→サーマクール,タトゥー除去（刺青除去）,サーマクール,同部位,3か月,同部位は不可／別部位は可,,別部位の場合は同日可,不要,20250309_秋田ver,タトゥー・タトゥー除去・刺青・いれずみ・入れ墨,サーマクール・サーマ・たるみ・引き締め・リフトアップ
アートメイク→サーマクール,アートメイク,サーマクール,同部位,2週間,同部位は不可／別部位は可,,別部位の場合は同日可,不要,20250309_秋田ver,アートメイク・眉アートメイク・リップアートメイク・タトゥーメイク,サーマクール・サーマ・たるみ・引き締め・リフトアップ
ハイドラジェントル→ミラドライ,ハイドラジェントル,ミラドライ,不明,,不明,,原表は空欄のため、可否・間隔を断定できません,必要,20250309_秋田ver,ハイドラ・ハイドラフェイシャル・ハイドラクレンジング・毛穴洗浄,ミラドライ・ワキガ・腋臭・多汗症・わき汗
ケミカルピーリング→ミラドライ,ケミカルピーリング,ミラドライ,不明,-（原表記）,不明,,原表は「-」ですが意味が明示されていないため、可否・間隔を断定できません,必要,20250309_秋田ver,ピーリング・ケミカルピーリング・サリチル酸ピーリング,ミラドライ・ワキガ・腋臭・多汗症・わき汗
スマートサイドドットレーザー（2回目以降）→ミラドライ,スマートサイドドットレーザー（2回目以降）,ミラドライ,不明,-（原表記）,不明,,原表は「-」ですが意味が明示されていないため、可否・間隔を断定できません,必要,20250309_秋田ver,スマサイ・スマートサイドドット・スマートサイドドットレーザー,ミラドライ・ワキガ・腋臭・多汗症・わき汗
スマートサイドドットレーザー（初回）→ミラドライ,スマートサイドドットレーザー（初回）,ミラドライ,不明,-（原表記）,不明,,原表は「-」ですが意味が明示されていないため、可否・間隔を断定できません,必要,20250309_秋田ver,スマサイ・スマサイ初回・スマートサイドドット・スマートサイドドットレーザー,ミラドライ・ワキガ・腋臭・多汗症・わき汗
イボレーザー（炭酸ガス／CO2レーザー）→ミラドライ,イボレーザー（炭酸ガス／CO2レーザー）,ミラドライ,不明,-（原表記）,不明,,原表は「-」ですが意味が明示されていないため、可否・間隔を断定できません,必要,20250309_秋田ver,CO2・CO2レーザー・炭酸ガスレーザー・イボレーザー・いぼレーザー・イボ取り,ミラドライ・ワキガ・腋臭・多汗症・わき汗
シミ取りレーザー→ミラドライ,シミ取りレーザー,ミラドライ,不明,-（原表記）,不明,,原表は「-」ですが意味が明示されていないため、可否・間隔を断定できません,必要,20250309_秋田ver,シミレーザー・シミ取り・シミ取りレーザー・シミ治療,ミラドライ・ワキガ・腋臭・多汗症・わき汗
ADM治療（ピコレーザー）→ミラドライ,ADM治療（ピコレーザー）,ミラドライ,不明,-（原表記）,不明,,原表は「-」ですが意味が明示されていないため、可否・間隔を断定できません,必要,20250309_秋田ver,ADM・ADMレーザー・ピコレーザー・ピコ・あざ治療・太田母斑,ミラドライ・ワキガ・腋臭・多汗症・わき汗
ADM治療（ナノレーザー・メドライトC6）→ミラドライ,ADM治療（ナノレーザー・メドライトC6）,ミラドライ,不明,-（原表記）,不明,,原表は「-」ですが意味が明示されていないため、可否・間隔を断定できません,必要,20250309_秋田ver,ADM・ADMレーザー・ナノレーザー・メドライトC6・C6・あざ治療・太田母斑,ミラドライ・ワキガ・腋臭・多汗症・わき汗
レーザートーニング→ミラドライ,レーザートーニング,ミラドライ,不明,-（原表記）,不明,,原表は「-」ですが意味が明示されていないため、可否・間隔を断定できません,必要,20250309_秋田ver,トーニング・レーザートーニング・メドライトC6・肝斑・くすみ,ミラドライ・ワキガ・腋臭・多汗症・わき汗
ピコトーニング→ミラドライ,ピコトーニング,ミラドライ,不明,,不明,,原表は空欄のため、可否・間隔を断定できません,必要,20250309_秋田ver,ピコトーニング・ピコ・トーニング・肝斑・くすみ,ミラドライ・ワキガ・腋臭・多汗症・わき汗
ピコフラクショナル（1064nm）→ミラドライ,ピコフラクショナル（1064nm）,ミラドライ,不明,-（原表記）,不明,,原表は「-」ですが意味が明示されていないため、可否・間隔を断定できません,必要,20250309_秋田ver,ピコフラクショナル・ピコフラク・1064・フラクショナル・毛穴・肌質改善・ニキビ跡,ミラドライ・ワキガ・腋臭・多汗症・わき汗
そばかすシャワー（532レーザー）→ミラドライ,そばかすシャワー（532レーザー）,ミラドライ,不明,-（原表記）,不明,,原表は「-」ですが意味が明示されていないため、可否・間隔を断定できません,必要,20250309_秋田ver,そばかすシャワー・そばかす・532・そばかす治療,ミラドライ・ワキガ・腋臭・多汗症・わき汗
そばかすスポット照射→ミラドライ,そばかすスポット照射,ミラドライ,不明,-（原表記）,不明,,原表は「-」ですが意味が明示されていないため、可否・間隔を断定できません,必要,20250309_秋田ver,そばかすスポット・そばかす・スポット照射・シミ・そばかす治療,ミラドライ・ワキガ・腋臭・多汗症・わき汗
フォトフェイシャル（光治療）→ミラドライ,フォトフェイシャル（光治療）,ミラドライ,不明,-（原表記）,不明,,原表は「-」ですが意味が明示されていないため、可否・間隔を断定できません,必要,20250309_秋田ver,フォト・フォトフェイシャル・光治療・IPL・ステラM22,ミラドライ・ワキガ・腋臭・多汗症・わき汗
赤み治療（血管腫レーザー）→ミラドライ,赤み治療（血管腫レーザー）,ミラドライ,同部位,治療完了後 2週間,同部位は不可／別部位は可,,別部位の場合は同日可,不要,20250309_秋田ver,赤み治療・血管腫レーザー・赤ら顔・毛細血管拡張,ミラドライ・ワキガ・腋臭・多汗症・わき汗
ボトックス注射（通常）→ミラドライ,ボトックス注射（通常）,ミラドライ,不明,-（原表記）,不明,,原表は「-」ですが意味が明示されていないため、可否・間隔を断定できません,必要,20250309_秋田ver,ボトックス・ボトックス注射・ボツリヌストキシン・エラボトックス・小顔・シワ,ミラドライ・ワキガ・腋臭・多汗症・わき汗
マイクロボトックス→ミラドライ,マイクロボトックス,ミラドライ,不明,-（原表記）,不明,,原表は「-」ですが意味が明示されていないため、可否・間隔を断定できません,必要,20250309_秋田ver,マイクロボトックス・ボトックス・マイクロ・毛穴・テカリ,ミラドライ・ワキガ・腋臭・多汗症・わき汗
テノールNEO（テノールネオ）→ミラドライ,テノールNEO（テノールネオ）,ミラドライ,不明,-（原表記）,不明,,原表は「-」ですが意味が明示されていないため、可否・間隔を断定できません,必要,20250309_秋田ver,テノールネオ・テノールNEO・テノール・たるみ・引き締め,ミラドライ・ワキガ・腋臭・多汗症・わき汗
フラルスキン（トレチノイン）→ミラドライ,フラルスキン（トレチノイン）,ミラドライ,不明,-（原表記）,不明,,原表は「-」ですが意味が明示されていないため、可否・間隔を断定できません,必要,20250309_秋田ver,フラルスキン・トレチ・トレチノイン・ハイドロキノン,ミラドライ・ワキガ・腋臭・多汗症・わき汗
部分シミ治療（トレチノイン）→ミラドライ,部分シミ治療（トレチノイン）,ミラドライ,不明,-（原表記）,不明,,原表は「-」ですが意味が明示されていないため、可否・間隔を断定できません,必要,20250309_秋田ver,部分シミ・トレチ・トレチノイン・シミ,ミラドライ・ワキガ・腋臭・多汗症・わき汗
mikoメソッド（首いぼ治療）→ミラドライ,mikoメソッド（首いぼ治療）,ミラドライ,不明,-（原表記）,不明,,原表は「-」ですが意味が明示されていないため、可否・間隔を断定できません,必要,20250309_秋田ver,mikoメソッド・miko・ミコメソッド・首イボ・首いぼ・イボ,ミラドライ・ワキガ・腋臭・多汗症・わき汗
ほくろ切除・ほくろ除去→ミラドライ,ほくろ切除・ほくろ除去,ミラドライ,不明,-（原表記）,不明,,原表は「-」ですが意味が明示されていないため、可否・間隔を断定できません,必要,20250309_秋田ver,ほくろ切除・ほくろ除去・ほくろ・ほくろ取り,ミラドライ・ワキガ・腋臭・多汗症・わき汗
ボライト（スキンブースター）→ミラドライ,ボライト（スキンブースター）,ミラドライ,不明,-（原表記）,不明,,原表は「-」ですが意味が明示されていないため、可否・間隔を断定できません,必要,20250309_秋田ver,ボライト・スキンブースター・ヒアルロン酸・ジュビダーム,ミラドライ・ワキガ・腋臭・多汗症・わき汗
稗粒腫（はいりゅうしゅ）除去→ミラドライ,稗粒腫（はいりゅうしゅ）除去,ミラドライ,不明,-（原表記）,不明,,原表は「-」ですが意味が明示されていないため、可否・間隔を断定できません,必要,20250309_秋田ver,稗粒腫・はいりゅうしゅ・ぶつぶつ・ブツブツ,ミラドライ・ワキガ・腋臭・多汗症・わき汗
ヴェルヴェットスキン→ミラドライ,ヴェルヴェットスキン,ミラドライ,同部位,翌日,同部位は不可／別部位は可,,別部位の場合は同日可,不要,20250309_秋田ver,ヴェルヴェットスキン・ヴェルヴェット・ベルベットスキン・ダーマペン・コラーゲンピール,ミラドライ・ワキガ・腋臭・多汗症・わき汗
ダーマペン4→ミラドライ,ダーマペン4,ミラドライ,不明,,不明,,原表は空欄のため、可否・間隔を断定できません,必要,20250309_秋田ver,ダーマペン・ダーマペン4・毛穴・ニキビ跡,ミラドライ・ワキガ・腋臭・多汗症・わき汗
HARG療法→ミラドライ,HARG療法,ミラドライ,別部位,翌日,不可,,括弧内の期間は別部位の場合。同部位の間隔はこのセルに明示されていません,必要,20250309_秋田ver,HARG・HARG療法・ハーグ・ハーグ療法・発毛・育毛・薄毛,ミラドライ・ワキガ・腋臭・多汗症・わき汗
スカルプ・プラセンタエッセンス→ミラドライ,スカルプ・プラセンタエッセンス,ミラドライ,別部位,翌日,不可,,括弧内の期間は別部位の場合。同部位の間隔はこのセルに明示されていません,必要,20250309_秋田ver,スカルプ・プラセンタ・プラセンタエッセンス・頭皮ケア・薄毛,ミラドライ・ワキガ・腋臭・多汗症・わき汗
コラーゲンピール（マッサージピール）→ミラドライ,コラーゲンピール（マッサージピール）,ミラドライ,不明,-（原表記）,不明,,原表は「-」ですが意味が明示されていないため、可否・間隔を断定できません,必要,20250309_秋田ver,コラーゲンピール・マッサージピール・PRX・ハリ,ミラドライ・ワキガ・腋臭・多汗症・わき汗
サーマクール→ミラドライ,サーマクール,ミラドライ,不明,-（原表記）,不明,,原表は「-」ですが意味が明示されていないため、可否・間隔を断定できません,必要,20250309_秋田ver,サーマクール・サーマ・たるみ・引き締め・リフトアップ,ミラドライ・ワキガ・腋臭・多汗症・わき汗
ミラドライ→ミラドライ,ミラドライ,ミラドライ,同部位,3か月,同部位は不可／別部位は可,,別部位の場合は同日可,不要,20250309_秋田ver,ミラドライ・ワキガ・腋臭・多汗症・わき汗,ミラドライ・ワキガ・腋臭・多汗症・わき汗
医療レーザー脱毛→ミラドライ,医療レーザー脱毛,ミラドライ,同部位,2週間,同部位は不可／別部位は可,,別部位の場合は同日可,不要,20250309_秋田ver,脱毛・医療脱毛・レーザー脱毛・全身脱毛・顔脱毛・VIO脱毛・ひげ脱毛・メンズ脱毛,ミラドライ・ワキガ・腋臭・多汗症・わき汗
タトゥー除去（刺青除去）→ミラドライ,タトゥー除去（刺青除去）,ミラドライ,同部位,3か月,同部位は不可／別部位は可,,別部位の場合は同日可,不要,20250309_秋田ver,タトゥー・タトゥー除去・刺青・いれずみ・入れ墨,ミラドライ・ワキガ・腋臭・多汗症・わき汗
アートメイク→ミラドライ,アートメイク,ミラドライ,同部位,2週間,同部位は不可／別部位は可,,別部位の場合は同日可,不要,20250309_秋田ver,アートメイク・眉アートメイク・リップアートメイク・タトゥーメイク,ミラドライ・ワキガ・腋臭・多汗症・わき汗
ハイドラジェントル→医療レーザー脱毛,ハイドラジェントル,医療レーザー脱毛,同部位,翌日,同部位は不可／別部位は可,,別部位の場合は同日可,不要,20250309_秋田ver,ハイドラ・ハイドラフェイシャル・ハイドラクレンジング・毛穴洗浄,脱毛・医療脱毛・レーザー脱毛・全身脱毛・顔脱毛・VIO脱毛・ひげ脱毛・メンズ脱毛
ケミカルピーリング→医療レーザー脱毛,ケミカルピーリング,医療レーザー脱毛,同部位,4週間,同部位は不可／別部位は可,,別部位の場合は同日可,不要,20250309_秋田ver,ピーリング・ケミカルピーリング・サリチル酸ピーリング,脱毛・医療脱毛・レーザー脱毛・全身脱毛・顔脱毛・VIO脱毛・ひげ脱毛・メンズ脱毛
スマートサイドドットレーザー（2回目以降）→医療レーザー脱毛,スマートサイドドットレーザー（2回目以降）,医療レーザー脱毛,同部位,4週間,同部位は不可／別部位は可,,別部位の場合は同日可,不要,20250309_秋田ver,スマサイ・スマートサイドドット・スマートサイドドットレーザー,脱毛・医療脱毛・レーザー脱毛・全身脱毛・顔脱毛・VIO脱毛・ひげ脱毛・メンズ脱毛
スマートサイドドットレーザー（初回）→医療レーザー脱毛,スマートサイドドットレーザー（初回）,医療レーザー脱毛,同部位,2週間,同部位は不可／別部位は可,,別部位の場合は同日可,不要,20250309_秋田ver,スマサイ・スマサイ初回・スマートサイドドット・スマートサイドドットレーザー,脱毛・医療脱毛・レーザー脱毛・全身脱毛・顔脱毛・VIO脱毛・ひげ脱毛・メンズ脱毛
イボレーザー（炭酸ガス／CO2レーザー）→医療レーザー脱毛,イボレーザー（炭酸ガス／CO2レーザー）,医療レーザー脱毛,同部位,4週間,同部位は不可／別部位は可,,別部位の場合は同日可,不要,20250309_秋田ver,CO2・CO2レーザー・炭酸ガスレーザー・イボレーザー・いぼレーザー・イボ取り,脱毛・医療脱毛・レーザー脱毛・全身脱毛・顔脱毛・VIO脱毛・ひげ脱毛・メンズ脱毛
シミ取りレーザー→医療レーザー脱毛,シミ取りレーザー,医療レーザー脱毛,同部位,4週間,同部位は不可／別部位は可,,別部位の場合は同日可,不要,20250309_秋田ver,シミレーザー・シミ取り・シミ取りレーザー・シミ治療,脱毛・医療脱毛・レーザー脱毛・全身脱毛・顔脱毛・VIO脱毛・ひげ脱毛・メンズ脱毛
ADM治療（ピコレーザー）→医療レーザー脱毛,ADM治療（ピコレーザー）,医療レーザー脱毛,同部位,4週間,同部位は不可／別部位は可,,別部位の場合は同日可,不要,20250309_秋田ver,ADM・ADMレーザー・ピコレーザー・ピコ・あざ治療・太田母斑,脱毛・医療脱毛・レーザー脱毛・全身脱毛・顔脱毛・VIO脱毛・ひげ脱毛・メンズ脱毛
ADM治療（ナノレーザー・メドライトC6）→医療レーザー脱毛,ADM治療（ナノレーザー・メドライトC6）,医療レーザー脱毛,同部位,4週間,同部位は不可／別部位は可,,別部位の場合は同日可,不要,20250309_秋田ver,ADM・ADMレーザー・ナノレーザー・メドライトC6・C6・あざ治療・太田母斑,脱毛・医療脱毛・レーザー脱毛・全身脱毛・顔脱毛・VIO脱毛・ひげ脱毛・メンズ脱毛
レーザートーニング→医療レーザー脱毛,レーザートーニング,医療レーザー脱毛,同部位,1週間,同部位は不可／別部位は可,,別部位の場合は同日可,不要,20250309_秋田ver,トーニング・レーザートーニング・メドライトC6・肝斑・くすみ,脱毛・医療脱毛・レーザー脱毛・全身脱毛・顔脱毛・VIO脱毛・ひげ脱毛・メンズ脱毛
ピコトーニング→医療レーザー脱毛,ピコトーニング,医療レーザー脱毛,同部位,2週間,同部位は不可／別部位は可,,別部位の場合は同日可,不要,20250309_秋田ver,ピコトーニング・ピコ・トーニング・肝斑・くすみ,脱毛・医療脱毛・レーザー脱毛・全身脱毛・顔脱毛・VIO脱毛・ひげ脱毛・メンズ脱毛
ピコフラクショナル（1064nm）→医療レーザー脱毛,ピコフラクショナル（1064nm）,医療レーザー脱毛,同部位,4週間,同部位は不可／別部位は可,,別部位の場合は同日可,不要,20250309_秋田ver,ピコフラクショナル・ピコフラク・1064・フラクショナル・毛穴・肌質改善・ニキビ跡,脱毛・医療脱毛・レーザー脱毛・全身脱毛・顔脱毛・VIO脱毛・ひげ脱毛・メンズ脱毛
そばかすシャワー（532レーザー）→医療レーザー脱毛,そばかすシャワー（532レーザー）,医療レーザー脱毛,同部位,4週間,同部位は不可／別部位は可,,別部位の場合は同日可,不要,20250309_秋田ver,そばかすシャワー・そばかす・532・そばかす治療,脱毛・医療脱毛・レーザー脱毛・全身脱毛・顔脱毛・VIO脱毛・ひげ脱毛・メンズ脱毛
そばかすスポット照射→医療レーザー脱毛,そばかすスポット照射,医療レーザー脱毛,同部位,4週間,同部位は不可／別部位は可,,別部位の場合は同日可,不要,20250309_秋田ver,そばかすスポット・そばかす・スポット照射・シミ・そばかす治療,脱毛・医療脱毛・レーザー脱毛・全身脱毛・顔脱毛・VIO脱毛・ひげ脱毛・メンズ脱毛
フォトフェイシャル（光治療）→医療レーザー脱毛,フォトフェイシャル（光治療）,医療レーザー脱毛,同部位,2週間,同部位は不可／別部位は可,,別部位の場合は同日可,不要,20250309_秋田ver,フォト・フォトフェイシャル・光治療・IPL・ステラM22,脱毛・医療脱毛・レーザー脱毛・全身脱毛・顔脱毛・VIO脱毛・ひげ脱毛・メンズ脱毛
赤み治療（血管腫レーザー）→医療レーザー脱毛,赤み治療（血管腫レーザー）,医療レーザー脱毛,同部位,治療完了後 2週間,同部位は不可／別部位は可,,別部位の場合は同日可,不要,20250309_秋田ver,赤み治療・血管腫レーザー・赤ら顔・毛細血管拡張,脱毛・医療脱毛・レーザー脱毛・全身脱毛・顔脱毛・VIO脱毛・ひげ脱毛・メンズ脱毛
ボトックス注射（通常）→医療レーザー脱毛,ボトックス注射（通常）,医療レーザー脱毛,同部位,2週間,同部位は不可／別部位は可,,別部位の場合は同日可,不要,20250309_秋田ver,ボトックス・ボトックス注射・ボツリヌストキシン・エラボトックス・小顔・シワ,脱毛・医療脱毛・レーザー脱毛・全身脱毛・顔脱毛・VIO脱毛・ひげ脱毛・メンズ脱毛
マイクロボトックス→医療レーザー脱毛,マイクロボトックス,医療レーザー脱毛,同部位,2週間,同部位は不可／別部位は可,,別部位の場合は同日可,不要,20250309_秋田ver,マイクロボトックス・ボトックス・マイクロ・毛穴・テカリ,脱毛・医療脱毛・レーザー脱毛・全身脱毛・顔脱毛・VIO脱毛・ひげ脱毛・メンズ脱毛
テノールNEO（テノールネオ）→医療レーザー脱毛,テノールNEO（テノールネオ）,医療レーザー脱毛,同部位,1週間,同部位は不可／別部位は可,,別部位の場合は同日可,不要,20250309_秋田ver,テノールネオ・テノールNEO・テノール・たるみ・引き締め,脱毛・医療脱毛・レーザー脱毛・全身脱毛・顔脱毛・VIO脱毛・ひげ脱毛・メンズ脱毛
フラルスキン（トレチノイン）→医療レーザー脱毛,フラルスキン（トレチノイン）,医療レーザー脱毛,同部位,1週間,同部位は不可／別部位は可,,トレチノインのみの場合／別部位の場合は同日可,不要,20250309_秋田ver,フラルスキン・トレチ・トレチノイン・ハイドロキノン,脱毛・医療脱毛・レーザー脱毛・全身脱毛・顔脱毛・VIO脱毛・ひげ脱毛・メンズ脱毛
部分シミ治療（トレチノイン）→医療レーザー脱毛,部分シミ治療（トレチノイン）,医療レーザー脱毛,同部位,4週間,同部位は不可／別部位は可,,別部位の場合は同日可,不要,20250309_秋田ver,部分シミ・トレチ・トレチノイン・シミ,脱毛・医療脱毛・レーザー脱毛・全身脱毛・顔脱毛・VIO脱毛・ひげ脱毛・メンズ脱毛
mikoメソッド（首いぼ治療）→医療レーザー脱毛,mikoメソッド（首いぼ治療）,医療レーザー脱毛,同部位,4週間,同部位は不可／別部位は可,,別部位の場合は同日可,不要,20250309_秋田ver,mikoメソッド・miko・ミコメソッド・首イボ・首いぼ・イボ,脱毛・医療脱毛・レーザー脱毛・全身脱毛・顔脱毛・VIO脱毛・ひげ脱毛・メンズ脱毛
ほくろ切除・ほくろ除去→医療レーザー脱毛,ほくろ切除・ほくろ除去,医療レーザー脱毛,同部位,上皮化後 4週間,同部位は不可／別部位は可,,別部位の場合は同日可,不要,20250309_秋田ver,ほくろ切除・ほくろ除去・ほくろ・ほくろ取り,脱毛・医療脱毛・レーザー脱毛・全身脱毛・顔脱毛・VIO脱毛・ひげ脱毛・メンズ脱毛
ボライト（スキンブースター）→医療レーザー脱毛,ボライト（スキンブースター）,医療レーザー脱毛,同部位,4週間,同部位は不可／別部位は可,,別部位の場合は同日可,不要,20250309_秋田ver,ボライト・スキンブースター・ヒアルロン酸・ジュビダーム,脱毛・医療脱毛・レーザー脱毛・全身脱毛・顔脱毛・VIO脱毛・ひげ脱毛・メンズ脱毛
稗粒腫（はいりゅうしゅ）除去→医療レーザー脱毛,稗粒腫（はいりゅうしゅ）除去,医療レーザー脱毛,同部位,1週間,同部位は不可／別部位は可,,別部位の場合は同日可,不要,20250309_秋田ver,稗粒腫・はいりゅうしゅ・ぶつぶつ・ブツブツ,脱毛・医療脱毛・レーザー脱毛・全身脱毛・顔脱毛・VIO脱毛・ひげ脱毛・メンズ脱毛
ヴェルヴェットスキン→医療レーザー脱毛,ヴェルヴェットスキン,医療レーザー脱毛,同部位,4週間,同部位は不可／別部位は可,,別部位の場合は同日可,不要,20250309_秋田ver,ヴェルヴェットスキン・ヴェルヴェット・ベルベットスキン・ダーマペン・コラーゲンピール,脱毛・医療脱毛・レーザー脱毛・全身脱毛・顔脱毛・VIO脱毛・ひげ脱毛・メンズ脱毛
ダーマペン4→医療レーザー脱毛,ダーマペン4,医療レーザー脱毛,同部位,4週間,同部位は不可／別部位は可,,別部位の場合は同日可,不要,20250309_秋田ver,ダーマペン・ダーマペン4・毛穴・ニキビ跡,脱毛・医療脱毛・レーザー脱毛・全身脱毛・顔脱毛・VIO脱毛・ひげ脱毛・メンズ脱毛
HARG療法→医療レーザー脱毛,HARG療法,医療レーザー脱毛,別部位,翌日,不可,,括弧内の期間は別部位の場合。同部位の間隔はこのセルに明示されていません,必要,20250309_秋田ver,HARG・HARG療法・ハーグ・ハーグ療法・発毛・育毛・薄毛,脱毛・医療脱毛・レーザー脱毛・全身脱毛・顔脱毛・VIO脱毛・ひげ脱毛・メンズ脱毛
スカルプ・プラセンタエッセンス→医療レーザー脱毛,スカルプ・プラセンタエッセンス,医療レーザー脱毛,別部位,翌日,不可,,括弧内の期間は別部位の場合。同部位の間隔はこのセルに明示されていません,必要,20250309_秋田ver,スカルプ・プラセンタ・プラセンタエッセンス・頭皮ケア・薄毛,脱毛・医療脱毛・レーザー脱毛・全身脱毛・顔脱毛・VIO脱毛・ひげ脱毛・メンズ脱毛
コラーゲンピール（マッサージピール）→医療レーザー脱毛,コラーゲンピール（マッサージピール）,医療レーザー脱毛,同部位,2週間,同部位は不可／別部位は可,,別部位の場合は同日可,不要,20250309_秋田ver,コラーゲンピール・マッサージピール・PRX・ハリ,脱毛・医療脱毛・レーザー脱毛・全身脱毛・顔脱毛・VIO脱毛・ひげ脱毛・メンズ脱毛
サーマクール→医療レーザー脱毛,サーマクール,医療レーザー脱毛,同部位,1週間,同部位は不可／別部位は可,,別部位の場合は同日可,不要,20250309_秋田ver,サーマクール・サーマ・たるみ・引き締め・リフトアップ,脱毛・医療脱毛・レーザー脱毛・全身脱毛・顔脱毛・VIO脱毛・ひげ脱毛・メンズ脱毛
ミラドライ→医療レーザー脱毛,ミラドライ,医療レーザー脱毛,同部位／別部位,同部位：2か月／別部位：翌日以降,同部位は不可／別部位は可,,別部位の場合は同日可,不要,20250309_秋田ver,ミラドライ・ワキガ・腋臭・多汗症・わき汗,脱毛・医療脱毛・レーザー脱毛・全身脱毛・顔脱毛・VIO脱毛・ひげ脱毛・メンズ脱毛
医療レーザー脱毛→医療レーザー脱毛,医療レーザー脱毛,医療レーザー脱毛,同部位,1回目から2回目：4週間／2回目以降：8週間／男性のひげ：2週間,同部位は不可／別部位は可,,脱毛の施術回数と部位により間隔が異なります／別部位の場合は同日可,不要,20250309_秋田ver,脱毛・医療脱毛・レーザー脱毛・全身脱毛・顔脱毛・VIO脱毛・ひげ脱毛・メンズ脱毛,脱毛・医療脱毛・レーザー脱毛・全身脱毛・顔脱毛・VIO脱毛・ひげ脱毛・メンズ脱毛
タトゥー除去（刺青除去）→医療レーザー脱毛,タトゥー除去（刺青除去）,医療レーザー脱毛,同部位,3か月,同部位は不可／別部位は可,,別部位の場合は同日可,不要,20250309_秋田ver,タトゥー・タトゥー除去・刺青・いれずみ・入れ墨,脱毛・医療脱毛・レーザー脱毛・全身脱毛・顔脱毛・VIO脱毛・ひげ脱毛・メンズ脱毛
アートメイク→医療レーザー脱毛,アートメイク,医療レーザー脱毛,同部位,2週間,同部位は不可／別部位は可,,別部位の場合は同日可,不要,20250309_秋田ver,アートメイク・眉アートメイク・リップアートメイク・タトゥーメイク,脱毛・医療脱毛・レーザー脱毛・全身脱毛・顔脱毛・VIO脱毛・ひげ脱毛・メンズ脱毛
ハイドラジェントル→タトゥー除去（刺青除去）,ハイドラジェントル,タトゥー除去（刺青除去）,同部位,翌日,同部位は不可／別部位は可,,別部位の場合は同日可,不要,20250309_秋田ver,ハイドラ・ハイドラフェイシャル・ハイドラクレンジング・毛穴洗浄,タトゥー・タトゥー除去・刺青・いれずみ・入れ墨
ケミカルピーリング→タトゥー除去（刺青除去）,ケミカルピーリング,タトゥー除去（刺青除去）,同部位,4週間,同部位は不可／別部位は可,,別部位の場合は同日可,不要,20250309_秋田ver,ピーリング・ケミカルピーリング・サリチル酸ピーリング,タトゥー・タトゥー除去・刺青・いれずみ・入れ墨
スマートサイドドットレーザー（2回目以降）→タトゥー除去（刺青除去）,スマートサイドドットレーザー（2回目以降）,タトゥー除去（刺青除去）,同部位,4週間,同部位は不可／別部位は可,,別部位の場合は同日可,不要,20250309_秋田ver,スマサイ・スマートサイドドット・スマートサイドドットレーザー,タトゥー・タトゥー除去・刺青・いれずみ・入れ墨
スマートサイドドットレーザー（初回）→タトゥー除去（刺青除去）,スマートサイドドットレーザー（初回）,タトゥー除去（刺青除去）,同部位,2週間,同部位は不可／別部位は可,,別部位の場合は同日可,不要,20250309_秋田ver,スマサイ・スマサイ初回・スマートサイドドット・スマートサイドドットレーザー,タトゥー・タトゥー除去・刺青・いれずみ・入れ墨
イボレーザー（炭酸ガス／CO2レーザー）→タトゥー除去（刺青除去）,イボレーザー（炭酸ガス／CO2レーザー）,タトゥー除去（刺青除去）,同部位,4週間,同部位は不可／別部位は可,,別部位の場合は同日可,不要,20250309_秋田ver,CO2・CO2レーザー・炭酸ガスレーザー・イボレーザー・いぼレーザー・イボ取り,タトゥー・タトゥー除去・刺青・いれずみ・入れ墨
シミ取りレーザー→タトゥー除去（刺青除去）,シミ取りレーザー,タトゥー除去（刺青除去）,同部位,4週間,同部位は不可／別部位は可,,別部位の場合は同日可,不要,20250309_秋田ver,シミレーザー・シミ取り・シミ取りレーザー・シミ治療,タトゥー・タトゥー除去・刺青・いれずみ・入れ墨
ADM治療（ピコレーザー）→タトゥー除去（刺青除去）,ADM治療（ピコレーザー）,タトゥー除去（刺青除去）,同部位,治療完了後 4週間,同部位は不可／別部位は可,,別部位の場合は同日可,不要,20250309_秋田ver,ADM・ADMレーザー・ピコレーザー・ピコ・あざ治療・太田母斑,タトゥー・タトゥー除去・刺青・いれずみ・入れ墨
ADM治療（ナノレーザー・メドライトC6）→タトゥー除去（刺青除去）,ADM治療（ナノレーザー・メドライトC6）,タトゥー除去（刺青除去）,同部位,治療完了後 4週間,同部位は不可／別部位は可,,別部位の場合は同日可,不要,20250309_秋田ver,ADM・ADMレーザー・ナノレーザー・メドライトC6・C6・あざ治療・太田母斑,タトゥー・タトゥー除去・刺青・いれずみ・入れ墨
レーザートーニング→タトゥー除去（刺青除去）,レーザートーニング,タトゥー除去（刺青除去）,同部位,1週間,同部位は不可／別部位は可,,別部位の場合は同日可,不要,20250309_秋田ver,トーニング・レーザートーニング・メドライトC6・肝斑・くすみ,タトゥー・タトゥー除去・刺青・いれずみ・入れ墨
ピコトーニング→タトゥー除去（刺青除去）,ピコトーニング,タトゥー除去（刺青除去）,同部位,2週間,同部位は不可／別部位は可,,別部位の場合は同日可,不要,20250309_秋田ver,ピコトーニング・ピコ・トーニング・肝斑・くすみ,タトゥー・タトゥー除去・刺青・いれずみ・入れ墨
ピコフラクショナル（1064nm）→タトゥー除去（刺青除去）,ピコフラクショナル（1064nm）,タトゥー除去（刺青除去）,同部位,4週間,同部位は不可／別部位は可,,別部位の場合は同日可,不要,20250309_秋田ver,ピコフラクショナル・ピコフラク・1064・フラクショナル・毛穴・肌質改善・ニキビ跡,タトゥー・タトゥー除去・刺青・いれずみ・入れ墨
そばかすシャワー（532レーザー）→タトゥー除去（刺青除去）,そばかすシャワー（532レーザー）,タトゥー除去（刺青除去）,同部位,4週間,同部位は不可／別部位は可,,別部位の場合は同日可,不要,20250309_秋田ver,そばかすシャワー・そばかす・532・そばかす治療,タトゥー・タトゥー除去・刺青・いれずみ・入れ墨
そばかすスポット照射→タトゥー除去（刺青除去）,そばかすスポット照射,タトゥー除去（刺青除去）,同部位,4週間,同部位は不可／別部位は可,,別部位の場合は同日可,不要,20250309_秋田ver,そばかすスポット・そばかす・スポット照射・シミ・そばかす治療,タトゥー・タトゥー除去・刺青・いれずみ・入れ墨
フォトフェイシャル（光治療）→タトゥー除去（刺青除去）,フォトフェイシャル（光治療）,タトゥー除去（刺青除去）,同部位,2週間,同部位は不可／別部位は可,,別部位の場合は同日可,不要,20250309_秋田ver,フォト・フォトフェイシャル・光治療・IPL・ステラM22,タトゥー・タトゥー除去・刺青・いれずみ・入れ墨
赤み治療（血管腫レーザー）→タトゥー除去（刺青除去）,赤み治療（血管腫レーザー）,タトゥー除去（刺青除去）,同部位,治療完了後 2週間,同部位は不可／別部位は可,,別部位の場合は同日可,不要,20250309_秋田ver,赤み治療・血管腫レーザー・赤ら顔・毛細血管拡張,タトゥー・タトゥー除去・刺青・いれずみ・入れ墨
ボトックス注射（通常）→タトゥー除去（刺青除去）,ボトックス注射（通常）,タトゥー除去（刺青除去）,同部位,2週間,同部位は不可／別部位は可,,別部位の場合は同日可,不要,20250309_秋田ver,ボトックス・ボトックス注射・ボツリヌストキシン・エラボトックス・小顔・シワ,タトゥー・タトゥー除去・刺青・いれずみ・入れ墨
マイクロボトックス→タトゥー除去（刺青除去）,マイクロボトックス,タトゥー除去（刺青除去）,同部位,2週間,同部位は不可／別部位は可,,別部位の場合は同日可,不要,20250309_秋田ver,マイクロボトックス・ボトックス・マイクロ・毛穴・テカリ,タトゥー・タトゥー除去・刺青・いれずみ・入れ墨
テノールNEO（テノールネオ）→タトゥー除去（刺青除去）,テノールNEO（テノールネオ）,タトゥー除去（刺青除去）,同部位,1週間,同部位は不可／別部位は可,,別部位の場合は同日可,不要,20250309_秋田ver,テノールネオ・テノールNEO・テノール・たるみ・引き締め,タトゥー・タトゥー除去・刺青・いれずみ・入れ墨
フラルスキン（トレチノイン）→タトゥー除去（刺青除去）,フラルスキン（トレチノイン）,タトゥー除去（刺青除去）,同部位,1週間,同部位は不可／別部位は可,,トレチノインのみの場合／別部位の場合は同日可,不要,20250309_秋田ver,フラルスキン・トレチ・トレチノイン・ハイドロキノン,タトゥー・タトゥー除去・刺青・いれずみ・入れ墨
部分シミ治療（トレチノイン）→タトゥー除去（刺青除去）,部分シミ治療（トレチノイン）,タトゥー除去（刺青除去）,同部位,4週間,同部位は不可／別部位は可,,別部位の場合は同日可,不要,20250309_秋田ver,部分シミ・トレチ・トレチノイン・シミ,タトゥー・タトゥー除去・刺青・いれずみ・入れ墨
mikoメソッド（首いぼ治療）→タトゥー除去（刺青除去）,mikoメソッド（首いぼ治療）,タトゥー除去（刺青除去）,同部位,4週間,同部位は不可／別部位は可,,別部位の場合は同日可,不要,20250309_秋田ver,mikoメソッド・miko・ミコメソッド・首イボ・首いぼ・イボ,タトゥー・タトゥー除去・刺青・いれずみ・入れ墨
ほくろ切除・ほくろ除去→タトゥー除去（刺青除去）,ほくろ切除・ほくろ除去,タトゥー除去（刺青除去）,同部位,上皮化後 4週間,同部位は不可／別部位は可,,別部位の場合は同日可,不要,20250309_秋田ver,ほくろ切除・ほくろ除去・ほくろ・ほくろ取り,タトゥー・タトゥー除去・刺青・いれずみ・入れ墨
ボライト（スキンブースター）→タトゥー除去（刺青除去）,ボライト（スキンブースター）,タトゥー除去（刺青除去）,同部位,4週間,同部位は不可／別部位は可,,別部位の場合は同日可,不要,20250309_秋田ver,ボライト・スキンブースター・ヒアルロン酸・ジュビダーム,タトゥー・タトゥー除去・刺青・いれずみ・入れ墨
稗粒腫（はいりゅうしゅ）除去→タトゥー除去（刺青除去）,稗粒腫（はいりゅうしゅ）除去,タトゥー除去（刺青除去）,同部位,1週間,同部位は不可／別部位は可,,別部位の場合は同日可,不要,20250309_秋田ver,稗粒腫・はいりゅうしゅ・ぶつぶつ・ブツブツ,タトゥー・タトゥー除去・刺青・いれずみ・入れ墨
ヴェルヴェットスキン→タトゥー除去（刺青除去）,ヴェルヴェットスキン,タトゥー除去（刺青除去）,同部位,4週間,同部位は不可／別部位は可,,別部位の場合は同日可,不要,20250309_秋田ver,ヴェルヴェットスキン・ヴェルヴェット・ベルベットスキン・ダーマペン・コラーゲンピール,タトゥー・タトゥー除去・刺青・いれずみ・入れ墨
ダーマペン4→タトゥー除去（刺青除去）,ダーマペン4,タトゥー除去（刺青除去）,同部位,4週間,同部位は不可／別部位は可,,別部位の場合は同日可,不要,20250309_秋田ver,ダーマペン・ダーマペン4・毛穴・ニキビ跡,タトゥー・タトゥー除去・刺青・いれずみ・入れ墨
HARG療法→タトゥー除去（刺青除去）,HARG療法,タトゥー除去（刺青除去）,別部位,翌日,不可,,括弧内の期間は別部位の場合。同部位の間隔はこのセルに明示されていません,必要,20250309_秋田ver,HARG・HARG療法・ハーグ・ハーグ療法・発毛・育毛・薄毛,タトゥー・タトゥー除去・刺青・いれずみ・入れ墨
スカルプ・プラセンタエッセンス→タトゥー除去（刺青除去）,スカルプ・プラセンタエッセンス,タトゥー除去（刺青除去）,別部位,翌日,不可,,括弧内の期間は別部位の場合。同部位の間隔はこのセルに明示されていません,必要,20250309_秋田ver,スカルプ・プラセンタ・プラセンタエッセンス・頭皮ケア・薄毛,タトゥー・タトゥー除去・刺青・いれずみ・入れ墨
コラーゲンピール（マッサージピール）→タトゥー除去（刺青除去）,コラーゲンピール（マッサージピール）,タトゥー除去（刺青除去）,同部位,2週間,同部位は不可／別部位は可,,別部位の場合は同日可,不要,20250309_秋田ver,コラーゲンピール・マッサージピール・PRX・ハリ,タトゥー・タトゥー除去・刺青・いれずみ・入れ墨
サーマクール→タトゥー除去（刺青除去）,サーマクール,タトゥー除去（刺青除去）,同部位,1週間,同部位は不可／別部位は可,,別部位の場合は同日可,不要,20250309_秋田ver,サーマクール・サーマ・たるみ・引き締め・リフトアップ,タトゥー・タトゥー除去・刺青・いれずみ・入れ墨
ミラドライ→タトゥー除去（刺青除去）,ミラドライ,タトゥー除去（刺青除去）,同部位／別部位,同部位：2か月／別部位：翌日以降,同部位は不可／別部位は可,,別部位の場合は同日可,不要,20250309_秋田ver,ミラドライ・ワキガ・腋臭・多汗症・わき汗,タトゥー・タトゥー除去・刺青・いれずみ・入れ墨
医療レーザー脱毛→タトゥー除去（刺青除去）,医療レーザー脱毛,タトゥー除去（刺青除去）,同部位,1回目から2回目：4週間／2回目以降：8週間／男性のひげ：2週間,同部位は不可／別部位は可,,原表の脱毛注記。脱毛の施術回数と部位により間隔が異なります／別部位の場合は同日可,不要,20250309_秋田ver,脱毛・医療脱毛・レーザー脱毛・全身脱毛・顔脱毛・VIO脱毛・ひげ脱毛・メンズ脱毛,タトゥー・タトゥー除去・刺青・いれずみ・入れ墨
タトゥー除去（刺青除去）→タトゥー除去（刺青除去）,タトゥー除去（刺青除去）,タトゥー除去（刺青除去）,同部位,3か月,同部位は不可／別部位は可,,別部位の場合は同日可,不要,20250309_秋田ver,タトゥー・タトゥー除去・刺青・いれずみ・入れ墨,タトゥー・タトゥー除去・刺青・いれずみ・入れ墨
アートメイク→タトゥー除去（刺青除去）,アートメイク,タトゥー除去（刺青除去）,同部位,2週間,同部位は不可／別部位は可,,別部位の場合は同日可,不要,20250309_秋田ver,アートメイク・眉アートメイク・リップアートメイク・タトゥーメイク,タトゥー・タトゥー除去・刺青・いれずみ・入れ墨
ハイドラジェントル→アートメイク,ハイドラジェントル,アートメイク,同部位,同日,可,,,不要,20250309_秋田ver,ハイドラ・ハイドラフェイシャル・ハイドラクレンジング・毛穴洗浄,アートメイク・眉アートメイク・リップアートメイク・タトゥーメイク
ケミカルピーリング→アートメイク,ケミカルピーリング,アートメイク,同部位,同日,可,,,不要,20250309_秋田ver,ピーリング・ケミカルピーリング・サリチル酸ピーリング,アートメイク・眉アートメイク・リップアートメイク・タトゥーメイク
スマートサイドドットレーザー（2回目以降）→アートメイク,スマートサイドドットレーザー（2回目以降）,アートメイク,同部位,同日,可,,,不要,20250309_秋田ver,スマサイ・スマートサイドドット・スマートサイドドットレーザー,アートメイク・眉アートメイク・リップアートメイク・タトゥーメイク
スマートサイドドットレーザー（初回）→アートメイク,スマートサイドドットレーザー（初回）,アートメイク,同部位,同日,可,,,不要,20250309_秋田ver,スマサイ・スマサイ初回・スマートサイドドット・スマートサイドドットレーザー,アートメイク・眉アートメイク・リップアートメイク・タトゥーメイク
イボレーザー（炭酸ガス／CO2レーザー）→アートメイク,イボレーザー（炭酸ガス／CO2レーザー）,アートメイク,同部位,同日,可,,,不要,20250309_秋田ver,CO2・CO2レーザー・炭酸ガスレーザー・イボレーザー・いぼレーザー・イボ取り,アートメイク・眉アートメイク・リップアートメイク・タトゥーメイク
シミ取りレーザー→アートメイク,シミ取りレーザー,アートメイク,リップアートメイクと唇のシミレーザー,前後1か月,条件付き,,通常は同日可。ただしリップアートメイクと唇のシミレーザーは前後1か月空けます,不要,20250309_秋田ver,シミレーザー・シミ取り・シミ取りレーザー・シミ治療,アートメイク・眉アートメイク・リップアートメイク・タトゥーメイク
ADM治療（ピコレーザー）→アートメイク,ADM治療（ピコレーザー）,アートメイク,同部位,同日,可,,,不要,20250309_秋田ver,ADM・ADMレーザー・ピコレーザー・ピコ・あざ治療・太田母斑,アートメイク・眉アートメイク・リップアートメイク・タトゥーメイク
ADM治療（ナノレーザー・メドライトC6）→アートメイク,ADM治療（ナノレーザー・メドライトC6）,アートメイク,同部位,同日,可,,,不要,20250309_秋田ver,ADM・ADMレーザー・ナノレーザー・メドライトC6・C6・あざ治療・太田母斑,アートメイク・眉アートメイク・リップアートメイク・タトゥーメイク
レーザートーニング→アートメイク,レーザートーニング,アートメイク,同部位,同日,可,,,不要,20250309_秋田ver,トーニング・レーザートーニング・メドライトC6・肝斑・くすみ,アートメイク・眉アートメイク・リップアートメイク・タトゥーメイク
ピコトーニング→アートメイク,ピコトーニング,アートメイク,リップアートメイクと唇のピコトーニング,前後1か月,条件付き,,通常は同日可。ただしリップアートメイクと唇のピコトーニングは前後1か月空けます,不要,20250309_秋田ver,ピコトーニング・ピコ・トーニング・肝斑・くすみ,アートメイク・眉アートメイク・リップアートメイク・タトゥーメイク
ピコフラクショナル（1064nm）→アートメイク,ピコフラクショナル（1064nm）,アートメイク,同部位,同日,可,,,不要,20250309_秋田ver,ピコフラクショナル・ピコフラク・1064・フラクショナル・毛穴・肌質改善・ニキビ跡,アートメイク・眉アートメイク・リップアートメイク・タトゥーメイク
そばかすシャワー（532レーザー）→アートメイク,そばかすシャワー（532レーザー）,アートメイク,同部位,同日,可,,,不要,20250309_秋田ver,そばかすシャワー・そばかす・532・そばかす治療,アートメイク・眉アートメイク・リップアートメイク・タトゥーメイク
そばかすスポット照射→アートメイク,そばかすスポット照射,アートメイク,同部位,同日,可,,,不要,20250309_秋田ver,そばかすスポット・そばかす・スポット照射・シミ・そばかす治療,アートメイク・眉アートメイク・リップアートメイク・タトゥーメイク
フォトフェイシャル（光治療）→アートメイク,フォトフェイシャル（光治療）,アートメイク,同部位,同日,可,,,不要,20250309_秋田ver,フォト・フォトフェイシャル・光治療・IPL・ステラM22,アートメイク・眉アートメイク・リップアートメイク・タトゥーメイク
赤み治療（血管腫レーザー）→アートメイク,赤み治療（血管腫レーザー）,アートメイク,同部位,同日,可,,,不要,20250309_秋田ver,赤み治療・血管腫レーザー・赤ら顔・毛細血管拡張,アートメイク・眉アートメイク・リップアートメイク・タトゥーメイク
ボトックス注射（通常）→アートメイク,ボトックス注射（通常）,アートメイク,同部位,2週間,同部位は不可／別部位は可,,別部位の場合は同日可,不要,20250309_秋田ver,ボトックス・ボトックス注射・ボツリヌストキシン・エラボトックス・小顔・シワ,アートメイク・眉アートメイク・リップアートメイク・タトゥーメイク
マイクロボトックス→アートメイク,マイクロボトックス,アートメイク,同部位,2週間,同部位は不可／別部位は可,,別部位の場合は同日可,不要,20250309_秋田ver,マイクロボトックス・ボトックス・マイクロ・毛穴・テカリ,アートメイク・眉アートメイク・リップアートメイク・タトゥーメイク
テノールNEO（テノールネオ）→アートメイク,テノールNEO（テノールネオ）,アートメイク,同部位,同日,可,,,不要,20250309_秋田ver,テノールネオ・テノールNEO・テノール・たるみ・引き締め,アートメイク・眉アートメイク・リップアートメイク・タトゥーメイク
フラルスキン（トレチノイン）→アートメイク,フラルスキン（トレチノイン）,アートメイク,同部位,同日,可,,,不要,20250309_秋田ver,フラルスキン・トレチ・トレチノイン・ハイドロキノン,アートメイク・眉アートメイク・リップアートメイク・タトゥーメイク
部分シミ治療（トレチノイン）→アートメイク,部分シミ治療（トレチノイン）,アートメイク,同部位,同日,可,,,不要,20250309_秋田ver,部分シミ・トレチ・トレチノイン・シミ,アートメイク・眉アートメイク・リップアートメイク・タトゥーメイク
mikoメソッド（首いぼ治療）→アートメイク,mikoメソッド（首いぼ治療）,アートメイク,同部位,同日,可,,,不要,20250309_秋田ver,mikoメソッド・miko・ミコメソッド・首イボ・首いぼ・イボ,アートメイク・眉アートメイク・リップアートメイク・タトゥーメイク
ほくろ切除・ほくろ除去→アートメイク,ほくろ切除・ほくろ除去,アートメイク,同部位,同日,可,,,不要,20250309_秋田ver,ほくろ切除・ほくろ除去・ほくろ・ほくろ取り,アートメイク・眉アートメイク・リップアートメイク・タトゥーメイク
ボライト（スキンブースター）→アートメイク,ボライト（スキンブースター）,アートメイク,同部位,同日,可,,,不要,20250309_秋田ver,ボライト・スキンブースター・ヒアルロン酸・ジュビダーム,アートメイク・眉アートメイク・リップアートメイク・タトゥーメイク
稗粒腫（はいりゅうしゅ）除去→アートメイク,稗粒腫（はいりゅうしゅ）除去,アートメイク,同部位,同日,可,,,不要,20250309_秋田ver,稗粒腫・はいりゅうしゅ・ぶつぶつ・ブツブツ,アートメイク・眉アートメイク・リップアートメイク・タトゥーメイク
ヴェルヴェットスキン→アートメイク,ヴェルヴェットスキン,アートメイク,同部位,2週間,同部位は不可／別部位は可,,別部位の場合は同日可,不要,20250309_秋田ver,ヴェルヴェットスキン・ヴェルヴェット・ベルベットスキン・ダーマペン・コラーゲンピール,アートメイク・眉アートメイク・リップアートメイク・タトゥーメイク
ダーマペン4→アートメイク,ダーマペン4,アートメイク,同部位,2週間,同部位は不可／別部位は可,,別部位の場合は同日可,不要,20250309_秋田ver,ダーマペン・ダーマペン4・毛穴・ニキビ跡,アートメイク・眉アートメイク・リップアートメイク・タトゥーメイク
HARG療法→アートメイク,HARG療法,アートメイク,同部位,同日,可,,,不要,20250309_秋田ver,HARG・HARG療法・ハーグ・ハーグ療法・発毛・育毛・薄毛,アートメイク・眉アートメイク・リップアートメイク・タトゥーメイク
スカルプ・プラセンタエッセンス→アートメイク,スカルプ・プラセンタエッセンス,アートメイク,同部位,同日,可,,,不要,20250309_秋田ver,スカルプ・プラセンタ・プラセンタエッセンス・頭皮ケア・薄毛,アートメイク・眉アートメイク・リップアートメイク・タトゥーメイク
コラーゲンピール（マッサージピール）→アートメイク,コラーゲンピール（マッサージピール）,アートメイク,同部位,同日,可,,,不要,20250309_秋田ver,コラーゲンピール・マッサージピール・PRX・ハリ,アートメイク・眉アートメイク・リップアートメイク・タトゥーメイク
サーマクール→アートメイク,サーマクール,アートメイク,同部位,同日,可,,,不要,20250309_秋田ver,サーマクール・サーマ・たるみ・引き締め・リフトアップ,アートメイク・眉アートメイク・リップアートメイク・タトゥーメイク
ミラドライ→アートメイク,ミラドライ,アートメイク,同部位,同日,可,,,不要,20250309_秋田ver,ミラドライ・ワキガ・腋臭・多汗症・わき汗,アートメイク・眉アートメイク・リップアートメイク・タトゥーメイク
医療レーザー脱毛→アートメイク,医療レーザー脱毛,アートメイク,同部位,同日,可,,,不要,20250309_秋田ver,脱毛・医療脱毛・レーザー脱毛・全身脱毛・顔脱毛・VIO脱毛・ひげ脱毛・メンズ脱毛,アートメイク・眉アートメイク・リップアートメイク・タトゥーメイク
タトゥー除去（刺青除去）→アートメイク,タトゥー除去（刺青除去）,アートメイク,同部位,同日,可,,,不要,20250309_秋田ver,タトゥー・タトゥー除去・刺青・いれずみ・入れ墨,アートメイク・眉アートメイク・リップアートメイク・タトゥーメイク
アートメイク→アートメイク,アートメイク,アートメイク,同部位,4週間,同部位は不可／別部位は可,,別部位の場合は同日可,不要,20250309_秋田ver,アートメイク・眉アートメイク・リップアートメイク・タトゥーメイク,アートメイク・眉アートメイク・リップアートメイク・タトゥーメイク
