先メニュー,後メニュー,間隔_raw,question,answer,keywords
ハイドラジェントル,ハイドラジェントル,2～4週間,ハイドラジェントルとハイドラジェントルの間隔／ハイドラジェントルとハイドラジェントルの間隔は何週間ですか？／ハイドラジェントルの後にハイドラジェントルはどのくらい空けますか？／ハイドラジェントルとハイドラジェントルはどのくらい間隔をあけますか？／ハイドラジェントルしてからハイドラジェントルまではどのくらい期間をあけたらいいですか？／ハイドラジェントルの後にハイドラジェントルはいつ受けられますか？／ハイドラジェントルとハイドラジェントルは同日にできますか？,ハイドラジェントルを続けて（同じ部位に）受ける場合は2～4週間あけてください。施術内容やお肌の状態によって前後することがあります。また回答の施術間隔は当院で治療をした方の目安であり、他院で治療をされている場合は直接お電話にてお問い合わせくださいませ。,"ハイドラジェントル,ハイドラ,間隔,空ける,あける,期間,どのくらい,どれくらい,何週間,何日あける,同日,してから,次の施術"
ハイドラジェントル,ケミカルピーリング,同日可▲,ハイドラジェントルとケミカルピーリングの間隔／ハイドラジェントルとケミカルピーリングの間隔は何週間ですか？／ハイドラジェントルの後にケミカルピーリングはどのくらい空けますか？／ハイドラジェントルとケミカルピーリングはどのくらい間隔をあけますか？／ハイドラジェントルしてからケミカルピーリングまではどのくらい期間をあけたらいいですか？／ハイドラジェントルの後にケミカルピーリングはいつ受けられますか？／ハイドラジェントルとケミカルピーリングは同日にできますか？,ハイドラジェントルとケミカルピーリングは同日に受けられます。施術内容やお肌の状態によって前後することがあります。また回答の施術間隔は当院で治療をした方の目安であり、他院で治療をされている場合は直接お電話にてお問い合わせくださいませ。,"ハイドラジェントル,ケミカルピーリング,ハイドラ,ピーリング,間隔,空ける,あける,期間,どのくらい,どれくらい,何週間,何日あける,同日,してから,次の施術"
ハイドラジェントル,スマートサイドドット（2回目以降）,同日可▲,ハイドラジェントルとスマートサイドドット（2回目以降）の間隔／ハイドラジェントルとスマートサイドドット（2回目以降）の間隔は何週間ですか？／ハイドラジェントルの後にスマートサイドドット（2回目以降）はどのくらい空けますか？／ハイドラジェントルとスマートサイドドット（2回目以降）はどのくらい間隔をあけますか？／ハイドラジェントルしてからスマートサイドドット（2回目以降）まではどのくらい期間をあけたらいいですか？／ハイドラジェントルの後にスマートサイドドット（2回目以降）はいつ受けられますか？／ハイドラジェントルとスマートサイドドット（2回目以降）は同日にできますか？,ハイドラジェントルとスマートサイドドット（2回目以降）は同日に受けられます。施術内容やお肌の状態によって前後することがあります。また回答の施術間隔は当院で治療をした方の目安であり、他院で治療をされている場合は直接お電話にてお問い合わせくださいませ。,"ハイドラジェントル,スマートサイドドット（2回目以降）,ハイドラ,スマサイ,スマートサイドドット,間隔,空ける,あける,期間,どのくらい,どれくらい,何週間,何日あける,同日,してから,次の施術"
ハイドラジェントル,スマートサイドドット（初回）,同日可▲,ハイドラジェントルとスマートサイドドット（初回）の間隔／ハイドラジェントルとスマートサイドドット（初回）の間隔は何週間ですか？／ハイドラジェントルの後にスマートサイドドット（初回）はどのくらい空けますか？／ハイドラジェントルとスマートサイドドット（初回）はどのくらい間隔をあけますか？／ハイドラジェントルしてからスマートサイドドット（初回）まではどのくらい期間をあけたらいいですか？／ハイドラジェントルの後にスマートサイドドット（初回）はいつ受けられますか？／ハイドラジェントルとスマートサイドドット（初回）は同日にできますか？,ハイドラジェントルとスマートサイドドット（初回）は同日に受けられます。施術内容やお肌の状態によって前後することがあります。また回答の施術間隔は当院で治療をした方の目安であり、他院で治療をされている場合は直接お電話にてお問い合わせくださいませ。,"ハイドラジェントル,スマートサイドドット（初回）,ハイドラ,スマサイ,スマートサイドドット,間隔,空ける,あける,期間,どのくらい,どれくらい,何週間,何日あける,同日,してから,次の施術"
ハイドラジェントル,イボレーザー/CO2レーザー,同日可,ハイドラジェントルとイボレーザー/CO2レーザーの間隔／ハイドラジェントルとイボレーザー/CO2レーザーの間隔は何週間ですか？／ハイドラジェントルの後にイボレーザー/CO2レーザーはどのくらい空けますか？／ハイドラジェントルとイボレーザー/CO2レーザーはどのくらい間隔をあけますか？／ハイドラジェントルしてからイボレーザー/CO2レーザーまではどのくらい期間をあけたらいいですか？／ハイドラジェントルの後にイボレーザー/CO2レーザーはいつ受けられますか？／ハイドラジェントルとイボレーザー/CO2レーザーは同日にできますか？,ハイドラジェントルとイボレーザー/CO2レーザーは同日に受けられます。施術内容やお肌の状態によって前後することがあります。また回答の施術間隔は当院で治療をした方の目安であり、他院で治療をされている場合は直接お電話にてお問い合わせくださいませ。,"ハイドラジェントル,イボレーザー/CO2レーザー,ハイドラ,炭酸ガスレーザー,CO2レーザー,イボ取り,いぼレーザー,間隔,空ける,あける,期間,どのくらい,どれくらい,何週間,何日あける,同日,してから,次の施術"
ハイドラジェントル,シミ取りレーザー,同日可,ハイドラジェントルとシミ取りレーザーの間隔／ハイドラジェントルとシミ取りレーザーの間隔は何週間ですか？／ハイドラジェントルの後にシミ取りレーザーはどのくらい空けますか？／ハイドラジェントルとシミ取りレーザーはどのくらい間隔をあけますか？／ハイドラジェントルしてからシミ取りレーザーまではどのくらい期間をあけたらいいですか？／ハイドラジェントルの後にシミ取りレーザーはいつ受けられますか？／ハイドラジェントルとシミ取りレーザーは同日にできますか？,ハイドラジェントルとシミ取りレーザーは同日に受けられます。施術内容やお肌の状態によって前後することがあります。また回答の施術間隔は当院で治療をした方の目安であり、他院で治療をされている場合は直接お電話にてお問い合わせくださいませ。,"ハイドラジェントル,シミ取りレーザー,ハイドラ,シミレーザー,シミ取り,間隔,空ける,あける,期間,どのくらい,どれくらい,何週間,何日あける,同日,してから,次の施術"
ハイドラジェントル,ADM/ピコレーザ,同日可,ハイドラジェントルとADM/ピコレーザの間隔／ハイドラジェントルとADM/ピコレーザの間隔は何週間ですか？／ハイドラジェントルの後にADM/ピコレーザはどのくらい空けますか？／ハイドラジェントルとADM/ピコレーザはどのくらい間隔をあけますか？／ハイドラジェントルしてからADM/ピコレーザまではどのくらい期間をあけたらいいですか？／ハイドラジェントルの後にADM/ピコレーザはいつ受けられますか？／ハイドラジェントルとADM/ピコレーザは同日にできますか？,ハイドラジェントルとADM/ピコレーザは同日に受けられます。施術内容やお肌の状態によって前後することがあります。また回答の施術間隔は当院で治療をした方の目安であり、他院で治療をされている場合は直接お電話にてお問い合わせくださいませ。,"ハイドラジェントル,ADM/ピコレーザ,ハイドラ,ADMレーザー,ピコレーザー,ADM,間隔,空ける,あける,期間,どのくらい,どれくらい,何週間,何日あける,同日,してから,次の施術"
ハイドラジェントル,ADM/ナノレーザー,同日可,ハイドラジェントルとADM/ナノレーザーの間隔／ハイドラジェントルとADM/ナノレーザーの間隔は何週間ですか？／ハイドラジェントルの後にADM/ナノレーザーはどのくらい空けますか？／ハイドラジェントルとADM/ナノレーザーはどのくらい間隔をあけますか？／ハイドラジェントルしてからADM/ナノレーザーまではどのくらい期間をあけたらいいですか？／ハイドラジェントルの後にADM/ナノレーザーはいつ受けられますか？／ハイドラジェントルとADM/ナノレーザーは同日にできますか？,ハイドラジェントルとADM/ナノレーザーは同日に受けられます。施術内容やお肌の状態によって前後することがあります。また回答の施術間隔は当院で治療をした方の目安であり、他院で治療をされている場合は直接お電話にてお問い合わせくださいませ。,"ハイドラジェントル,ADM/ナノレーザー,ハイドラ,ADMレーザー,ナノレーザー,ADM,間隔,空ける,あける,期間,どのくらい,どれくらい,何週間,何日あける,同日,してから,次の施術"
ハイドラジェントル,レーザートーニング,同日可▲,ハイドラジェントルとレーザートーニングの間隔／ハイドラジェントルとレーザートーニングの間隔は何週間ですか？／ハイドラジェントルの後にレーザートーニングはどのくらい空けますか？／ハイドラジェントルとレーザートーニングはどのくらい間隔をあけますか？／ハイドラジェントルしてからレーザートーニングまではどのくらい期間をあけたらいいですか？／ハイドラジェントルの後にレーザートーニングはいつ受けられますか？／ハイドラジェントルとレーザートーニングは同日にできますか？,ハイドラジェントルとレーザートーニングは同日に受けられます。施術内容やお肌の状態によって前後することがあります。また回答の施術間隔は当院で治療をした方の目安であり、他院で治療をされている場合は直接お電話にてお問い合わせくださいませ。,"ハイドラジェントル,レーザートーニング,ハイドラ,トーニング,間隔,空ける,あける,期間,どのくらい,どれくらい,何週間,何日あける,同日,してから,次の施術"
ハイドラジェントル,ピコトーニング,同日可▲,ハイドラジェントルとピコトーニングの間隔／ハイドラジェントルとピコトーニングの間隔は何週間ですか？／ハイドラジェントルの後にピコトーニングはどのくらい空けますか？／ハイドラジェントルとピコトーニングはどのくらい間隔をあけますか？／ハイドラジェントルしてからピコトーニングまではどのくらい期間をあけたらいいですか？／ハイドラジェントルの後にピコトーニングはいつ受けられますか？／ハイドラジェントルとピコトーニングは同日にできますか？,ハイドラジェントルとピコトーニングは同日に受けられます。施術内容やお肌の状態によって前後することがあります。また回答の施術間隔は当院で治療をした方の目安であり、他院で治療をされている場合は直接お電話にてお問い合わせくださいませ。,"ハイドラジェントル,ピコトーニング,ハイドラ,トーニング,ピコ,間隔,空ける,あける,期間,どのくらい,どれくらい,何週間,何日あける,同日,してから,次の施術"
ハイドラジェントル,ピコフラクショナル,同日可▲,ハイドラジェントルとピコフラクショナルの間隔／ハイドラジェントルとピコフラクショナルの間隔は何週間ですか？／ハイドラジェントルの後にピコフラクショナルはどのくらい空けますか？／ハイドラジェントルとピコフラクショナルはどのくらい間隔をあけますか？／ハイドラジェントルしてからピコフラクショナルまではどのくらい期間をあけたらいいですか？／ハイドラジェントルの後にピコフラクショナルはいつ受けられますか？／ハイドラジェントルとピコフラクショナルは同日にできますか？,ハイドラジェントルとピコフラクショナルは同日に受けられます。施術内容やお肌の状態によって前後することがあります。また回答の施術間隔は当院で治療をした方の目安であり、他院で治療をされている場合は直接お電話にてお問い合わせくださいませ。,"ハイドラジェントル,ピコフラクショナル,ハイドラ,フラクショナル,間隔,空ける,あける,期間,どのくらい,どれくらい,何週間,何日あける,同日,してから,次の施術"
ハイドラジェントル,そばかすシャワー,同日可▲,ハイドラジェントルとそばかすシャワーの間隔／ハイドラジェントルとそばかすシャワーの間隔は何週間ですか？／ハイドラジェントルの後にそばかすシャワーはどのくらい空けますか？／ハイドラジェントルとそばかすシャワーはどのくらい間隔をあけますか？／ハイドラジェントルしてからそばかすシャワーまではどのくらい期間をあけたらいいですか？／ハイドラジェントルの後にそばかすシャワーはいつ受けられますか？／ハイドラジェントルとそばかすシャワーは同日にできますか？,ハイドラジェントルとそばかすシャワーは同日に受けられます。施術内容やお肌の状態によって前後することがあります。また回答の施術間隔は当院で治療をした方の目安であり、他院で治療をされている場合は直接お電話にてお問い合わせくださいませ。,"ハイドラジェントル,そばかすシャワー,ハイドラ,そばかす,間隔,空ける,あける,期間,どのくらい,どれくらい,何週間,何日あける,同日,してから,次の施術"
ハイドラジェントル,そばかすスポット,同日可▲,ハイドラジェントルとそばかすスポットの間隔／ハイドラジェントルとそばかすスポットの間隔は何週間ですか？／ハイドラジェントルの後にそばかすスポットはどのくらい空けますか？／ハイドラジェントルとそばかすスポットはどのくらい間隔をあけますか？／ハイドラジェントルしてからそばかすスポットまではどのくらい期間をあけたらいいですか？／ハイドラジェントルの後にそばかすスポットはいつ受けられますか？／ハイドラジェントルとそばかすスポットは同日にできますか？,ハイドラジェントルとそばかすスポットは同日に受けられます。施術内容やお肌の状態によって前後することがあります。また回答の施術間隔は当院で治療をした方の目安であり、他院で治療をされている場合は直接お電話にてお問い合わせくださいませ。,"ハイドラジェントル,そばかすスポット,ハイドラ,そばかす,間隔,空ける,あける,期間,どのくらい,どれくらい,何週間,何日あける,同日,してから,次の施術"
ハイドラジェントル,フォト/光治療,同日可▲,ハイドラジェントルとフォト/光治療の間隔／ハイドラジェントルとフォト/光治療の間隔は何週間ですか？／ハイドラジェントルの後にフォト/光治療はどのくらい空けますか？／ハイドラジェントルとフォト/光治療はどのくらい間隔をあけますか？／ハイドラジェントルしてからフォト/光治療まではどのくらい期間をあけたらいいですか？／ハイドラジェントルの後にフォト/光治療はいつ受けられますか？／ハイドラジェントルとフォト/光治療は同日にできますか？,ハイドラジェントルとフォト/光治療は同日に受けられます。施術内容やお肌の状態によって前後することがあります。また回答の施術間隔は当院で治療をした方の目安であり、他院で治療をされている場合は直接お電話にてお問い合わせくださいませ。,"ハイドラジェントル,フォト/光治療,ハイドラ,フォトフェイシャル,フォト,光治療,IPL,間隔,空ける,あける,期間,どのくらい,どれくらい,何週間,何日あける,同日,してから,次の施術"
ハイドラジェントル,赤み治療,同日可▲,ハイドラジェントルと赤み治療の間隔／ハイドラジェントルと赤み治療の間隔は何週間ですか？／ハイドラジェントルの後に赤み治療はどのくらい空けますか？／ハイドラジェントルと赤み治療はどのくらい間隔をあけますか？／ハイドラジェントルしてから赤み治療まではどのくらい期間をあけたらいいですか？／ハイドラジェントルの後に赤み治療はいつ受けられますか？／ハイドラジェントルと赤み治療は同日にできますか？,ハイドラジェントルと赤み治療は同日に受けられます。施術内容やお肌の状態によって前後することがあります。また回答の施術間隔は当院で治療をした方の目安であり、他院で治療をされている場合は直接お電話にてお問い合わせくださいませ。,"ハイドラジェントル,赤み治療,ハイドラ,血管腫レーザー,赤ら顔,間隔,空ける,あける,期間,どのくらい,どれくらい,何週間,何日あける,同日,してから,次の施術"
ハイドラジェントル,ボトックス,同日可,ハイドラジェントルとボトックスの間隔／ハイドラジェントルとボトックスの間隔は何週間ですか？／ハイドラジェントルの後にボトックスはどのくらい空けますか？／ハイドラジェントルとボトックスはどのくらい間隔をあけますか？／ハイドラジェントルしてからボトックスまではどのくらい期間をあけたらいいですか？／ハイドラジェントルの後にボトックスはいつ受けられますか？／ハイドラジェントルとボトックスは同日にできますか？,ハイドラジェントルとボトックスは同日に受けられます。施術内容やお肌の状態によって前後することがあります。また回答の施術間隔は当院で治療をした方の目安であり、他院で治療をされている場合は直接お電話にてお問い合わせくださいませ。,"ハイドラジェントル,ボトックス,ハイドラ,ボトックス注射,間隔,空ける,あける,期間,どのくらい,どれくらい,何週間,何日あける,同日,してから,次の施術"
ハイドラジェントル,ボトックス（マイクロ）,同日可,ハイドラジェントルとボトックス（マイクロ）の間隔／ハイドラジェントルとボトックス（マイクロ）の間隔は何週間ですか？／ハイドラジェントルの後にボトックス（マイクロ）はどのくらい空けますか？／ハイドラジェントルとボトックス（マイクロ）はどのくらい間隔をあけますか？／ハイドラジェントルしてからボトックス（マイクロ）まではどのくらい期間をあけたらいいですか？／ハイドラジェントルの後にボトックス（マイクロ）はいつ受けられますか？／ハイドラジェントルとボトックス（マイクロ）は同日にできますか？,ハイドラジェントルとボトックス（マイクロ）は同日に受けられます。施術内容やお肌の状態によって前後することがあります。また回答の施術間隔は当院で治療をした方の目安であり、他院で治療をされている場合は直接お電話にてお問い合わせくださいませ。,"ハイドラジェントル,ボトックス（マイクロ）,ハイドラ,マイクロボトックス,間隔,空ける,あける,期間,どのくらい,どれくらい,何週間,何日あける,同日,してから,次の施術"
ハイドラジェントル,フラルスキン部分シミ,翌日,ハイドラジェントルとフラルスキン部分シミの間隔／ハイドラジェントルとフラルスキン部分シミの間隔は何週間ですか？／ハイドラジェントルの後にフラルスキン部分シミはどのくらい空けますか？／ハイドラジェントルとフラルスキン部分シミはどのくらい間隔をあけますか？／ハイドラジェントルしてからフラルスキン部分シミまではどのくらい期間をあけたらいいですか？／ハイドラジェントルの後にフラルスキン部分シミはいつ受けられますか？／ハイドラジェントルとフラルスキン部分シミは同日にできますか？,ハイドラジェントルの後にフラルスキン部分シミは翌日以降であれば受けられます。施術内容やお肌の状態によって前後することがあります。また回答の施術間隔は当院で治療をした方の目安であり、他院で治療をされている場合は直接お電話にてお問い合わせくださいませ。,"ハイドラジェントル,フラルスキン部分シミ,ハイドラ,間隔,空ける,あける,期間,どのくらい,どれくらい,何週間,何日あける,同日,してから,次の施術"
ハイドラジェントル,テノールネオ,同日可▲,ハイドラジェントルとテノールネオの間隔／ハイドラジェントルとテノールネオの間隔は何週間ですか？／ハイドラジェントルの後にテノールネオはどのくらい空けますか？／ハイドラジェントルとテノールネオはどのくらい間隔をあけますか？／ハイドラジェントルしてからテノールネオまではどのくらい期間をあけたらいいですか？／ハイドラジェントルの後にテノールネオはいつ受けられますか？／ハイドラジェントルとテノールネオは同日にできますか？,ハイドラジェントルとテノールネオは同日に受けられます。施術内容やお肌の状態によって前後することがあります。また回答の施術間隔は当院で治療をした方の目安であり、他院で治療をされている場合は直接お電話にてお問い合わせくださいませ。,"ハイドラジェントル,テノールネオ,ハイドラ,テノールNEO,テノール,間隔,空ける,あける,期間,どのくらい,どれくらい,何週間,何日あける,同日,してから,次の施術"
ハイドラジェントル,ほくろ切除/ほくろ除去,同日可,ハイドラジェントルとほくろ切除/ほくろ除去の間隔／ハイドラジェントルとほくろ切除/ほくろ除去の間隔は何週間ですか？／ハイドラジェントルの後にほくろ切除/ほくろ除去はどのくらい空けますか？／ハイドラジェントルとほくろ切除/ほくろ除去はどのくらい間隔をあけますか？／ハイドラジェントルしてからほくろ切除/ほくろ除去まではどのくらい期間をあけたらいいですか？／ハイドラジェントルの後にほくろ切除/ほくろ除去はいつ受けられますか？／ハイドラジェントルとほくろ切除/ほくろ除去は同日にできますか？,ハイドラジェントルとほくろ切除/ほくろ除去は同日に受けられます。施術内容やお肌の状態によって前後することがあります。また回答の施術間隔は当院で治療をした方の目安であり、他院で治療をされている場合は直接お電話にてお問い合わせくださいませ。,"ハイドラジェントル,ほくろ切除/ほくろ除去,ハイドラ,ほくろ除去,ほくろ,間隔,空ける,あける,期間,どのくらい,どれくらい,何週間,何日あける,同日,してから,次の施術"
ハイドラジェントル,ボライト,同日可,ハイドラジェントルとボライトの間隔／ハイドラジェントルとボライトの間隔は何週間ですか？／ハイドラジェントルの後にボライトはどのくらい空けますか？／ハイドラジェントルとボライトはどのくらい間隔をあけますか？／ハイドラジェントルしてからボライトまではどのくらい期間をあけたらいいですか？／ハイドラジェントルの後にボライトはいつ受けられますか？／ハイドラジェントルとボライトは同日にできますか？,ハイドラジェントルとボライトは同日に受けられます。施術内容やお肌の状態によって前後することがあります。また回答の施術間隔は当院で治療をした方の目安であり、他院で治療をされている場合は直接お電話にてお問い合わせくださいませ。,"ハイドラジェントル,ボライト,ハイドラ,間隔,空ける,あける,期間,どのくらい,どれくらい,何週間,何日あける,同日,してから,次の施術"
ハイドラジェントル,稗粒腫,同日可,ハイドラジェントルと稗粒腫の間隔／ハイドラジェントルと稗粒腫の間隔は何週間ですか？／ハイドラジェントルの後に稗粒腫はどのくらい空けますか？／ハイドラジェントルと稗粒腫はどのくらい間隔をあけますか？／ハイドラジェントルしてから稗粒腫まではどのくらい期間をあけたらいいですか？／ハイドラジェントルの後に稗粒腫はいつ受けられますか？／ハイドラジェントルと稗粒腫は同日にできますか？,ハイドラジェントルと稗粒腫は同日に受けられます。施術内容やお肌の状態によって前後することがあります。また回答の施術間隔は当院で治療をした方の目安であり、他院で治療をされている場合は直接お電話にてお問い合わせくださいませ。,"ハイドラジェントル,稗粒腫,ハイドラ,間隔,空ける,あける,期間,どのくらい,どれくらい,何週間,何日あける,同日,してから,次の施術"
ハイドラジェントル,ヴェルヴェットスキン,2週間,ハイドラジェントルとヴェルヴェットスキンの間隔／ハイドラジェントルとヴェルヴェットスキンの間隔は何週間ですか？／ハイドラジェントルの後にヴェルヴェットスキンはどのくらい空けますか？／ハイドラジェントルとヴェルヴェットスキンはどのくらい間隔をあけますか？／ハイドラジェントルしてからヴェルヴェットスキンまではどのくらい期間をあけたらいいですか？／ハイドラジェントルの後にヴェルヴェットスキンはいつ受けられますか？／ハイドラジェントルとヴェルヴェットスキンは同日にできますか？,ハイドラジェントルとヴェルヴェットスキンは、別の部位であれば原則として同日に受けられます。同じ部位にヴェルヴェットスキンを受ける場合は2週間あけてください。施術内容やお肌の状態によって前後することがあります。また回答の施術間隔は当院で治療をした方の目安であり、他院で治療をされている場合は直接お電話にてお問い合わせくださいませ。,"ハイドラジェントル,ヴェルヴェットスキン,ハイドラ,ヴェルヴェット,ベルベットスキン,間隔,空ける,あける,期間,どのくらい,どれくらい,何週間,何日あける,同日,してから,次の施術"
ハイドラジェントル,ダーマペン,同日可▲,ハイドラジェントルとダーマペンの間隔／ハイドラジェントルとダーマペンの間隔は何週間ですか？／ハイドラジェントルの後にダーマペンはどのくらい空けますか？／ハイドラジェントルとダーマペンはどのくらい間隔をあけますか？／ハイドラジェントルしてからダーマペンまではどのくらい期間をあけたらいいですか？／ハイドラジェントルの後にダーマペンはいつ受けられますか？／ハイドラジェントルとダーマペンは同日にできますか？,ハイドラジェントルとダーマペンは同日に受けられます。施術内容やお肌の状態によって前後することがあります。また回答の施術間隔は当院で治療をした方の目安であり、他院で治療をされている場合は直接お電話にてお問い合わせくださいませ。,"ハイドラジェントル,ダーマペン,ハイドラ,ダーマペン4,間隔,空ける,あける,期間,どのくらい,どれくらい,何週間,何日あける,同日,してから,次の施術"
ハイドラジェントル,コラーゲンピール,同日可▲,ハイドラジェントルとコラーゲンピールの間隔／ハイドラジェントルとコラーゲンピールの間隔は何週間ですか？／ハイドラジェントルの後にコラーゲンピールはどのくらい空けますか？／ハイドラジェントルとコラーゲンピールはどのくらい間隔をあけますか？／ハイドラジェントルしてからコラーゲンピールまではどのくらい期間をあけたらいいですか？／ハイドラジェントルの後にコラーゲンピールはいつ受けられますか？／ハイドラジェントルとコラーゲンピールは同日にできますか？,ハイドラジェントルとコラーゲンピールは同日に受けられます。施術内容やお肌の状態によって前後することがあります。また回答の施術間隔は当院で治療をした方の目安であり、他院で治療をされている場合は直接お電話にてお問い合わせくださいませ。,"ハイドラジェントル,コラーゲンピール,ハイドラ,マッサージピール,間隔,空ける,あける,期間,どのくらい,どれくらい,何週間,何日あける,同日,してから,次の施術"
ハイドラジェントル,サーマクール,翌日,ハイドラジェントルとサーマクールの間隔／ハイドラジェントルとサーマクールの間隔は何週間ですか？／ハイドラジェントルの後にサーマクールはどのくらい空けますか？／ハイドラジェントルとサーマクールはどのくらい間隔をあけますか？／ハイドラジェントルしてからサーマクールまではどのくらい期間をあけたらいいですか？／ハイドラジェントルの後にサーマクールはいつ受けられますか？／ハイドラジェントルとサーマクールは同日にできますか？,ハイドラジェントルの後にサーマクールは翌日以降であれば受けられます。施術内容やお肌の状態によって前後することがあります。また回答の施術間隔は当院で治療をした方の目安であり、他院で治療をされている場合は直接お電話にてお問い合わせくださいませ。,"ハイドラジェントル,サーマクール,ハイドラ,サーマ,間隔,空ける,あける,期間,どのくらい,どれくらい,何週間,何日あける,同日,してから,次の施術"
ハイドラジェントル,脱毛,翌日,ハイドラジェントルと脱毛の間隔／ハイドラジェントルと脱毛の間隔は何週間ですか？／ハイドラジェントルの後に脱毛はどのくらい空けますか？／ハイドラジェントルと脱毛はどのくらい間隔をあけますか？／ハイドラジェントルしてから脱毛まではどのくらい期間をあけたらいいですか？／ハイドラジェントルの後に脱毛はいつ受けられますか？／ハイドラジェントルと脱毛は同日にできますか？,ハイドラジェントルの後に脱毛は翌日以降であれば受けられます。施術内容やお肌の状態によって前後することがあります。また回答の施術間隔は当院で治療をした方の目安であり、他院で治療をされている場合は直接お電話にてお問い合わせくださいませ。,"ハイドラジェントル,脱毛,ハイドラ,医療脱毛,顔脱毛,全身脱毛,VIO脱毛,ひげ脱毛,レーザー脱毛,間隔,空ける,あける,期間,どのくらい,どれくらい,何週間,何日あける,同日,してから,次の施術"
ハイドラジェントル,タトゥー,翌日,ハイドラジェントルとタトゥーの間隔／ハイドラジェントルとタトゥーの間隔は何週間ですか？／ハイドラジェントルの後にタトゥーはどのくらい空けますか？／ハイドラジェントルとタトゥーはどのくらい間隔をあけますか？／ハイドラジェントルしてからタトゥーまではどのくらい期間をあけたらいいですか？／ハイドラジェントルの後にタトゥーはいつ受けられますか？／ハイドラジェントルとタトゥーは同日にできますか？,ハイドラジェントルの後にタトゥーは翌日以降であれば受けられます。施術内容やお肌の状態によって前後することがあります。また回答の施術間隔は当院で治療をした方の目安であり、他院で治療をされている場合は直接お電話にてお問い合わせくださいませ。,"ハイドラジェントル,タトゥー,ハイドラ,刺青,タトゥー除去,間隔,空ける,あける,期間,どのくらい,どれくらい,何週間,何日あける,同日,してから,次の施術"
ハイドラジェントル,アートメイク,同日可,ハイドラジェントルとアートメイクの間隔／ハイドラジェントルとアートメイクの間隔は何週間ですか？／ハイドラジェントルの後にアートメイクはどのくらい空けますか？／ハイドラジェントルとアートメイクはどのくらい間隔をあけますか？／ハイドラジェントルしてからアートメイクまではどのくらい期間をあけたらいいですか？／ハイドラジェントルの後にアートメイクはいつ受けられますか？／ハイドラジェントルとアートメイクは同日にできますか？,ハイドラジェントルとアートメイクは同日に受けられます。施術内容やお肌の状態によって前後することがあります。また回答の施術間隔は当院で治療をした方の目安であり、他院で治療をされている場合は直接お電話にてお問い合わせくださいませ。,"ハイドラジェントル,アートメイク,ハイドラ,間隔,空ける,あける,期間,どのくらい,どれくらい,何週間,何日あける,同日,してから,次の施術"
ケミカルピーリング,ハイドラジェントル,2週間,ケミカルピーリングとハイドラジェントルの間隔／ケミカルピーリングとハイドラジェントルの間隔は何週間ですか？／ケミカルピーリングの後にハイドラジェントルはどのくらい空けますか？／ケミカルピーリングとハイドラジェントルはどのくらい間隔をあけますか？／ケミカルピーリングしてからハイドラジェントルまではどのくらい期間をあけたらいいですか？／ケミカルピーリングの後にハイドラジェントルはいつ受けられますか？／ケミカルピーリングとハイドラジェントルは同日にできますか？,ケミカルピーリングとハイドラジェントルは、別の部位であれば原則として同日に受けられます。同じ部位にハイドラジェントルを受ける場合は2週間あけてください。施術内容やお肌の状態によって前後することがあります。また回答の施術間隔は当院で治療をした方の目安であり、他院で治療をされている場合は直接お電話にてお問い合わせくださいませ。,"ケミカルピーリング,ハイドラジェントル,ピーリング,ハイドラ,間隔,空ける,あける,期間,どのくらい,どれくらい,何週間,何日あける,同日,してから,次の施術"
ケミカルピーリング,ケミカルピーリング,※2～4週間,ケミカルピーリングとケミカルピーリングの間隔／ケミカルピーリングとケミカルピーリングの間隔は何週間ですか？／ケミカルピーリングの後にケミカルピーリングはどのくらい空けますか？／ケミカルピーリングとケミカルピーリングはどのくらい間隔をあけますか？／ケミカルピーリングしてからケミカルピーリングまではどのくらい期間をあけたらいいですか？／ケミカルピーリングの後にケミカルピーリングはいつ受けられますか？／ケミカルピーリングとケミカルピーリングは同日にできますか？,ケミカルピーリングを続けて（同じ部位に）受ける場合は2～4週間あけてください。施術内容やお肌の状態によって前後することがあります。また回答の施術間隔は当院で治療をした方の目安であり、他院で治療をされている場合は直接お電話にてお問い合わせくださいませ。,"ケミカルピーリング,ピーリング,間隔,空ける,あける,期間,どのくらい,どれくらい,何週間,何日あける,同日,してから,次の施術"
ケミカルピーリング,スマートサイドドット（2回目以降）,2週間,ケミカルピーリングとスマートサイドドット（2回目以降）の間隔／ケミカルピーリングとスマートサイドドット（2回目以降）の間隔は何週間ですか？／ケミカルピーリングの後にスマートサイドドット（2回目以降）はどのくらい空けますか？／ケミカルピーリングとスマートサイドドット（2回目以降）はどのくらい間隔をあけますか？／ケミカルピーリングしてからスマートサイドドット（2回目以降）まではどのくらい期間をあけたらいいですか？／ケミカルピーリングの後にスマートサイドドット（2回目以降）はいつ受けられますか？／ケミカルピーリングとスマートサイドドット（2回目以降）は同日にできますか？,ケミカルピーリングとスマートサイドドット（2回目以降）は、別の部位であれば原則として同日に受けられます。同じ部位にスマートサイドドット（2回目以降）を受ける場合は2週間あけてください。施術内容やお肌の状態によって前後することがあります。また回答の施術間隔は当院で治療をした方の目安であり、他院で治療をされている場合は直接お電話にてお問い合わせくださいませ。,"ケミカルピーリング,スマートサイドドット（2回目以降）,ピーリング,スマサイ,スマートサイドドット,間隔,空ける,あける,期間,どのくらい,どれくらい,何週間,何日あける,同日,してから,次の施術"
ケミカルピーリング,スマートサイドドット（初回）,2週間,ケミカルピーリングとスマートサイドドット（初回）の間隔／ケミカルピーリングとスマートサイドドット（初回）の間隔は何週間ですか？／ケミカルピーリングの後にスマートサイドドット（初回）はどのくらい空けますか？／ケミカルピーリングとスマートサイドドット（初回）はどのくらい間隔をあけますか？／ケミカルピーリングしてからスマートサイドドット（初回）まではどのくらい期間をあけたらいいですか？／ケミカルピーリングの後にスマートサイドドット（初回）はいつ受けられますか？／ケミカルピーリングとスマートサイドドット（初回）は同日にできますか？,ケミカルピーリングとスマートサイドドット（初回）は、別の部位であれば原則として同日に受けられます。同じ部位にスマートサイドドット（初回）を受ける場合は2週間あけてください。施術内容やお肌の状態によって前後することがあります。また回答の施術間隔は当院で治療をした方の目安であり、他院で治療をされている場合は直接お電話にてお問い合わせくださいませ。,"ケミカルピーリング,スマートサイドドット（初回）,ピーリング,スマサイ,スマートサイドドット,間隔,空ける,あける,期間,どのくらい,どれくらい,何週間,何日あける,同日,してから,次の施術"
ケミカルピーリング,イボレーザー/CO2レーザー,2週間,ケミカルピーリングとイボレーザー/CO2レーザーの間隔／ケミカルピーリングとイボレーザー/CO2レーザーの間隔は何週間ですか？／ケミカルピーリングの後にイボレーザー/CO2レーザーはどのくらい空けますか？／ケミカルピーリングとイボレーザー/CO2レーザーはどのくらい間隔をあけますか？／ケミカルピーリングしてからイボレーザー/CO2レーザーまではどのくらい期間をあけたらいいですか？／ケミカルピーリングの後にイボレーザー/CO2レーザーはいつ受けられますか？／ケミカルピーリングとイボレーザー/CO2レーザーは同日にできますか？,ケミカルピーリングとイボレーザー/CO2レーザーは、別の部位であれば原則として同日に受けられます。同じ部位にイボレーザー/CO2レーザーを受ける場合は2週間あけてください。施術内容やお肌の状態によって前後することがあります。また回答の施術間隔は当院で治療をした方の目安であり、他院で治療をされている場合は直接お電話にてお問い合わせくださいませ。,"ケミカルピーリング,イボレーザー/CO2レーザー,ピーリング,炭酸ガスレーザー,CO2レーザー,イボ取り,いぼレーザー,間隔,空ける,あける,期間,どのくらい,どれくらい,何週間,何日あける,同日,してから,次の施術"
ケミカルピーリング,シミ取りレーザー,2週間,ケミカルピーリングとシミ取りレーザーの間隔／ケミカルピーリングとシミ取りレーザーの間隔は何週間ですか？／ケミカルピーリングの後にシミ取りレーザーはどのくらい空けますか？／ケミカルピーリングとシミ取りレーザーはどのくらい間隔をあけますか？／ケミカルピーリングしてからシミ取りレーザーまではどのくらい期間をあけたらいいですか？／ケミカルピーリングの後にシミ取りレーザーはいつ受けられますか？／ケミカルピーリングとシミ取りレーザーは同日にできますか？,ケミカルピーリングとシミ取りレーザーは、別の部位であれば原則として同日に受けられます。同じ部位にシミ取りレーザーを受ける場合は2週間あけてください。施術内容やお肌の状態によって前後することがあります。また回答の施術間隔は当院で治療をした方の目安であり、他院で治療をされている場合は直接お電話にてお問い合わせくださいませ。,"ケミカルピーリング,シミ取りレーザー,ピーリング,シミレーザー,シミ取り,間隔,空ける,あける,期間,どのくらい,どれくらい,何週間,何日あける,同日,してから,次の施術"
ケミカルピーリング,ADM/ピコレーザ,2週間,ケミカルピーリングとADM/ピコレーザの間隔／ケミカルピーリングとADM/ピコレーザの間隔は何週間ですか？／ケミカルピーリングの後にADM/ピコレーザはどのくらい空けますか？／ケミカルピーリングとADM/ピコレーザはどのくらい間隔をあけますか？／ケミカルピーリングしてからADM/ピコレーザまではどのくらい期間をあけたらいいですか？／ケミカルピーリングの後にADM/ピコレーザはいつ受けられますか？／ケミカルピーリングとADM/ピコレーザは同日にできますか？,ケミカルピーリングとADM/ピコレーザは、別の部位であれば原則として同日に受けられます。同じ部位にADM/ピコレーザを受ける場合は2週間あけてください。施術内容やお肌の状態によって前後することがあります。また回答の施術間隔は当院で治療をした方の目安であり、他院で治療をされている場合は直接お電話にてお問い合わせくださいませ。,"ケミカルピーリング,ADM/ピコレーザ,ピーリング,ADMレーザー,ピコレーザー,ADM,間隔,空ける,あける,期間,どのくらい,どれくらい,何週間,何日あける,同日,してから,次の施術"
ケミカルピーリング,ADM/ナノレーザー,2週間,ケミカルピーリングとADM/ナノレーザーの間隔／ケミカルピーリングとADM/ナノレーザーの間隔は何週間ですか？／ケミカルピーリングの後にADM/ナノレーザーはどのくらい空けますか？／ケミカルピーリングとADM/ナノレーザーはどのくらい間隔をあけますか？／ケミカルピーリングしてからADM/ナノレーザーまではどのくらい期間をあけたらいいですか？／ケミカルピーリングの後にADM/ナノレーザーはいつ受けられますか？／ケミカルピーリングとADM/ナノレーザーは同日にできますか？,ケミカルピーリングとADM/ナノレーザーは、別の部位であれば原則として同日に受けられます。同じ部位にADM/ナノレーザーを受ける場合は2週間あけてください。施術内容やお肌の状態によって前後することがあります。また回答の施術間隔は当院で治療をした方の目安であり、他院で治療をされている場合は直接お電話にてお問い合わせくださいませ。,"ケミカルピーリング,ADM/ナノレーザー,ピーリング,ADMレーザー,ナノレーザー,ADM,間隔,空ける,あける,期間,どのくらい,どれくらい,何週間,何日あける,同日,してから,次の施術"
ケミカルピーリング,レーザートーニング,2週間,ケミカルピーリングとレーザートーニングの間隔／ケミカルピーリングとレーザートーニングの間隔は何週間ですか？／ケミカルピーリングの後にレーザートーニングはどのくらい空けますか？／ケミカルピーリングとレーザートーニングはどのくらい間隔をあけますか？／ケミカルピーリングしてからレーザートーニングまではどのくらい期間をあけたらいいですか？／ケミカルピーリングの後にレーザートーニングはいつ受けられますか？／ケミカルピーリングとレーザートーニングは同日にできますか？,ケミカルピーリングとレーザートーニングは、別の部位であれば原則として同日に受けられます。同じ部位にレーザートーニングを受ける場合は2週間あけてください。施術内容やお肌の状態によって前後することがあります。また回答の施術間隔は当院で治療をした方の目安であり、他院で治療をされている場合は直接お電話にてお問い合わせくださいませ。,"ケミカルピーリング,レーザートーニング,ピーリング,トーニング,間隔,空ける,あける,期間,どのくらい,どれくらい,何週間,何日あける,同日,してから,次の施術"
ケミカルピーリング,ピコトーニング,2週間,ケミカルピーリングとピコトーニングの間隔／ケミカルピーリングとピコトーニングの間隔は何週間ですか？／ケミカルピーリングの後にピコトーニングはどのくらい空けますか？／ケミカルピーリングとピコトーニングはどのくらい間隔をあけますか？／ケミカルピーリングしてからピコトーニングまではどのくらい期間をあけたらいいですか？／ケミカルピーリングの後にピコトーニングはいつ受けられますか？／ケミカルピーリングとピコトーニングは同日にできますか？,ケミカルピーリングとピコトーニングは、別の部位であれば原則として同日に受けられます。同じ部位にピコトーニングを受ける場合は2週間あけてください。施術内容やお肌の状態によって前後することがあります。また回答の施術間隔は当院で治療をした方の目安であり、他院で治療をされている場合は直接お電話にてお問い合わせくださいませ。,"ケミカルピーリング,ピコトーニング,ピーリング,トーニング,ピコ,間隔,空ける,あける,期間,どのくらい,どれくらい,何週間,何日あける,同日,してから,次の施術"
ケミカルピーリング,ピコフラクショナル,2週間,ケミカルピーリングとピコフラクショナルの間隔／ケミカルピーリングとピコフラクショナルの間隔は何週間ですか？／ケミカルピーリングの後にピコフラクショナルはどのくらい空けますか？／ケミカルピーリングとピコフラクショナルはどのくらい間隔をあけますか？／ケミカルピーリングしてからピコフラクショナルまではどのくらい期間をあけたらいいですか？／ケミカルピーリングの後にピコフラクショナルはいつ受けられますか？／ケミカルピーリングとピコフラクショナルは同日にできますか？,ケミカルピーリングとピコフラクショナルは、別の部位であれば原則として同日に受けられます。同じ部位にピコフラクショナルを受ける場合は2週間あけてください。施術内容やお肌の状態によって前後することがあります。また回答の施術間隔は当院で治療をした方の目安であり、他院で治療をされている場合は直接お電話にてお問い合わせくださいませ。,"ケミカルピーリング,ピコフラクショナル,ピーリング,フラクショナル,間隔,空ける,あける,期間,どのくらい,どれくらい,何週間,何日あける,同日,してから,次の施術"
ケミカルピーリング,そばかすシャワー,2週間,ケミカルピーリングとそばかすシャワーの間隔／ケミカルピーリングとそばかすシャワーの間隔は何週間ですか？／ケミカルピーリングの後にそばかすシャワーはどのくらい空けますか？／ケミカルピーリングとそばかすシャワーはどのくらい間隔をあけますか？／ケミカルピーリングしてからそばかすシャワーまではどのくらい期間をあけたらいいですか？／ケミカルピーリングの後にそばかすシャワーはいつ受けられますか？／ケミカルピーリングとそばかすシャワーは同日にできますか？,ケミカルピーリングとそばかすシャワーは、別の部位であれば原則として同日に受けられます。同じ部位にそばかすシャワーを受ける場合は2週間あけてください。施術内容やお肌の状態によって前後することがあります。また回答の施術間隔は当院で治療をした方の目安であり、他院で治療をされている場合は直接お電話にてお問い合わせくださいませ。,"ケミカルピーリング,そばかすシャワー,ピーリング,そばかす,間隔,空ける,あける,期間,どのくらい,どれくらい,何週間,何日あける,同日,してから,次の施術"
ケミカルピーリング,そばかすスポット,2週間,ケミカルピーリングとそばかすスポットの間隔／ケミカルピーリングとそばかすスポットの間隔は何週間ですか？／ケミカルピーリングの後にそばかすスポットはどのくらい空けますか？／ケミカルピーリングとそばかすスポットはどのくらい間隔をあけますか？／ケミカルピーリングしてからそばかすスポットまではどのくらい期間をあけたらいいですか？／ケミカルピーリングの後にそばかすスポットはいつ受けられますか？／ケミカルピーリングとそばかすスポットは同日にできますか？,ケミカルピーリングとそばかすスポットは、別の部位であれば原則として同日に受けられます。同じ部位にそばかすスポットを受ける場合は2週間あけてください。施術内容やお肌の状態によって前後することがあります。また回答の施術間隔は当院で治療をした方の目安であり、他院で治療をされている場合は直接お電話にてお問い合わせくださいませ。,"ケミカルピーリング,そばかすスポット,ピーリング,そばかす,間隔,空ける,あける,期間,どのくらい,どれくらい,何週間,何日あける,同日,してから,次の施術"
ケミカルピーリング,フォト/光治療,2週間,ケミカルピーリングとフォト/光治療の間隔／ケミカルピーリングとフォト/光治療の間隔は何週間ですか？／ケミカルピーリングの後にフォト/光治療はどのくらい空けますか？／ケミカルピーリングとフォト/光治療はどのくらい間隔をあけますか？／ケミカルピーリングしてからフォト/光治療まではどのくらい期間をあけたらいいですか？／ケミカルピーリングの後にフォト/光治療はいつ受けられますか？／ケミカルピーリングとフォト/光治療は同日にできますか？,ケミカルピーリングとフォト/光治療は、別の部位であれば原則として同日に受けられます。同じ部位にフォト/光治療を受ける場合は2週間あけてください。施術内容やお肌の状態によって前後することがあります。また回答の施術間隔は当院で治療をした方の目安であり、他院で治療をされている場合は直接お電話にてお問い合わせくださいませ。,"ケミカルピーリング,フォト/光治療,ピーリング,フォトフェイシャル,フォト,光治療,IPL,間隔,空ける,あける,期間,どのくらい,どれくらい,何週間,何日あける,同日,してから,次の施術"
ケミカルピーリング,赤み治療,2週間,ケミカルピーリングと赤み治療の間隔／ケミカルピーリングと赤み治療の間隔は何週間ですか？／ケミカルピーリングの後に赤み治療はどのくらい空けますか？／ケミカルピーリングと赤み治療はどのくらい間隔をあけますか？／ケミカルピーリングしてから赤み治療まではどのくらい期間をあけたらいいですか？／ケミカルピーリングの後に赤み治療はいつ受けられますか？／ケミカルピーリングと赤み治療は同日にできますか？,ケミカルピーリングと赤み治療は、別の部位であれば原則として同日に受けられます。同じ部位に赤み治療を受ける場合は2週間あけてください。施術内容やお肌の状態によって前後することがあります。また回答の施術間隔は当院で治療をした方の目安であり、他院で治療をされている場合は直接お電話にてお問い合わせくださいませ。,"ケミカルピーリング,赤み治療,ピーリング,血管腫レーザー,赤ら顔,間隔,空ける,あける,期間,どのくらい,どれくらい,何週間,何日あける,同日,してから,次の施術"
ケミカルピーリング,ボトックス,翌日,ケミカルピーリングとボトックスの間隔／ケミカルピーリングとボトックスの間隔は何週間ですか？／ケミカルピーリングの後にボトックスはどのくらい空けますか？／ケミカルピーリングとボトックスはどのくらい間隔をあけますか？／ケミカルピーリングしてからボトックスまではどのくらい期間をあけたらいいですか？／ケミカルピーリングの後にボトックスはいつ受けられますか？／ケミカルピーリングとボトックスは同日にできますか？,ケミカルピーリングの後にボトックスは翌日以降であれば受けられます。施術内容やお肌の状態によって前後することがあります。また回答の施術間隔は当院で治療をした方の目安であり、他院で治療をされている場合は直接お電話にてお問い合わせくださいませ。,"ケミカルピーリング,ボトックス,ピーリング,ボトックス注射,間隔,空ける,あける,期間,どのくらい,どれくらい,何週間,何日あける,同日,してから,次の施術"
ケミカルピーリング,ボトックス（マイクロ）,翌日,ケミカルピーリングとボトックス（マイクロ）の間隔／ケミカルピーリングとボトックス（マイクロ）の間隔は何週間ですか？／ケミカルピーリングの後にボトックス（マイクロ）はどのくらい空けますか？／ケミカルピーリングとボトックス（マイクロ）はどのくらい間隔をあけますか？／ケミカルピーリングしてからボトックス（マイクロ）まではどのくらい期間をあけたらいいですか？／ケミカルピーリングの後にボトックス（マイクロ）はいつ受けられますか？／ケミカルピーリングとボトックス（マイクロ）は同日にできますか？,ケミカルピーリングの後にボトックス（マイクロ）は翌日以降であれば受けられます。施術内容やお肌の状態によって前後することがあります。また回答の施術間隔は当院で治療をした方の目安であり、他院で治療をされている場合は直接お電話にてお問い合わせくださいませ。,"ケミカルピーリング,ボトックス（マイクロ）,ピーリング,マイクロボトックス,間隔,空ける,あける,期間,どのくらい,どれくらい,何週間,何日あける,同日,してから,次の施術"
ケミカルピーリング,フラルスキン部分シミ,併用なし2週間,ケミカルピーリングとフラルスキン部分シミの間隔／ケミカルピーリングとフラルスキン部分シミの間隔は何週間ですか？／ケミカルピーリングの後にフラルスキン部分シミはどのくらい空けますか？／ケミカルピーリングとフラルスキン部分シミはどのくらい間隔をあけますか？／ケミカルピーリングしてからフラルスキン部分シミまではどのくらい期間をあけたらいいですか？／ケミカルピーリングの後にフラルスキン部分シミはいつ受けられますか？／ケミカルピーリングとフラルスキン部分シミは同日にできますか？,ケミカルピーリングとフラルスキン部分シミは併用は行いません。フラルスキン部分シミを受ける場合は2週間あけてください。施術内容やお肌の状態によって前後することがあります。また回答の施術間隔は当院で治療をした方の目安であり、他院で治療をされている場合は直接お電話にてお問い合わせくださいませ。,"ケミカルピーリング,フラルスキン部分シミ,ピーリング,間隔,空ける,あける,期間,どのくらい,どれくらい,何週間,何日あける,同日,してから,次の施術"
ケミカルピーリング,テノールネオ,2週間,ケミカルピーリングとテノールネオの間隔／ケミカルピーリングとテノールネオの間隔は何週間ですか？／ケミカルピーリングの後にテノールネオはどのくらい空けますか？／ケミカルピーリングとテノールネオはどのくらい間隔をあけますか？／ケミカルピーリングしてからテノールネオまではどのくらい期間をあけたらいいですか？／ケミカルピーリングの後にテノールネオはいつ受けられますか？／ケミカルピーリングとテノールネオは同日にできますか？,ケミカルピーリングとテノールネオは、別の部位であれば原則として同日に受けられます。同じ部位にテノールネオを受ける場合は2週間あけてください。施術内容やお肌の状態によって前後することがあります。また回答の施術間隔は当院で治療をした方の目安であり、他院で治療をされている場合は直接お電話にてお問い合わせくださいませ。,"ケミカルピーリング,テノールネオ,ピーリング,テノールNEO,テノール,間隔,空ける,あける,期間,どのくらい,どれくらい,何週間,何日あける,同日,してから,次の施術"
ケミカルピーリング,mikoメソッド,2週間,ケミカルピーリングとmikoメソッドの間隔／ケミカルピーリングとmikoメソッドの間隔は何週間ですか？／ケミカルピーリングの後にmikoメソッドはどのくらい空けますか？／ケミカルピーリングとmikoメソッドはどのくらい間隔をあけますか？／ケミカルピーリングしてからmikoメソッドまではどのくらい期間をあけたらいいですか？／ケミカルピーリングの後にmikoメソッドはいつ受けられますか？／ケミカルピーリングとmikoメソッドは同日にできますか？,ケミカルピーリングとmikoメソッドは、別の部位であれば原則として同日に受けられます。同じ部位にmikoメソッドを受ける場合は2週間あけてください。施術内容やお肌の状態によって前後することがあります。また回答の施術間隔は当院で治療をした方の目安であり、他院で治療をされている場合は直接お電話にてお問い合わせくださいませ。,"ケミカルピーリング,mikoメソッド,ピーリング,miko,ミコメソッド,首イボ,間隔,空ける,あける,期間,どのくらい,どれくらい,何週間,何日あける,同日,してから,次の施術"
ケミカルピーリング,ほくろ切除/ほくろ除去,2週間,ケミカルピーリングとほくろ切除/ほくろ除去の間隔／ケミカルピーリングとほくろ切除/ほくろ除去の間隔は何週間ですか？／ケミカルピーリングの後にほくろ切除/ほくろ除去はどのくらい空けますか？／ケミカルピーリングとほくろ切除/ほくろ除去はどのくらい間隔をあけますか？／ケミカルピーリングしてからほくろ切除/ほくろ除去まではどのくらい期間をあけたらいいですか？／ケミカルピーリングの後にほくろ切除/ほくろ除去はいつ受けられますか？／ケミカルピーリングとほくろ切除/ほくろ除去は同日にできますか？,ケミカルピーリングとほくろ切除/ほくろ除去は、別の部位であれば原則として同日に受けられます。同じ部位にほくろ切除/ほくろ除去を受ける場合は2週間あけてください。施術内容やお肌の状態によって前後することがあります。また回答の施術間隔は当院で治療をした方の目安であり、他院で治療をされている場合は直接お電話にてお問い合わせくださいませ。,"ケミカルピーリング,ほくろ切除/ほくろ除去,ピーリング,ほくろ除去,ほくろ,間隔,空ける,あける,期間,どのくらい,どれくらい,何週間,何日あける,同日,してから,次の施術"
ケミカルピーリング,ボライト,2週間,ケミカルピーリングとボライトの間隔／ケミカルピーリングとボライトの間隔は何週間ですか？／ケミカルピーリングの後にボライトはどのくらい空けますか？／ケミカルピーリングとボライトはどのくらい間隔をあけますか？／ケミカルピーリングしてからボライトまではどのくらい期間をあけたらいいですか？／ケミカルピーリングの後にボライトはいつ受けられますか？／ケミカルピーリングとボライトは同日にできますか？,ケミカルピーリングとボライトは、別の部位であれば原則として同日に受けられます。同じ部位にボライトを受ける場合は2週間あけてください。施術内容やお肌の状態によって前後することがあります。また回答の施術間隔は当院で治療をした方の目安であり、他院で治療をされている場合は直接お電話にてお問い合わせくださいませ。,"ケミカルピーリング,ボライト,ピーリング,間隔,空ける,あける,期間,どのくらい,どれくらい,何週間,何日あける,同日,してから,次の施術"
ケミカルピーリング,稗粒腫,2週間,ケミカルピーリングと稗粒腫の間隔／ケミカルピーリングと稗粒腫の間隔は何週間ですか？／ケミカルピーリングの後に稗粒腫はどのくらい空けますか？／ケミカルピーリングと稗粒腫はどのくらい間隔をあけますか？／ケミカルピーリングしてから稗粒腫まではどのくらい期間をあけたらいいですか？／ケミカルピーリングの後に稗粒腫はいつ受けられますか？／ケミカルピーリングと稗粒腫は同日にできますか？,ケミカルピーリングと稗粒腫は、別の部位であれば原則として同日に受けられます。同じ部位に稗粒腫を受ける場合は2週間あけてください。施術内容やお肌の状態によって前後することがあります。また回答の施術間隔は当院で治療をした方の目安であり、他院で治療をされている場合は直接お電話にてお問い合わせくださいませ。,"ケミカルピーリング,稗粒腫,ピーリング,間隔,空ける,あける,期間,どのくらい,どれくらい,何週間,何日あける,同日,してから,次の施術"
ケミカルピーリング,ヴェルヴェットスキン,2週間,ケミカルピーリングとヴェルヴェットスキンの間隔／ケミカルピーリングとヴェルヴェットスキンの間隔は何週間ですか？／ケミカルピーリングの後にヴェルヴェットスキンはどのくらい空けますか？／ケミカルピーリングとヴェルヴェットスキンはどのくらい間隔をあけますか？／ケミカルピーリングしてからヴェルヴェットスキンまではどのくらい期間をあけたらいいですか？／ケミカルピーリングの後にヴェルヴェットスキンはいつ受けられますか？／ケミカルピーリングとヴェルヴェットスキンは同日にできますか？,ケミカルピーリングとヴェルヴェットスキンは、別の部位であれば原則として同日に受けられます。同じ部位にヴェルヴェットスキンを受ける場合は2週間あけてください。施術内容やお肌の状態によって前後することがあります。また回答の施術間隔は当院で治療をした方の目安であり、他院で治療をされている場合は直接お電話にてお問い合わせくださいませ。,"ケミカルピーリング,ヴェルヴェットスキン,ピーリング,ヴェルヴェット,ベルベットスキン,間隔,空ける,あける,期間,どのくらい,どれくらい,何週間,何日あける,同日,してから,次の施術"
ケミカルピーリング,ダーマペン,2週間,ケミカルピーリングとダーマペンの間隔／ケミカルピーリングとダーマペンの間隔は何週間ですか？／ケミカルピーリングの後にダーマペンはどのくらい空けますか？／ケミカルピーリングとダーマペンはどのくらい間隔をあけますか？／ケミカルピーリングしてからダーマペンまではどのくらい期間をあけたらいいですか？／ケミカルピーリングの後にダーマペンはいつ受けられますか？／ケミカルピーリングとダーマペンは同日にできますか？,ケミカルピーリングとダーマペンは、別の部位であれば原則として同日に受けられます。同じ部位にダーマペンを受ける場合は2週間あけてください。施術内容やお肌の状態によって前後することがあります。また回答の施術間隔は当院で治療をした方の目安であり、他院で治療をされている場合は直接お電話にてお問い合わせくださいませ。,"ケミカルピーリング,ダーマペン,ピーリング,ダーマペン4,間隔,空ける,あける,期間,どのくらい,どれくらい,何週間,何日あける,同日,してから,次の施術"
ケミカルピーリング,HARG,（翌日）,ケミカルピーリングとHARGの間隔／ケミカルピーリングとHARGの間隔は何週間ですか？／ケミカルピーリングの後にHARGはどのくらい空けますか？／ケミカルピーリングとHARGはどのくらい間隔をあけますか？／ケミカルピーリングしてからHARGまではどのくらい期間をあけたらいいですか？／ケミカルピーリングの後にHARGはいつ受けられますか？／ケミカルピーリングとHARGは同日にできますか？,ケミカルピーリングの後にHARG（部位が異なります）は翌日以降であれば受けられます。施術内容やお肌の状態によって前後することがあります。また回答の施術間隔は当院で治療をした方の目安であり、他院で治療をされている場合は直接お電話にてお問い合わせくださいませ。,"ケミカルピーリング,HARG,ピーリング,ハーグ,HARG療法,間隔,空ける,あける,期間,どのくらい,どれくらい,何週間,何日あける,同日,してから,次の施術"
ケミカルピーリング,スカルプ・プラセンタエッセンス,（翌日）,ケミカルピーリングとスカルプ・プラセンタエッセンスの間隔／ケミカルピーリングとスカルプ・プラセンタエッセンスの間隔は何週間ですか？／ケミカルピーリングの後にスカルプ・プラセンタエッセンスはどのくらい空けますか？／ケミカルピーリングとスカルプ・プラセンタエッセンスはどのくらい間隔をあけますか？／ケミカルピーリングしてからスカルプ・プラセンタエッセンスまではどのくらい期間をあけたらいいですか？／ケミカルピーリングの後にスカルプ・プラセンタエッセンスはいつ受けられますか？／ケミカルピーリングとスカルプ・プラセンタエッセンスは同日にできますか？,ケミカルピーリングの後にスカルプ・プラセンタエッセンス（部位が異なります）は翌日以降であれば受けられます。施術内容やお肌の状態によって前後することがあります。また回答の施術間隔は当院で治療をした方の目安であり、他院で治療をされている場合は直接お電話にてお問い合わせくださいませ。,"ケミカルピーリング,スカルプ・プラセンタエッセンス,ピーリング,スカルプ,プラセンタ,間隔,空ける,あける,期間,どのくらい,どれくらい,何週間,何日あける,同日,してから,次の施術"
ケミカルピーリング,コラーゲンピール,3週間,ケミカルピーリングとコラーゲンピールの間隔／ケミカルピーリングとコラーゲンピールの間隔は何週間ですか？／ケミカルピーリングの後にコラーゲンピールはどのくらい空けますか？／ケミカルピーリングとコラーゲンピールはどのくらい間隔をあけますか？／ケミカルピーリングしてからコラーゲンピールまではどのくらい期間をあけたらいいですか？／ケミカルピーリングの後にコラーゲンピールはいつ受けられますか？／ケミカルピーリングとコラーゲンピールは同日にできますか？,ケミカルピーリングとコラーゲンピールは、別の部位であれば原則として同日に受けられます。同じ部位にコラーゲンピールを受ける場合は3週間あけてください。施術内容やお肌の状態によって前後することがあります。また回答の施術間隔は当院で治療をした方の目安であり、他院で治療をされている場合は直接お電話にてお問い合わせくださいませ。,"ケミカルピーリング,コラーゲンピール,ピーリング,マッサージピール,間隔,空ける,あける,期間,どのくらい,どれくらい,何週間,何日あける,同日,してから,次の施術"
ケミカルピーリング,サーマクール,2週間,ケミカルピーリングとサーマクールの間隔／ケミカルピーリングとサーマクールの間隔は何週間ですか？／ケミカルピーリングの後にサーマクールはどのくらい空けますか？／ケミカルピーリングとサーマクールはどのくらい間隔をあけますか？／ケミカルピーリングしてからサーマクールまではどのくらい期間をあけたらいいですか？／ケミカルピーリングの後にサーマクールはいつ受けられますか？／ケミカルピーリングとサーマクールは同日にできますか？,ケミカルピーリングとサーマクールは、別の部位であれば原則として同日に受けられます。同じ部位にサーマクールを受ける場合は2週間あけてください。施術内容やお肌の状態によって前後することがあります。また回答の施術間隔は当院で治療をした方の目安であり、他院で治療をされている場合は直接お電話にてお問い合わせくださいませ。,"ケミカルピーリング,サーマクール,ピーリング,サーマ,間隔,空ける,あける,期間,どのくらい,どれくらい,何週間,何日あける,同日,してから,次の施術"
ケミカルピーリング,脱毛,4週間,ケミカルピーリングと脱毛の間隔／ケミカルピーリングと脱毛の間隔は何週間ですか？／ケミカルピーリングの後に脱毛はどのくらい空けますか？／ケミカルピーリングと脱毛はどのくらい間隔をあけますか？／ケミカルピーリングしてから脱毛まではどのくらい期間をあけたらいいですか？／ケミカルピーリングの後に脱毛はいつ受けられますか？／ケミカルピーリングと脱毛は同日にできますか？,ケミカルピーリングと脱毛は、別の部位であれば原則として同日に受けられます。同じ部位に脱毛を受ける場合は4週間あけてください。施術内容やお肌の状態によって前後することがあります。また回答の施術間隔は当院で治療をした方の目安であり、他院で治療をされている場合は直接お電話にてお問い合わせくださいませ。,"ケミカルピーリング,脱毛,ピーリング,医療脱毛,顔脱毛,全身脱毛,VIO脱毛,ひげ脱毛,レーザー脱毛,間隔,空ける,あける,期間,どのくらい,どれくらい,何週間,何日あける,同日,してから,次の施術"
ケミカルピーリング,タトゥー,4週間,ケミカルピーリングとタトゥーの間隔／ケミカルピーリングとタトゥーの間隔は何週間ですか？／ケミカルピーリングの後にタトゥーはどのくらい空けますか？／ケミカルピーリングとタトゥーはどのくらい間隔をあけますか？／ケミカルピーリングしてからタトゥーまではどのくらい期間をあけたらいいですか？／ケミカルピーリングの後にタトゥーはいつ受けられますか？／ケミカルピーリングとタトゥーは同日にできますか？,ケミカルピーリングとタトゥーは、別の部位であれば原則として同日に受けられます。同じ部位にタトゥーを受ける場合は4週間あけてください。施術内容やお肌の状態によって前後することがあります。また回答の施術間隔は当院で治療をした方の目安であり、他院で治療をされている場合は直接お電話にてお問い合わせくださいませ。,"ケミカルピーリング,タトゥー,ピーリング,刺青,タトゥー除去,間隔,空ける,あける,期間,どのくらい,どれくらい,何週間,何日あける,同日,してから,次の施術"
ケミカルピーリング,アートメイク,同日可,ケミカルピーリングとアートメイクの間隔／ケミカルピーリングとアートメイクの間隔は何週間ですか？／ケミカルピーリングの後にアートメイクはどのくらい空けますか？／ケミカルピーリングとアートメイクはどのくらい間隔をあけますか？／ケミカルピーリングしてからアートメイクまではどのくらい期間をあけたらいいですか？／ケミカルピーリングの後にアートメイクはいつ受けられますか？／ケミカルピーリングとアートメイクは同日にできますか？,ケミカルピーリングとアートメイクは同日に受けられます。施術内容やお肌の状態によって前後することがあります。また回答の施術間隔は当院で治療をした方の目安であり、他院で治療をされている場合は直接お電話にてお問い合わせくださいませ。,"ケミカルピーリング,アートメイク,ピーリング,間隔,空ける,あける,期間,どのくらい,どれくらい,何週間,何日あける,同日,してから,次の施術"
スマートサイドドット（2回目以降）,ハイドラジェントル,4週間,スマートサイドドット（2回目以降）とハイドラジェントルの間隔／スマートサイドドット（2回目以降）とハイドラジェントルの間隔は何週間ですか？／スマートサイドドット（2回目以降）の後にハイドラジェントルはどのくらい空けますか？／スマートサイドドット（2回目以降）とハイドラジェントルはどのくらい間隔をあけますか？／スマートサイドドット（2回目以降）してからハイドラジェントルまではどのくらい期間をあけたらいいですか？／スマートサイドドット（2回目以降）の後にハイドラジェントルはいつ受けられますか？／スマートサイドドット（2回目以降）とハイドラジェントルは同日にできますか？,スマートサイドドット（2回目以降）とハイドラジェントルは、別の部位であれば原則として同日に受けられます。同じ部位にハイドラジェントルを受ける場合は4週間あけてください。施術内容やお肌の状態によって前後することがあります。また回答の施術間隔は当院で治療をした方の目安であり、他院で治療をされている場合は直接お電話にてお問い合わせくださいませ。,"スマートサイドドット（2回目以降）,ハイドラジェントル,スマサイ,スマートサイドドット,ハイドラ,間隔,空ける,あける,期間,どのくらい,どれくらい,何週間,何日あける,同日,してから,次の施術"
スマートサイドドット（2回目以降）,ケミカルピーリング,4週間,スマートサイドドット（2回目以降）とケミカルピーリングの間隔／スマートサイドドット（2回目以降）とケミカルピーリングの間隔は何週間ですか？／スマートサイドドット（2回目以降）の後にケミカルピーリングはどのくらい空けますか？／スマートサイドドット（2回目以降）とケミカルピーリングはどのくらい間隔をあけますか？／スマートサイドドット（2回目以降）してからケミカルピーリングまではどのくらい期間をあけたらいいですか？／スマートサイドドット（2回目以降）の後にケミカルピーリングはいつ受けられますか？／スマートサイドドット（2回目以降）とケミカルピーリングは同日にできますか？,スマートサイドドット（2回目以降）とケミカルピーリングは、別の部位であれば原則として同日に受けられます。同じ部位にケミカルピーリングを受ける場合は4週間あけてください。施術内容やお肌の状態によって前後することがあります。また回答の施術間隔は当院で治療をした方の目安であり、他院で治療をされている場合は直接お電話にてお問い合わせくださいませ。,"スマートサイドドット（2回目以降）,ケミカルピーリング,スマサイ,スマートサイドドット,ピーリング,間隔,空ける,あける,期間,どのくらい,どれくらい,何週間,何日あける,同日,してから,次の施術"
スマートサイドドット（2回目以降）,スマートサイドドット（2回目以降）,8週間,スマートサイドドット（2回目以降）とスマートサイドドット（2回目以降）の間隔／スマートサイドドット（2回目以降）とスマートサイドドット（2回目以降）の間隔は何週間ですか？／スマートサイドドット（2回目以降）の後にスマートサイドドット（2回目以降）はどのくらい空けますか？／スマートサイドドット（2回目以降）とスマートサイドドット（2回目以降）はどのくらい間隔をあけますか？／スマートサイドドット（2回目以降）してからスマートサイドドット（2回目以降）まではどのくらい期間をあけたらいいですか？／スマートサイドドット（2回目以降）の後にスマートサイドドット（2回目以降）はいつ受けられますか？／スマートサイドドット（2回目以降）とスマートサイドドット（2回目以降）は同日にできますか？,スマートサイドドット（2回目以降）を続けて（同じ部位に）受ける場合は8週間あけてください。施術内容やお肌の状態によって前後することがあります。また回答の施術間隔は当院で治療をした方の目安であり、他院で治療をされている場合は直接お電話にてお問い合わせくださいませ。,"スマートサイドドット（2回目以降）,スマサイ,スマートサイドドット,間隔,空ける,あける,期間,どのくらい,どれくらい,何週間,何日あける,同日,してから,次の施術"
スマートサイドドット（2回目以降）,スマートサイドドット（初回）,8週間,スマートサイドドット（2回目以降）とスマートサイドドット（初回）の間隔／スマートサイドドット（2回目以降）とスマートサイドドット（初回）の間隔は何週間ですか？／スマートサイドドット（2回目以降）の後にスマートサイドドット（初回）はどのくらい空けますか？／スマートサイドドット（2回目以降）とスマートサイドドット（初回）はどのくらい間隔をあけますか？／スマートサイドドット（2回目以降）してからスマートサイドドット（初回）まではどのくらい期間をあけたらいいですか？／スマートサイドドット（2回目以降）の後にスマートサイドドット（初回）はいつ受けられますか？／スマートサイドドット（2回目以降）とスマートサイドドット（初回）は同日にできますか？,スマートサイドドット（2回目以降）とスマートサイドドット（初回）は、別の部位であれば原則として同日に受けられます。同じ部位にスマートサイドドット（初回）を受ける場合は8週間あけてください。施術内容やお肌の状態によって前後することがあります。また回答の施術間隔は当院で治療をした方の目安であり、他院で治療をされている場合は直接お電話にてお問い合わせくださいませ。,"スマートサイドドット（2回目以降）,スマートサイドドット（初回）,スマサイ,スマートサイドドット,間隔,空ける,あける,期間,どのくらい,どれくらい,何週間,何日あける,同日,してから,次の施術"
スマートサイドドット（2回目以降）,イボレーザー/CO2レーザー,4週間,スマートサイドドット（2回目以降）とイボレーザー/CO2レーザーの間隔／スマートサイドドット（2回目以降）とイボレーザー/CO2レーザーの間隔は何週間ですか？／スマートサイドドット（2回目以降）の後にイボレーザー/CO2レーザーはどのくらい空けますか？／スマートサイドドット（2回目以降）とイボレーザー/CO2レーザーはどのくらい間隔をあけますか？／スマートサイドドット（2回目以降）してからイボレーザー/CO2レーザーまではどのくらい期間をあけたらいいですか？／スマートサイドドット（2回目以降）の後にイボレーザー/CO2レーザーはいつ受けられますか？／スマートサイドドット（2回目以降）とイボレーザー/CO2レーザーは同日にできますか？,スマートサイドドット（2回目以降）とイボレーザー/CO2レーザーは、別の部位であれば原則として同日に受けられます。同じ部位にイボレーザー/CO2レーザーを受ける場合は4週間あけてください。施術内容やお肌の状態によって前後することがあります。また回答の施術間隔は当院で治療をした方の目安であり、他院で治療をされている場合は直接お電話にてお問い合わせくださいませ。,"スマートサイドドット（2回目以降）,イボレーザー/CO2レーザー,スマサイ,スマートサイドドット,炭酸ガスレーザー,CO2レーザー,イボ取り,いぼレーザー,間隔,空ける,あける,期間,どのくらい,どれくらい,何週間,何日あける,同日,してから,次の施術"
スマートサイドドット（2回目以降）,シミ取りレーザー,4週間,スマートサイドドット（2回目以降）とシミ取りレーザーの間隔／スマートサイドドット（2回目以降）とシミ取りレーザーの間隔は何週間ですか？／スマートサイドドット（2回目以降）の後にシミ取りレーザーはどのくらい空けますか？／スマートサイドドット（2回目以降）とシミ取りレーザーはどのくらい間隔をあけますか？／スマートサイドドット（2回目以降）してからシミ取りレーザーまではどのくらい期間をあけたらいいですか？／スマートサイドドット（2回目以降）の後にシミ取りレーザーはいつ受けられますか？／スマートサイドドット（2回目以降）とシミ取りレーザーは同日にできますか？,スマートサイドドット（2回目以降）とシミ取りレーザーは、別の部位であれば原則として同日に受けられます。同じ部位にシミ取りレーザーを受ける場合は4週間あけてください。施術内容やお肌の状態によって前後することがあります。また回答の施術間隔は当院で治療をした方の目安であり、他院で治療をされている場合は直接お電話にてお問い合わせくださいませ。,"スマートサイドドット（2回目以降）,シミ取りレーザー,スマサイ,スマートサイドドット,シミレーザー,シミ取り,間隔,空ける,あける,期間,どのくらい,どれくらい,何週間,何日あける,同日,してから,次の施術"
スマートサイドドット（2回目以降）,ADM/ピコレーザ,4週間,スマートサイドドット（2回目以降）とADM/ピコレーザの間隔／スマートサイドドット（2回目以降）とADM/ピコレーザの間隔は何週間ですか？／スマートサイドドット（2回目以降）の後にADM/ピコレーザはどのくらい空けますか？／スマートサイドドット（2回目以降）とADM/ピコレーザはどのくらい間隔をあけますか？／スマートサイドドット（2回目以降）してからADM/ピコレーザまではどのくらい期間をあけたらいいですか？／スマートサイドドット（2回目以降）の後にADM/ピコレーザはいつ受けられますか？／スマートサイドドット（2回目以降）とADM/ピコレーザは同日にできますか？,スマートサイドドット（2回目以降）とADM/ピコレーザは、別の部位であれば原則として同日に受けられます。同じ部位にADM/ピコレーザを受ける場合は4週間あけてください。施術内容やお肌の状態によって前後することがあります。また回答の施術間隔は当院で治療をした方の目安であり、他院で治療をされている場合は直接お電話にてお問い合わせくださいませ。,"スマートサイドドット（2回目以降）,ADM/ピコレーザ,スマサイ,スマートサイドドット,ADMレーザー,ピコレーザー,ADM,間隔,空ける,あける,期間,どのくらい,どれくらい,何週間,何日あける,同日,してから,次の施術"
スマートサイドドット（2回目以降）,ADM/ナノレーザー,4週間,スマートサイドドット（2回目以降）とADM/ナノレーザーの間隔／スマートサイドドット（2回目以降）とADM/ナノレーザーの間隔は何週間ですか？／スマートサイドドット（2回目以降）の後にADM/ナノレーザーはどのくらい空けますか？／スマートサイドドット（2回目以降）とADM/ナノレーザーはどのくらい間隔をあけますか？／スマートサイドドット（2回目以降）してからADM/ナノレーザーまではどのくらい期間をあけたらいいですか？／スマートサイドドット（2回目以降）の後にADM/ナノレーザーはいつ受けられますか？／スマートサイドドット（2回目以降）とADM/ナノレーザーは同日にできますか？,スマートサイドドット（2回目以降）とADM/ナノレーザーは、別の部位であれば原則として同日に受けられます。同じ部位にADM/ナノレーザーを受ける場合は4週間あけてください。施術内容やお肌の状態によって前後することがあります。また回答の施術間隔は当院で治療をした方の目安であり、他院で治療をされている場合は直接お電話にてお問い合わせくださいませ。,"スマートサイドドット（2回目以降）,ADM/ナノレーザー,スマサイ,スマートサイドドット,ADMレーザー,ナノレーザー,ADM,間隔,空ける,あける,期間,どのくらい,どれくらい,何週間,何日あける,同日,してから,次の施術"
スマートサイドドット（2回目以降）,レーザートーニング,4週間,スマートサイドドット（2回目以降）とレーザートーニングの間隔／スマートサイドドット（2回目以降）とレーザートーニングの間隔は何週間ですか？／スマートサイドドット（2回目以降）の後にレーザートーニングはどのくらい空けますか？／スマートサイドドット（2回目以降）とレーザートーニングはどのくらい間隔をあけますか？／スマートサイドドット（2回目以降）してからレーザートーニングまではどのくらい期間をあけたらいいですか？／スマートサイドドット（2回目以降）の後にレーザートーニングはいつ受けられますか？／スマートサイドドット（2回目以降）とレーザートーニングは同日にできますか？,スマートサイドドット（2回目以降）とレーザートーニングは、別の部位であれば原則として同日に受けられます。同じ部位にレーザートーニングを受ける場合は4週間あけてください。施術内容やお肌の状態によって前後することがあります。また回答の施術間隔は当院で治療をした方の目安であり、他院で治療をされている場合は直接お電話にてお問い合わせくださいませ。,"スマートサイドドット（2回目以降）,レーザートーニング,スマサイ,スマートサイドドット,トーニング,間隔,空ける,あける,期間,どのくらい,どれくらい,何週間,何日あける,同日,してから,次の施術"
スマートサイドドット（2回目以降）,ピコトーニング,4週間,スマートサイドドット（2回目以降）とピコトーニングの間隔／スマートサイドドット（2回目以降）とピコトーニングの間隔は何週間ですか？／スマートサイドドット（2回目以降）の後にピコトーニングはどのくらい空けますか？／スマートサイドドット（2回目以降）とピコトーニングはどのくらい間隔をあけますか？／スマートサイドドット（2回目以降）してからピコトーニングまではどのくらい期間をあけたらいいですか？／スマートサイドドット（2回目以降）の後にピコトーニングはいつ受けられますか？／スマートサイドドット（2回目以降）とピコトーニングは同日にできますか？,スマートサイドドット（2回目以降）とピコトーニングは、別の部位であれば原則として同日に受けられます。同じ部位にピコトーニングを受ける場合は4週間あけてください。施術内容やお肌の状態によって前後することがあります。また回答の施術間隔は当院で治療をした方の目安であり、他院で治療をされている場合は直接お電話にてお問い合わせくださいませ。,"スマートサイドドット（2回目以降）,ピコトーニング,スマサイ,スマートサイドドット,トーニング,ピコ,間隔,空ける,あける,期間,どのくらい,どれくらい,何週間,何日あける,同日,してから,次の施術"
スマートサイドドット（2回目以降）,ピコフラクショナル,8週間,スマートサイドドット（2回目以降）とピコフラクショナルの間隔／スマートサイドドット（2回目以降）とピコフラクショナルの間隔は何週間ですか？／スマートサイドドット（2回目以降）の後にピコフラクショナルはどのくらい空けますか？／スマートサイドドット（2回目以降）とピコフラクショナルはどのくらい間隔をあけますか？／スマートサイドドット（2回目以降）してからピコフラクショナルまではどのくらい期間をあけたらいいですか？／スマートサイドドット（2回目以降）の後にピコフラクショナルはいつ受けられますか？／スマートサイドドット（2回目以降）とピコフラクショナルは同日にできますか？,スマートサイドドット（2回目以降）とピコフラクショナルは、別の部位であれば原則として同日に受けられます。同じ部位にピコフラクショナルを受ける場合は8週間あけてください。施術内容やお肌の状態によって前後することがあります。また回答の施術間隔は当院で治療をした方の目安であり、他院で治療をされている場合は直接お電話にてお問い合わせくださいませ。,"スマートサイドドット（2回目以降）,ピコフラクショナル,スマサイ,スマートサイドドット,フラクショナル,間隔,空ける,あける,期間,どのくらい,どれくらい,何週間,何日あける,同日,してから,次の施術"
スマートサイドドット（2回目以降）,そばかすシャワー,8週間,スマートサイドドット（2回目以降）とそばかすシャワーの間隔／スマートサイドドット（2回目以降）とそばかすシャワーの間隔は何週間ですか？／スマートサイドドット（2回目以降）の後にそばかすシャワーはどのくらい空けますか？／スマートサイドドット（2回目以降）とそばかすシャワーはどのくらい間隔をあけますか？／スマートサイドドット（2回目以降）してからそばかすシャワーまではどのくらい期間をあけたらいいですか？／スマートサイドドット（2回目以降）の後にそばかすシャワーはいつ受けられますか？／スマートサイドドット（2回目以降）とそばかすシャワーは同日にできますか？,スマートサイドドット（2回目以降）とそばかすシャワーは、別の部位であれば原則として同日に受けられます。同じ部位にそばかすシャワーを受ける場合は8週間あけてください。施術内容やお肌の状態によって前後することがあります。また回答の施術間隔は当院で治療をした方の目安であり、他院で治療をされている場合は直接お電話にてお問い合わせくださいませ。,"スマートサイドドット（2回目以降）,そばかすシャワー,スマサイ,スマートサイドドット,そばかす,間隔,空ける,あける,期間,どのくらい,どれくらい,何週間,何日あける,同日,してから,次の施術"
スマートサイドドット（2回目以降）,そばかすスポット,8週間,スマートサイドドット（2回目以降）とそばかすスポットの間隔／スマートサイドドット（2回目以降）とそばかすスポットの間隔は何週間ですか？／スマートサイドドット（2回目以降）の後にそばかすスポットはどのくらい空けますか？／スマートサイドドット（2回目以降）とそばかすスポットはどのくらい間隔をあけますか？／スマートサイドドット（2回目以降）してからそばかすスポットまではどのくらい期間をあけたらいいですか？／スマートサイドドット（2回目以降）の後にそばかすスポットはいつ受けられますか？／スマートサイドドット（2回目以降）とそばかすスポットは同日にできますか？,スマートサイドドット（2回目以降）とそばかすスポットは、別の部位であれば原則として同日に受けられます。同じ部位にそばかすスポットを受ける場合は8週間あけてください。施術内容やお肌の状態によって前後することがあります。また回答の施術間隔は当院で治療をした方の目安であり、他院で治療をされている場合は直接お電話にてお問い合わせくださいませ。,"スマートサイドドット（2回目以降）,そばかすスポット,スマサイ,スマートサイドドット,そばかす,間隔,空ける,あける,期間,どのくらい,どれくらい,何週間,何日あける,同日,してから,次の施術"
スマートサイドドット（2回目以降）,フォト/光治療,4週間,スマートサイドドット（2回目以降）とフォト/光治療の間隔／スマートサイドドット（2回目以降）とフォト/光治療の間隔は何週間ですか？／スマートサイドドット（2回目以降）の後にフォト/光治療はどのくらい空けますか？／スマートサイドドット（2回目以降）とフォト/光治療はどのくらい間隔をあけますか？／スマートサイドドット（2回目以降）してからフォト/光治療まではどのくらい期間をあけたらいいですか？／スマートサイドドット（2回目以降）の後にフォト/光治療はいつ受けられますか？／スマートサイドドット（2回目以降）とフォト/光治療は同日にできますか？,スマートサイドドット（2回目以降）とフォト/光治療は、別の部位であれば原則として同日に受けられます。同じ部位にフォト/光治療を受ける場合は4週間あけてください。施術内容やお肌の状態によって前後することがあります。また回答の施術間隔は当院で治療をした方の目安であり、他院で治療をされている場合は直接お電話にてお問い合わせくださいませ。,"スマートサイドドット（2回目以降）,フォト/光治療,スマサイ,スマートサイドドット,フォトフェイシャル,フォト,光治療,IPL,間隔,空ける,あける,期間,どのくらい,どれくらい,何週間,何日あける,同日,してから,次の施術"
スマートサイドドット（2回目以降）,赤み治療,4週間,スマートサイドドット（2回目以降）と赤み治療の間隔／スマートサイドドット（2回目以降）と赤み治療の間隔は何週間ですか？／スマートサイドドット（2回目以降）の後に赤み治療はどのくらい空けますか？／スマートサイドドット（2回目以降）と赤み治療はどのくらい間隔をあけますか？／スマートサイドドット（2回目以降）してから赤み治療まではどのくらい期間をあけたらいいですか？／スマートサイドドット（2回目以降）の後に赤み治療はいつ受けられますか？／スマートサイドドット（2回目以降）と赤み治療は同日にできますか？,スマートサイドドット（2回目以降）と赤み治療は、別の部位であれば原則として同日に受けられます。同じ部位に赤み治療を受ける場合は4週間あけてください。施術内容やお肌の状態によって前後することがあります。また回答の施術間隔は当院で治療をした方の目安であり、他院で治療をされている場合は直接お電話にてお問い合わせくださいませ。,"スマートサイドドット（2回目以降）,赤み治療,スマサイ,スマートサイドドット,血管腫レーザー,赤ら顔,間隔,空ける,あける,期間,どのくらい,どれくらい,何週間,何日あける,同日,してから,次の施術"
スマートサイドドット（2回目以降）,ボトックス,2週間,スマートサイドドット（2回目以降）とボトックスの間隔／スマートサイドドット（2回目以降）とボトックスの間隔は何週間ですか？／スマートサイドドット（2回目以降）の後にボトックスはどのくらい空けますか？／スマートサイドドット（2回目以降）とボトックスはどのくらい間隔をあけますか？／スマートサイドドット（2回目以降）してからボトックスまではどのくらい期間をあけたらいいですか？／スマートサイドドット（2回目以降）の後にボトックスはいつ受けられますか？／スマートサイドドット（2回目以降）とボトックスは同日にできますか？,スマートサイドドット（2回目以降）とボトックスは、別の部位であれば原則として同日に受けられます。同じ部位にボトックスを受ける場合は2週間あけてください。施術内容やお肌の状態によって前後することがあります。また回答の施術間隔は当院で治療をした方の目安であり、他院で治療をされている場合は直接お電話にてお問い合わせくださいませ。,"スマートサイドドット（2回目以降）,ボトックス,スマサイ,スマートサイドドット,ボトックス注射,間隔,空ける,あける,期間,どのくらい,どれくらい,何週間,何日あける,同日,してから,次の施術"
スマートサイドドット（2回目以降）,ボトックス（マイクロ）,2週間,スマートサイドドット（2回目以降）とボトックス（マイクロ）の間隔／スマートサイドドット（2回目以降）とボトックス（マイクロ）の間隔は何週間ですか？／スマートサイドドット（2回目以降）の後にボトックス（マイクロ）はどのくらい空けますか？／スマートサイドドット（2回目以降）とボトックス（マイクロ）はどのくらい間隔をあけますか？／スマートサイドドット（2回目以降）してからボトックス（マイクロ）まではどのくらい期間をあけたらいいですか？／スマートサイドドット（2回目以降）の後にボトックス（マイクロ）はいつ受けられますか？／スマートサイドドット（2回目以降）とボトックス（マイクロ）は同日にできますか？,スマートサイドドット（2回目以降）とボトックス（マイクロ）は、別の部位であれば原則として同日に受けられます。同じ部位にボトックス（マイクロ）を受ける場合は2週間あけてください。施術内容やお肌の状態によって前後することがあります。また回答の施術間隔は当院で治療をした方の目安であり、他院で治療をされている場合は直接お電話にてお問い合わせくださいませ。,"スマートサイドドット（2回目以降）,ボトックス（マイクロ）,スマサイ,スマートサイドドット,マイクロボトックス,間隔,空ける,あける,期間,どのくらい,どれくらい,何週間,何日あける,同日,してから,次の施術"
スマートサイドドット（2回目以降）,フラルスキン部分シミ,4週間,スマートサイドドット（2回目以降）とフラルスキン部分シミの間隔／スマートサイドドット（2回目以降）とフラルスキン部分シミの間隔は何週間ですか？／スマートサイドドット（2回目以降）の後にフラルスキン部分シミはどのくらい空けますか？／スマートサイドドット（2回目以降）とフラルスキン部分シミはどのくらい間隔をあけますか？／スマートサイドドット（2回目以降）してからフラルスキン部分シミまではどのくらい期間をあけたらいいですか？／スマートサイドドット（2回目以降）の後にフラルスキン部分シミはいつ受けられますか？／スマートサイドドット（2回目以降）とフラルスキン部分シミは同日にできますか？,スマートサイドドット（2回目以降）とフラルスキン部分シミは、別の部位であれば原則として同日に受けられます。同じ部位にフラルスキン部分シミを受ける場合は4週間あけてください。施術内容やお肌の状態によって前後することがあります。また回答の施術間隔は当院で治療をした方の目安であり、他院で治療をされている場合は直接お電話にてお問い合わせくださいませ。,"スマートサイドドット（2回目以降）,フラルスキン部分シミ,スマサイ,スマートサイドドット,間隔,空ける,あける,期間,どのくらい,どれくらい,何週間,何日あける,同日,してから,次の施術"
スマートサイドドット（2回目以降）,テノールネオ,4週間,スマートサイドドット（2回目以降）とテノールネオの間隔／スマートサイドドット（2回目以降）とテノールネオの間隔は何週間ですか？／スマートサイドドット（2回目以降）の後にテノールネオはどのくらい空けますか？／スマートサイドドット（2回目以降）とテノールネオはどのくらい間隔をあけますか？／スマートサイドドット（2回目以降）してからテノールネオまではどのくらい期間をあけたらいいですか？／スマートサイドドット（2回目以降）の後にテノールネオはいつ受けられますか？／スマートサイドドット（2回目以降）とテノールネオは同日にできますか？,スマートサイドドット（2回目以降）とテノールネオは、別の部位であれば原則として同日に受けられます。同じ部位にテノールネオを受ける場合は4週間あけてください。施術内容やお肌の状態によって前後することがあります。また回答の施術間隔は当院で治療をした方の目安であり、他院で治療をされている場合は直接お電話にてお問い合わせくださいませ。,"スマートサイドドット（2回目以降）,テノールネオ,スマサイ,スマートサイドドット,テノールNEO,テノール,間隔,空ける,あける,期間,どのくらい,どれくらい,何週間,何日あける,同日,してから,次の施術"
スマートサイドドット（2回目以降）,mikoメソッド,4週間,スマートサイドドット（2回目以降）とmikoメソッドの間隔／スマートサイドドット（2回目以降）とmikoメソッドの間隔は何週間ですか？／スマートサイドドット（2回目以降）の後にmikoメソッドはどのくらい空けますか？／スマートサイドドット（2回目以降）とmikoメソッドはどのくらい間隔をあけますか？／スマートサイドドット（2回目以降）してからmikoメソッドまではどのくらい期間をあけたらいいですか？／スマートサイドドット（2回目以降）の後にmikoメソッドはいつ受けられますか？／スマートサイドドット（2回目以降）とmikoメソッドは同日にできますか？,スマートサイドドット（2回目以降）とmikoメソッドは、別の部位であれば原則として同日に受けられます。同じ部位にmikoメソッドを受ける場合は4週間あけてください。施術内容やお肌の状態によって前後することがあります。また回答の施術間隔は当院で治療をした方の目安であり、他院で治療をされている場合は直接お電話にてお問い合わせくださいませ。,"スマートサイドドット（2回目以降）,mikoメソッド,スマサイ,スマートサイドドット,miko,ミコメソッド,首イボ,間隔,空ける,あける,期間,どのくらい,どれくらい,何週間,何日あける,同日,してから,次の施術"
スマートサイドドット（2回目以降）,ほくろ切除/ほくろ除去,4週間,スマートサイドドット（2回目以降）とほくろ切除/ほくろ除去の間隔／スマートサイドドット（2回目以降）とほくろ切除/ほくろ除去の間隔は何週間ですか？／スマートサイドドット（2回目以降）の後にほくろ切除/ほくろ除去はどのくらい空けますか？／スマートサイドドット（2回目以降）とほくろ切除/ほくろ除去はどのくらい間隔をあけますか？／スマートサイドドット（2回目以降）してからほくろ切除/ほくろ除去まではどのくらい期間をあけたらいいですか？／スマートサイドドット（2回目以降）の後にほくろ切除/ほくろ除去はいつ受けられますか？／スマートサイドドット（2回目以降）とほくろ切除/ほくろ除去は同日にできますか？,スマートサイドドット（2回目以降）とほくろ切除/ほくろ除去は、別の部位であれば原則として同日に受けられます。同じ部位にほくろ切除/ほくろ除去を受ける場合は4週間あけてください。施術内容やお肌の状態によって前後することがあります。また回答の施術間隔は当院で治療をした方の目安であり、他院で治療をされている場合は直接お電話にてお問い合わせくださいませ。,"スマートサイドドット（2回目以降）,ほくろ切除/ほくろ除去,スマサイ,スマートサイドドット,ほくろ除去,ほくろ,間隔,空ける,あける,期間,どのくらい,どれくらい,何週間,何日あける,同日,してから,次の施術"
スマートサイドドット（2回目以降）,ボライト,4週間,スマートサイドドット（2回目以降）とボライトの間隔／スマートサイドドット（2回目以降）とボライトの間隔は何週間ですか？／スマートサイドドット（2回目以降）の後にボライトはどのくらい空けますか？／スマートサイドドット（2回目以降）とボライトはどのくらい間隔をあけますか？／スマートサイドドット（2回目以降）してからボライトまではどのくらい期間をあけたらいいですか？／スマートサイドドット（2回目以降）の後にボライトはいつ受けられますか？／スマートサイドドット（2回目以降）とボライトは同日にできますか？,スマートサイドドット（2回目以降）とボライトは、別の部位であれば原則として同日に受けられます。同じ部位にボライトを受ける場合は4週間あけてください。施術内容やお肌の状態によって前後することがあります。また回答の施術間隔は当院で治療をした方の目安であり、他院で治療をされている場合は直接お電話にてお問い合わせくださいませ。,"スマートサイドドット（2回目以降）,ボライト,スマサイ,スマートサイドドット,間隔,空ける,あける,期間,どのくらい,どれくらい,何週間,何日あける,同日,してから,次の施術"
スマートサイドドット（2回目以降）,稗粒腫,4週間,スマートサイドドット（2回目以降）と稗粒腫の間隔／スマートサイドドット（2回目以降）と稗粒腫の間隔は何週間ですか？／スマートサイドドット（2回目以降）の後に稗粒腫はどのくらい空けますか？／スマートサイドドット（2回目以降）と稗粒腫はどのくらい間隔をあけますか？／スマートサイドドット（2回目以降）してから稗粒腫まではどのくらい期間をあけたらいいですか？／スマートサイドドット（2回目以降）の後に稗粒腫はいつ受けられますか？／スマートサイドドット（2回目以降）と稗粒腫は同日にできますか？,スマートサイドドット（2回目以降）と稗粒腫は、別の部位であれば原則として同日に受けられます。同じ部位に稗粒腫を受ける場合は4週間あけてください。施術内容やお肌の状態によって前後することがあります。また回答の施術間隔は当院で治療をした方の目安であり、他院で治療をされている場合は直接お電話にてお問い合わせくださいませ。,"スマートサイドドット（2回目以降）,稗粒腫,スマサイ,スマートサイドドット,間隔,空ける,あける,期間,どのくらい,どれくらい,何週間,何日あける,同日,してから,次の施術"
スマートサイドドット（2回目以降）,ヴェルヴェットスキン,4週間,スマートサイドドット（2回目以降）とヴェルヴェットスキンの間隔／スマートサイドドット（2回目以降）とヴェルヴェットスキンの間隔は何週間ですか？／スマートサイドドット（2回目以降）の後にヴェルヴェットスキンはどのくらい空けますか？／スマートサイドドット（2回目以降）とヴェルヴェットスキンはどのくらい間隔をあけますか？／スマートサイドドット（2回目以降）してからヴェルヴェットスキンまではどのくらい期間をあけたらいいですか？／スマートサイドドット（2回目以降）の後にヴェルヴェットスキンはいつ受けられますか？／スマートサイドドット（2回目以降）とヴェルヴェットスキンは同日にできますか？,スマートサイドドット（2回目以降）とヴェルヴェットスキンは、別の部位であれば原則として同日に受けられます。同じ部位にヴェルヴェットスキンを受ける場合は4週間あけてください。施術内容やお肌の状態によって前後することがあります。また回答の施術間隔は当院で治療をした方の目安であり、他院で治療をされている場合は直接お電話にてお問い合わせくださいませ。,"スマートサイドドット（2回目以降）,ヴェルヴェットスキン,スマサイ,スマートサイドドット,ヴェルヴェット,ベルベットスキン,間隔,空ける,あける,期間,どのくらい,どれくらい,何週間,何日あける,同日,してから,次の施術"
スマートサイドドット（2回目以降）,ダーマペン,4週間,スマートサイドドット（2回目以降）とダーマペンの間隔／スマートサイドドット（2回目以降）とダーマペンの間隔は何週間ですか？／スマートサイドドット（2回目以降）の後にダーマペンはどのくらい空けますか？／スマートサイドドット（2回目以降）とダーマペンはどのくらい間隔をあけますか？／スマートサイドドット（2回目以降）してからダーマペンまではどのくらい期間をあけたらいいですか？／スマートサイドドット（2回目以降）の後にダーマペンはいつ受けられますか？／スマートサイドドット（2回目以降）とダーマペンは同日にできますか？,スマートサイドドット（2回目以降）とダーマペンは、別の部位であれば原則として同日に受けられます。同じ部位にダーマペンを受ける場合は4週間あけてください。施術内容やお肌の状態によって前後することがあります。また回答の施術間隔は当院で治療をした方の目安であり、他院で治療をされている場合は直接お電話にてお問い合わせくださいませ。,"スマートサイドドット（2回目以降）,ダーマペン,スマサイ,スマートサイドドット,ダーマペン4,間隔,空ける,あける,期間,どのくらい,どれくらい,何週間,何日あける,同日,してから,次の施術"
スマートサイドドット（2回目以降）,HARG,（翌日）,スマートサイドドット（2回目以降）とHARGの間隔／スマートサイドドット（2回目以降）とHARGの間隔は何週間ですか？／スマートサイドドット（2回目以降）の後にHARGはどのくらい空けますか？／スマートサイドドット（2回目以降）とHARGはどのくらい間隔をあけますか？／スマートサイドドット（2回目以降）してからHARGまではどのくらい期間をあけたらいいですか？／スマートサイドドット（2回目以降）の後にHARGはいつ受けられますか？／スマートサイドドット（2回目以降）とHARGは同日にできますか？,スマートサイドドット（2回目以降）の後にHARG（部位が異なります）は翌日以降であれば受けられます。施術内容やお肌の状態によって前後することがあります。また回答の施術間隔は当院で治療をした方の目安であり、他院で治療をされている場合は直接お電話にてお問い合わせくださいませ。,"スマートサイドドット（2回目以降）,HARG,スマサイ,スマートサイドドット,ハーグ,HARG療法,間隔,空ける,あける,期間,どのくらい,どれくらい,何週間,何日あける,同日,してから,次の施術"
スマートサイドドット（2回目以降）,スカルプ・プラセンタエッセンス,（翌日）,スマートサイドドット（2回目以降）とスカルプ・プラセンタエッセンスの間隔／スマートサイドドット（2回目以降）とスカルプ・プラセンタエッセンスの間隔は何週間ですか？／スマートサイドドット（2回目以降）の後にスカルプ・プラセンタエッセンスはどのくらい空けますか？／スマートサイドドット（2回目以降）とスカルプ・プラセンタエッセンスはどのくらい間隔をあけますか？／スマートサイドドット（2回目以降）してからスカルプ・プラセンタエッセンスまではどのくらい期間をあけたらいいですか？／スマートサイドドット（2回目以降）の後にスカルプ・プラセンタエッセンスはいつ受けられますか？／スマートサイドドット（2回目以降）とスカルプ・プラセンタエッセンスは同日にできますか？,スマートサイドドット（2回目以降）の後にスカルプ・プラセンタエッセンス（部位が異なります）は翌日以降であれば受けられます。施術内容やお肌の状態によって前後することがあります。また回答の施術間隔は当院で治療をした方の目安であり、他院で治療をされている場合は直接お電話にてお問い合わせくださいませ。,"スマートサイドドット（2回目以降）,スカルプ・プラセンタエッセンス,スマサイ,スマートサイドドット,スカルプ,プラセンタ,間隔,空ける,あける,期間,どのくらい,どれくらい,何週間,何日あける,同日,してから,次の施術"
スマートサイドドット（2回目以降）,コラーゲンピール,4週間,スマートサイドドット（2回目以降）とコラーゲンピールの間隔／スマートサイドドット（2回目以降）とコラーゲンピールの間隔は何週間ですか？／スマートサイドドット（2回目以降）の後にコラーゲンピールはどのくらい空けますか？／スマートサイドドット（2回目以降）とコラーゲンピールはどのくらい間隔をあけますか？／スマートサイドドット（2回目以降）してからコラーゲンピールまではどのくらい期間をあけたらいいですか？／スマートサイドドット（2回目以降）の後にコラーゲンピールはいつ受けられますか？／スマートサイドドット（2回目以降）とコラーゲンピールは同日にできますか？,スマートサイドドット（2回目以降）とコラーゲンピールは、別の部位であれば原則として同日に受けられます。同じ部位にコラーゲンピールを受ける場合は4週間あけてください。施術内容やお肌の状態によって前後することがあります。また回答の施術間隔は当院で治療をした方の目安であり、他院で治療をされている場合は直接お電話にてお問い合わせくださいませ。,"スマートサイドドット（2回目以降）,コラーゲンピール,スマサイ,スマートサイドドット,マッサージピール,間隔,空ける,あける,期間,どのくらい,どれくらい,何週間,何日あける,同日,してから,次の施術"
スマートサイドドット（2回目以降）,サーマクール,4週間,スマートサイドドット（2回目以降）とサーマクールの間隔／スマートサイドドット（2回目以降）とサーマクールの間隔は何週間ですか？／スマートサイドドット（2回目以降）の後にサーマクールはどのくらい空けますか？／スマートサイドドット（2回目以降）とサーマクールはどのくらい間隔をあけますか？／スマートサイドドット（2回目以降）してからサーマクールまではどのくらい期間をあけたらいいですか？／スマートサイドドット（2回目以降）の後にサーマクールはいつ受けられますか？／スマートサイドドット（2回目以降）とサーマクールは同日にできますか？,スマートサイドドット（2回目以降）とサーマクールは、別の部位であれば原則として同日に受けられます。同じ部位にサーマクールを受ける場合は4週間あけてください。施術内容やお肌の状態によって前後することがあります。また回答の施術間隔は当院で治療をした方の目安であり、他院で治療をされている場合は直接お電話にてお問い合わせくださいませ。,"スマートサイドドット（2回目以降）,サーマクール,スマサイ,スマートサイドドット,サーマ,間隔,空ける,あける,期間,どのくらい,どれくらい,何週間,何日あける,同日,してから,次の施術"
スマートサイドドット（2回目以降）,脱毛,4週間,スマートサイドドット（2回目以降）と脱毛の間隔／スマートサイドドット（2回目以降）と脱毛の間隔は何週間ですか？／スマートサイドドット（2回目以降）の後に脱毛はどのくらい空けますか？／スマートサイドドット（2回目以降）と脱毛はどのくらい間隔をあけますか？／スマートサイドドット（2回目以降）してから脱毛まではどのくらい期間をあけたらいいですか？／スマートサイドドット（2回目以降）の後に脱毛はいつ受けられますか？／スマートサイドドット（2回目以降）と脱毛は同日にできますか？,スマートサイドドット（2回目以降）と脱毛は、別の部位であれば原則として同日に受けられます。同じ部位に脱毛を受ける場合は4週間あけてください。施術内容やお肌の状態によって前後することがあります。また回答の施術間隔は当院で治療をした方の目安であり、他院で治療をされている場合は直接お電話にてお問い合わせくださいませ。,"スマートサイドドット（2回目以降）,脱毛,スマサイ,スマートサイドドット,医療脱毛,顔脱毛,全身脱毛,VIO脱毛,ひげ脱毛,レーザー脱毛,間隔,空ける,あける,期間,どのくらい,どれくらい,何週間,何日あける,同日,してから,次の施術"
スマートサイドドット（2回目以降）,タトゥー,4週間,スマートサイドドット（2回目以降）とタトゥーの間隔／スマートサイドドット（2回目以降）とタトゥーの間隔は何週間ですか？／スマートサイドドット（2回目以降）の後にタトゥーはどのくらい空けますか？／スマートサイドドット（2回目以降）とタトゥーはどのくらい間隔をあけますか？／スマートサイドドット（2回目以降）してからタトゥーまではどのくらい期間をあけたらいいですか？／スマートサイドドット（2回目以降）の後にタトゥーはいつ受けられますか？／スマートサイドドット（2回目以降）とタトゥーは同日にできますか？,スマートサイドドット（2回目以降）とタトゥーは、別の部位であれば原則として同日に受けられます。同じ部位にタトゥーを受ける場合は4週間あけてください。施術内容やお肌の状態によって前後することがあります。また回答の施術間隔は当院で治療をした方の目安であり、他院で治療をされている場合は直接お電話にてお問い合わせくださいませ。,"スマートサイドドット（2回目以降）,タトゥー,スマサイ,スマートサイドドット,刺青,タトゥー除去,間隔,空ける,あける,期間,どのくらい,どれくらい,何週間,何日あける,同日,してから,次の施術"
スマートサイドドット（2回目以降）,アートメイク,同日可,スマートサイドドット（2回目以降）とアートメイクの間隔／スマートサイドドット（2回目以降）とアートメイクの間隔は何週間ですか？／スマートサイドドット（2回目以降）の後にアートメイクはどのくらい空けますか？／スマートサイドドット（2回目以降）とアートメイクはどのくらい間隔をあけますか？／スマートサイドドット（2回目以降）してからアートメイクまではどのくらい期間をあけたらいいですか？／スマートサイドドット（2回目以降）の後にアートメイクはいつ受けられますか？／スマートサイドドット（2回目以降）とアートメイクは同日にできますか？,スマートサイドドット（2回目以降）とアートメイクは同日に受けられます。施術内容やお肌の状態によって前後することがあります。また回答の施術間隔は当院で治療をした方の目安であり、他院で治療をされている場合は直接お電話にてお問い合わせくださいませ。,"スマートサイドドット（2回目以降）,アートメイク,スマサイ,スマートサイドドット,間隔,空ける,あける,期間,どのくらい,どれくらい,何週間,何日あける,同日,してから,次の施術"
スマートサイドドット（初回）,ハイドラジェントル,2週間,スマートサイドドット（初回）とハイドラジェントルの間隔／スマートサイドドット（初回）とハイドラジェントルの間隔は何週間ですか？／スマートサイドドット（初回）の後にハイドラジェントルはどのくらい空けますか？／スマートサイドドット（初回）とハイドラジェントルはどのくらい間隔をあけますか？／スマートサイドドット（初回）してからハイドラジェントルまではどのくらい期間をあけたらいいですか？／スマートサイドドット（初回）の後にハイドラジェントルはいつ受けられますか？／スマートサイドドット（初回）とハイドラジェントルは同日にできますか？,スマートサイドドット（初回）とハイドラジェントルは、別の部位であれば原則として同日に受けられます。同じ部位にハイドラジェントルを受ける場合は2週間あけてください。施術内容やお肌の状態によって前後することがあります。また回答の施術間隔は当院で治療をした方の目安であり、他院で治療をされている場合は直接お電話にてお問い合わせくださいませ。,"スマートサイドドット（初回）,ハイドラジェントル,スマサイ,スマートサイドドット,ハイドラ,間隔,空ける,あける,期間,どのくらい,どれくらい,何週間,何日あける,同日,してから,次の施術"
スマートサイドドット（初回）,ケミカルピーリング,3週間,スマートサイドドット（初回）とケミカルピーリングの間隔／スマートサイドドット（初回）とケミカルピーリングの間隔は何週間ですか？／スマートサイドドット（初回）の後にケミカルピーリングはどのくらい空けますか？／スマートサイドドット（初回）とケミカルピーリングはどのくらい間隔をあけますか？／スマートサイドドット（初回）してからケミカルピーリングまではどのくらい期間をあけたらいいですか？／スマートサイドドット（初回）の後にケミカルピーリングはいつ受けられますか？／スマートサイドドット（初回）とケミカルピーリングは同日にできますか？,スマートサイドドット（初回）とケミカルピーリングは、別の部位であれば原則として同日に受けられます。同じ部位にケミカルピーリングを受ける場合は3週間あけてください。施術内容やお肌の状態によって前後することがあります。また回答の施術間隔は当院で治療をした方の目安であり、他院で治療をされている場合は直接お電話にてお問い合わせくださいませ。,"スマートサイドドット（初回）,ケミカルピーリング,スマサイ,スマートサイドドット,ピーリング,間隔,空ける,あける,期間,どのくらい,どれくらい,何週間,何日あける,同日,してから,次の施術"
スマートサイドドット（初回）,スマートサイドドット（2回目以降）,4週間,スマートサイドドット（初回）とスマートサイドドット（2回目以降）の間隔／スマートサイドドット（初回）とスマートサイドドット（2回目以降）の間隔は何週間ですか？／スマートサイドドット（初回）の後にスマートサイドドット（2回目以降）はどのくらい空けますか？／スマートサイドドット（初回）とスマートサイドドット（2回目以降）はどのくらい間隔をあけますか？／スマートサイドドット（初回）してからスマートサイドドット（2回目以降）まではどのくらい期間をあけたらいいですか？／スマートサイドドット（初回）の後にスマートサイドドット（2回目以降）はいつ受けられますか？／スマートサイドドット（初回）とスマートサイドドット（2回目以降）は同日にできますか？,スマートサイドドット（初回）とスマートサイドドット（2回目以降）は、別の部位であれば原則として同日に受けられます。同じ部位にスマートサイドドット（2回目以降）を受ける場合は4週間あけてください。施術内容やお肌の状態によって前後することがあります。また回答の施術間隔は当院で治療をした方の目安であり、他院で治療をされている場合は直接お電話にてお問い合わせくださいませ。,"スマートサイドドット（初回）,スマートサイドドット（2回目以降）,スマサイ,スマートサイドドット,間隔,空ける,あける,期間,どのくらい,どれくらい,何週間,何日あける,同日,してから,次の施術"
スマートサイドドット（初回）,スマートサイドドット（初回）,4週間,スマートサイドドット（初回）とスマートサイドドット（初回）の間隔／スマートサイドドット（初回）とスマートサイドドット（初回）の間隔は何週間ですか？／スマートサイドドット（初回）の後にスマートサイドドット（初回）はどのくらい空けますか？／スマートサイドドット（初回）とスマートサイドドット（初回）はどのくらい間隔をあけますか？／スマートサイドドット（初回）してからスマートサイドドット（初回）まではどのくらい期間をあけたらいいですか？／スマートサイドドット（初回）の後にスマートサイドドット（初回）はいつ受けられますか？／スマートサイドドット（初回）とスマートサイドドット（初回）は同日にできますか？,スマートサイドドット（初回）を続けて（同じ部位に）受ける場合は4週間あけてください。施術内容やお肌の状態によって前後することがあります。また回答の施術間隔は当院で治療をした方の目安であり、他院で治療をされている場合は直接お電話にてお問い合わせくださいませ。,"スマートサイドドット（初回）,スマサイ,スマートサイドドット,間隔,空ける,あける,期間,どのくらい,どれくらい,何週間,何日あける,同日,してから,次の施術"
スマートサイドドット（初回）,イボレーザー/CO2レーザー,3週間,スマートサイドドット（初回）とイボレーザー/CO2レーザーの間隔／スマートサイドドット（初回）とイボレーザー/CO2レーザーの間隔は何週間ですか？／スマートサイドドット（初回）の後にイボレーザー/CO2レーザーはどのくらい空けますか？／スマートサイドドット（初回）とイボレーザー/CO2レーザーはどのくらい間隔をあけますか？／スマートサイドドット（初回）してからイボレーザー/CO2レーザーまではどのくらい期間をあけたらいいですか？／スマートサイドドット（初回）の後にイボレーザー/CO2レーザーはいつ受けられますか？／スマートサイドドット（初回）とイボレーザー/CO2レーザーは同日にできますか？,スマートサイドドット（初回）とイボレーザー/CO2レーザーは、別の部位であれば原則として同日に受けられます。同じ部位にイボレーザー/CO2レーザーを受ける場合は3週間あけてください。施術内容やお肌の状態によって前後することがあります。また回答の施術間隔は当院で治療をした方の目安であり、他院で治療をされている場合は直接お電話にてお問い合わせくださいませ。,"スマートサイドドット（初回）,イボレーザー/CO2レーザー,スマサイ,スマートサイドドット,炭酸ガスレーザー,CO2レーザー,イボ取り,いぼレーザー,間隔,空ける,あける,期間,どのくらい,どれくらい,何週間,何日あける,同日,してから,次の施術"
スマートサイドドット（初回）,シミ取りレーザー,3週間,スマートサイドドット（初回）とシミ取りレーザーの間隔／スマートサイドドット（初回）とシミ取りレーザーの間隔は何週間ですか？／スマートサイドドット（初回）の後にシミ取りレーザーはどのくらい空けますか？／スマートサイドドット（初回）とシミ取りレーザーはどのくらい間隔をあけますか？／スマートサイドドット（初回）してからシミ取りレーザーまではどのくらい期間をあけたらいいですか？／スマートサイドドット（初回）の後にシミ取りレーザーはいつ受けられますか？／スマートサイドドット（初回）とシミ取りレーザーは同日にできますか？,スマートサイドドット（初回）とシミ取りレーザーは、別の部位であれば原則として同日に受けられます。同じ部位にシミ取りレーザーを受ける場合は3週間あけてください。施術内容やお肌の状態によって前後することがあります。また回答の施術間隔は当院で治療をした方の目安であり、他院で治療をされている場合は直接お電話にてお問い合わせくださいませ。,"スマートサイドドット（初回）,シミ取りレーザー,スマサイ,スマートサイドドット,シミレーザー,シミ取り,間隔,空ける,あける,期間,どのくらい,どれくらい,何週間,何日あける,同日,してから,次の施術"
スマートサイドドット（初回）,ADM/ピコレーザ,3週間,スマートサイドドット（初回）とADM/ピコレーザの間隔／スマートサイドドット（初回）とADM/ピコレーザの間隔は何週間ですか？／スマートサイドドット（初回）の後にADM/ピコレーザはどのくらい空けますか？／スマートサイドドット（初回）とADM/ピコレーザはどのくらい間隔をあけますか？／スマートサイドドット（初回）してからADM/ピコレーザまではどのくらい期間をあけたらいいですか？／スマートサイドドット（初回）の後にADM/ピコレーザはいつ受けられますか？／スマートサイドドット（初回）とADM/ピコレーザは同日にできますか？,スマートサイドドット（初回）とADM/ピコレーザは、別の部位であれば原則として同日に受けられます。同じ部位にADM/ピコレーザを受ける場合は3週間あけてください。施術内容やお肌の状態によって前後することがあります。また回答の施術間隔は当院で治療をした方の目安であり、他院で治療をされている場合は直接お電話にてお問い合わせくださいませ。,"スマートサイドドット（初回）,ADM/ピコレーザ,スマサイ,スマートサイドドット,ADMレーザー,ピコレーザー,ADM,間隔,空ける,あける,期間,どのくらい,どれくらい,何週間,何日あける,同日,してから,次の施術"
スマートサイドドット（初回）,ADM/ナノレーザー,3週間,スマートサイドドット（初回）とADM/ナノレーザーの間隔／スマートサイドドット（初回）とADM/ナノレーザーの間隔は何週間ですか？／スマートサイドドット（初回）の後にADM/ナノレーザーはどのくらい空けますか？／スマートサイドドット（初回）とADM/ナノレーザーはどのくらい間隔をあけますか？／スマートサイドドット（初回）してからADM/ナノレーザーまではどのくらい期間をあけたらいいですか？／スマートサイドドット（初回）の後にADM/ナノレーザーはいつ受けられますか？／スマートサイドドット（初回）とADM/ナノレーザーは同日にできますか？,スマートサイドドット（初回）とADM/ナノレーザーは、別の部位であれば原則として同日に受けられます。同じ部位にADM/ナノレーザーを受ける場合は3週間あけてください。施術内容やお肌の状態によって前後することがあります。また回答の施術間隔は当院で治療をした方の目安であり、他院で治療をされている場合は直接お電話にてお問い合わせくださいませ。,"スマートサイドドット（初回）,ADM/ナノレーザー,スマサイ,スマートサイドドット,ADMレーザー,ナノレーザー,ADM,間隔,空ける,あける,期間,どのくらい,どれくらい,何週間,何日あける,同日,してから,次の施術"
スマートサイドドット（初回）,レーザートーニング,3週間,スマートサイドドット（初回）とレーザートーニングの間隔／スマートサイドドット（初回）とレーザートーニングの間隔は何週間ですか？／スマートサイドドット（初回）の後にレーザートーニングはどのくらい空けますか？／スマートサイドドット（初回）とレーザートーニングはどのくらい間隔をあけますか？／スマートサイドドット（初回）してからレーザートーニングまではどのくらい期間をあけたらいいですか？／スマートサイドドット（初回）の後にレーザートーニングはいつ受けられますか？／スマートサイドドット（初回）とレーザートーニングは同日にできますか？,スマートサイドドット（初回）とレーザートーニングは、別の部位であれば原則として同日に受けられます。同じ部位にレーザートーニングを受ける場合は3週間あけてください。施術内容やお肌の状態によって前後することがあります。また回答の施術間隔は当院で治療をした方の目安であり、他院で治療をされている場合は直接お電話にてお問い合わせくださいませ。,"スマートサイドドット（初回）,レーザートーニング,スマサイ,スマートサイドドット,トーニング,間隔,空ける,あける,期間,どのくらい,どれくらい,何週間,何日あける,同日,してから,次の施術"
スマートサイドドット（初回）,ピコトーニング,3週間,スマートサイドドット（初回）とピコトーニングの間隔／スマートサイドドット（初回）とピコトーニングの間隔は何週間ですか？／スマートサイドドット（初回）の後にピコトーニングはどのくらい空けますか？／スマートサイドドット（初回）とピコトーニングはどのくらい間隔をあけますか？／スマートサイドドット（初回）してからピコトーニングまではどのくらい期間をあけたらいいですか？／スマートサイドドット（初回）の後にピコトーニングはいつ受けられますか？／スマートサイドドット（初回）とピコトーニングは同日にできますか？,スマートサイドドット（初回）とピコトーニングは、別の部位であれば原則として同日に受けられます。同じ部位にピコトーニングを受ける場合は3週間あけてください。施術内容やお肌の状態によって前後することがあります。また回答の施術間隔は当院で治療をした方の目安であり、他院で治療をされている場合は直接お電話にてお問い合わせくださいませ。,"スマートサイドドット（初回）,ピコトーニング,スマサイ,スマートサイドドット,トーニング,ピコ,間隔,空ける,あける,期間,どのくらい,どれくらい,何週間,何日あける,同日,してから,次の施術"
スマートサイドドット（初回）,ピコフラクショナル,8週間,スマートサイドドット（初回）とピコフラクショナルの間隔／スマートサイドドット（初回）とピコフラクショナルの間隔は何週間ですか？／スマートサイドドット（初回）の後にピコフラクショナルはどのくらい空けますか？／スマートサイドドット（初回）とピコフラクショナルはどのくらい間隔をあけますか？／スマートサイドドット（初回）してからピコフラクショナルまではどのくらい期間をあけたらいいですか？／スマートサイドドット（初回）の後にピコフラクショナルはいつ受けられますか？／スマートサイドドット（初回）とピコフラクショナルは同日にできますか？,スマートサイドドット（初回）とピコフラクショナルは、別の部位であれば原則として同日に受けられます。同じ部位にピコフラクショナルを受ける場合は8週間あけてください。施術内容やお肌の状態によって前後することがあります。また回答の施術間隔は当院で治療をした方の目安であり、他院で治療をされている場合は直接お電話にてお問い合わせくださいませ。,"スマートサイドドット（初回）,ピコフラクショナル,スマサイ,スマートサイドドット,フラクショナル,間隔,空ける,あける,期間,どのくらい,どれくらい,何週間,何日あける,同日,してから,次の施術"
スマートサイドドット（初回）,そばかすシャワー,8週間,スマートサイドドット（初回）とそばかすシャワーの間隔／スマートサイドドット（初回）とそばかすシャワーの間隔は何週間ですか？／スマートサイドドット（初回）の後にそばかすシャワーはどのくらい空けますか？／スマートサイドドット（初回）とそばかすシャワーはどのくらい間隔をあけますか？／スマートサイドドット（初回）してからそばかすシャワーまではどのくらい期間をあけたらいいですか？／スマートサイドドット（初回）の後にそばかすシャワーはいつ受けられますか？／スマートサイドドット（初回）とそばかすシャワーは同日にできますか？,スマートサイドドット（初回）とそばかすシャワーは、別の部位であれば原則として同日に受けられます。同じ部位にそばかすシャワーを受ける場合は8週間あけてください。施術内容やお肌の状態によって前後することがあります。また回答の施術間隔は当院で治療をした方の目安であり、他院で治療をされている場合は直接お電話にてお問い合わせくださいませ。,"スマートサイドドット（初回）,そばかすシャワー,スマサイ,スマートサイドドット,そばかす,間隔,空ける,あける,期間,どのくらい,どれくらい,何週間,何日あける,同日,してから,次の施術"
スマートサイドドット（初回）,そばかすスポット,8週間,スマートサイドドット（初回）とそばかすスポットの間隔／スマートサイドドット（初回）とそばかすスポットの間隔は何週間ですか？／スマートサイドドット（初回）の後にそばかすスポットはどのくらい空けますか？／スマートサイドドット（初回）とそばかすスポットはどのくらい間隔をあけますか？／スマートサイドドット（初回）してからそばかすスポットまではどのくらい期間をあけたらいいですか？／スマートサイドドット（初回）の後にそばかすスポットはいつ受けられますか？／スマートサイドドット（初回）とそばかすスポットは同日にできますか？,スマートサイドドット（初回）とそばかすスポットは、別の部位であれば原則として同日に受けられます。同じ部位にそばかすスポットを受ける場合は8週間あけてください。施術内容やお肌の状態によって前後することがあります。また回答の施術間隔は当院で治療をした方の目安であり、他院で治療をされている場合は直接お電話にてお問い合わせくださいませ。,"スマートサイドドット（初回）,そばかすスポット,スマサイ,スマートサイドドット,そばかす,間隔,空ける,あける,期間,どのくらい,どれくらい,何週間,何日あける,同日,してから,次の施術"
スマートサイドドット（初回）,フォト/光治療,3週間,スマートサイドドット（初回）とフォト/光治療の間隔／スマートサイドドット（初回）とフォト/光治療の間隔は何週間ですか？／スマートサイドドット（初回）の後にフォト/光治療はどのくらい空けますか？／スマートサイドドット（初回）とフォト/光治療はどのくらい間隔をあけますか？／スマートサイドドット（初回）してからフォト/光治療まではどのくらい期間をあけたらいいですか？／スマートサイドドット（初回）の後にフォト/光治療はいつ受けられますか？／スマートサイドドット（初回）とフォト/光治療は同日にできますか？,スマートサイドドット（初回）とフォト/光治療は、別の部位であれば原則として同日に受けられます。同じ部位にフォト/光治療を受ける場合は3週間あけてください。施術内容やお肌の状態によって前後することがあります。また回答の施術間隔は当院で治療をした方の目安であり、他院で治療をされている場合は直接お電話にてお問い合わせくださいませ。,"スマートサイドドット（初回）,フォト/光治療,スマサイ,スマートサイドドット,フォトフェイシャル,フォト,光治療,IPL,間隔,空ける,あける,期間,どのくらい,どれくらい,何週間,何日あける,同日,してから,次の施術"
スマートサイドドット（初回）,赤み治療,3週間,スマートサイドドット（初回）と赤み治療の間隔／スマートサイドドット（初回）と赤み治療の間隔は何週間ですか？／スマートサイドドット（初回）の後に赤み治療はどのくらい空けますか？／スマートサイドドット（初回）と赤み治療はどのくらい間隔をあけますか？／スマートサイドドット（初回）してから赤み治療まではどのくらい期間をあけたらいいですか？／スマートサイドドット（初回）の後に赤み治療はいつ受けられますか？／スマートサイドドット（初回）と赤み治療は同日にできますか？,スマートサイドドット（初回）と赤み治療は、別の部位であれば原則として同日に受けられます。同じ部位に赤み治療を受ける場合は3週間あけてください。施術内容やお肌の状態によって前後することがあります。また回答の施術間隔は当院で治療をした方の目安であり、他院で治療をされている場合は直接お電話にてお問い合わせくださいませ。,"スマートサイドドット（初回）,赤み治療,スマサイ,スマートサイドドット,血管腫レーザー,赤ら顔,間隔,空ける,あける,期間,どのくらい,どれくらい,何週間,何日あける,同日,してから,次の施術"
スマートサイドドット（初回）,ボトックス,2週間,スマートサイドドット（初回）とボトックスの間隔／スマートサイドドット（初回）とボトックスの間隔は何週間ですか？／スマートサイドドット（初回）の後にボトックスはどのくらい空けますか？／スマートサイドドット（初回）とボトックスはどのくらい間隔をあけますか？／スマートサイドドット（初回）してからボトックスまではどのくらい期間をあけたらいいですか？／スマートサイドドット（初回）の後にボトックスはいつ受けられますか？／スマートサイドドット（初回）とボトックスは同日にできますか？,スマートサイドドット（初回）とボトックスは、別の部位であれば原則として同日に受けられます。同じ部位にボトックスを受ける場合は2週間あけてください。施術内容やお肌の状態によって前後することがあります。また回答の施術間隔は当院で治療をした方の目安であり、他院で治療をされている場合は直接お電話にてお問い合わせくださいませ。,"スマートサイドドット（初回）,ボトックス,スマサイ,スマートサイドドット,ボトックス注射,間隔,空ける,あける,期間,どのくらい,どれくらい,何週間,何日あける,同日,してから,次の施術"
スマートサイドドット（初回）,ボトックス（マイクロ）,2週間,スマートサイドドット（初回）とボトックス（マイクロ）の間隔／スマートサイドドット（初回）とボトックス（マイクロ）の間隔は何週間ですか？／スマートサイドドット（初回）の後にボトックス（マイクロ）はどのくらい空けますか？／スマートサイドドット（初回）とボトックス（マイクロ）はどのくらい間隔をあけますか？／スマートサイドドット（初回）してからボトックス（マイクロ）まではどのくらい期間をあけたらいいですか？／スマートサイドドット（初回）の後にボトックス（マイクロ）はいつ受けられますか？／スマートサイドドット（初回）とボトックス（マイクロ）は同日にできますか？,スマートサイドドット（初回）とボトックス（マイクロ）は、別の部位であれば原則として同日に受けられます。同じ部位にボトックス（マイクロ）を受ける場合は2週間あけてください。施術内容やお肌の状態によって前後することがあります。また回答の施術間隔は当院で治療をした方の目安であり、他院で治療をされている場合は直接お電話にてお問い合わせくださいませ。,"スマートサイドドット（初回）,ボトックス（マイクロ）,スマサイ,スマートサイドドット,マイクロボトックス,間隔,空ける,あける,期間,どのくらい,どれくらい,何週間,何日あける,同日,してから,次の施術"
スマートサイドドット（初回）,フラルスキン部分シミ,2週間,スマートサイドドット（初回）とフラルスキン部分シミの間隔／スマートサイドドット（初回）とフラルスキン部分シミの間隔は何週間ですか？／スマートサイドドット（初回）の後にフラルスキン部分シミはどのくらい空けますか？／スマートサイドドット（初回）とフラルスキン部分シミはどのくらい間隔をあけますか？／スマートサイドドット（初回）してからフラルスキン部分シミまではどのくらい期間をあけたらいいですか？／スマートサイドドット（初回）の後にフラルスキン部分シミはいつ受けられますか？／スマートサイドドット（初回）とフラルスキン部分シミは同日にできますか？,スマートサイドドット（初回）とフラルスキン部分シミは、別の部位であれば原則として同日に受けられます。同じ部位にフラルスキン部分シミを受ける場合は2週間あけてください。施術内容やお肌の状態によって前後することがあります。また回答の施術間隔は当院で治療をした方の目安であり、他院で治療をされている場合は直接お電話にてお問い合わせくださいませ。,"スマートサイドドット（初回）,フラルスキン部分シミ,スマサイ,スマートサイドドット,間隔,空ける,あける,期間,どのくらい,どれくらい,何週間,何日あける,同日,してから,次の施術"
スマートサイドドット（初回）,テノールネオ,2週間,スマートサイドドット（初回）とテノールネオの間隔／スマートサイドドット（初回）とテノールネオの間隔は何週間ですか？／スマートサイドドット（初回）の後にテノールネオはどのくらい空けますか？／スマートサイドドット（初回）とテノールネオはどのくらい間隔をあけますか？／スマートサイドドット（初回）してからテノールネオまではどのくらい期間をあけたらいいですか？／スマートサイドドット（初回）の後にテノールネオはいつ受けられますか？／スマートサイドドット（初回）とテノールネオは同日にできますか？,スマートサイドドット（初回）とテノールネオは、別の部位であれば原則として同日に受けられます。同じ部位にテノールネオを受ける場合は2週間あけてください。施術内容やお肌の状態によって前後することがあります。また回答の施術間隔は当院で治療をした方の目安であり、他院で治療をされている場合は直接お電話にてお問い合わせくださいませ。,"スマートサイドドット（初回）,テノールネオ,スマサイ,スマートサイドドット,テノールNEO,テノール,間隔,空ける,あける,期間,どのくらい,どれくらい,何週間,何日あける,同日,してから,次の施術"
スマートサイドドット（初回）,mikoメソッド,3週間,スマートサイドドット（初回）とmikoメソッドの間隔／スマートサイドドット（初回）とmikoメソッドの間隔は何週間ですか？／スマートサイドドット（初回）の後にmikoメソッドはどのくらい空けますか？／スマートサイドドット（初回）とmikoメソッドはどのくらい間隔をあけますか？／スマートサイドドット（初回）してからmikoメソッドまではどのくらい期間をあけたらいいですか？／スマートサイドドット（初回）の後にmikoメソッドはいつ受けられますか？／スマートサイドドット（初回）とmikoメソッドは同日にできますか？,スマートサイドドット（初回）とmikoメソッドは、別の部位であれば原則として同日に受けられます。同じ部位にmikoメソッドを受ける場合は3週間あけてください。施術内容やお肌の状態によって前後することがあります。また回答の施術間隔は当院で治療をした方の目安であり、他院で治療をされている場合は直接お電話にてお問い合わせくださいませ。,"スマートサイドドット（初回）,mikoメソッド,スマサイ,スマートサイドドット,miko,ミコメソッド,首イボ,間隔,空ける,あける,期間,どのくらい,どれくらい,何週間,何日あける,同日,してから,次の施術"
スマートサイドドット（初回）,ほくろ切除/ほくろ除去,3週間,スマートサイドドット（初回）とほくろ切除/ほくろ除去の間隔／スマートサイドドット（初回）とほくろ切除/ほくろ除去の間隔は何週間ですか？／スマートサイドドット（初回）の後にほくろ切除/ほくろ除去はどのくらい空けますか？／スマートサイドドット（初回）とほくろ切除/ほくろ除去はどのくらい間隔をあけますか？／スマートサイドドット（初回）してからほくろ切除/ほくろ除去まではどのくらい期間をあけたらいいですか？／スマートサイドドット（初回）の後にほくろ切除/ほくろ除去はいつ受けられますか？／スマートサイドドット（初回）とほくろ切除/ほくろ除去は同日にできますか？,スマートサイドドット（初回）とほくろ切除/ほくろ除去は、別の部位であれば原則として同日に受けられます。同じ部位にほくろ切除/ほくろ除去を受ける場合は3週間あけてください。施術内容やお肌の状態によって前後することがあります。また回答の施術間隔は当院で治療をした方の目安であり、他院で治療をされている場合は直接お電話にてお問い合わせくださいませ。,"スマートサイドドット（初回）,ほくろ切除/ほくろ除去,スマサイ,スマートサイドドット,ほくろ除去,ほくろ,間隔,空ける,あける,期間,どのくらい,どれくらい,何週間,何日あける,同日,してから,次の施術"
スマートサイドドット（初回）,ボライト,3週間,スマートサイドドット（初回）とボライトの間隔／スマートサイドドット（初回）とボライトの間隔は何週間ですか？／スマートサイドドット（初回）の後にボライトはどのくらい空けますか？／スマートサイドドット（初回）とボライトはどのくらい間隔をあけますか？／スマートサイドドット（初回）してからボライトまではどのくらい期間をあけたらいいですか？／スマートサイドドット（初回）の後にボライトはいつ受けられますか？／スマートサイドドット（初回）とボライトは同日にできますか？,スマートサイドドット（初回）とボライトは、別の部位であれば原則として同日に受けられます。同じ部位にボライトを受ける場合は3週間あけてください。施術内容やお肌の状態によって前後することがあります。また回答の施術間隔は当院で治療をした方の目安であり、他院で治療をされている場合は直接お電話にてお問い合わせくださいませ。,"スマートサイドドット（初回）,ボライト,スマサイ,スマートサイドドット,間隔,空ける,あける,期間,どのくらい,どれくらい,何週間,何日あける,同日,してから,次の施術"
スマートサイドドット（初回）,稗粒腫,3週間,スマートサイドドット（初回）と稗粒腫の間隔／スマートサイドドット（初回）と稗粒腫の間隔は何週間ですか？／スマートサイドドット（初回）の後に稗粒腫はどのくらい空けますか？／スマートサイドドット（初回）と稗粒腫はどのくらい間隔をあけますか？／スマートサイドドット（初回）してから稗粒腫まではどのくらい期間をあけたらいいですか？／スマートサイドドット（初回）の後に稗粒腫はいつ受けられますか？／スマートサイドドット（初回）と稗粒腫は同日にできますか？,スマートサイドドット（初回）と稗粒腫は、別の部位であれば原則として同日に受けられます。同じ部位に稗粒腫を受ける場合は3週間あけてください。施術内容やお肌の状態によって前後することがあります。また回答の施術間隔は当院で治療をした方の目安であり、他院で治療をされている場合は直接お電話にてお問い合わせくださいませ。,"スマートサイドドット（初回）,稗粒腫,スマサイ,スマートサイドドット,間隔,空ける,あける,期間,どのくらい,どれくらい,何週間,何日あける,同日,してから,次の施術"
スマートサイドドット（初回）,ヴェルヴェットスキン,3週間,スマートサイドドット（初回）とヴェルヴェットスキンの間隔／スマートサイドドット（初回）とヴェルヴェットスキンの間隔は何週間ですか？／スマートサイドドット（初回）の後にヴェルヴェットスキンはどのくらい空けますか？／スマートサイドドット（初回）とヴェルヴェットスキンはどのくらい間隔をあけますか？／スマートサイドドット（初回）してからヴェルヴェットスキンまではどのくらい期間をあけたらいいですか？／スマートサイドドット（初回）の後にヴェルヴェットスキンはいつ受けられますか？／スマートサイドドット（初回）とヴェルヴェットスキンは同日にできますか？,スマートサイドドット（初回）とヴェルヴェットスキンは、別の部位であれば原則として同日に受けられます。同じ部位にヴェルヴェットスキンを受ける場合は3週間あけてください。施術内容やお肌の状態によって前後することがあります。また回答の施術間隔は当院で治療をした方の目安であり、他院で治療をされている場合は直接お電話にてお問い合わせくださいませ。,"スマートサイドドット（初回）,ヴェルヴェットスキン,スマサイ,スマートサイドドット,ヴェルヴェット,ベルベットスキン,間隔,空ける,あける,期間,どのくらい,どれくらい,何週間,何日あける,同日,してから,次の施術"
スマートサイドドット（初回）,ダーマペン,2週間,スマートサイドドット（初回）とダーマペンの間隔／スマートサイドドット（初回）とダーマペンの間隔は何週間ですか？／スマートサイドドット（初回）の後にダーマペンはどのくらい空けますか？／スマートサイドドット（初回）とダーマペンはどのくらい間隔をあけますか？／スマートサイドドット（初回）してからダーマペンまではどのくらい期間をあけたらいいですか？／スマートサイドドット（初回）の後にダーマペンはいつ受けられますか？／スマートサイドドット（初回）とダーマペンは同日にできますか？,スマートサイドドット（初回）とダーマペンは、別の部位であれば原則として同日に受けられます。同じ部位にダーマペンを受ける場合は2週間あけてください。施術内容やお肌の状態によって前後することがあります。また回答の施術間隔は当院で治療をした方の目安であり、他院で治療をされている場合は直接お電話にてお問い合わせくださいませ。,"スマートサイドドット（初回）,ダーマペン,スマサイ,スマートサイドドット,ダーマペン4,間隔,空ける,あける,期間,どのくらい,どれくらい,何週間,何日あける,同日,してから,次の施術"
スマートサイドドット（初回）,HARG,（翌日）,スマートサイドドット（初回）とHARGの間隔／スマートサイドドット（初回）とHARGの間隔は何週間ですか？／スマートサイドドット（初回）の後にHARGはどのくらい空けますか？／スマートサイドドット（初回）とHARGはどのくらい間隔をあけますか？／スマートサイドドット（初回）してからHARGまではどのくらい期間をあけたらいいですか？／スマートサイドドット（初回）の後にHARGはいつ受けられますか？／スマートサイドドット（初回）とHARGは同日にできますか？,スマートサイドドット（初回）の後にHARG（部位が異なります）は翌日以降であれば受けられます。施術内容やお肌の状態によって前後することがあります。また回答の施術間隔は当院で治療をした方の目安であり、他院で治療をされている場合は直接お電話にてお問い合わせくださいませ。,"スマートサイドドット（初回）,HARG,スマサイ,スマートサイドドット,ハーグ,HARG療法,間隔,空ける,あける,期間,どのくらい,どれくらい,何週間,何日あける,同日,してから,次の施術"
スマートサイドドット（初回）,スカルプ・プラセンタエッセンス,（翌日）,スマートサイドドット（初回）とスカルプ・プラセンタエッセンスの間隔／スマートサイドドット（初回）とスカルプ・プラセンタエッセンスの間隔は何週間ですか？／スマートサイドドット（初回）の後にスカルプ・プラセンタエッセンスはどのくらい空けますか？／スマートサイドドット（初回）とスカルプ・プラセンタエッセンスはどのくらい間隔をあけますか？／スマートサイドドット（初回）してからスカルプ・プラセンタエッセンスまではどのくらい期間をあけたらいいですか？／スマートサイドドット（初回）の後にスカルプ・プラセンタエッセンスはいつ受けられますか？／スマートサイドドット（初回）とスカルプ・プラセンタエッセンスは同日にできますか？,スマートサイドドット（初回）の後にスカルプ・プラセンタエッセンス（部位が異なります）は翌日以降であれば受けられます。施術内容やお肌の状態によって前後することがあります。また回答の施術間隔は当院で治療をした方の目安であり、他院で治療をされている場合は直接お電話にてお問い合わせくださいませ。,"スマートサイドドット（初回）,スカルプ・プラセンタエッセンス,スマサイ,スマートサイドドット,スカルプ,プラセンタ,間隔,空ける,あける,期間,どのくらい,どれくらい,何週間,何日あける,同日,してから,次の施術"
スマートサイドドット（初回）,コラーゲンピール,3週間,スマートサイドドット（初回）とコラーゲンピールの間隔／スマートサイドドット（初回）とコラーゲンピールの間隔は何週間ですか？／スマートサイドドット（初回）の後にコラーゲンピールはどのくらい空けますか？／スマートサイドドット（初回）とコラーゲンピールはどのくらい間隔をあけますか？／スマートサイドドット（初回）してからコラーゲンピールまではどのくらい期間をあけたらいいですか？／スマートサイドドット（初回）の後にコラーゲンピールはいつ受けられますか？／スマートサイドドット（初回）とコラーゲンピールは同日にできますか？,スマートサイドドット（初回）とコラーゲンピールは、別の部位であれば原則として同日に受けられます。同じ部位にコラーゲンピールを受ける場合は3週間あけてください。施術内容やお肌の状態によって前後することがあります。また回答の施術間隔は当院で治療をした方の目安であり、他院で治療をされている場合は直接お電話にてお問い合わせくださいませ。,"スマートサイドドット（初回）,コラーゲンピール,スマサイ,スマートサイドドット,マッサージピール,間隔,空ける,あける,期間,どのくらい,どれくらい,何週間,何日あける,同日,してから,次の施術"
スマートサイドドット（初回）,サーマクール,3週間,スマートサイドドット（初回）とサーマクールの間隔／スマートサイドドット（初回）とサーマクールの間隔は何週間ですか？／スマートサイドドット（初回）の後にサーマクールはどのくらい空けますか？／スマートサイドドット（初回）とサーマクールはどのくらい間隔をあけますか？／スマートサイドドット（初回）してからサーマクールまではどのくらい期間をあけたらいいですか？／スマートサイドドット（初回）の後にサーマクールはいつ受けられますか？／スマートサイドドット（初回）とサーマクールは同日にできますか？,スマートサイドドット（初回）とサーマクールは、別の部位であれば原則として同日に受けられます。同じ部位にサーマクールを受ける場合は3週間あけてください。施術内容やお肌の状態によって前後することがあります。また回答の施術間隔は当院で治療をした方の目安であり、他院で治療をされている場合は直接お電話にてお問い合わせくださいませ。,"スマートサイドドット（初回）,サーマクール,スマサイ,スマートサイドドット,サーマ,間隔,空ける,あける,期間,どのくらい,どれくらい,何週間,何日あける,同日,してから,次の施術"
スマートサイドドット（初回）,脱毛,2週間,スマートサイドドット（初回）と脱毛の間隔／スマートサイドドット（初回）と脱毛の間隔は何週間ですか？／スマートサイドドット（初回）の後に脱毛はどのくらい空けますか？／スマートサイドドット（初回）と脱毛はどのくらい間隔をあけますか？／スマートサイドドット（初回）してから脱毛まではどのくらい期間をあけたらいいですか？／スマートサイドドット（初回）の後に脱毛はいつ受けられますか？／スマートサイドドット（初回）と脱毛は同日にできますか？,スマートサイドドット（初回）と脱毛は、別の部位であれば原則として同日に受けられます。同じ部位に脱毛を受ける場合は2週間あけてください。施術内容やお肌の状態によって前後することがあります。また回答の施術間隔は当院で治療をした方の目安であり、他院で治療をされている場合は直接お電話にてお問い合わせくださいませ。,"スマートサイドドット（初回）,脱毛,スマサイ,スマートサイドドット,医療脱毛,顔脱毛,全身脱毛,VIO脱毛,ひげ脱毛,レーザー脱毛,間隔,空ける,あける,期間,どのくらい,どれくらい,何週間,何日あける,同日,してから,次の施術"
スマートサイドドット（初回）,タトゥー,2週間,スマートサイドドット（初回）とタトゥーの間隔／スマートサイドドット（初回）とタトゥーの間隔は何週間ですか？／スマートサイドドット（初回）の後にタトゥーはどのくらい空けますか？／スマートサイドドット（初回）とタトゥーはどのくらい間隔をあけますか？／スマートサイドドット（初回）してからタトゥーまではどのくらい期間をあけたらいいですか？／スマートサイドドット（初回）の後にタトゥーはいつ受けられますか？／スマートサイドドット（初回）とタトゥーは同日にできますか？,スマートサイドドット（初回）とタトゥーは、別の部位であれば原則として同日に受けられます。同じ部位にタトゥーを受ける場合は2週間あけてください。施術内容やお肌の状態によって前後することがあります。また回答の施術間隔は当院で治療をした方の目安であり、他院で治療をされている場合は直接お電話にてお問い合わせくださいませ。,"スマートサイドドット（初回）,タトゥー,スマサイ,スマートサイドドット,刺青,タトゥー除去,間隔,空ける,あける,期間,どのくらい,どれくらい,何週間,何日あける,同日,してから,次の施術"
スマートサイドドット（初回）,アートメイク,同日可,スマートサイドドット（初回）とアートメイクの間隔／スマートサイドドット（初回）とアートメイクの間隔は何週間ですか？／スマートサイドドット（初回）の後にアートメイクはどのくらい空けますか？／スマートサイドドット（初回）とアートメイクはどのくらい間隔をあけますか？／スマートサイドドット（初回）してからアートメイクまではどのくらい期間をあけたらいいですか？／スマートサイドドット（初回）の後にアートメイクはいつ受けられますか？／スマートサイドドット（初回）とアートメイクは同日にできますか？,スマートサイドドット（初回）とアートメイクは同日に受けられます。施術内容やお肌の状態によって前後することがあります。また回答の施術間隔は当院で治療をした方の目安であり、他院で治療をされている場合は直接お電話にてお問い合わせくださいませ。,"スマートサイドドット（初回）,アートメイク,スマサイ,スマートサイドドット,間隔,空ける,あける,期間,どのくらい,どれくらい,何週間,何日あける,同日,してから,次の施術"
イボレーザー/CO2レーザー,ハイドラジェントル,4週間,イボレーザー/CO2レーザーとハイドラジェントルの間隔／イボレーザー/CO2レーザーとハイドラジェントルの間隔は何週間ですか？／イボレーザー/CO2レーザーの後にハイドラジェントルはどのくらい空けますか？／イボレーザー/CO2レーザーとハイドラジェントルはどのくらい間隔をあけますか？／イボレーザー/CO2レーザーしてからハイドラジェントルまではどのくらい期間をあけたらいいですか？／イボレーザー/CO2レーザーの後にハイドラジェントルはいつ受けられますか？／イボレーザー/CO2レーザーとハイドラジェントルは同日にできますか？,イボレーザー/CO2レーザーとハイドラジェントルは、別の部位であれば原則として同日に受けられます。同じ部位にハイドラジェントルを受ける場合は4週間あけてください。施術内容やお肌の状態によって前後することがあります。また回答の施術間隔は当院で治療をした方の目安であり、他院で治療をされている場合は直接お電話にてお問い合わせくださいませ。,"イボレーザー/CO2レーザー,ハイドラジェントル,炭酸ガスレーザー,CO2レーザー,イボ取り,いぼレーザー,ハイドラ,間隔,空ける,あける,期間,どのくらい,どれくらい,何週間,何日あける,同日,してから,次の施術"
イボレーザー/CO2レーザー,ケミカルピーリング,4週間,イボレーザー/CO2レーザーとケミカルピーリングの間隔／イボレーザー/CO2レーザーとケミカルピーリングの間隔は何週間ですか？／イボレーザー/CO2レーザーの後にケミカルピーリングはどのくらい空けますか？／イボレーザー/CO2レーザーとケミカルピーリングはどのくらい間隔をあけますか？／イボレーザー/CO2レーザーしてからケミカルピーリングまではどのくらい期間をあけたらいいですか？／イボレーザー/CO2レーザーの後にケミカルピーリングはいつ受けられますか？／イボレーザー/CO2レーザーとケミカルピーリングは同日にできますか？,イボレーザー/CO2レーザーとケミカルピーリングは、別の部位であれば原則として同日に受けられます。同じ部位にケミカルピーリングを受ける場合は4週間あけてください。施術内容やお肌の状態によって前後することがあります。また回答の施術間隔は当院で治療をした方の目安であり、他院で治療をされている場合は直接お電話にてお問い合わせくださいませ。,"イボレーザー/CO2レーザー,ケミカルピーリング,炭酸ガスレーザー,CO2レーザー,イボ取り,いぼレーザー,ピーリング,間隔,空ける,あける,期間,どのくらい,どれくらい,何週間,何日あける,同日,してから,次の施術"
イボレーザー/CO2レーザー,スマートサイドドット（2回目以降）,4週間,イボレーザー/CO2レーザーとスマートサイドドット（2回目以降）の間隔／イボレーザー/CO2レーザーとスマートサイドドット（2回目以降）の間隔は何週間ですか？／イボレーザー/CO2レーザーの後にスマートサイドドット（2回目以降）はどのくらい空けますか？／イボレーザー/CO2レーザーとスマートサイドドット（2回目以降）はどのくらい間隔をあけますか？／イボレーザー/CO2レーザーしてからスマートサイドドット（2回目以降）まではどのくらい期間をあけたらいいですか？／イボレーザー/CO2レーザーの後にスマートサイドドット（2回目以降）はいつ受けられますか？／イボレーザー/CO2レーザーとスマートサイドドット（2回目以降）は同日にできますか？,イボレーザー/CO2レーザーとスマートサイドドット（2回目以降）は、別の部位であれば原則として同日に受けられます。同じ部位にスマートサイドドット（2回目以降）を受ける場合は4週間あけてください。施術内容やお肌の状態によって前後することがあります。また回答の施術間隔は当院で治療をした方の目安であり、他院で治療をされている場合は直接お電話にてお問い合わせくださいませ。,"イボレーザー/CO2レーザー,スマートサイドドット（2回目以降）,炭酸ガスレーザー,CO2レーザー,イボ取り,いぼレーザー,スマサイ,スマートサイドドット,間隔,空ける,あける,期間,どのくらい,どれくらい,何週間,何日あける,同日,してから,次の施術"
イボレーザー/CO2レーザー,スマートサイドドット（初回）,4週間,イボレーザー/CO2レーザーとスマートサイドドット（初回）の間隔／イボレーザー/CO2レーザーとスマートサイドドット（初回）の間隔は何週間ですか？／イボレーザー/CO2レーザーの後にスマートサイドドット（初回）はどのくらい空けますか？／イボレーザー/CO2レーザーとスマートサイドドット（初回）はどのくらい間隔をあけますか？／イボレーザー/CO2レーザーしてからスマートサイドドット（初回）まではどのくらい期間をあけたらいいですか？／イボレーザー/CO2レーザーの後にスマートサイドドット（初回）はいつ受けられますか？／イボレーザー/CO2レーザーとスマートサイドドット（初回）は同日にできますか？,イボレーザー/CO2レーザーとスマートサイドドット（初回）は、別の部位であれば原則として同日に受けられます。同じ部位にスマートサイドドット（初回）を受ける場合は4週間あけてください。施術内容やお肌の状態によって前後することがあります。また回答の施術間隔は当院で治療をした方の目安であり、他院で治療をされている場合は直接お電話にてお問い合わせくださいませ。,"イボレーザー/CO2レーザー,スマートサイドドット（初回）,炭酸ガスレーザー,CO2レーザー,イボ取り,いぼレーザー,スマサイ,スマートサイドドット,間隔,空ける,あける,期間,どのくらい,どれくらい,何週間,何日あける,同日,してから,次の施術"
イボレーザー/CO2レーザー,イボレーザー/CO2レーザー,(2週間)※,イボレーザー/CO2レーザーとイボレーザー/CO2レーザーの間隔／イボレーザー/CO2レーザーとイボレーザー/CO2レーザーの間隔は何週間ですか？／イボレーザー/CO2レーザーの後にイボレーザー/CO2レーザーはどのくらい空けますか？／イボレーザー/CO2レーザーとイボレーザー/CO2レーザーはどのくらい間隔をあけますか？／イボレーザー/CO2レーザーしてからイボレーザー/CO2レーザーまではどのくらい期間をあけたらいいですか？／イボレーザー/CO2レーザーの後にイボレーザー/CO2レーザーはいつ受けられますか？／イボレーザー/CO2レーザーとイボレーザー/CO2レーザーは同日にできますか？,イボレーザー/CO2レーザーの後にイボレーザー/CO2レーザー（別の部位）を受ける場合は2週間あけてください。施術内容やお肌の状態によって前後することがあります。また回答の施術間隔は当院で治療をした方の目安であり、他院で治療をされている場合は直接お電話にてお問い合わせくださいませ。,"イボレーザー/CO2レーザー,炭酸ガスレーザー,CO2レーザー,イボ取り,いぼレーザー,間隔,空ける,あける,期間,どのくらい,どれくらい,何週間,何日あける,同日,してから,次の施術"
イボレーザー/CO2レーザー,シミ取りレーザー,4週間,イボレーザー/CO2レーザーとシミ取りレーザーの間隔／イボレーザー/CO2レーザーとシミ取りレーザーの間隔は何週間ですか？／イボレーザー/CO2レーザーの後にシミ取りレーザーはどのくらい空けますか？／イボレーザー/CO2レーザーとシミ取りレーザーはどのくらい間隔をあけますか？／イボレーザー/CO2レーザーしてからシミ取りレーザーまではどのくらい期間をあけたらいいですか？／イボレーザー/CO2レーザーの後にシミ取りレーザーはいつ受けられますか？／イボレーザー/CO2レーザーとシミ取りレーザーは同日にできますか？,イボレーザー/CO2レーザーとシミ取りレーザーは、別の部位であれば原則として同日に受けられます。同じ部位にシミ取りレーザーを受ける場合は4週間あけてください。施術内容やお肌の状態によって前後することがあります。また回答の施術間隔は当院で治療をした方の目安であり、他院で治療をされている場合は直接お電話にてお問い合わせくださいませ。,"イボレーザー/CO2レーザー,シミ取りレーザー,炭酸ガスレーザー,CO2レーザー,イボ取り,いぼレーザー,シミレーザー,シミ取り,間隔,空ける,あける,期間,どのくらい,どれくらい,何週間,何日あける,同日,してから,次の施術"
イボレーザー/CO2レーザー,ADM/ピコレーザ,4週間,イボレーザー/CO2レーザーとADM/ピコレーザの間隔／イボレーザー/CO2レーザーとADM/ピコレーザの間隔は何週間ですか？／イボレーザー/CO2レーザーの後にADM/ピコレーザはどのくらい空けますか？／イボレーザー/CO2レーザーとADM/ピコレーザはどのくらい間隔をあけますか？／イボレーザー/CO2レーザーしてからADM/ピコレーザまではどのくらい期間をあけたらいいですか？／イボレーザー/CO2レーザーの後にADM/ピコレーザはいつ受けられますか？／イボレーザー/CO2レーザーとADM/ピコレーザは同日にできますか？,イボレーザー/CO2レーザーとADM/ピコレーザは、別の部位であれば原則として同日に受けられます。同じ部位にADM/ピコレーザを受ける場合は4週間あけてください。施術内容やお肌の状態によって前後することがあります。また回答の施術間隔は当院で治療をした方の目安であり、他院で治療をされている場合は直接お電話にてお問い合わせくださいませ。,"イボレーザー/CO2レーザー,ADM/ピコレーザ,炭酸ガスレーザー,CO2レーザー,イボ取り,いぼレーザー,ADMレーザー,ピコレーザー,ADM,間隔,空ける,あける,期間,どのくらい,どれくらい,何週間,何日あける,同日,してから,次の施術"
イボレーザー/CO2レーザー,ADM/ナノレーザー,4週間,イボレーザー/CO2レーザーとADM/ナノレーザーの間隔／イボレーザー/CO2レーザーとADM/ナノレーザーの間隔は何週間ですか？／イボレーザー/CO2レーザーの後にADM/ナノレーザーはどのくらい空けますか？／イボレーザー/CO2レーザーとADM/ナノレーザーはどのくらい間隔をあけますか？／イボレーザー/CO2レーザーしてからADM/ナノレーザーまではどのくらい期間をあけたらいいですか？／イボレーザー/CO2レーザーの後にADM/ナノレーザーはいつ受けられますか？／イボレーザー/CO2レーザーとADM/ナノレーザーは同日にできますか？,イボレーザー/CO2レーザーとADM/ナノレーザーは、別の部位であれば原則として同日に受けられます。同じ部位にADM/ナノレーザーを受ける場合は4週間あけてください。施術内容やお肌の状態によって前後することがあります。また回答の施術間隔は当院で治療をした方の目安であり、他院で治療をされている場合は直接お電話にてお問い合わせくださいませ。,"イボレーザー/CO2レーザー,ADM/ナノレーザー,炭酸ガスレーザー,CO2レーザー,イボ取り,いぼレーザー,ADMレーザー,ナノレーザー,ADM,間隔,空ける,あける,期間,どのくらい,どれくらい,何週間,何日あける,同日,してから,次の施術"
イボレーザー/CO2レーザー,レーザートーニング,4週間,イボレーザー/CO2レーザーとレーザートーニングの間隔／イボレーザー/CO2レーザーとレーザートーニングの間隔は何週間ですか？／イボレーザー/CO2レーザーの後にレーザートーニングはどのくらい空けますか？／イボレーザー/CO2レーザーとレーザートーニングはどのくらい間隔をあけますか？／イボレーザー/CO2レーザーしてからレーザートーニングまではどのくらい期間をあけたらいいですか？／イボレーザー/CO2レーザーの後にレーザートーニングはいつ受けられますか？／イボレーザー/CO2レーザーとレーザートーニングは同日にできますか？,イボレーザー/CO2レーザーとレーザートーニングは、別の部位であれば原則として同日に受けられます。同じ部位にレーザートーニングを受ける場合は4週間あけてください。施術内容やお肌の状態によって前後することがあります。また回答の施術間隔は当院で治療をした方の目安であり、他院で治療をされている場合は直接お電話にてお問い合わせくださいませ。,"イボレーザー/CO2レーザー,レーザートーニング,炭酸ガスレーザー,CO2レーザー,イボ取り,いぼレーザー,トーニング,間隔,空ける,あける,期間,どのくらい,どれくらい,何週間,何日あける,同日,してから,次の施術"
イボレーザー/CO2レーザー,ピコトーニング,4週間,イボレーザー/CO2レーザーとピコトーニングの間隔／イボレーザー/CO2レーザーとピコトーニングの間隔は何週間ですか？／イボレーザー/CO2レーザーの後にピコトーニングはどのくらい空けますか？／イボレーザー/CO2レーザーとピコトーニングはどのくらい間隔をあけますか？／イボレーザー/CO2レーザーしてからピコトーニングまではどのくらい期間をあけたらいいですか？／イボレーザー/CO2レーザーの後にピコトーニングはいつ受けられますか？／イボレーザー/CO2レーザーとピコトーニングは同日にできますか？,イボレーザー/CO2レーザーとピコトーニングは、別の部位であれば原則として同日に受けられます。同じ部位にピコトーニングを受ける場合は4週間あけてください。施術内容やお肌の状態によって前後することがあります。また回答の施術間隔は当院で治療をした方の目安であり、他院で治療をされている場合は直接お電話にてお問い合わせくださいませ。,"イボレーザー/CO2レーザー,ピコトーニング,炭酸ガスレーザー,CO2レーザー,イボ取り,いぼレーザー,トーニング,ピコ,間隔,空ける,あける,期間,どのくらい,どれくらい,何週間,何日あける,同日,してから,次の施術"
イボレーザー/CO2レーザー,ピコフラクショナル,4週間,イボレーザー/CO2レーザーとピコフラクショナルの間隔／イボレーザー/CO2レーザーとピコフラクショナルの間隔は何週間ですか？／イボレーザー/CO2レーザーの後にピコフラクショナルはどのくらい空けますか？／イボレーザー/CO2レーザーとピコフラクショナルはどのくらい間隔をあけますか？／イボレーザー/CO2レーザーしてからピコフラクショナルまではどのくらい期間をあけたらいいですか？／イボレーザー/CO2レーザーの後にピコフラクショナルはいつ受けられますか？／イボレーザー/CO2レーザーとピコフラクショナルは同日にできますか？,イボレーザー/CO2レーザーとピコフラクショナルは、別の部位であれば原則として同日に受けられます。同じ部位にピコフラクショナルを受ける場合は4週間あけてください。施術内容やお肌の状態によって前後することがあります。また回答の施術間隔は当院で治療をした方の目安であり、他院で治療をされている場合は直接お電話にてお問い合わせくださいませ。,"イボレーザー/CO2レーザー,ピコフラクショナル,炭酸ガスレーザー,CO2レーザー,イボ取り,いぼレーザー,フラクショナル,間隔,空ける,あける,期間,どのくらい,どれくらい,何週間,何日あける,同日,してから,次の施術"
イボレーザー/CO2レーザー,そばかすシャワー,4週間,イボレーザー/CO2レーザーとそばかすシャワーの間隔／イボレーザー/CO2レーザーとそばかすシャワーの間隔は何週間ですか？／イボレーザー/CO2レーザーの後にそばかすシャワーはどのくらい空けますか？／イボレーザー/CO2レーザーとそばかすシャワーはどのくらい間隔をあけますか？／イボレーザー/CO2レーザーしてからそばかすシャワーまではどのくらい期間をあけたらいいですか？／イボレーザー/CO2レーザーの後にそばかすシャワーはいつ受けられますか？／イボレーザー/CO2レーザーとそばかすシャワーは同日にできますか？,イボレーザー/CO2レーザーとそばかすシャワーは、別の部位であれば原則として同日に受けられます。同じ部位にそばかすシャワーを受ける場合は4週間あけてください。施術内容やお肌の状態によって前後することがあります。また回答の施術間隔は当院で治療をした方の目安であり、他院で治療をされている場合は直接お電話にてお問い合わせくださいませ。,"イボレーザー/CO2レーザー,そばかすシャワー,炭酸ガスレーザー,CO2レーザー,イボ取り,いぼレーザー,そばかす,間隔,空ける,あける,期間,どのくらい,どれくらい,何週間,何日あける,同日,してから,次の施術"
イボレーザー/CO2レーザー,そばかすスポット,4週間,イボレーザー/CO2レーザーとそばかすスポットの間隔／イボレーザー/CO2レーザーとそばかすスポットの間隔は何週間ですか？／イボレーザー/CO2レーザーの後にそばかすスポットはどのくらい空けますか？／イボレーザー/CO2レーザーとそばかすスポットはどのくらい間隔をあけますか？／イボレーザー/CO2レーザーしてからそばかすスポットまではどのくらい期間をあけたらいいですか？／イボレーザー/CO2レーザーの後にそばかすスポットはいつ受けられますか？／イボレーザー/CO2レーザーとそばかすスポットは同日にできますか？,イボレーザー/CO2レーザーとそばかすスポットは、別の部位であれば原則として同日に受けられます。同じ部位にそばかすスポットを受ける場合は4週間あけてください。施術内容やお肌の状態によって前後することがあります。また回答の施術間隔は当院で治療をした方の目安であり、他院で治療をされている場合は直接お電話にてお問い合わせくださいませ。,"イボレーザー/CO2レーザー,そばかすスポット,炭酸ガスレーザー,CO2レーザー,イボ取り,いぼレーザー,そばかす,間隔,空ける,あける,期間,どのくらい,どれくらい,何週間,何日あける,同日,してから,次の施術"
イボレーザー/CO2レーザー,フォト/光治療,4週間,イボレーザー/CO2レーザーとフォト/光治療の間隔／イボレーザー/CO2レーザーとフォト/光治療の間隔は何週間ですか？／イボレーザー/CO2レーザーの後にフォト/光治療はどのくらい空けますか？／イボレーザー/CO2レーザーとフォト/光治療はどのくらい間隔をあけますか？／イボレーザー/CO2レーザーしてからフォト/光治療まではどのくらい期間をあけたらいいですか？／イボレーザー/CO2レーザーの後にフォト/光治療はいつ受けられますか？／イボレーザー/CO2レーザーとフォト/光治療は同日にできますか？,イボレーザー/CO2レーザーとフォト/光治療は、別の部位であれば原則として同日に受けられます。同じ部位にフォト/光治療を受ける場合は4週間あけてください。施術内容やお肌の状態によって前後することがあります。また回答の施術間隔は当院で治療をした方の目安であり、他院で治療をされている場合は直接お電話にてお問い合わせくださいませ。,"イボレーザー/CO2レーザー,フォト/光治療,炭酸ガスレーザー,CO2レーザー,イボ取り,いぼレーザー,フォトフェイシャル,フォト,光治療,IPL,間隔,空ける,あける,期間,どのくらい,どれくらい,何週間,何日あける,同日,してから,次の施術"
イボレーザー/CO2レーザー,赤み治療,4週間,イボレーザー/CO2レーザーと赤み治療の間隔／イボレーザー/CO2レーザーと赤み治療の間隔は何週間ですか？／イボレーザー/CO2レーザーの後に赤み治療はどのくらい空けますか？／イボレーザー/CO2レーザーと赤み治療はどのくらい間隔をあけますか？／イボレーザー/CO2レーザーしてから赤み治療まではどのくらい期間をあけたらいいですか？／イボレーザー/CO2レーザーの後に赤み治療はいつ受けられますか？／イボレーザー/CO2レーザーと赤み治療は同日にできますか？,イボレーザー/CO2レーザーと赤み治療は、別の部位であれば原則として同日に受けられます。同じ部位に赤み治療を受ける場合は4週間あけてください。施術内容やお肌の状態によって前後することがあります。また回答の施術間隔は当院で治療をした方の目安であり、他院で治療をされている場合は直接お電話にてお問い合わせくださいませ。,"イボレーザー/CO2レーザー,赤み治療,炭酸ガスレーザー,CO2レーザー,イボ取り,いぼレーザー,血管腫レーザー,赤ら顔,間隔,空ける,あける,期間,どのくらい,どれくらい,何週間,何日あける,同日,してから,次の施術"
イボレーザー/CO2レーザー,ボトックス,4週間,イボレーザー/CO2レーザーとボトックスの間隔／イボレーザー/CO2レーザーとボトックスの間隔は何週間ですか？／イボレーザー/CO2レーザーの後にボトックスはどのくらい空けますか？／イボレーザー/CO2レーザーとボトックスはどのくらい間隔をあけますか？／イボレーザー/CO2レーザーしてからボトックスまではどのくらい期間をあけたらいいですか？／イボレーザー/CO2レーザーの後にボトックスはいつ受けられますか？／イボレーザー/CO2レーザーとボトックスは同日にできますか？,イボレーザー/CO2レーザーとボトックスは、別の部位であれば原則として同日に受けられます。同じ部位にボトックスを受ける場合は4週間あけてください。施術内容やお肌の状態によって前後することがあります。また回答の施術間隔は当院で治療をした方の目安であり、他院で治療をされている場合は直接お電話にてお問い合わせくださいませ。,"イボレーザー/CO2レーザー,ボトックス,炭酸ガスレーザー,CO2レーザー,イボ取り,いぼレーザー,ボトックス注射,間隔,空ける,あける,期間,どのくらい,どれくらい,何週間,何日あける,同日,してから,次の施術"
イボレーザー/CO2レーザー,ボトックス（マイクロ）,4週間,イボレーザー/CO2レーザーとボトックス（マイクロ）の間隔／イボレーザー/CO2レーザーとボトックス（マイクロ）の間隔は何週間ですか？／イボレーザー/CO2レーザーの後にボトックス（マイクロ）はどのくらい空けますか？／イボレーザー/CO2レーザーとボトックス（マイクロ）はどのくらい間隔をあけますか？／イボレーザー/CO2レーザーしてからボトックス（マイクロ）まではどのくらい期間をあけたらいいですか？／イボレーザー/CO2レーザーの後にボトックス（マイクロ）はいつ受けられますか？／イボレーザー/CO2レーザーとボトックス（マイクロ）は同日にできますか？,イボレーザー/CO2レーザーとボトックス（マイクロ）は、別の部位であれば原則として同日に受けられます。同じ部位にボトックス（マイクロ）を受ける場合は4週間あけてください。施術内容やお肌の状態によって前後することがあります。また回答の施術間隔は当院で治療をした方の目安であり、他院で治療をされている場合は直接お電話にてお問い合わせくださいませ。,"イボレーザー/CO2レーザー,ボトックス（マイクロ）,炭酸ガスレーザー,CO2レーザー,イボ取り,いぼレーザー,マイクロボトックス,間隔,空ける,あける,期間,どのくらい,どれくらい,何週間,何日あける,同日,してから,次の施術"
イボレーザー/CO2レーザー,フラルスキン部分シミ,2週間,イボレーザー/CO2レーザーとフラルスキン部分シミの間隔／イボレーザー/CO2レーザーとフラルスキン部分シミの間隔は何週間ですか？／イボレーザー/CO2レーザーの後にフラルスキン部分シミはどのくらい空けますか？／イボレーザー/CO2レーザーとフラルスキン部分シミはどのくらい間隔をあけますか？／イボレーザー/CO2レーザーしてからフラルスキン部分シミまではどのくらい期間をあけたらいいですか？／イボレーザー/CO2レーザーの後にフラルスキン部分シミはいつ受けられますか？／イボレーザー/CO2レーザーとフラルスキン部分シミは同日にできますか？,イボレーザー/CO2レーザーとフラルスキン部分シミは、別の部位であれば原則として同日に受けられます。同じ部位にフラルスキン部分シミを受ける場合は2週間あけてください。施術内容やお肌の状態によって前後することがあります。また回答の施術間隔は当院で治療をした方の目安であり、他院で治療をされている場合は直接お電話にてお問い合わせくださいませ。,"イボレーザー/CO2レーザー,フラルスキン部分シミ,炭酸ガスレーザー,CO2レーザー,イボ取り,いぼレーザー,間隔,空ける,あける,期間,どのくらい,どれくらい,何週間,何日あける,同日,してから,次の施術"
イボレーザー/CO2レーザー,テノールネオ,4週間,イボレーザー/CO2レーザーとテノールネオの間隔／イボレーザー/CO2レーザーとテノールネオの間隔は何週間ですか？／イボレーザー/CO2レーザーの後にテノールネオはどのくらい空けますか？／イボレーザー/CO2レーザーとテノールネオはどのくらい間隔をあけますか？／イボレーザー/CO2レーザーしてからテノールネオまではどのくらい期間をあけたらいいですか？／イボレーザー/CO2レーザーの後にテノールネオはいつ受けられますか？／イボレーザー/CO2レーザーとテノールネオは同日にできますか？,イボレーザー/CO2レーザーとテノールネオは、別の部位であれば原則として同日に受けられます。同じ部位にテノールネオを受ける場合は4週間あけてください。施術内容やお肌の状態によって前後することがあります。また回答の施術間隔は当院で治療をした方の目安であり、他院で治療をされている場合は直接お電話にてお問い合わせくださいませ。,"イボレーザー/CO2レーザー,テノールネオ,炭酸ガスレーザー,CO2レーザー,イボ取り,いぼレーザー,テノールNEO,テノール,間隔,空ける,あける,期間,どのくらい,どれくらい,何週間,何日あける,同日,してから,次の施術"
イボレーザー/CO2レーザー,mikoメソッド,4週間,イボレーザー/CO2レーザーとmikoメソッドの間隔／イボレーザー/CO2レーザーとmikoメソッドの間隔は何週間ですか？／イボレーザー/CO2レーザーの後にmikoメソッドはどのくらい空けますか？／イボレーザー/CO2レーザーとmikoメソッドはどのくらい間隔をあけますか？／イボレーザー/CO2レーザーしてからmikoメソッドまではどのくらい期間をあけたらいいですか？／イボレーザー/CO2レーザーの後にmikoメソッドはいつ受けられますか？／イボレーザー/CO2レーザーとmikoメソッドは同日にできますか？,イボレーザー/CO2レーザーとmikoメソッドは、別の部位であれば原則として同日に受けられます。同じ部位にmikoメソッドを受ける場合は4週間あけてください。施術内容やお肌の状態によって前後することがあります。また回答の施術間隔は当院で治療をした方の目安であり、他院で治療をされている場合は直接お電話にてお問い合わせくださいませ。,"イボレーザー/CO2レーザー,mikoメソッド,炭酸ガスレーザー,CO2レーザー,イボ取り,いぼレーザー,miko,ミコメソッド,首イボ,間隔,空ける,あける,期間,どのくらい,どれくらい,何週間,何日あける,同日,してから,次の施術"
イボレーザー/CO2レーザー,ほくろ切除/ほくろ除去,4週間,イボレーザー/CO2レーザーとほくろ切除/ほくろ除去の間隔／イボレーザー/CO2レーザーとほくろ切除/ほくろ除去の間隔は何週間ですか？／イボレーザー/CO2レーザーの後にほくろ切除/ほくろ除去はどのくらい空けますか？／イボレーザー/CO2レーザーとほくろ切除/ほくろ除去はどのくらい間隔をあけますか？／イボレーザー/CO2レーザーしてからほくろ切除/ほくろ除去まではどのくらい期間をあけたらいいですか？／イボレーザー/CO2レーザーの後にほくろ切除/ほくろ除去はいつ受けられますか？／イボレーザー/CO2レーザーとほくろ切除/ほくろ除去は同日にできますか？,イボレーザー/CO2レーザーとほくろ切除/ほくろ除去は、別の部位であれば原則として同日に受けられます。同じ部位にほくろ切除/ほくろ除去を受ける場合は4週間あけてください。施術内容やお肌の状態によって前後することがあります。また回答の施術間隔は当院で治療をした方の目安であり、他院で治療をされている場合は直接お電話にてお問い合わせくださいませ。,"イボレーザー/CO2レーザー,ほくろ切除/ほくろ除去,炭酸ガスレーザー,CO2レーザー,イボ取り,いぼレーザー,ほくろ除去,ほくろ,間隔,空ける,あける,期間,どのくらい,どれくらい,何週間,何日あける,同日,してから,次の施術"
イボレーザー/CO2レーザー,ボライト,4週間,イボレーザー/CO2レーザーとボライトの間隔／イボレーザー/CO2レーザーとボライトの間隔は何週間ですか？／イボレーザー/CO2レーザーの後にボライトはどのくらい空けますか？／イボレーザー/CO2レーザーとボライトはどのくらい間隔をあけますか？／イボレーザー/CO2レーザーしてからボライトまではどのくらい期間をあけたらいいですか？／イボレーザー/CO2レーザーの後にボライトはいつ受けられますか？／イボレーザー/CO2レーザーとボライトは同日にできますか？,イボレーザー/CO2レーザーとボライトは、別の部位であれば原則として同日に受けられます。同じ部位にボライトを受ける場合は4週間あけてください。施術内容やお肌の状態によって前後することがあります。また回答の施術間隔は当院で治療をした方の目安であり、他院で治療をされている場合は直接お電話にてお問い合わせくださいませ。,"イボレーザー/CO2レーザー,ボライト,炭酸ガスレーザー,CO2レーザー,イボ取り,いぼレーザー,間隔,空ける,あける,期間,どのくらい,どれくらい,何週間,何日あける,同日,してから,次の施術"
イボレーザー/CO2レーザー,稗粒腫,4週間,イボレーザー/CO2レーザーと稗粒腫の間隔／イボレーザー/CO2レーザーと稗粒腫の間隔は何週間ですか？／イボレーザー/CO2レーザーの後に稗粒腫はどのくらい空けますか？／イボレーザー/CO2レーザーと稗粒腫はどのくらい間隔をあけますか？／イボレーザー/CO2レーザーしてから稗粒腫まではどのくらい期間をあけたらいいですか？／イボレーザー/CO2レーザーの後に稗粒腫はいつ受けられますか？／イボレーザー/CO2レーザーと稗粒腫は同日にできますか？,イボレーザー/CO2レーザーと稗粒腫は、別の部位であれば原則として同日に受けられます。同じ部位に稗粒腫を受ける場合は4週間あけてください。施術内容やお肌の状態によって前後することがあります。また回答の施術間隔は当院で治療をした方の目安であり、他院で治療をされている場合は直接お電話にてお問い合わせくださいませ。,"イボレーザー/CO2レーザー,稗粒腫,炭酸ガスレーザー,CO2レーザー,イボ取り,いぼレーザー,間隔,空ける,あける,期間,どのくらい,どれくらい,何週間,何日あける,同日,してから,次の施術"
イボレーザー/CO2レーザー,ヴェルヴェットスキン,4週間,イボレーザー/CO2レーザーとヴェルヴェットスキンの間隔／イボレーザー/CO2レーザーとヴェルヴェットスキンの間隔は何週間ですか？／イボレーザー/CO2レーザーの後にヴェルヴェットスキンはどのくらい空けますか？／イボレーザー/CO2レーザーとヴェルヴェットスキンはどのくらい間隔をあけますか？／イボレーザー/CO2レーザーしてからヴェルヴェットスキンまではどのくらい期間をあけたらいいですか？／イボレーザー/CO2レーザーの後にヴェルヴェットスキンはいつ受けられますか？／イボレーザー/CO2レーザーとヴェルヴェットスキンは同日にできますか？,イボレーザー/CO2レーザーとヴェルヴェットスキンは、別の部位であれば原則として同日に受けられます。同じ部位にヴェルヴェットスキンを受ける場合は4週間あけてください。施術内容やお肌の状態によって前後することがあります。また回答の施術間隔は当院で治療をした方の目安であり、他院で治療をされている場合は直接お電話にてお問い合わせくださいませ。,"イボレーザー/CO2レーザー,ヴェルヴェットスキン,炭酸ガスレーザー,CO2レーザー,イボ取り,いぼレーザー,ヴェルヴェット,ベルベットスキン,間隔,空ける,あける,期間,どのくらい,どれくらい,何週間,何日あける,同日,してから,次の施術"
イボレーザー/CO2レーザー,ダーマペン,4週間,イボレーザー/CO2レーザーとダーマペンの間隔／イボレーザー/CO2レーザーとダーマペンの間隔は何週間ですか？／イボレーザー/CO2レーザーの後にダーマペンはどのくらい空けますか？／イボレーザー/CO2レーザーとダーマペンはどのくらい間隔をあけますか？／イボレーザー/CO2レーザーしてからダーマペンまではどのくらい期間をあけたらいいですか？／イボレーザー/CO2レーザーの後にダーマペンはいつ受けられますか？／イボレーザー/CO2レーザーとダーマペンは同日にできますか？,イボレーザー/CO2レーザーとダーマペンは、別の部位であれば原則として同日に受けられます。同じ部位にダーマペンを受ける場合は4週間あけてください。施術内容やお肌の状態によって前後することがあります。また回答の施術間隔は当院で治療をした方の目安であり、他院で治療をされている場合は直接お電話にてお問い合わせくださいませ。,"イボレーザー/CO2レーザー,ダーマペン,炭酸ガスレーザー,CO2レーザー,イボ取り,いぼレーザー,ダーマペン4,間隔,空ける,あける,期間,どのくらい,どれくらい,何週間,何日あける,同日,してから,次の施術"
イボレーザー/CO2レーザー,HARG,（翌日）,イボレーザー/CO2レーザーとHARGの間隔／イボレーザー/CO2レーザーとHARGの間隔は何週間ですか？／イボレーザー/CO2レーザーの後にHARGはどのくらい空けますか？／イボレーザー/CO2レーザーとHARGはどのくらい間隔をあけますか？／イボレーザー/CO2レーザーしてからHARGまではどのくらい期間をあけたらいいですか？／イボレーザー/CO2レーザーの後にHARGはいつ受けられますか？／イボレーザー/CO2レーザーとHARGは同日にできますか？,イボレーザー/CO2レーザーの後にHARG（部位が異なります）は翌日以降であれば受けられます。施術内容やお肌の状態によって前後することがあります。また回答の施術間隔は当院で治療をした方の目安であり、他院で治療をされている場合は直接お電話にてお問い合わせくださいませ。,"イボレーザー/CO2レーザー,HARG,炭酸ガスレーザー,CO2レーザー,イボ取り,いぼレーザー,ハーグ,HARG療法,間隔,空ける,あける,期間,どのくらい,どれくらい,何週間,何日あける,同日,してから,次の施術"
イボレーザー/CO2レーザー,スカルプ・プラセンタエッセンス,（翌日）,イボレーザー/CO2レーザーとスカルプ・プラセンタエッセンスの間隔／イボレーザー/CO2レーザーとスカルプ・プラセンタエッセンスの間隔は何週間ですか？／イボレーザー/CO2レーザーの後にスカルプ・プラセンタエッセンスはどのくらい空けますか？／イボレーザー/CO2レーザーとスカルプ・プラセンタエッセンスはどのくらい間隔をあけますか？／イボレーザー/CO2レーザーしてからスカルプ・プラセンタエッセンスまではどのくらい期間をあけたらいいですか？／イボレーザー/CO2レーザーの後にスカルプ・プラセンタエッセンスはいつ受けられますか？／イボレーザー/CO2レーザーとスカルプ・プラセンタエッセンスは同日にできますか？,イボレーザー/CO2レーザーの後にスカルプ・プラセンタエッセンス（部位が異なります）は翌日以降であれば受けられます。施術内容やお肌の状態によって前後することがあります。また回答の施術間隔は当院で治療をした方の目安であり、他院で治療をされている場合は直接お電話にてお問い合わせくださいませ。,"イボレーザー/CO2レーザー,スカルプ・プラセンタエッセンス,炭酸ガスレーザー,CO2レーザー,イボ取り,いぼレーザー,スカルプ,プラセンタ,間隔,空ける,あける,期間,どのくらい,どれくらい,何週間,何日あける,同日,してから,次の施術"
イボレーザー/CO2レーザー,コラーゲンピール,4週間,イボレーザー/CO2レーザーとコラーゲンピールの間隔／イボレーザー/CO2レーザーとコラーゲンピールの間隔は何週間ですか？／イボレーザー/CO2レーザーの後にコラーゲンピールはどのくらい空けますか？／イボレーザー/CO2レーザーとコラーゲンピールはどのくらい間隔をあけますか？／イボレーザー/CO2レーザーしてからコラーゲンピールまではどのくらい期間をあけたらいいですか？／イボレーザー/CO2レーザーの後にコラーゲンピールはいつ受けられますか？／イボレーザー/CO2レーザーとコラーゲンピールは同日にできますか？,イボレーザー/CO2レーザーとコラーゲンピールは、別の部位であれば原則として同日に受けられます。同じ部位にコラーゲンピールを受ける場合は4週間あけてください。施術内容やお肌の状態によって前後することがあります。また回答の施術間隔は当院で治療をした方の目安であり、他院で治療をされている場合は直接お電話にてお問い合わせくださいませ。,"イボレーザー/CO2レーザー,コラーゲンピール,炭酸ガスレーザー,CO2レーザー,イボ取り,いぼレーザー,マッサージピール,間隔,空ける,あける,期間,どのくらい,どれくらい,何週間,何日あける,同日,してから,次の施術"
イボレーザー/CO2レーザー,サーマクール,4週間,イボレーザー/CO2レーザーとサーマクールの間隔／イボレーザー/CO2レーザーとサーマクールの間隔は何週間ですか？／イボレーザー/CO2レーザーの後にサーマクールはどのくらい空けますか？／イボレーザー/CO2レーザーとサーマクールはどのくらい間隔をあけますか？／イボレーザー/CO2レーザーしてからサーマクールまではどのくらい期間をあけたらいいですか？／イボレーザー/CO2レーザーの後にサーマクールはいつ受けられますか？／イボレーザー/CO2レーザーとサーマクールは同日にできますか？,イボレーザー/CO2レーザーとサーマクールは、別の部位であれば原則として同日に受けられます。同じ部位にサーマクールを受ける場合は4週間あけてください。施術内容やお肌の状態によって前後することがあります。また回答の施術間隔は当院で治療をした方の目安であり、他院で治療をされている場合は直接お電話にてお問い合わせくださいませ。,"イボレーザー/CO2レーザー,サーマクール,炭酸ガスレーザー,CO2レーザー,イボ取り,いぼレーザー,サーマ,間隔,空ける,あける,期間,どのくらい,どれくらい,何週間,何日あける,同日,してから,次の施術"
イボレーザー/CO2レーザー,脱毛,4週間,イボレーザー/CO2レーザーと脱毛の間隔／イボレーザー/CO2レーザーと脱毛の間隔は何週間ですか？／イボレーザー/CO2レーザーの後に脱毛はどのくらい空けますか？／イボレーザー/CO2レーザーと脱毛はどのくらい間隔をあけますか？／イボレーザー/CO2レーザーしてから脱毛まではどのくらい期間をあけたらいいですか？／イボレーザー/CO2レーザーの後に脱毛はいつ受けられますか？／イボレーザー/CO2レーザーと脱毛は同日にできますか？,イボレーザー/CO2レーザーと脱毛は、別の部位であれば原則として同日に受けられます。同じ部位に脱毛を受ける場合は4週間あけてください。施術内容やお肌の状態によって前後することがあります。また回答の施術間隔は当院で治療をした方の目安であり、他院で治療をされている場合は直接お電話にてお問い合わせくださいませ。,"イボレーザー/CO2レーザー,脱毛,炭酸ガスレーザー,CO2レーザー,イボ取り,いぼレーザー,医療脱毛,顔脱毛,全身脱毛,VIO脱毛,ひげ脱毛,レーザー脱毛,間隔,空ける,あける,期間,どのくらい,どれくらい,何週間,何日あける,同日,してから,次の施術"
イボレーザー/CO2レーザー,タトゥー,4週間,イボレーザー/CO2レーザーとタトゥーの間隔／イボレーザー/CO2レーザーとタトゥーの間隔は何週間ですか？／イボレーザー/CO2レーザーの後にタトゥーはどのくらい空けますか？／イボレーザー/CO2レーザーとタトゥーはどのくらい間隔をあけますか？／イボレーザー/CO2レーザーしてからタトゥーまではどのくらい期間をあけたらいいですか？／イボレーザー/CO2レーザーの後にタトゥーはいつ受けられますか？／イボレーザー/CO2レーザーとタトゥーは同日にできますか？,イボレーザー/CO2レーザーとタトゥーは、別の部位であれば原則として同日に受けられます。同じ部位にタトゥーを受ける場合は4週間あけてください。施術内容やお肌の状態によって前後することがあります。また回答の施術間隔は当院で治療をした方の目安であり、他院で治療をされている場合は直接お電話にてお問い合わせくださいませ。,"イボレーザー/CO2レーザー,タトゥー,炭酸ガスレーザー,CO2レーザー,イボ取り,いぼレーザー,刺青,タトゥー除去,間隔,空ける,あける,期間,どのくらい,どれくらい,何週間,何日あける,同日,してから,次の施術"
イボレーザー/CO2レーザー,アートメイク,同日可,イボレーザー/CO2レーザーとアートメイクの間隔／イボレーザー/CO2レーザーとアートメイクの間隔は何週間ですか？／イボレーザー/CO2レーザーの後にアートメイクはどのくらい空けますか？／イボレーザー/CO2レーザーとアートメイクはどのくらい間隔をあけますか？／イボレーザー/CO2レーザーしてからアートメイクまではどのくらい期間をあけたらいいですか？／イボレーザー/CO2レーザーの後にアートメイクはいつ受けられますか？／イボレーザー/CO2レーザーとアートメイクは同日にできますか？,イボレーザー/CO2レーザーとアートメイクは同日に受けられます。施術内容やお肌の状態によって前後することがあります。また回答の施術間隔は当院で治療をした方の目安であり、他院で治療をされている場合は直接お電話にてお問い合わせくださいませ。,"イボレーザー/CO2レーザー,アートメイク,炭酸ガスレーザー,CO2レーザー,イボ取り,いぼレーザー,間隔,空ける,あける,期間,どのくらい,どれくらい,何週間,何日あける,同日,してから,次の施術"
シミ取りレーザー,ハイドラジェントル,4週間,シミ取りレーザーとハイドラジェントルの間隔／シミ取りレーザーとハイドラジェントルの間隔は何週間ですか？／シミ取りレーザーの後にハイドラジェントルはどのくらい空けますか？／シミ取りレーザーとハイドラジェントルはどのくらい間隔をあけますか？／シミ取りレーザーしてからハイドラジェントルまではどのくらい期間をあけたらいいですか？／シミ取りレーザーの後にハイドラジェントルはいつ受けられますか？／シミ取りレーザーとハイドラジェントルは同日にできますか？,シミ取りレーザーとハイドラジェントルは、別の部位であれば原則として同日に受けられます。同じ部位にハイドラジェントルを受ける場合は4週間あけてください。施術内容やお肌の状態によって前後することがあります。また回答の施術間隔は当院で治療をした方の目安であり、他院で治療をされている場合は直接お電話にてお問い合わせくださいませ。,"シミ取りレーザー,ハイドラジェントル,シミレーザー,シミ取り,ハイドラ,間隔,空ける,あける,期間,どのくらい,どれくらい,何週間,何日あける,同日,してから,次の施術"
シミ取りレーザー,ケミカルピーリング,4週間,シミ取りレーザーとケミカルピーリングの間隔／シミ取りレーザーとケミカルピーリングの間隔は何週間ですか？／シミ取りレーザーの後にケミカルピーリングはどのくらい空けますか？／シミ取りレーザーとケミカルピーリングはどのくらい間隔をあけますか？／シミ取りレーザーしてからケミカルピーリングまではどのくらい期間をあけたらいいですか？／シミ取りレーザーの後にケミカルピーリングはいつ受けられますか？／シミ取りレーザーとケミカルピーリングは同日にできますか？,シミ取りレーザーとケミカルピーリングは、別の部位であれば原則として同日に受けられます。同じ部位にケミカルピーリングを受ける場合は4週間あけてください。施術内容やお肌の状態によって前後することがあります。また回答の施術間隔は当院で治療をした方の目安であり、他院で治療をされている場合は直接お電話にてお問い合わせくださいませ。,"シミ取りレーザー,ケミカルピーリング,シミレーザー,シミ取り,ピーリング,間隔,空ける,あける,期間,どのくらい,どれくらい,何週間,何日あける,同日,してから,次の施術"
シミ取りレーザー,スマートサイドドット（2回目以降）,4週間,シミ取りレーザーとスマートサイドドット（2回目以降）の間隔／シミ取りレーザーとスマートサイドドット（2回目以降）の間隔は何週間ですか？／シミ取りレーザーの後にスマートサイドドット（2回目以降）はどのくらい空けますか？／シミ取りレーザーとスマートサイドドット（2回目以降）はどのくらい間隔をあけますか？／シミ取りレーザーしてからスマートサイドドット（2回目以降）まではどのくらい期間をあけたらいいですか？／シミ取りレーザーの後にスマートサイドドット（2回目以降）はいつ受けられますか？／シミ取りレーザーとスマートサイドドット（2回目以降）は同日にできますか？,シミ取りレーザーとスマートサイドドット（2回目以降）は、別の部位であれば原則として同日に受けられます。同じ部位にスマートサイドドット（2回目以降）を受ける場合は4週間あけてください。施術内容やお肌の状態によって前後することがあります。また回答の施術間隔は当院で治療をした方の目安であり、他院で治療をされている場合は直接お電話にてお問い合わせくださいませ。,"シミ取りレーザー,スマートサイドドット（2回目以降）,シミレーザー,シミ取り,スマサイ,スマートサイドドット,間隔,空ける,あける,期間,どのくらい,どれくらい,何週間,何日あける,同日,してから,次の施術"
シミ取りレーザー,スマートサイドドット（初回）,4週間,シミ取りレーザーとスマートサイドドット（初回）の間隔／シミ取りレーザーとスマートサイドドット（初回）の間隔は何週間ですか？／シミ取りレーザーの後にスマートサイドドット（初回）はどのくらい空けますか？／シミ取りレーザーとスマートサイドドット（初回）はどのくらい間隔をあけますか？／シミ取りレーザーしてからスマートサイドドット（初回）まではどのくらい期間をあけたらいいですか？／シミ取りレーザーの後にスマートサイドドット（初回）はいつ受けられますか？／シミ取りレーザーとスマートサイドドット（初回）は同日にできますか？,シミ取りレーザーとスマートサイドドット（初回）は、別の部位であれば原則として同日に受けられます。同じ部位にスマートサイドドット（初回）を受ける場合は4週間あけてください。施術内容やお肌の状態によって前後することがあります。また回答の施術間隔は当院で治療をした方の目安であり、他院で治療をされている場合は直接お電話にてお問い合わせくださいませ。,"シミ取りレーザー,スマートサイドドット（初回）,シミレーザー,シミ取り,スマサイ,スマートサイドドット,間隔,空ける,あける,期間,どのくらい,どれくらい,何週間,何日あける,同日,してから,次の施術"
シミ取りレーザー,イボレーザー/CO2レーザー,4週間,シミ取りレーザーとイボレーザー/CO2レーザーの間隔／シミ取りレーザーとイボレーザー/CO2レーザーの間隔は何週間ですか？／シミ取りレーザーの後にイボレーザー/CO2レーザーはどのくらい空けますか？／シミ取りレーザーとイボレーザー/CO2レーザーはどのくらい間隔をあけますか？／シミ取りレーザーしてからイボレーザー/CO2レーザーまではどのくらい期間をあけたらいいですか？／シミ取りレーザーの後にイボレーザー/CO2レーザーはいつ受けられますか？／シミ取りレーザーとイボレーザー/CO2レーザーは同日にできますか？,シミ取りレーザーとイボレーザー/CO2レーザーは、別の部位であれば原則として同日に受けられます。同じ部位にイボレーザー/CO2レーザーを受ける場合は4週間あけてください。施術内容やお肌の状態によって前後することがあります。また回答の施術間隔は当院で治療をした方の目安であり、他院で治療をされている場合は直接お電話にてお問い合わせくださいませ。,"シミ取りレーザー,イボレーザー/CO2レーザー,シミレーザー,シミ取り,炭酸ガスレーザー,CO2レーザー,イボ取り,いぼレーザー,間隔,空ける,あける,期間,どのくらい,どれくらい,何週間,何日あける,同日,してから,次の施術"
シミ取りレーザー,シミ取りレーザー,(再照射)15~20日,シミ取りレーザーとシミ取りレーザーの間隔／シミ取りレーザーとシミ取りレーザーの間隔は何週間ですか？／シミ取りレーザーの後にシミ取りレーザーはどのくらい空けますか？／シミ取りレーザーとシミ取りレーザーはどのくらい間隔をあけますか？／シミ取りレーザーしてからシミ取りレーザーまではどのくらい期間をあけたらいいですか？／シミ取りレーザーの後にシミ取りレーザーはいつ受けられますか？／シミ取りレーザーとシミ取りレーザーは同日にできますか？,シミ取りレーザーの後にシミ取りレーザー（再照射）は15〜20日あけてください。施術内容やお肌の状態によって前後することがあります。また回答の施術間隔は当院で治療をした方の目安であり、他院で治療をされている場合は直接お電話にてお問い合わせくださいませ。,"シミ取りレーザー,シミレーザー,シミ取り,間隔,空ける,あける,期間,どのくらい,どれくらい,何週間,何日あける,同日,してから,次の施術"
シミ取りレーザー,ADM/ピコレーザ,12週間,シミ取りレーザーとADM/ピコレーザの間隔／シミ取りレーザーとADM/ピコレーザの間隔は何週間ですか？／シミ取りレーザーの後にADM/ピコレーザはどのくらい空けますか？／シミ取りレーザーとADM/ピコレーザはどのくらい間隔をあけますか？／シミ取りレーザーしてからADM/ピコレーザまではどのくらい期間をあけたらいいですか？／シミ取りレーザーの後にADM/ピコレーザはいつ受けられますか？／シミ取りレーザーとADM/ピコレーザは同日にできますか？,シミ取りレーザーとADM/ピコレーザは、別の部位であれば原則として同日に受けられます。同じ部位にADM/ピコレーザを受ける場合は12週間あけてください。施術内容やお肌の状態によって前後することがあります。また回答の施術間隔は当院で治療をした方の目安であり、他院で治療をされている場合は直接お電話にてお問い合わせくださいませ。,"シミ取りレーザー,ADM/ピコレーザ,シミレーザー,シミ取り,ADMレーザー,ピコレーザー,ADM,間隔,空ける,あける,期間,どのくらい,どれくらい,何週間,何日あける,同日,してから,次の施術"
シミ取りレーザー,レーザートーニング,4週間,シミ取りレーザーとレーザートーニングの間隔／シミ取りレーザーとレーザートーニングの間隔は何週間ですか？／シミ取りレーザーの後にレーザートーニングはどのくらい空けますか？／シミ取りレーザーとレーザートーニングはどのくらい間隔をあけますか？／シミ取りレーザーしてからレーザートーニングまではどのくらい期間をあけたらいいですか？／シミ取りレーザーの後にレーザートーニングはいつ受けられますか？／シミ取りレーザーとレーザートーニングは同日にできますか？,シミ取りレーザーとレーザートーニングは、別の部位であれば原則として同日に受けられます。同じ部位にレーザートーニングを受ける場合は4週間あけてください。施術内容やお肌の状態によって前後することがあります。また回答の施術間隔は当院で治療をした方の目安であり、他院で治療をされている場合は直接お電話にてお問い合わせくださいませ。,"シミ取りレーザー,レーザートーニング,シミレーザー,シミ取り,トーニング,間隔,空ける,あける,期間,どのくらい,どれくらい,何週間,何日あける,同日,してから,次の施術"
シミ取りレーザー,ピコトーニング,4週間,シミ取りレーザーとピコトーニングの間隔／シミ取りレーザーとピコトーニングの間隔は何週間ですか？／シミ取りレーザーの後にピコトーニングはどのくらい空けますか？／シミ取りレーザーとピコトーニングはどのくらい間隔をあけますか？／シミ取りレーザーしてからピコトーニングまではどのくらい期間をあけたらいいですか？／シミ取りレーザーの後にピコトーニングはいつ受けられますか？／シミ取りレーザーとピコトーニングは同日にできますか？,シミ取りレーザーとピコトーニングは、別の部位であれば原則として同日に受けられます。同じ部位にピコトーニングを受ける場合は4週間あけてください。施術内容やお肌の状態によって前後することがあります。また回答の施術間隔は当院で治療をした方の目安であり、他院で治療をされている場合は直接お電話にてお問い合わせくださいませ。,"シミ取りレーザー,ピコトーニング,シミレーザー,シミ取り,トーニング,ピコ,間隔,空ける,あける,期間,どのくらい,どれくらい,何週間,何日あける,同日,してから,次の施術"
シミ取りレーザー,ピコフラクショナル,4週間,シミ取りレーザーとピコフラクショナルの間隔／シミ取りレーザーとピコフラクショナルの間隔は何週間ですか？／シミ取りレーザーの後にピコフラクショナルはどのくらい空けますか？／シミ取りレーザーとピコフラクショナルはどのくらい間隔をあけますか？／シミ取りレーザーしてからピコフラクショナルまではどのくらい期間をあけたらいいですか？／シミ取りレーザーの後にピコフラクショナルはいつ受けられますか？／シミ取りレーザーとピコフラクショナルは同日にできますか？,シミ取りレーザーとピコフラクショナルは、別の部位であれば原則として同日に受けられます。同じ部位にピコフラクショナルを受ける場合は4週間あけてください。施術内容やお肌の状態によって前後することがあります。また回答の施術間隔は当院で治療をした方の目安であり、他院で治療をされている場合は直接お電話にてお問い合わせくださいませ。,"シミ取りレーザー,ピコフラクショナル,シミレーザー,シミ取り,フラクショナル,間隔,空ける,あける,期間,どのくらい,どれくらい,何週間,何日あける,同日,してから,次の施術"
シミ取りレーザー,そばかすシャワー,4週間,シミ取りレーザーとそばかすシャワーの間隔／シミ取りレーザーとそばかすシャワーの間隔は何週間ですか？／シミ取りレーザーの後にそばかすシャワーはどのくらい空けますか？／シミ取りレーザーとそばかすシャワーはどのくらい間隔をあけますか？／シミ取りレーザーしてからそばかすシャワーまではどのくらい期間をあけたらいいですか？／シミ取りレーザーの後にそばかすシャワーはいつ受けられますか？／シミ取りレーザーとそばかすシャワーは同日にできますか？,シミ取りレーザーとそばかすシャワーは、別の部位であれば原則として同日に受けられます。同じ部位にそばかすシャワーを受ける場合は4週間あけてください。施術内容やお肌の状態によって前後することがあります。また回答の施術間隔は当院で治療をした方の目安であり、他院で治療をされている場合は直接お電話にてお問い合わせくださいませ。,"シミ取りレーザー,そばかすシャワー,シミレーザー,シミ取り,そばかす,間隔,空ける,あける,期間,どのくらい,どれくらい,何週間,何日あける,同日,してから,次の施術"
シミ取りレーザー,そばかすスポット,4週間,シミ取りレーザーとそばかすスポットの間隔／シミ取りレーザーとそばかすスポットの間隔は何週間ですか？／シミ取りレーザーの後にそばかすスポットはどのくらい空けますか？／シミ取りレーザーとそばかすスポットはどのくらい間隔をあけますか？／シミ取りレーザーしてからそばかすスポットまではどのくらい期間をあけたらいいですか？／シミ取りレーザーの後にそばかすスポットはいつ受けられますか？／シミ取りレーザーとそばかすスポットは同日にできますか？,シミ取りレーザーとそばかすスポットは、別の部位であれば原則として同日に受けられます。同じ部位にそばかすスポットを受ける場合は4週間あけてください。施術内容やお肌の状態によって前後することがあります。また回答の施術間隔は当院で治療をした方の目安であり、他院で治療をされている場合は直接お電話にてお問い合わせくださいませ。,"シミ取りレーザー,そばかすスポット,シミレーザー,シミ取り,そばかす,間隔,空ける,あける,期間,どのくらい,どれくらい,何週間,何日あける,同日,してから,次の施術"
シミ取りレーザー,フォト/光治療,4週間,シミ取りレーザーとフォト/光治療の間隔／シミ取りレーザーとフォト/光治療の間隔は何週間ですか？／シミ取りレーザーの後にフォト/光治療はどのくらい空けますか？／シミ取りレーザーとフォト/光治療はどのくらい間隔をあけますか？／シミ取りレーザーしてからフォト/光治療まではどのくらい期間をあけたらいいですか？／シミ取りレーザーの後にフォト/光治療はいつ受けられますか？／シミ取りレーザーとフォト/光治療は同日にできますか？,シミ取りレーザーとフォト/光治療は、別の部位であれば原則として同日に受けられます。同じ部位にフォト/光治療を受ける場合は4週間あけてください。施術内容やお肌の状態によって前後することがあります。また回答の施術間隔は当院で治療をした方の目安であり、他院で治療をされている場合は直接お電話にてお問い合わせくださいませ。,"シミ取りレーザー,フォト/光治療,シミレーザー,シミ取り,フォトフェイシャル,フォト,光治療,IPL,間隔,空ける,あける,期間,どのくらい,どれくらい,何週間,何日あける,同日,してから,次の施術"
シミ取りレーザー,赤み治療,4週間,シミ取りレーザーと赤み治療の間隔／シミ取りレーザーと赤み治療の間隔は何週間ですか？／シミ取りレーザーの後に赤み治療はどのくらい空けますか？／シミ取りレーザーと赤み治療はどのくらい間隔をあけますか？／シミ取りレーザーしてから赤み治療まではどのくらい期間をあけたらいいですか？／シミ取りレーザーの後に赤み治療はいつ受けられますか？／シミ取りレーザーと赤み治療は同日にできますか？,シミ取りレーザーと赤み治療は、別の部位であれば原則として同日に受けられます。同じ部位に赤み治療を受ける場合は4週間あけてください。施術内容やお肌の状態によって前後することがあります。また回答の施術間隔は当院で治療をした方の目安であり、他院で治療をされている場合は直接お電話にてお問い合わせくださいませ。,"シミ取りレーザー,赤み治療,シミレーザー,シミ取り,血管腫レーザー,赤ら顔,間隔,空ける,あける,期間,どのくらい,どれくらい,何週間,何日あける,同日,してから,次の施術"
シミ取りレーザー,ボトックス,4週間,シミ取りレーザーとボトックスの間隔／シミ取りレーザーとボトックスの間隔は何週間ですか？／シミ取りレーザーの後にボトックスはどのくらい空けますか？／シミ取りレーザーとボトックスはどのくらい間隔をあけますか？／シミ取りレーザーしてからボトックスまではどのくらい期間をあけたらいいですか？／シミ取りレーザーの後にボトックスはいつ受けられますか？／シミ取りレーザーとボトックスは同日にできますか？,シミ取りレーザーとボトックスは、別の部位であれば原則として同日に受けられます。同じ部位にボトックスを受ける場合は4週間あけてください。施術内容やお肌の状態によって前後することがあります。また回答の施術間隔は当院で治療をした方の目安であり、他院で治療をされている場合は直接お電話にてお問い合わせくださいませ。,"シミ取りレーザー,ボトックス,シミレーザー,シミ取り,ボトックス注射,間隔,空ける,あける,期間,どのくらい,どれくらい,何週間,何日あける,同日,してから,次の施術"
シミ取りレーザー,ボトックス（マイクロ）,4週間,シミ取りレーザーとボトックス（マイクロ）の間隔／シミ取りレーザーとボトックス（マイクロ）の間隔は何週間ですか？／シミ取りレーザーの後にボトックス（マイクロ）はどのくらい空けますか？／シミ取りレーザーとボトックス（マイクロ）はどのくらい間隔をあけますか？／シミ取りレーザーしてからボトックス（マイクロ）まではどのくらい期間をあけたらいいですか？／シミ取りレーザーの後にボトックス（マイクロ）はいつ受けられますか？／シミ取りレーザーとボトックス（マイクロ）は同日にできますか？,シミ取りレーザーとボトックス（マイクロ）は、別の部位であれば原則として同日に受けられます。同じ部位にボトックス（マイクロ）を受ける場合は4週間あけてください。施術内容やお肌の状態によって前後することがあります。また回答の施術間隔は当院で治療をした方の目安であり、他院で治療をされている場合は直接お電話にてお問い合わせくださいませ。,"シミ取りレーザー,ボトックス（マイクロ）,シミレーザー,シミ取り,マイクロボトックス,間隔,空ける,あける,期間,どのくらい,どれくらい,何週間,何日あける,同日,してから,次の施術"
シミ取りレーザー,フラルスキン部分シミ,4週間,シミ取りレーザーとフラルスキン部分シミの間隔／シミ取りレーザーとフラルスキン部分シミの間隔は何週間ですか？／シミ取りレーザーの後にフラルスキン部分シミはどのくらい空けますか？／シミ取りレーザーとフラルスキン部分シミはどのくらい間隔をあけますか？／シミ取りレーザーしてからフラルスキン部分シミまではどのくらい期間をあけたらいいですか？／シミ取りレーザーの後にフラルスキン部分シミはいつ受けられますか？／シミ取りレーザーとフラルスキン部分シミは同日にできますか？,シミ取りレーザーとフラルスキン部分シミは、別の部位であれば原則として同日に受けられます。同じ部位にフラルスキン部分シミを受ける場合は4週間あけてください。施術内容やお肌の状態によって前後することがあります。また回答の施術間隔は当院で治療をした方の目安であり、他院で治療をされている場合は直接お電話にてお問い合わせくださいませ。,"シミ取りレーザー,フラルスキン部分シミ,シミレーザー,シミ取り,間隔,空ける,あける,期間,どのくらい,どれくらい,何週間,何日あける,同日,してから,次の施術"
シミ取りレーザー,テノールネオ,4週間,シミ取りレーザーとテノールネオの間隔／シミ取りレーザーとテノールネオの間隔は何週間ですか？／シミ取りレーザーの後にテノールネオはどのくらい空けますか？／シミ取りレーザーとテノールネオはどのくらい間隔をあけますか？／シミ取りレーザーしてからテノールネオまではどのくらい期間をあけたらいいですか？／シミ取りレーザーの後にテノールネオはいつ受けられますか？／シミ取りレーザーとテノールネオは同日にできますか？,シミ取りレーザーとテノールネオは、別の部位であれば原則として同日に受けられます。同じ部位にテノールネオを受ける場合は4週間あけてください。施術内容やお肌の状態によって前後することがあります。また回答の施術間隔は当院で治療をした方の目安であり、他院で治療をされている場合は直接お電話にてお問い合わせくださいませ。,"シミ取りレーザー,テノールネオ,シミレーザー,シミ取り,テノールNEO,テノール,間隔,空ける,あける,期間,どのくらい,どれくらい,何週間,何日あける,同日,してから,次の施術"
シミ取りレーザー,ほくろ切除/ほくろ除去,4週間,シミ取りレーザーとほくろ切除/ほくろ除去の間隔／シミ取りレーザーとほくろ切除/ほくろ除去の間隔は何週間ですか？／シミ取りレーザーの後にほくろ切除/ほくろ除去はどのくらい空けますか？／シミ取りレーザーとほくろ切除/ほくろ除去はどのくらい間隔をあけますか？／シミ取りレーザーしてからほくろ切除/ほくろ除去まではどのくらい期間をあけたらいいですか？／シミ取りレーザーの後にほくろ切除/ほくろ除去はいつ受けられますか？／シミ取りレーザーとほくろ切除/ほくろ除去は同日にできますか？,シミ取りレーザーとほくろ切除/ほくろ除去は、別の部位であれば原則として同日に受けられます。同じ部位にほくろ切除/ほくろ除去を受ける場合は4週間あけてください。施術内容やお肌の状態によって前後することがあります。また回答の施術間隔は当院で治療をした方の目安であり、他院で治療をされている場合は直接お電話にてお問い合わせくださいませ。,"シミ取りレーザー,ほくろ切除/ほくろ除去,シミレーザー,シミ取り,ほくろ除去,ほくろ,間隔,空ける,あける,期間,どのくらい,どれくらい,何週間,何日あける,同日,してから,次の施術"
シミ取りレーザー,ボライト,4週間,シミ取りレーザーとボライトの間隔／シミ取りレーザーとボライトの間隔は何週間ですか？／シミ取りレーザーの後にボライトはどのくらい空けますか？／シミ取りレーザーとボライトはどのくらい間隔をあけますか？／シミ取りレーザーしてからボライトまではどのくらい期間をあけたらいいですか？／シミ取りレーザーの後にボライトはいつ受けられますか？／シミ取りレーザーとボライトは同日にできますか？,シミ取りレーザーとボライトは、別の部位であれば原則として同日に受けられます。同じ部位にボライトを受ける場合は4週間あけてください。施術内容やお肌の状態によって前後することがあります。また回答の施術間隔は当院で治療をした方の目安であり、他院で治療をされている場合は直接お電話にてお問い合わせくださいませ。,"シミ取りレーザー,ボライト,シミレーザー,シミ取り,間隔,空ける,あける,期間,どのくらい,どれくらい,何週間,何日あける,同日,してから,次の施術"
シミ取りレーザー,稗粒腫,4週間,シミ取りレーザーと稗粒腫の間隔／シミ取りレーザーと稗粒腫の間隔は何週間ですか？／シミ取りレーザーの後に稗粒腫はどのくらい空けますか？／シミ取りレーザーと稗粒腫はどのくらい間隔をあけますか？／シミ取りレーザーしてから稗粒腫まではどのくらい期間をあけたらいいですか？／シミ取りレーザーの後に稗粒腫はいつ受けられますか？／シミ取りレーザーと稗粒腫は同日にできますか？,シミ取りレーザーと稗粒腫は、別の部位であれば原則として同日に受けられます。同じ部位に稗粒腫を受ける場合は4週間あけてください。施術内容やお肌の状態によって前後することがあります。また回答の施術間隔は当院で治療をした方の目安であり、他院で治療をされている場合は直接お電話にてお問い合わせくださいませ。,"シミ取りレーザー,稗粒腫,シミレーザー,シミ取り,間隔,空ける,あける,期間,どのくらい,どれくらい,何週間,何日あける,同日,してから,次の施術"
シミ取りレーザー,ヴェルヴェットスキン,4週間,シミ取りレーザーとヴェルヴェットスキンの間隔／シミ取りレーザーとヴェルヴェットスキンの間隔は何週間ですか？／シミ取りレーザーの後にヴェルヴェットスキンはどのくらい空けますか？／シミ取りレーザーとヴェルヴェットスキンはどのくらい間隔をあけますか？／シミ取りレーザーしてからヴェルヴェットスキンまではどのくらい期間をあけたらいいですか？／シミ取りレーザーの後にヴェルヴェットスキンはいつ受けられますか？／シミ取りレーザーとヴェルヴェットスキンは同日にできますか？,シミ取りレーザーとヴェルヴェットスキンは、別の部位であれば原則として同日に受けられます。同じ部位にヴェルヴェットスキンを受ける場合は4週間あけてください。施術内容やお肌の状態によって前後することがあります。また回答の施術間隔は当院で治療をした方の目安であり、他院で治療をされている場合は直接お電話にてお問い合わせくださいませ。,"シミ取りレーザー,ヴェルヴェットスキン,シミレーザー,シミ取り,ヴェルヴェット,ベルベットスキン,間隔,空ける,あける,期間,どのくらい,どれくらい,何週間,何日あける,同日,してから,次の施術"
シミ取りレーザー,ダーマペン,4週間,シミ取りレーザーとダーマペンの間隔／シミ取りレーザーとダーマペンの間隔は何週間ですか？／シミ取りレーザーの後にダーマペンはどのくらい空けますか？／シミ取りレーザーとダーマペンはどのくらい間隔をあけますか？／シミ取りレーザーしてからダーマペンまではどのくらい期間をあけたらいいですか？／シミ取りレーザーの後にダーマペンはいつ受けられますか？／シミ取りレーザーとダーマペンは同日にできますか？,シミ取りレーザーとダーマペンは、別の部位であれば原則として同日に受けられます。同じ部位にダーマペンを受ける場合は4週間あけてください。施術内容やお肌の状態によって前後することがあります。また回答の施術間隔は当院で治療をした方の目安であり、他院で治療をされている場合は直接お電話にてお問い合わせくださいませ。,"シミ取りレーザー,ダーマペン,シミレーザー,シミ取り,ダーマペン4,間隔,空ける,あける,期間,どのくらい,どれくらい,何週間,何日あける,同日,してから,次の施術"
シミ取りレーザー,HARG,（翌日）,シミ取りレーザーとHARGの間隔／シミ取りレーザーとHARGの間隔は何週間ですか？／シミ取りレーザーの後にHARGはどのくらい空けますか？／シミ取りレーザーとHARGはどのくらい間隔をあけますか？／シミ取りレーザーしてからHARGまではどのくらい期間をあけたらいいですか？／シミ取りレーザーの後にHARGはいつ受けられますか？／シミ取りレーザーとHARGは同日にできますか？,シミ取りレーザーの後にHARG（部位が異なります）は翌日以降であれば受けられます。施術内容やお肌の状態によって前後することがあります。また回答の施術間隔は当院で治療をした方の目安であり、他院で治療をされている場合は直接お電話にてお問い合わせくださいませ。,"シミ取りレーザー,HARG,シミレーザー,シミ取り,ハーグ,HARG療法,間隔,空ける,あける,期間,どのくらい,どれくらい,何週間,何日あける,同日,してから,次の施術"
シミ取りレーザー,スカルプ・プラセンタエッセンス,（翌日）,シミ取りレーザーとスカルプ・プラセンタエッセンスの間隔／シミ取りレーザーとスカルプ・プラセンタエッセンスの間隔は何週間ですか？／シミ取りレーザーの後にスカルプ・プラセンタエッセンスはどのくらい空けますか？／シミ取りレーザーとスカルプ・プラセンタエッセンスはどのくらい間隔をあけますか？／シミ取りレーザーしてからスカルプ・プラセンタエッセンスまではどのくらい期間をあけたらいいですか？／シミ取りレーザーの後にスカルプ・プラセンタエッセンスはいつ受けられますか？／シミ取りレーザーとスカルプ・プラセンタエッセンスは同日にできますか？,シミ取りレーザーの後にスカルプ・プラセンタエッセンス（部位が異なります）は翌日以降であれば受けられます。施術内容やお肌の状態によって前後することがあります。また回答の施術間隔は当院で治療をした方の目安であり、他院で治療をされている場合は直接お電話にてお問い合わせくださいませ。,"シミ取りレーザー,スカルプ・プラセンタエッセンス,シミレーザー,シミ取り,スカルプ,プラセンタ,間隔,空ける,あける,期間,どのくらい,どれくらい,何週間,何日あける,同日,してから,次の施術"
シミ取りレーザー,コラーゲンピール,4週間,シミ取りレーザーとコラーゲンピールの間隔／シミ取りレーザーとコラーゲンピールの間隔は何週間ですか？／シミ取りレーザーの後にコラーゲンピールはどのくらい空けますか？／シミ取りレーザーとコラーゲンピールはどのくらい間隔をあけますか？／シミ取りレーザーしてからコラーゲンピールまではどのくらい期間をあけたらいいですか？／シミ取りレーザーの後にコラーゲンピールはいつ受けられますか？／シミ取りレーザーとコラーゲンピールは同日にできますか？,シミ取りレーザーとコラーゲンピールは、別の部位であれば原則として同日に受けられます。同じ部位にコラーゲンピールを受ける場合は4週間あけてください。施術内容やお肌の状態によって前後することがあります。また回答の施術間隔は当院で治療をした方の目安であり、他院で治療をされている場合は直接お電話にてお問い合わせくださいませ。,"シミ取りレーザー,コラーゲンピール,シミレーザー,シミ取り,マッサージピール,間隔,空ける,あける,期間,どのくらい,どれくらい,何週間,何日あける,同日,してから,次の施術"
シミ取りレーザー,サーマクール,4週間,シミ取りレーザーとサーマクールの間隔／シミ取りレーザーとサーマクールの間隔は何週間ですか？／シミ取りレーザーの後にサーマクールはどのくらい空けますか？／シミ取りレーザーとサーマクールはどのくらい間隔をあけますか？／シミ取りレーザーしてからサーマクールまではどのくらい期間をあけたらいいですか？／シミ取りレーザーの後にサーマクールはいつ受けられますか？／シミ取りレーザーとサーマクールは同日にできますか？,シミ取りレーザーとサーマクールは、別の部位であれば原則として同日に受けられます。同じ部位にサーマクールを受ける場合は4週間あけてください。施術内容やお肌の状態によって前後することがあります。また回答の施術間隔は当院で治療をした方の目安であり、他院で治療をされている場合は直接お電話にてお問い合わせくださいませ。,"シミ取りレーザー,サーマクール,シミレーザー,シミ取り,サーマ,間隔,空ける,あける,期間,どのくらい,どれくらい,何週間,何日あける,同日,してから,次の施術"
シミ取りレーザー,脱毛,4週間,シミ取りレーザーと脱毛の間隔／シミ取りレーザーと脱毛の間隔は何週間ですか？／シミ取りレーザーの後に脱毛はどのくらい空けますか？／シミ取りレーザーと脱毛はどのくらい間隔をあけますか？／シミ取りレーザーしてから脱毛まではどのくらい期間をあけたらいいですか？／シミ取りレーザーの後に脱毛はいつ受けられますか？／シミ取りレーザーと脱毛は同日にできますか？,シミ取りレーザーと脱毛は、別の部位であれば原則として同日に受けられます。同じ部位に脱毛を受ける場合は4週間あけてください。施術内容やお肌の状態によって前後することがあります。また回答の施術間隔は当院で治療をした方の目安であり、他院で治療をされている場合は直接お電話にてお問い合わせくださいませ。,"シミ取りレーザー,脱毛,シミレーザー,シミ取り,医療脱毛,顔脱毛,全身脱毛,VIO脱毛,ひげ脱毛,レーザー脱毛,間隔,空ける,あける,期間,どのくらい,どれくらい,何週間,何日あける,同日,してから,次の施術"
シミ取りレーザー,タトゥー,4週間,シミ取りレーザーとタトゥーの間隔／シミ取りレーザーとタトゥーの間隔は何週間ですか？／シミ取りレーザーの後にタトゥーはどのくらい空けますか？／シミ取りレーザーとタトゥーはどのくらい間隔をあけますか？／シミ取りレーザーしてからタトゥーまではどのくらい期間をあけたらいいですか？／シミ取りレーザーの後にタトゥーはいつ受けられますか？／シミ取りレーザーとタトゥーは同日にできますか？,シミ取りレーザーとタトゥーは、別の部位であれば原則として同日に受けられます。同じ部位にタトゥーを受ける場合は4週間あけてください。施術内容やお肌の状態によって前後することがあります。また回答の施術間隔は当院で治療をした方の目安であり、他院で治療をされている場合は直接お電話にてお問い合わせくださいませ。,"シミ取りレーザー,タトゥー,シミレーザー,シミ取り,刺青,タトゥー除去,間隔,空ける,あける,期間,どのくらい,どれくらい,何週間,何日あける,同日,してから,次の施術"
シミ取りレーザー,アートメイク,同日可※,シミ取りレーザーとアートメイクの間隔／シミ取りレーザーとアートメイクの間隔は何週間ですか？／シミ取りレーザーの後にアートメイクはどのくらい空けますか？／シミ取りレーザーとアートメイクはどのくらい間隔をあけますか？／シミ取りレーザーしてからアートメイクまではどのくらい期間をあけたらいいですか？／シミ取りレーザーの後にアートメイクはいつ受けられますか？／シミ取りレーザーとアートメイクは同日にできますか？,シミ取りレーザーとアートメイクは同日に受けられます。施術内容やお肌の状態によって前後することがあります。また回答の施術間隔は当院で治療をした方の目安であり、他院で治療をされている場合は直接お電話にてお問い合わせくださいませ。,"シミ取りレーザー,アートメイク,シミレーザー,シミ取り,間隔,空ける,あける,期間,どのくらい,どれくらい,何週間,何日あける,同日,してから,次の施術"
ADM/ピコレーザ,ハイドラジェントル,治療完了後4週間,ADM/ピコレーザとハイドラジェントルの間隔／ADM/ピコレーザとハイドラジェントルの間隔は何週間ですか？／ADM/ピコレーザの後にハイドラジェントルはどのくらい空けますか？／ADM/ピコレーザとハイドラジェントルはどのくらい間隔をあけますか？／ADM/ピコレーザしてからハイドラジェントルまではどのくらい期間をあけたらいいですか？／ADM/ピコレーザの後にハイドラジェントルはいつ受けられますか？／ADM/ピコレーザとハイドラジェントルは同日にできますか？,ADM/ピコレーザの治療がすべて完了してから4週間あけてハイドラジェントルを受けてください。施術内容やお肌の状態によって前後することがあります。また回答の施術間隔は当院で治療をした方の目安であり、他院で治療をされている場合は直接お電話にてお問い合わせくださいませ。,"ADM/ピコレーザ,ハイドラジェントル,ADMレーザー,ピコレーザー,ADM,ハイドラ,間隔,空ける,あける,期間,どのくらい,どれくらい,何週間,何日あける,同日,してから,次の施術"
ADM/ピコレーザ,ケミカルピーリング,治療完了後4週間,ADM/ピコレーザとケミカルピーリングの間隔／ADM/ピコレーザとケミカルピーリングの間隔は何週間ですか？／ADM/ピコレーザの後にケミカルピーリングはどのくらい空けますか？／ADM/ピコレーザとケミカルピーリングはどのくらい間隔をあけますか？／ADM/ピコレーザしてからケミカルピーリングまではどのくらい期間をあけたらいいですか？／ADM/ピコレーザの後にケミカルピーリングはいつ受けられますか？／ADM/ピコレーザとケミカルピーリングは同日にできますか？,ADM/ピコレーザの治療がすべて完了してから4週間あけてケミカルピーリングを受けてください。施術内容やお肌の状態によって前後することがあります。また回答の施術間隔は当院で治療をした方の目安であり、他院で治療をされている場合は直接お電話にてお問い合わせくださいませ。,"ADM/ピコレーザ,ケミカルピーリング,ADMレーザー,ピコレーザー,ADM,ピーリング,間隔,空ける,あける,期間,どのくらい,どれくらい,何週間,何日あける,同日,してから,次の施術"
ADM/ピコレーザ,スマートサイドドット（2回目以降）,治療完了後4週間,ADM/ピコレーザとスマートサイドドット（2回目以降）の間隔／ADM/ピコレーザとスマートサイドドット（2回目以降）の間隔は何週間ですか？／ADM/ピコレーザの後にスマートサイドドット（2回目以降）はどのくらい空けますか？／ADM/ピコレーザとスマートサイドドット（2回目以降）はどのくらい間隔をあけますか？／ADM/ピコレーザしてからスマートサイドドット（2回目以降）まではどのくらい期間をあけたらいいですか？／ADM/ピコレーザの後にスマートサイドドット（2回目以降）はいつ受けられますか？／ADM/ピコレーザとスマートサイドドット（2回目以降）は同日にできますか？,ADM/ピコレーザの治療がすべて完了してから4週間あけてスマートサイドドット（2回目以降）を受けてください。施術内容やお肌の状態によって前後することがあります。また回答の施術間隔は当院で治療をした方の目安であり、他院で治療をされている場合は直接お電話にてお問い合わせくださいませ。,"ADM/ピコレーザ,スマートサイドドット（2回目以降）,ADMレーザー,ピコレーザー,ADM,スマサイ,スマートサイドドット,間隔,空ける,あける,期間,どのくらい,どれくらい,何週間,何日あける,同日,してから,次の施術"
ADM/ピコレーザ,スマートサイドドット（初回）,治療完了後4週間,ADM/ピコレーザとスマートサイドドット（初回）の間隔／ADM/ピコレーザとスマートサイドドット（初回）の間隔は何週間ですか？／ADM/ピコレーザの後にスマートサイドドット（初回）はどのくらい空けますか？／ADM/ピコレーザとスマートサイドドット（初回）はどのくらい間隔をあけますか？／ADM/ピコレーザしてからスマートサイドドット（初回）まではどのくらい期間をあけたらいいですか？／ADM/ピコレーザの後にスマートサイドドット（初回）はいつ受けられますか？／ADM/ピコレーザとスマートサイドドット（初回）は同日にできますか？,ADM/ピコレーザの治療がすべて完了してから4週間あけてスマートサイドドット（初回）を受けてください。施術内容やお肌の状態によって前後することがあります。また回答の施術間隔は当院で治療をした方の目安であり、他院で治療をされている場合は直接お電話にてお問い合わせくださいませ。,"ADM/ピコレーザ,スマートサイドドット（初回）,ADMレーザー,ピコレーザー,ADM,スマサイ,スマートサイドドット,間隔,空ける,あける,期間,どのくらい,どれくらい,何週間,何日あける,同日,してから,次の施術"
ADM/ピコレーザ,イボレーザー/CO2レーザー,治療完了後4週間,ADM/ピコレーザとイボレーザー/CO2レーザーの間隔／ADM/ピコレーザとイボレーザー/CO2レーザーの間隔は何週間ですか？／ADM/ピコレーザの後にイボレーザー/CO2レーザーはどのくらい空けますか？／ADM/ピコレーザとイボレーザー/CO2レーザーはどのくらい間隔をあけますか？／ADM/ピコレーザしてからイボレーザー/CO2レーザーまではどのくらい期間をあけたらいいですか？／ADM/ピコレーザの後にイボレーザー/CO2レーザーはいつ受けられますか？／ADM/ピコレーザとイボレーザー/CO2レーザーは同日にできますか？,ADM/ピコレーザの治療がすべて完了してから4週間あけてイボレーザー/CO2レーザーを受けてください。施術内容やお肌の状態によって前後することがあります。また回答の施術間隔は当院で治療をした方の目安であり、他院で治療をされている場合は直接お電話にてお問い合わせくださいませ。,"ADM/ピコレーザ,イボレーザー/CO2レーザー,ADMレーザー,ピコレーザー,ADM,炭酸ガスレーザー,CO2レーザー,イボ取り,いぼレーザー,間隔,空ける,あける,期間,どのくらい,どれくらい,何週間,何日あける,同日,してから,次の施術"
ADM/ピコレーザ,ADM/ピコレーザ,自費：3ヶ月保険：3ヶ月,ADM/ピコレーザとADM/ピコレーザの間隔／ADM/ピコレーザとADM/ピコレーザの間隔は何週間ですか？／ADM/ピコレーザの後にADM/ピコレーザはどのくらい空けますか？／ADM/ピコレーザとADM/ピコレーザはどのくらい間隔をあけますか？／ADM/ピコレーザしてからADM/ピコレーザまではどのくらい期間をあけたらいいですか？／ADM/ピコレーザの後にADM/ピコレーザはいつ受けられますか？／ADM/ピコレーザとADM/ピコレーザは同日にできますか？,ADM/ピコレーザの後にADM/ピコレーザを受ける間隔は、自費診療は3ヶ月、保険診療は3ヶ月です。施術内容やお肌の状態によって前後することがあります。また回答の施術間隔は当院で治療をした方の目安であり、他院で治療をされている場合は直接お電話にてお問い合わせくださいませ。,"ADM/ピコレーザ,ADMレーザー,ピコレーザー,ADM,間隔,空ける,あける,期間,どのくらい,どれくらい,何週間,何日あける,同日,してから,次の施術"
ADM/ピコレーザ,レーザートーニング,治療完了後4週間,ADM/ピコレーザとレーザートーニングの間隔／ADM/ピコレーザとレーザートーニングの間隔は何週間ですか？／ADM/ピコレーザの後にレーザートーニングはどのくらい空けますか？／ADM/ピコレーザとレーザートーニングはどのくらい間隔をあけますか？／ADM/ピコレーザしてからレーザートーニングまではどのくらい期間をあけたらいいですか？／ADM/ピコレーザの後にレーザートーニングはいつ受けられますか？／ADM/ピコレーザとレーザートーニングは同日にできますか？,ADM/ピコレーザの治療がすべて完了してから4週間あけてレーザートーニングを受けてください。施術内容やお肌の状態によって前後することがあります。また回答の施術間隔は当院で治療をした方の目安であり、他院で治療をされている場合は直接お電話にてお問い合わせくださいませ。,"ADM/ピコレーザ,レーザートーニング,ADMレーザー,ピコレーザー,ADM,トーニング,間隔,空ける,あける,期間,どのくらい,どれくらい,何週間,何日あける,同日,してから,次の施術"
ADM/ピコレーザ,ピコトーニング,治療完了後4週間,ADM/ピコレーザとピコトーニングの間隔／ADM/ピコレーザとピコトーニングの間隔は何週間ですか？／ADM/ピコレーザの後にピコトーニングはどのくらい空けますか？／ADM/ピコレーザとピコトーニングはどのくらい間隔をあけますか？／ADM/ピコレーザしてからピコトーニングまではどのくらい期間をあけたらいいですか？／ADM/ピコレーザの後にピコトーニングはいつ受けられますか？／ADM/ピコレーザとピコトーニングは同日にできますか？,ADM/ピコレーザの治療がすべて完了してから4週間あけてピコトーニングを受けてください。施術内容やお肌の状態によって前後することがあります。また回答の施術間隔は当院で治療をした方の目安であり、他院で治療をされている場合は直接お電話にてお問い合わせくださいませ。,"ADM/ピコレーザ,ピコトーニング,ADMレーザー,ピコレーザー,ADM,トーニング,ピコ,間隔,空ける,あける,期間,どのくらい,どれくらい,何週間,何日あける,同日,してから,次の施術"
ADM/ピコレーザ,ピコフラクショナル,治療完了後4週間,ADM/ピコレーザとピコフラクショナルの間隔／ADM/ピコレーザとピコフラクショナルの間隔は何週間ですか？／ADM/ピコレーザの後にピコフラクショナルはどのくらい空けますか？／ADM/ピコレーザとピコフラクショナルはどのくらい間隔をあけますか？／ADM/ピコレーザしてからピコフラクショナルまではどのくらい期間をあけたらいいですか？／ADM/ピコレーザの後にピコフラクショナルはいつ受けられますか？／ADM/ピコレーザとピコフラクショナルは同日にできますか？,ADM/ピコレーザの治療がすべて完了してから4週間あけてピコフラクショナルを受けてください。施術内容やお肌の状態によって前後することがあります。また回答の施術間隔は当院で治療をした方の目安であり、他院で治療をされている場合は直接お電話にてお問い合わせくださいませ。,"ADM/ピコレーザ,ピコフラクショナル,ADMレーザー,ピコレーザー,ADM,フラクショナル,間隔,空ける,あける,期間,どのくらい,どれくらい,何週間,何日あける,同日,してから,次の施術"
ADM/ピコレーザ,そばかすシャワー,治療完了後4週間,ADM/ピコレーザとそばかすシャワーの間隔／ADM/ピコレーザとそばかすシャワーの間隔は何週間ですか？／ADM/ピコレーザの後にそばかすシャワーはどのくらい空けますか？／ADM/ピコレーザとそばかすシャワーはどのくらい間隔をあけますか？／ADM/ピコレーザしてからそばかすシャワーまではどのくらい期間をあけたらいいですか？／ADM/ピコレーザの後にそばかすシャワーはいつ受けられますか？／ADM/ピコレーザとそばかすシャワーは同日にできますか？,ADM/ピコレーザの治療がすべて完了してから4週間あけてそばかすシャワーを受けてください。施術内容やお肌の状態によって前後することがあります。また回答の施術間隔は当院で治療をした方の目安であり、他院で治療をされている場合は直接お電話にてお問い合わせくださいませ。,"ADM/ピコレーザ,そばかすシャワー,ADMレーザー,ピコレーザー,ADM,そばかす,間隔,空ける,あける,期間,どのくらい,どれくらい,何週間,何日あける,同日,してから,次の施術"
ADM/ピコレーザ,そばかすスポット,治療完了後4週間,ADM/ピコレーザとそばかすスポットの間隔／ADM/ピコレーザとそばかすスポットの間隔は何週間ですか？／ADM/ピコレーザの後にそばかすスポットはどのくらい空けますか？／ADM/ピコレーザとそばかすスポットはどのくらい間隔をあけますか？／ADM/ピコレーザしてからそばかすスポットまではどのくらい期間をあけたらいいですか？／ADM/ピコレーザの後にそばかすスポットはいつ受けられますか？／ADM/ピコレーザとそばかすスポットは同日にできますか？,ADM/ピコレーザの治療がすべて完了してから4週間あけてそばかすスポットを受けてください。施術内容やお肌の状態によって前後することがあります。また回答の施術間隔は当院で治療をした方の目安であり、他院で治療をされている場合は直接お電話にてお問い合わせくださいませ。,"ADM/ピコレーザ,そばかすスポット,ADMレーザー,ピコレーザー,ADM,そばかす,間隔,空ける,あける,期間,どのくらい,どれくらい,何週間,何日あける,同日,してから,次の施術"
ADM/ピコレーザ,フォト/光治療,治療完了後4週間,ADM/ピコレーザとフォト/光治療の間隔／ADM/ピコレーザとフォト/光治療の間隔は何週間ですか？／ADM/ピコレーザの後にフォト/光治療はどのくらい空けますか？／ADM/ピコレーザとフォト/光治療はどのくらい間隔をあけますか？／ADM/ピコレーザしてからフォト/光治療まではどのくらい期間をあけたらいいですか？／ADM/ピコレーザの後にフォト/光治療はいつ受けられますか？／ADM/ピコレーザとフォト/光治療は同日にできますか？,ADM/ピコレーザの治療がすべて完了してから4週間あけてフォト/光治療を受けてください。施術内容やお肌の状態によって前後することがあります。また回答の施術間隔は当院で治療をした方の目安であり、他院で治療をされている場合は直接お電話にてお問い合わせくださいませ。,"ADM/ピコレーザ,フォト/光治療,ADMレーザー,ピコレーザー,ADM,フォトフェイシャル,フォト,光治療,IPL,間隔,空ける,あける,期間,どのくらい,どれくらい,何週間,何日あける,同日,してから,次の施術"
ADM/ピコレーザ,赤み治療,治療完了後4週間,ADM/ピコレーザと赤み治療の間隔／ADM/ピコレーザと赤み治療の間隔は何週間ですか？／ADM/ピコレーザの後に赤み治療はどのくらい空けますか？／ADM/ピコレーザと赤み治療はどのくらい間隔をあけますか？／ADM/ピコレーザしてから赤み治療まではどのくらい期間をあけたらいいですか？／ADM/ピコレーザの後に赤み治療はいつ受けられますか？／ADM/ピコレーザと赤み治療は同日にできますか？,ADM/ピコレーザの治療がすべて完了してから4週間あけて赤み治療を受けてください。施術内容やお肌の状態によって前後することがあります。また回答の施術間隔は当院で治療をした方の目安であり、他院で治療をされている場合は直接お電話にてお問い合わせくださいませ。,"ADM/ピコレーザ,赤み治療,ADMレーザー,ピコレーザー,ADM,血管腫レーザー,赤ら顔,間隔,空ける,あける,期間,どのくらい,どれくらい,何週間,何日あける,同日,してから,次の施術"
ADM/ピコレーザ,ボトックス,治療完了後4週間,ADM/ピコレーザとボトックスの間隔／ADM/ピコレーザとボトックスの間隔は何週間ですか？／ADM/ピコレーザの後にボトックスはどのくらい空けますか？／ADM/ピコレーザとボトックスはどのくらい間隔をあけますか？／ADM/ピコレーザしてからボトックスまではどのくらい期間をあけたらいいですか？／ADM/ピコレーザの後にボトックスはいつ受けられますか？／ADM/ピコレーザとボトックスは同日にできますか？,ADM/ピコレーザの治療がすべて完了してから4週間あけてボトックスを受けてください。施術内容やお肌の状態によって前後することがあります。また回答の施術間隔は当院で治療をした方の目安であり、他院で治療をされている場合は直接お電話にてお問い合わせくださいませ。,"ADM/ピコレーザ,ボトックス,ADMレーザー,ピコレーザー,ADM,ボトックス注射,間隔,空ける,あける,期間,どのくらい,どれくらい,何週間,何日あける,同日,してから,次の施術"
ADM/ピコレーザ,ボトックス（マイクロ）,治療完了後4週間,ADM/ピコレーザとボトックス（マイクロ）の間隔／ADM/ピコレーザとボトックス（マイクロ）の間隔は何週間ですか？／ADM/ピコレーザの後にボトックス（マイクロ）はどのくらい空けますか？／ADM/ピコレーザとボトックス（マイクロ）はどのくらい間隔をあけますか？／ADM/ピコレーザしてからボトックス（マイクロ）まではどのくらい期間をあけたらいいですか？／ADM/ピコレーザの後にボトックス（マイクロ）はいつ受けられますか？／ADM/ピコレーザとボトックス（マイクロ）は同日にできますか？,ADM/ピコレーザの治療がすべて完了してから4週間あけてボトックス（マイクロ）を受けてください。施術内容やお肌の状態によって前後することがあります。また回答の施術間隔は当院で治療をした方の目安であり、他院で治療をされている場合は直接お電話にてお問い合わせくださいませ。,"ADM/ピコレーザ,ボトックス（マイクロ）,ADMレーザー,ピコレーザー,ADM,マイクロボトックス,間隔,空ける,あける,期間,どのくらい,どれくらい,何週間,何日あける,同日,してから,次の施術"
ADM/ピコレーザ,フラルスキン部分シミ,治療完了後4週間,ADM/ピコレーザとフラルスキン部分シミの間隔／ADM/ピコレーザとフラルスキン部分シミの間隔は何週間ですか？／ADM/ピコレーザの後にフラルスキン部分シミはどのくらい空けますか？／ADM/ピコレーザとフラルスキン部分シミはどのくらい間隔をあけますか？／ADM/ピコレーザしてからフラルスキン部分シミまではどのくらい期間をあけたらいいですか？／ADM/ピコレーザの後にフラルスキン部分シミはいつ受けられますか？／ADM/ピコレーザとフラルスキン部分シミは同日にできますか？,ADM/ピコレーザの治療がすべて完了してから4週間あけてフラルスキン部分シミを受けてください。施術内容やお肌の状態によって前後することがあります。また回答の施術間隔は当院で治療をした方の目安であり、他院で治療をされている場合は直接お電話にてお問い合わせくださいませ。,"ADM/ピコレーザ,フラルスキン部分シミ,ADMレーザー,ピコレーザー,ADM,間隔,空ける,あける,期間,どのくらい,どれくらい,何週間,何日あける,同日,してから,次の施術"
ADM/ピコレーザ,テノールネオ,治療完了後4週間,ADM/ピコレーザとテノールネオの間隔／ADM/ピコレーザとテノールネオの間隔は何週間ですか？／ADM/ピコレーザの後にテノールネオはどのくらい空けますか？／ADM/ピコレーザとテノールネオはどのくらい間隔をあけますか？／ADM/ピコレーザしてからテノールネオまではどのくらい期間をあけたらいいですか？／ADM/ピコレーザの後にテノールネオはいつ受けられますか？／ADM/ピコレーザとテノールネオは同日にできますか？,ADM/ピコレーザの治療がすべて完了してから4週間あけてテノールネオを受けてください。施術内容やお肌の状態によって前後することがあります。また回答の施術間隔は当院で治療をした方の目安であり、他院で治療をされている場合は直接お電話にてお問い合わせくださいませ。,"ADM/ピコレーザ,テノールネオ,ADMレーザー,ピコレーザー,ADM,テノールNEO,テノール,間隔,空ける,あける,期間,どのくらい,どれくらい,何週間,何日あける,同日,してから,次の施術"
ADM/ピコレーザ,ほくろ切除/ほくろ除去,治療完了後4週間,ADM/ピコレーザとほくろ切除/ほくろ除去の間隔／ADM/ピコレーザとほくろ切除/ほくろ除去の間隔は何週間ですか？／ADM/ピコレーザの後にほくろ切除/ほくろ除去はどのくらい空けますか？／ADM/ピコレーザとほくろ切除/ほくろ除去はどのくらい間隔をあけますか？／ADM/ピコレーザしてからほくろ切除/ほくろ除去まではどのくらい期間をあけたらいいですか？／ADM/ピコレーザの後にほくろ切除/ほくろ除去はいつ受けられますか？／ADM/ピコレーザとほくろ切除/ほくろ除去は同日にできますか？,ADM/ピコレーザの治療がすべて完了してから4週間あけてほくろ切除/ほくろ除去を受けてください。施術内容やお肌の状態によって前後することがあります。また回答の施術間隔は当院で治療をした方の目安であり、他院で治療をされている場合は直接お電話にてお問い合わせくださいませ。,"ADM/ピコレーザ,ほくろ切除/ほくろ除去,ADMレーザー,ピコレーザー,ADM,ほくろ除去,ほくろ,間隔,空ける,あける,期間,どのくらい,どれくらい,何週間,何日あける,同日,してから,次の施術"
ADM/ピコレーザ,ボライト,治療完了後4週間,ADM/ピコレーザとボライトの間隔／ADM/ピコレーザとボライトの間隔は何週間ですか？／ADM/ピコレーザの後にボライトはどのくらい空けますか？／ADM/ピコレーザとボライトはどのくらい間隔をあけますか？／ADM/ピコレーザしてからボライトまではどのくらい期間をあけたらいいですか？／ADM/ピコレーザの後にボライトはいつ受けられますか？／ADM/ピコレーザとボライトは同日にできますか？,ADM/ピコレーザの治療がすべて完了してから4週間あけてボライトを受けてください。施術内容やお肌の状態によって前後することがあります。また回答の施術間隔は当院で治療をした方の目安であり、他院で治療をされている場合は直接お電話にてお問い合わせくださいませ。,"ADM/ピコレーザ,ボライト,ADMレーザー,ピコレーザー,ADM,間隔,空ける,あける,期間,どのくらい,どれくらい,何週間,何日あける,同日,してから,次の施術"
ADM/ピコレーザ,稗粒腫,治療完了後4週間,ADM/ピコレーザと稗粒腫の間隔／ADM/ピコレーザと稗粒腫の間隔は何週間ですか？／ADM/ピコレーザの後に稗粒腫はどのくらい空けますか？／ADM/ピコレーザと稗粒腫はどのくらい間隔をあけますか？／ADM/ピコレーザしてから稗粒腫まではどのくらい期間をあけたらいいですか？／ADM/ピコレーザの後に稗粒腫はいつ受けられますか？／ADM/ピコレーザと稗粒腫は同日にできますか？,ADM/ピコレーザの治療がすべて完了してから4週間あけて稗粒腫を受けてください。施術内容やお肌の状態によって前後することがあります。また回答の施術間隔は当院で治療をした方の目安であり、他院で治療をされている場合は直接お電話にてお問い合わせくださいませ。,"ADM/ピコレーザ,稗粒腫,ADMレーザー,ピコレーザー,ADM,間隔,空ける,あける,期間,どのくらい,どれくらい,何週間,何日あける,同日,してから,次の施術"
ADM/ピコレーザ,ヴェルヴェットスキン,治療完了後4週間,ADM/ピコレーザとヴェルヴェットスキンの間隔／ADM/ピコレーザとヴェルヴェットスキンの間隔は何週間ですか？／ADM/ピコレーザの後にヴェルヴェットスキンはどのくらい空けますか？／ADM/ピコレーザとヴェルヴェットスキンはどのくらい間隔をあけますか？／ADM/ピコレーザしてからヴェルヴェットスキンまではどのくらい期間をあけたらいいですか？／ADM/ピコレーザの後にヴェルヴェットスキンはいつ受けられますか？／ADM/ピコレーザとヴェルヴェットスキンは同日にできますか？,ADM/ピコレーザの治療がすべて完了してから4週間あけてヴェルヴェットスキンを受けてください。施術内容やお肌の状態によって前後することがあります。また回答の施術間隔は当院で治療をした方の目安であり、他院で治療をされている場合は直接お電話にてお問い合わせくださいませ。,"ADM/ピコレーザ,ヴェルヴェットスキン,ADMレーザー,ピコレーザー,ADM,ヴェルヴェット,ベルベットスキン,間隔,空ける,あける,期間,どのくらい,どれくらい,何週間,何日あける,同日,してから,次の施術"
ADM/ピコレーザ,ダーマペン,治療完了後4週間,ADM/ピコレーザとダーマペンの間隔／ADM/ピコレーザとダーマペンの間隔は何週間ですか？／ADM/ピコレーザの後にダーマペンはどのくらい空けますか？／ADM/ピコレーザとダーマペンはどのくらい間隔をあけますか？／ADM/ピコレーザしてからダーマペンまではどのくらい期間をあけたらいいですか？／ADM/ピコレーザの後にダーマペンはいつ受けられますか？／ADM/ピコレーザとダーマペンは同日にできますか？,ADM/ピコレーザの治療がすべて完了してから4週間あけてダーマペンを受けてください。施術内容やお肌の状態によって前後することがあります。また回答の施術間隔は当院で治療をした方の目安であり、他院で治療をされている場合は直接お電話にてお問い合わせくださいませ。,"ADM/ピコレーザ,ダーマペン,ADMレーザー,ピコレーザー,ADM,ダーマペン4,間隔,空ける,あける,期間,どのくらい,どれくらい,何週間,何日あける,同日,してから,次の施術"
ADM/ピコレーザ,HARG,（翌日）,ADM/ピコレーザとHARGの間隔／ADM/ピコレーザとHARGの間隔は何週間ですか？／ADM/ピコレーザの後にHARGはどのくらい空けますか？／ADM/ピコレーザとHARGはどのくらい間隔をあけますか？／ADM/ピコレーザしてからHARGまではどのくらい期間をあけたらいいですか？／ADM/ピコレーザの後にHARGはいつ受けられますか？／ADM/ピコレーザとHARGは同日にできますか？,ADM/ピコレーザの後にHARG（部位が異なります）は翌日以降であれば受けられます。施術内容やお肌の状態によって前後することがあります。また回答の施術間隔は当院で治療をした方の目安であり、他院で治療をされている場合は直接お電話にてお問い合わせくださいませ。,"ADM/ピコレーザ,HARG,ADMレーザー,ピコレーザー,ADM,ハーグ,HARG療法,間隔,空ける,あける,期間,どのくらい,どれくらい,何週間,何日あける,同日,してから,次の施術"
ADM/ピコレーザ,スカルプ・プラセンタエッセンス,（翌日）,ADM/ピコレーザとスカルプ・プラセンタエッセンスの間隔／ADM/ピコレーザとスカルプ・プラセンタエッセンスの間隔は何週間ですか？／ADM/ピコレーザの後にスカルプ・プラセンタエッセンスはどのくらい空けますか？／ADM/ピコレーザとスカルプ・プラセンタエッセンスはどのくらい間隔をあけますか？／ADM/ピコレーザしてからスカルプ・プラセンタエッセンスまではどのくらい期間をあけたらいいですか？／ADM/ピコレーザの後にスカルプ・プラセンタエッセンスはいつ受けられますか？／ADM/ピコレーザとスカルプ・プラセンタエッセンスは同日にできますか？,ADM/ピコレーザの後にスカルプ・プラセンタエッセンス（部位が異なります）は翌日以降であれば受けられます。施術内容やお肌の状態によって前後することがあります。また回答の施術間隔は当院で治療をした方の目安であり、他院で治療をされている場合は直接お電話にてお問い合わせくださいませ。,"ADM/ピコレーザ,スカルプ・プラセンタエッセンス,ADMレーザー,ピコレーザー,ADM,スカルプ,プラセンタ,間隔,空ける,あける,期間,どのくらい,どれくらい,何週間,何日あける,同日,してから,次の施術"
ADM/ピコレーザ,コラーゲンピール,治療完了後4週間,ADM/ピコレーザとコラーゲンピールの間隔／ADM/ピコレーザとコラーゲンピールの間隔は何週間ですか？／ADM/ピコレーザの後にコラーゲンピールはどのくらい空けますか？／ADM/ピコレーザとコラーゲンピールはどのくらい間隔をあけますか？／ADM/ピコレーザしてからコラーゲンピールまではどのくらい期間をあけたらいいですか？／ADM/ピコレーザの後にコラーゲンピールはいつ受けられますか？／ADM/ピコレーザとコラーゲンピールは同日にできますか？,ADM/ピコレーザの治療がすべて完了してから4週間あけてコラーゲンピールを受けてください。施術内容やお肌の状態によって前後することがあります。また回答の施術間隔は当院で治療をした方の目安であり、他院で治療をされている場合は直接お電話にてお問い合わせくださいませ。,"ADM/ピコレーザ,コラーゲンピール,ADMレーザー,ピコレーザー,ADM,マッサージピール,間隔,空ける,あける,期間,どのくらい,どれくらい,何週間,何日あける,同日,してから,次の施術"
ADM/ピコレーザ,サーマクール,4週間,ADM/ピコレーザとサーマクールの間隔／ADM/ピコレーザとサーマクールの間隔は何週間ですか？／ADM/ピコレーザの後にサーマクールはどのくらい空けますか？／ADM/ピコレーザとサーマクールはどのくらい間隔をあけますか？／ADM/ピコレーザしてからサーマクールまではどのくらい期間をあけたらいいですか？／ADM/ピコレーザの後にサーマクールはいつ受けられますか？／ADM/ピコレーザとサーマクールは同日にできますか？,ADM/ピコレーザとサーマクールは、別の部位であれば原則として同日に受けられます。同じ部位にサーマクールを受ける場合は4週間あけてください。施術内容やお肌の状態によって前後することがあります。また回答の施術間隔は当院で治療をした方の目安であり、他院で治療をされている場合は直接お電話にてお問い合わせくださいませ。,"ADM/ピコレーザ,サーマクール,ADMレーザー,ピコレーザー,ADM,サーマ,間隔,空ける,あける,期間,どのくらい,どれくらい,何週間,何日あける,同日,してから,次の施術"
ADM/ピコレーザ,脱毛,4週間,ADM/ピコレーザと脱毛の間隔／ADM/ピコレーザと脱毛の間隔は何週間ですか？／ADM/ピコレーザの後に脱毛はどのくらい空けますか？／ADM/ピコレーザと脱毛はどのくらい間隔をあけますか？／ADM/ピコレーザしてから脱毛まではどのくらい期間をあけたらいいですか？／ADM/ピコレーザの後に脱毛はいつ受けられますか？／ADM/ピコレーザと脱毛は同日にできますか？,ADM/ピコレーザと脱毛は、別の部位であれば原則として同日に受けられます。同じ部位に脱毛を受ける場合は4週間あけてください。施術内容やお肌の状態によって前後することがあります。また回答の施術間隔は当院で治療をした方の目安であり、他院で治療をされている場合は直接お電話にてお問い合わせくださいませ。,"ADM/ピコレーザ,脱毛,ADMレーザー,ピコレーザー,ADM,医療脱毛,顔脱毛,全身脱毛,VIO脱毛,ひげ脱毛,レーザー脱毛,間隔,空ける,あける,期間,どのくらい,どれくらい,何週間,何日あける,同日,してから,次の施術"
ADM/ピコレーザ,タトゥー,治療完了後4週間,ADM/ピコレーザとタトゥーの間隔／ADM/ピコレーザとタトゥーの間隔は何週間ですか？／ADM/ピコレーザの後にタトゥーはどのくらい空けますか？／ADM/ピコレーザとタトゥーはどのくらい間隔をあけますか？／ADM/ピコレーザしてからタトゥーまではどのくらい期間をあけたらいいですか？／ADM/ピコレーザの後にタトゥーはいつ受けられますか？／ADM/ピコレーザとタトゥーは同日にできますか？,ADM/ピコレーザの治療がすべて完了してから4週間あけてタトゥーを受けてください。施術内容やお肌の状態によって前後することがあります。また回答の施術間隔は当院で治療をした方の目安であり、他院で治療をされている場合は直接お電話にてお問い合わせくださいませ。,"ADM/ピコレーザ,タトゥー,ADMレーザー,ピコレーザー,ADM,刺青,タトゥー除去,間隔,空ける,あける,期間,どのくらい,どれくらい,何週間,何日あける,同日,してから,次の施術"
ADM/ピコレーザ,アートメイク,同日可,ADM/ピコレーザとアートメイクの間隔／ADM/ピコレーザとアートメイクの間隔は何週間ですか？／ADM/ピコレーザの後にアートメイクはどのくらい空けますか？／ADM/ピコレーザとアートメイクはどのくらい間隔をあけますか？／ADM/ピコレーザしてからアートメイクまではどのくらい期間をあけたらいいですか？／ADM/ピコレーザの後にアートメイクはいつ受けられますか？／ADM/ピコレーザとアートメイクは同日にできますか？,ADM/ピコレーザとアートメイクは同日に受けられます。施術内容やお肌の状態によって前後することがあります。また回答の施術間隔は当院で治療をした方の目安であり、他院で治療をされている場合は直接お電話にてお問い合わせくださいませ。,"ADM/ピコレーザ,アートメイク,ADMレーザー,ピコレーザー,ADM,間隔,空ける,あける,期間,どのくらい,どれくらい,何週間,何日あける,同日,してから,次の施術"
ADM/ナノレーザー,ハイドラジェントル,治療完了後4週間,ADM/ナノレーザーとハイドラジェントルの間隔／ADM/ナノレーザーとハイドラジェントルの間隔は何週間ですか？／ADM/ナノレーザーの後にハイドラジェントルはどのくらい空けますか？／ADM/ナノレーザーとハイドラジェントルはどのくらい間隔をあけますか？／ADM/ナノレーザーしてからハイドラジェントルまではどのくらい期間をあけたらいいですか？／ADM/ナノレーザーの後にハイドラジェントルはいつ受けられますか？／ADM/ナノレーザーとハイドラジェントルは同日にできますか？,ADM/ナノレーザーの治療がすべて完了してから4週間あけてハイドラジェントルを受けてください。施術内容やお肌の状態によって前後することがあります。また回答の施術間隔は当院で治療をした方の目安であり、他院で治療をされている場合は直接お電話にてお問い合わせくださいませ。,"ADM/ナノレーザー,ハイドラジェントル,ADMレーザー,ナノレーザー,ADM,ハイドラ,間隔,空ける,あける,期間,どのくらい,どれくらい,何週間,何日あける,同日,してから,次の施術"
ADM/ナノレーザー,ケミカルピーリング,治療完了後4週間,ADM/ナノレーザーとケミカルピーリングの間隔／ADM/ナノレーザーとケミカルピーリングの間隔は何週間ですか？／ADM/ナノレーザーの後にケミカルピーリングはどのくらい空けますか？／ADM/ナノレーザーとケミカルピーリングはどのくらい間隔をあけますか？／ADM/ナノレーザーしてからケミカルピーリングまではどのくらい期間をあけたらいいですか？／ADM/ナノレーザーの後にケミカルピーリングはいつ受けられますか？／ADM/ナノレーザーとケミカルピーリングは同日にできますか？,ADM/ナノレーザーの治療がすべて完了してから4週間あけてケミカルピーリングを受けてください。施術内容やお肌の状態によって前後することがあります。また回答の施術間隔は当院で治療をした方の目安であり、他院で治療をされている場合は直接お電話にてお問い合わせくださいませ。,"ADM/ナノレーザー,ケミカルピーリング,ADMレーザー,ナノレーザー,ADM,ピーリング,間隔,空ける,あける,期間,どのくらい,どれくらい,何週間,何日あける,同日,してから,次の施術"
ADM/ナノレーザー,スマートサイドドット（2回目以降）,治療完了後4週間,ADM/ナノレーザーとスマートサイドドット（2回目以降）の間隔／ADM/ナノレーザーとスマートサイドドット（2回目以降）の間隔は何週間ですか？／ADM/ナノレーザーの後にスマートサイドドット（2回目以降）はどのくらい空けますか？／ADM/ナノレーザーとスマートサイドドット（2回目以降）はどのくらい間隔をあけますか？／ADM/ナノレーザーしてからスマートサイドドット（2回目以降）まではどのくらい期間をあけたらいいですか？／ADM/ナノレーザーの後にスマートサイドドット（2回目以降）はいつ受けられますか？／ADM/ナノレーザーとスマートサイドドット（2回目以降）は同日にできますか？,ADM/ナノレーザーの治療がすべて完了してから4週間あけてスマートサイドドット（2回目以降）を受けてください。施術内容やお肌の状態によって前後することがあります。また回答の施術間隔は当院で治療をした方の目安であり、他院で治療をされている場合は直接お電話にてお問い合わせくださいませ。,"ADM/ナノレーザー,スマートサイドドット（2回目以降）,ADMレーザー,ナノレーザー,ADM,スマサイ,スマートサイドドット,間隔,空ける,あける,期間,どのくらい,どれくらい,何週間,何日あける,同日,してから,次の施術"
ADM/ナノレーザー,スマートサイドドット（初回）,治療完了後4週間,ADM/ナノレーザーとスマートサイドドット（初回）の間隔／ADM/ナノレーザーとスマートサイドドット（初回）の間隔は何週間ですか？／ADM/ナノレーザーの後にスマートサイドドット（初回）はどのくらい空けますか？／ADM/ナノレーザーとスマートサイドドット（初回）はどのくらい間隔をあけますか？／ADM/ナノレーザーしてからスマートサイドドット（初回）まではどのくらい期間をあけたらいいですか？／ADM/ナノレーザーの後にスマートサイドドット（初回）はいつ受けられますか？／ADM/ナノレーザーとスマートサイドドット（初回）は同日にできますか？,ADM/ナノレーザーの治療がすべて完了してから4週間あけてスマートサイドドット（初回）を受けてください。施術内容やお肌の状態によって前後することがあります。また回答の施術間隔は当院で治療をした方の目安であり、他院で治療をされている場合は直接お電話にてお問い合わせくださいませ。,"ADM/ナノレーザー,スマートサイドドット（初回）,ADMレーザー,ナノレーザー,ADM,スマサイ,スマートサイドドット,間隔,空ける,あける,期間,どのくらい,どれくらい,何週間,何日あける,同日,してから,次の施術"
ADM/ナノレーザー,イボレーザー/CO2レーザー,治療完了後4週間,ADM/ナノレーザーとイボレーザー/CO2レーザーの間隔／ADM/ナノレーザーとイボレーザー/CO2レーザーの間隔は何週間ですか？／ADM/ナノレーザーの後にイボレーザー/CO2レーザーはどのくらい空けますか？／ADM/ナノレーザーとイボレーザー/CO2レーザーはどのくらい間隔をあけますか？／ADM/ナノレーザーしてからイボレーザー/CO2レーザーまではどのくらい期間をあけたらいいですか？／ADM/ナノレーザーの後にイボレーザー/CO2レーザーはいつ受けられますか？／ADM/ナノレーザーとイボレーザー/CO2レーザーは同日にできますか？,ADM/ナノレーザーの治療がすべて完了してから4週間あけてイボレーザー/CO2レーザーを受けてください。施術内容やお肌の状態によって前後することがあります。また回答の施術間隔は当院で治療をした方の目安であり、他院で治療をされている場合は直接お電話にてお問い合わせくださいませ。,"ADM/ナノレーザー,イボレーザー/CO2レーザー,ADMレーザー,ナノレーザー,ADM,炭酸ガスレーザー,CO2レーザー,イボ取り,いぼレーザー,間隔,空ける,あける,期間,どのくらい,どれくらい,何週間,何日あける,同日,してから,次の施術"
ADM/ナノレーザー,ADM/ピコレーザ,自費：1ヶ月保険：3ヶ月,ADM/ナノレーザーとADM/ピコレーザの間隔／ADM/ナノレーザーとADM/ピコレーザの間隔は何週間ですか？／ADM/ナノレーザーの後にADM/ピコレーザはどのくらい空けますか？／ADM/ナノレーザーとADM/ピコレーザはどのくらい間隔をあけますか？／ADM/ナノレーザーしてからADM/ピコレーザまではどのくらい期間をあけたらいいですか？／ADM/ナノレーザーの後にADM/ピコレーザはいつ受けられますか？／ADM/ナノレーザーとADM/ピコレーザは同日にできますか？,ADM/ナノレーザーの後にADM/ピコレーザを受ける間隔は、自費診療は1ヶ月、保険診療は3ヶ月です。施術内容やお肌の状態によって前後することがあります。また回答の施術間隔は当院で治療をした方の目安であり、他院で治療をされている場合は直接お電話にてお問い合わせくださいませ。,"ADM/ナノレーザー,ADM/ピコレーザ,ADMレーザー,ナノレーザー,ADM,ピコレーザー,間隔,空ける,あける,期間,どのくらい,どれくらい,何週間,何日あける,同日,してから,次の施術"
ADM/ナノレーザー,ADM/ナノレーザー,自費：1ヶ月保険：3ヶ月,ADM/ナノレーザーとADM/ナノレーザーの間隔／ADM/ナノレーザーとADM/ナノレーザーの間隔は何週間ですか？／ADM/ナノレーザーの後にADM/ナノレーザーはどのくらい空けますか？／ADM/ナノレーザーとADM/ナノレーザーはどのくらい間隔をあけますか？／ADM/ナノレーザーしてからADM/ナノレーザーまではどのくらい期間をあけたらいいですか？／ADM/ナノレーザーの後にADM/ナノレーザーはいつ受けられますか？／ADM/ナノレーザーとADM/ナノレーザーは同日にできますか？,ADM/ナノレーザーの後にADM/ナノレーザーを受ける間隔は、自費診療は1ヶ月、保険診療は3ヶ月です。施術内容やお肌の状態によって前後することがあります。また回答の施術間隔は当院で治療をした方の目安であり、他院で治療をされている場合は直接お電話にてお問い合わせくださいませ。,"ADM/ナノレーザー,ADMレーザー,ナノレーザー,ADM,間隔,空ける,あける,期間,どのくらい,どれくらい,何週間,何日あける,同日,してから,次の施術"
ADM/ナノレーザー,レーザートーニング,治療完了後4週間,ADM/ナノレーザーとレーザートーニングの間隔／ADM/ナノレーザーとレーザートーニングの間隔は何週間ですか？／ADM/ナノレーザーの後にレーザートーニングはどのくらい空けますか？／ADM/ナノレーザーとレーザートーニングはどのくらい間隔をあけますか？／ADM/ナノレーザーしてからレーザートーニングまではどのくらい期間をあけたらいいですか？／ADM/ナノレーザーの後にレーザートーニングはいつ受けられますか？／ADM/ナノレーザーとレーザートーニングは同日にできますか？,ADM/ナノレーザーの治療がすべて完了してから4週間あけてレーザートーニングを受けてください。施術内容やお肌の状態によって前後することがあります。また回答の施術間隔は当院で治療をした方の目安であり、他院で治療をされている場合は直接お電話にてお問い合わせくださいませ。,"ADM/ナノレーザー,レーザートーニング,ADMレーザー,ナノレーザー,ADM,トーニング,間隔,空ける,あける,期間,どのくらい,どれくらい,何週間,何日あける,同日,してから,次の施術"
ADM/ナノレーザー,ピコトーニング,治療完了後4週間,ADM/ナノレーザーとピコトーニングの間隔／ADM/ナノレーザーとピコトーニングの間隔は何週間ですか？／ADM/ナノレーザーの後にピコトーニングはどのくらい空けますか？／ADM/ナノレーザーとピコトーニングはどのくらい間隔をあけますか？／ADM/ナノレーザーしてからピコトーニングまではどのくらい期間をあけたらいいですか？／ADM/ナノレーザーの後にピコトーニングはいつ受けられますか？／ADM/ナノレーザーとピコトーニングは同日にできますか？,ADM/ナノレーザーの治療がすべて完了してから4週間あけてピコトーニングを受けてください。施術内容やお肌の状態によって前後することがあります。また回答の施術間隔は当院で治療をした方の目安であり、他院で治療をされている場合は直接お電話にてお問い合わせくださいませ。,"ADM/ナノレーザー,ピコトーニング,ADMレーザー,ナノレーザー,ADM,トーニング,ピコ,間隔,空ける,あける,期間,どのくらい,どれくらい,何週間,何日あける,同日,してから,次の施術"
ADM/ナノレーザー,ピコフラクショナル,治療完了後4週間,ADM/ナノレーザーとピコフラクショナルの間隔／ADM/ナノレーザーとピコフラクショナルの間隔は何週間ですか？／ADM/ナノレーザーの後にピコフラクショナルはどのくらい空けますか？／ADM/ナノレーザーとピコフラクショナルはどのくらい間隔をあけますか？／ADM/ナノレーザーしてからピコフラクショナルまではどのくらい期間をあけたらいいですか？／ADM/ナノレーザーの後にピコフラクショナルはいつ受けられますか？／ADM/ナノレーザーとピコフラクショナルは同日にできますか？,ADM/ナノレーザーの治療がすべて完了してから4週間あけてピコフラクショナルを受けてください。施術内容やお肌の状態によって前後することがあります。また回答の施術間隔は当院で治療をした方の目安であり、他院で治療をされている場合は直接お電話にてお問い合わせくださいませ。,"ADM/ナノレーザー,ピコフラクショナル,ADMレーザー,ナノレーザー,ADM,フラクショナル,間隔,空ける,あける,期間,どのくらい,どれくらい,何週間,何日あける,同日,してから,次の施術"
ADM/ナノレーザー,そばかすシャワー,治療完了後4週間,ADM/ナノレーザーとそばかすシャワーの間隔／ADM/ナノレーザーとそばかすシャワーの間隔は何週間ですか？／ADM/ナノレーザーの後にそばかすシャワーはどのくらい空けますか？／ADM/ナノレーザーとそばかすシャワーはどのくらい間隔をあけますか？／ADM/ナノレーザーしてからそばかすシャワーまではどのくらい期間をあけたらいいですか？／ADM/ナノレーザーの後にそばかすシャワーはいつ受けられますか？／ADM/ナノレーザーとそばかすシャワーは同日にできますか？,ADM/ナノレーザーの治療がすべて完了してから4週間あけてそばかすシャワーを受けてください。施術内容やお肌の状態によって前後することがあります。また回答の施術間隔は当院で治療をした方の目安であり、他院で治療をされている場合は直接お電話にてお問い合わせくださいませ。,"ADM/ナノレーザー,そばかすシャワー,ADMレーザー,ナノレーザー,ADM,そばかす,間隔,空ける,あける,期間,どのくらい,どれくらい,何週間,何日あける,同日,してから,次の施術"
ADM/ナノレーザー,そばかすスポット,治療完了後4週間,ADM/ナノレーザーとそばかすスポットの間隔／ADM/ナノレーザーとそばかすスポットの間隔は何週間ですか？／ADM/ナノレーザーの後にそばかすスポットはどのくらい空けますか？／ADM/ナノレーザーとそばかすスポットはどのくらい間隔をあけますか？／ADM/ナノレーザーしてからそばかすスポットまではどのくらい期間をあけたらいいですか？／ADM/ナノレーザーの後にそばかすスポットはいつ受けられますか？／ADM/ナノレーザーとそばかすスポットは同日にできますか？,ADM/ナノレーザーの治療がすべて完了してから4週間あけてそばかすスポットを受けてください。施術内容やお肌の状態によって前後することがあります。また回答の施術間隔は当院で治療をした方の目安であり、他院で治療をされている場合は直接お電話にてお問い合わせくださいませ。,"ADM/ナノレーザー,そばかすスポット,ADMレーザー,ナノレーザー,ADM,そばかす,間隔,空ける,あける,期間,どのくらい,どれくらい,何週間,何日あける,同日,してから,次の施術"
ADM/ナノレーザー,フォト/光治療,治療完了後4週間,ADM/ナノレーザーとフォト/光治療の間隔／ADM/ナノレーザーとフォト/光治療の間隔は何週間ですか？／ADM/ナノレーザーの後にフォト/光治療はどのくらい空けますか？／ADM/ナノレーザーとフォト/光治療はどのくらい間隔をあけますか？／ADM/ナノレーザーしてからフォト/光治療まではどのくらい期間をあけたらいいですか？／ADM/ナノレーザーの後にフォト/光治療はいつ受けられますか？／ADM/ナノレーザーとフォト/光治療は同日にできますか？,ADM/ナノレーザーの治療がすべて完了してから4週間あけてフォト/光治療を受けてください。施術内容やお肌の状態によって前後することがあります。また回答の施術間隔は当院で治療をした方の目安であり、他院で治療をされている場合は直接お電話にてお問い合わせくださいませ。,"ADM/ナノレーザー,フォト/光治療,ADMレーザー,ナノレーザー,ADM,フォトフェイシャル,フォト,光治療,IPL,間隔,空ける,あける,期間,どのくらい,どれくらい,何週間,何日あける,同日,してから,次の施術"
ADM/ナノレーザー,赤み治療,治療完了後4週間,ADM/ナノレーザーと赤み治療の間隔／ADM/ナノレーザーと赤み治療の間隔は何週間ですか？／ADM/ナノレーザーの後に赤み治療はどのくらい空けますか？／ADM/ナノレーザーと赤み治療はどのくらい間隔をあけますか？／ADM/ナノレーザーしてから赤み治療まではどのくらい期間をあけたらいいですか？／ADM/ナノレーザーの後に赤み治療はいつ受けられますか？／ADM/ナノレーザーと赤み治療は同日にできますか？,ADM/ナノレーザーの治療がすべて完了してから4週間あけて赤み治療を受けてください。施術内容やお肌の状態によって前後することがあります。また回答の施術間隔は当院で治療をした方の目安であり、他院で治療をされている場合は直接お電話にてお問い合わせくださいませ。,"ADM/ナノレーザー,赤み治療,ADMレーザー,ナノレーザー,ADM,血管腫レーザー,赤ら顔,間隔,空ける,あける,期間,どのくらい,どれくらい,何週間,何日あける,同日,してから,次の施術"
ADM/ナノレーザー,ボトックス,治療完了後4週間,ADM/ナノレーザーとボトックスの間隔／ADM/ナノレーザーとボトックスの間隔は何週間ですか？／ADM/ナノレーザーの後にボトックスはどのくらい空けますか？／ADM/ナノレーザーとボトックスはどのくらい間隔をあけますか？／ADM/ナノレーザーしてからボトックスまではどのくらい期間をあけたらいいですか？／ADM/ナノレーザーの後にボトックスはいつ受けられますか？／ADM/ナノレーザーとボトックスは同日にできますか？,ADM/ナノレーザーの治療がすべて完了してから4週間あけてボトックスを受けてください。施術内容やお肌の状態によって前後することがあります。また回答の施術間隔は当院で治療をした方の目安であり、他院で治療をされている場合は直接お電話にてお問い合わせくださいませ。,"ADM/ナノレーザー,ボトックス,ADMレーザー,ナノレーザー,ADM,ボトックス注射,間隔,空ける,あける,期間,どのくらい,どれくらい,何週間,何日あける,同日,してから,次の施術"
ADM/ナノレーザー,ボトックス（マイクロ）,治療完了後4週間,ADM/ナノレーザーとボトックス（マイクロ）の間隔／ADM/ナノレーザーとボトックス（マイクロ）の間隔は何週間ですか？／ADM/ナノレーザーの後にボトックス（マイクロ）はどのくらい空けますか？／ADM/ナノレーザーとボトックス（マイクロ）はどのくらい間隔をあけますか？／ADM/ナノレーザーしてからボトックス（マイクロ）まではどのくらい期間をあけたらいいですか？／ADM/ナノレーザーの後にボトックス（マイクロ）はいつ受けられますか？／ADM/ナノレーザーとボトックス（マイクロ）は同日にできますか？,ADM/ナノレーザーの治療がすべて完了してから4週間あけてボトックス（マイクロ）を受けてください。施術内容やお肌の状態によって前後することがあります。また回答の施術間隔は当院で治療をした方の目安であり、他院で治療をされている場合は直接お電話にてお問い合わせくださいませ。,"ADM/ナノレーザー,ボトックス（マイクロ）,ADMレーザー,ナノレーザー,ADM,マイクロボトックス,間隔,空ける,あける,期間,どのくらい,どれくらい,何週間,何日あける,同日,してから,次の施術"
ADM/ナノレーザー,フラルスキン部分シミ,治療完了後4週間,ADM/ナノレーザーとフラルスキン部分シミの間隔／ADM/ナノレーザーとフラルスキン部分シミの間隔は何週間ですか？／ADM/ナノレーザーの後にフラルスキン部分シミはどのくらい空けますか？／ADM/ナノレーザーとフラルスキン部分シミはどのくらい間隔をあけますか？／ADM/ナノレーザーしてからフラルスキン部分シミまではどのくらい期間をあけたらいいですか？／ADM/ナノレーザーの後にフラルスキン部分シミはいつ受けられますか？／ADM/ナノレーザーとフラルスキン部分シミは同日にできますか？,ADM/ナノレーザーの治療がすべて完了してから4週間あけてフラルスキン部分シミを受けてください。施術内容やお肌の状態によって前後することがあります。また回答の施術間隔は当院で治療をした方の目安であり、他院で治療をされている場合は直接お電話にてお問い合わせくださいませ。,"ADM/ナノレーザー,フラルスキン部分シミ,ADMレーザー,ナノレーザー,ADM,間隔,空ける,あける,期間,どのくらい,どれくらい,何週間,何日あける,同日,してから,次の施術"
ADM/ナノレーザー,テノールネオ,治療完了後4週間,ADM/ナノレーザーとテノールネオの間隔／ADM/ナノレーザーとテノールネオの間隔は何週間ですか？／ADM/ナノレーザーの後にテノールネオはどのくらい空けますか？／ADM/ナノレーザーとテノールネオはどのくらい間隔をあけますか？／ADM/ナノレーザーしてからテノールネオまではどのくらい期間をあけたらいいですか？／ADM/ナノレーザーの後にテノールネオはいつ受けられますか？／ADM/ナノレーザーとテノールネオは同日にできますか？,ADM/ナノレーザーの治療がすべて完了してから4週間あけてテノールネオを受けてください。施術内容やお肌の状態によって前後することがあります。また回答の施術間隔は当院で治療をした方の目安であり、他院で治療をされている場合は直接お電話にてお問い合わせくださいませ。,"ADM/ナノレーザー,テノールネオ,ADMレーザー,ナノレーザー,ADM,テノールNEO,テノール,間隔,空ける,あける,期間,どのくらい,どれくらい,何週間,何日あける,同日,してから,次の施術"
ADM/ナノレーザー,ほくろ切除/ほくろ除去,治療完了後4週間,ADM/ナノレーザーとほくろ切除/ほくろ除去の間隔／ADM/ナノレーザーとほくろ切除/ほくろ除去の間隔は何週間ですか？／ADM/ナノレーザーの後にほくろ切除/ほくろ除去はどのくらい空けますか？／ADM/ナノレーザーとほくろ切除/ほくろ除去はどのくらい間隔をあけますか？／ADM/ナノレーザーしてからほくろ切除/ほくろ除去まではどのくらい期間をあけたらいいですか？／ADM/ナノレーザーの後にほくろ切除/ほくろ除去はいつ受けられますか？／ADM/ナノレーザーとほくろ切除/ほくろ除去は同日にできますか？,ADM/ナノレーザーの治療がすべて完了してから4週間あけてほくろ切除/ほくろ除去を受けてください。施術内容やお肌の状態によって前後することがあります。また回答の施術間隔は当院で治療をした方の目安であり、他院で治療をされている場合は直接お電話にてお問い合わせくださいませ。,"ADM/ナノレーザー,ほくろ切除/ほくろ除去,ADMレーザー,ナノレーザー,ADM,ほくろ除去,ほくろ,間隔,空ける,あける,期間,どのくらい,どれくらい,何週間,何日あける,同日,してから,次の施術"
ADM/ナノレーザー,ボライト,治療完了後4週間,ADM/ナノレーザーとボライトの間隔／ADM/ナノレーザーとボライトの間隔は何週間ですか？／ADM/ナノレーザーの後にボライトはどのくらい空けますか？／ADM/ナノレーザーとボライトはどのくらい間隔をあけますか？／ADM/ナノレーザーしてからボライトまではどのくらい期間をあけたらいいですか？／ADM/ナノレーザーの後にボライトはいつ受けられますか？／ADM/ナノレーザーとボライトは同日にできますか？,ADM/ナノレーザーの治療がすべて完了してから4週間あけてボライトを受けてください。施術内容やお肌の状態によって前後することがあります。また回答の施術間隔は当院で治療をした方の目安であり、他院で治療をされている場合は直接お電話にてお問い合わせくださいませ。,"ADM/ナノレーザー,ボライト,ADMレーザー,ナノレーザー,ADM,間隔,空ける,あける,期間,どのくらい,どれくらい,何週間,何日あける,同日,してから,次の施術"
ADM/ナノレーザー,稗粒腫,治療完了後4週間,ADM/ナノレーザーと稗粒腫の間隔／ADM/ナノレーザーと稗粒腫の間隔は何週間ですか？／ADM/ナノレーザーの後に稗粒腫はどのくらい空けますか？／ADM/ナノレーザーと稗粒腫はどのくらい間隔をあけますか？／ADM/ナノレーザーしてから稗粒腫まではどのくらい期間をあけたらいいですか？／ADM/ナノレーザーの後に稗粒腫はいつ受けられますか？／ADM/ナノレーザーと稗粒腫は同日にできますか？,ADM/ナノレーザーの治療がすべて完了してから4週間あけて稗粒腫を受けてください。施術内容やお肌の状態によって前後することがあります。また回答の施術間隔は当院で治療をした方の目安であり、他院で治療をされている場合は直接お電話にてお問い合わせくださいませ。,"ADM/ナノレーザー,稗粒腫,ADMレーザー,ナノレーザー,ADM,間隔,空ける,あける,期間,どのくらい,どれくらい,何週間,何日あける,同日,してから,次の施術"
ADM/ナノレーザー,ヴェルヴェットスキン,治療完了後4週間,ADM/ナノレーザーとヴェルヴェットスキンの間隔／ADM/ナノレーザーとヴェルヴェットスキンの間隔は何週間ですか？／ADM/ナノレーザーの後にヴェルヴェットスキンはどのくらい空けますか？／ADM/ナノレーザーとヴェルヴェットスキンはどのくらい間隔をあけますか？／ADM/ナノレーザーしてからヴェルヴェットスキンまではどのくらい期間をあけたらいいですか？／ADM/ナノレーザーの後にヴェルヴェットスキンはいつ受けられますか？／ADM/ナノレーザーとヴェルヴェットスキンは同日にできますか？,ADM/ナノレーザーの治療がすべて完了してから4週間あけてヴェルヴェットスキンを受けてください。施術内容やお肌の状態によって前後することがあります。また回答の施術間隔は当院で治療をした方の目安であり、他院で治療をされている場合は直接お電話にてお問い合わせくださいませ。,"ADM/ナノレーザー,ヴェルヴェットスキン,ADMレーザー,ナノレーザー,ADM,ヴェルヴェット,ベルベットスキン,間隔,空ける,あける,期間,どのくらい,どれくらい,何週間,何日あける,同日,してから,次の施術"
ADM/ナノレーザー,ダーマペン,治療完了後4週間,ADM/ナノレーザーとダーマペンの間隔／ADM/ナノレーザーとダーマペンの間隔は何週間ですか？／ADM/ナノレーザーの後にダーマペンはどのくらい空けますか？／ADM/ナノレーザーとダーマペンはどのくらい間隔をあけますか？／ADM/ナノレーザーしてからダーマペンまではどのくらい期間をあけたらいいですか？／ADM/ナノレーザーの後にダーマペンはいつ受けられますか？／ADM/ナノレーザーとダーマペンは同日にできますか？,ADM/ナノレーザーの治療がすべて完了してから4週間あけてダーマペンを受けてください。施術内容やお肌の状態によって前後することがあります。また回答の施術間隔は当院で治療をした方の目安であり、他院で治療をされている場合は直接お電話にてお問い合わせくださいませ。,"ADM/ナノレーザー,ダーマペン,ADMレーザー,ナノレーザー,ADM,ダーマペン4,間隔,空ける,あける,期間,どのくらい,どれくらい,何週間,何日あける,同日,してから,次の施術"
ADM/ナノレーザー,HARG,（翌日）,ADM/ナノレーザーとHARGの間隔／ADM/ナノレーザーとHARGの間隔は何週間ですか？／ADM/ナノレーザーの後にHARGはどのくらい空けますか？／ADM/ナノレーザーとHARGはどのくらい間隔をあけますか？／ADM/ナノレーザーしてからHARGまではどのくらい期間をあけたらいいですか？／ADM/ナノレーザーの後にHARGはいつ受けられますか？／ADM/ナノレーザーとHARGは同日にできますか？,ADM/ナノレーザーの後にHARG（部位が異なります）は翌日以降であれば受けられます。施術内容やお肌の状態によって前後することがあります。また回答の施術間隔は当院で治療をした方の目安であり、他院で治療をされている場合は直接お電話にてお問い合わせくださいませ。,"ADM/ナノレーザー,HARG,ADMレーザー,ナノレーザー,ADM,ハーグ,HARG療法,間隔,空ける,あける,期間,どのくらい,どれくらい,何週間,何日あける,同日,してから,次の施術"
ADM/ナノレーザー,スカルプ・プラセンタエッセンス,（翌日）,ADM/ナノレーザーとスカルプ・プラセンタエッセンスの間隔／ADM/ナノレーザーとスカルプ・プラセンタエッセンスの間隔は何週間ですか？／ADM/ナノレーザーの後にスカルプ・プラセンタエッセンスはどのくらい空けますか？／ADM/ナノレーザーとスカルプ・プラセンタエッセンスはどのくらい間隔をあけますか？／ADM/ナノレーザーしてからスカルプ・プラセンタエッセンスまではどのくらい期間をあけたらいいですか？／ADM/ナノレーザーの後にスカルプ・プラセンタエッセンスはいつ受けられますか？／ADM/ナノレーザーとスカルプ・プラセンタエッセンスは同日にできますか？,ADM/ナノレーザーの後にスカルプ・プラセンタエッセンス（部位が異なります）は翌日以降であれば受けられます。施術内容やお肌の状態によって前後することがあります。また回答の施術間隔は当院で治療をした方の目安であり、他院で治療をされている場合は直接お電話にてお問い合わせくださいませ。,"ADM/ナノレーザー,スカルプ・プラセンタエッセンス,ADMレーザー,ナノレーザー,ADM,スカルプ,プラセンタ,間隔,空ける,あける,期間,どのくらい,どれくらい,何週間,何日あける,同日,してから,次の施術"
ADM/ナノレーザー,コラーゲンピール,治療完了後4週間,ADM/ナノレーザーとコラーゲンピールの間隔／ADM/ナノレーザーとコラーゲンピールの間隔は何週間ですか？／ADM/ナノレーザーの後にコラーゲンピールはどのくらい空けますか？／ADM/ナノレーザーとコラーゲンピールはどのくらい間隔をあけますか？／ADM/ナノレーザーしてからコラーゲンピールまではどのくらい期間をあけたらいいですか？／ADM/ナノレーザーの後にコラーゲンピールはいつ受けられますか？／ADM/ナノレーザーとコラーゲンピールは同日にできますか？,ADM/ナノレーザーの治療がすべて完了してから4週間あけてコラーゲンピールを受けてください。施術内容やお肌の状態によって前後することがあります。また回答の施術間隔は当院で治療をした方の目安であり、他院で治療をされている場合は直接お電話にてお問い合わせくださいませ。,"ADM/ナノレーザー,コラーゲンピール,ADMレーザー,ナノレーザー,ADM,マッサージピール,間隔,空ける,あける,期間,どのくらい,どれくらい,何週間,何日あける,同日,してから,次の施術"
ADM/ナノレーザー,サーマクール,4週間,ADM/ナノレーザーとサーマクールの間隔／ADM/ナノレーザーとサーマクールの間隔は何週間ですか？／ADM/ナノレーザーの後にサーマクールはどのくらい空けますか？／ADM/ナノレーザーとサーマクールはどのくらい間隔をあけますか？／ADM/ナノレーザーしてからサーマクールまではどのくらい期間をあけたらいいですか？／ADM/ナノレーザーの後にサーマクールはいつ受けられますか？／ADM/ナノレーザーとサーマクールは同日にできますか？,ADM/ナノレーザーとサーマクールは、別の部位であれば原則として同日に受けられます。同じ部位にサーマクールを受ける場合は4週間あけてください。施術内容やお肌の状態によって前後することがあります。また回答の施術間隔は当院で治療をした方の目安であり、他院で治療をされている場合は直接お電話にてお問い合わせくださいませ。,"ADM/ナノレーザー,サーマクール,ADMレーザー,ナノレーザー,ADM,サーマ,間隔,空ける,あける,期間,どのくらい,どれくらい,何週間,何日あける,同日,してから,次の施術"
ADM/ナノレーザー,脱毛,4週間,ADM/ナノレーザーと脱毛の間隔／ADM/ナノレーザーと脱毛の間隔は何週間ですか？／ADM/ナノレーザーの後に脱毛はどのくらい空けますか？／ADM/ナノレーザーと脱毛はどのくらい間隔をあけますか？／ADM/ナノレーザーしてから脱毛まではどのくらい期間をあけたらいいですか？／ADM/ナノレーザーの後に脱毛はいつ受けられますか？／ADM/ナノレーザーと脱毛は同日にできますか？,ADM/ナノレーザーと脱毛は、別の部位であれば原則として同日に受けられます。同じ部位に脱毛を受ける場合は4週間あけてください。施術内容やお肌の状態によって前後することがあります。また回答の施術間隔は当院で治療をした方の目安であり、他院で治療をされている場合は直接お電話にてお問い合わせくださいませ。,"ADM/ナノレーザー,脱毛,ADMレーザー,ナノレーザー,ADM,医療脱毛,顔脱毛,全身脱毛,VIO脱毛,ひげ脱毛,レーザー脱毛,間隔,空ける,あける,期間,どのくらい,どれくらい,何週間,何日あける,同日,してから,次の施術"
ADM/ナノレーザー,タトゥー,治療完了後4週間,ADM/ナノレーザーとタトゥーの間隔／ADM/ナノレーザーとタトゥーの間隔は何週間ですか？／ADM/ナノレーザーの後にタトゥーはどのくらい空けますか？／ADM/ナノレーザーとタトゥーはどのくらい間隔をあけますか？／ADM/ナノレーザーしてからタトゥーまではどのくらい期間をあけたらいいですか？／ADM/ナノレーザーの後にタトゥーはいつ受けられますか？／ADM/ナノレーザーとタトゥーは同日にできますか？,ADM/ナノレーザーの治療がすべて完了してから4週間あけてタトゥーを受けてください。施術内容やお肌の状態によって前後することがあります。また回答の施術間隔は当院で治療をした方の目安であり、他院で治療をされている場合は直接お電話にてお問い合わせくださいませ。,"ADM/ナノレーザー,タトゥー,ADMレーザー,ナノレーザー,ADM,刺青,タトゥー除去,間隔,空ける,あける,期間,どのくらい,どれくらい,何週間,何日あける,同日,してから,次の施術"
ADM/ナノレーザー,アートメイク,同日可,ADM/ナノレーザーとアートメイクの間隔／ADM/ナノレーザーとアートメイクの間隔は何週間ですか？／ADM/ナノレーザーの後にアートメイクはどのくらい空けますか？／ADM/ナノレーザーとアートメイクはどのくらい間隔をあけますか？／ADM/ナノレーザーしてからアートメイクまではどのくらい期間をあけたらいいですか？／ADM/ナノレーザーの後にアートメイクはいつ受けられますか？／ADM/ナノレーザーとアートメイクは同日にできますか？,ADM/ナノレーザーとアートメイクは同日に受けられます。施術内容やお肌の状態によって前後することがあります。また回答の施術間隔は当院で治療をした方の目安であり、他院で治療をされている場合は直接お電話にてお問い合わせくださいませ。,"ADM/ナノレーザー,アートメイク,ADMレーザー,ナノレーザー,ADM,間隔,空ける,あける,期間,どのくらい,どれくらい,何週間,何日あける,同日,してから,次の施術"
レーザートーニング,ハイドラジェントル,1週間,レーザートーニングとハイドラジェントルの間隔／レーザートーニングとハイドラジェントルの間隔は何週間ですか？／レーザートーニングの後にハイドラジェントルはどのくらい空けますか？／レーザートーニングとハイドラジェントルはどのくらい間隔をあけますか？／レーザートーニングしてからハイドラジェントルまではどのくらい期間をあけたらいいですか？／レーザートーニングの後にハイドラジェントルはいつ受けられますか？／レーザートーニングとハイドラジェントルは同日にできますか？,レーザートーニングとハイドラジェントルは、別の部位であれば原則として同日に受けられます。同じ部位にハイドラジェントルを受ける場合は1週間あけてください。施術内容やお肌の状態によって前後することがあります。また回答の施術間隔は当院で治療をした方の目安であり、他院で治療をされている場合は直接お電話にてお問い合わせくださいませ。,"レーザートーニング,ハイドラジェントル,トーニング,ハイドラ,間隔,空ける,あける,期間,どのくらい,どれくらい,何週間,何日あける,同日,してから,次の施術"
レーザートーニング,ケミカルピーリング,1週間,レーザートーニングとケミカルピーリングの間隔／レーザートーニングとケミカルピーリングの間隔は何週間ですか？／レーザートーニングの後にケミカルピーリングはどのくらい空けますか？／レーザートーニングとケミカルピーリングはどのくらい間隔をあけますか？／レーザートーニングしてからケミカルピーリングまではどのくらい期間をあけたらいいですか？／レーザートーニングの後にケミカルピーリングはいつ受けられますか？／レーザートーニングとケミカルピーリングは同日にできますか？,レーザートーニングとケミカルピーリングは、別の部位であれば原則として同日に受けられます。同じ部位にケミカルピーリングを受ける場合は1週間あけてください。施術内容やお肌の状態によって前後することがあります。また回答の施術間隔は当院で治療をした方の目安であり、他院で治療をされている場合は直接お電話にてお問い合わせくださいませ。,"レーザートーニング,ケミカルピーリング,トーニング,ピーリング,間隔,空ける,あける,期間,どのくらい,どれくらい,何週間,何日あける,同日,してから,次の施術"
レーザートーニング,スマートサイドドット（2回目以降）,1週間,レーザートーニングとスマートサイドドット（2回目以降）の間隔／レーザートーニングとスマートサイドドット（2回目以降）の間隔は何週間ですか？／レーザートーニングの後にスマートサイドドット（2回目以降）はどのくらい空けますか？／レーザートーニングとスマートサイドドット（2回目以降）はどのくらい間隔をあけますか？／レーザートーニングしてからスマートサイドドット（2回目以降）まではどのくらい期間をあけたらいいですか？／レーザートーニングの後にスマートサイドドット（2回目以降）はいつ受けられますか？／レーザートーニングとスマートサイドドット（2回目以降）は同日にできますか？,レーザートーニングとスマートサイドドット（2回目以降）は、別の部位であれば原則として同日に受けられます。同じ部位にスマートサイドドット（2回目以降）を受ける場合は1週間あけてください。施術内容やお肌の状態によって前後することがあります。また回答の施術間隔は当院で治療をした方の目安であり、他院で治療をされている場合は直接お電話にてお問い合わせくださいませ。,"レーザートーニング,スマートサイドドット（2回目以降）,トーニング,スマサイ,スマートサイドドット,間隔,空ける,あける,期間,どのくらい,どれくらい,何週間,何日あける,同日,してから,次の施術"
レーザートーニング,スマートサイドドット（初回）,1週間,レーザートーニングとスマートサイドドット（初回）の間隔／レーザートーニングとスマートサイドドット（初回）の間隔は何週間ですか？／レーザートーニングの後にスマートサイドドット（初回）はどのくらい空けますか？／レーザートーニングとスマートサイドドット（初回）はどのくらい間隔をあけますか？／レーザートーニングしてからスマートサイドドット（初回）まではどのくらい期間をあけたらいいですか？／レーザートーニングの後にスマートサイドドット（初回）はいつ受けられますか？／レーザートーニングとスマートサイドドット（初回）は同日にできますか？,レーザートーニングとスマートサイドドット（初回）は、別の部位であれば原則として同日に受けられます。同じ部位にスマートサイドドット（初回）を受ける場合は1週間あけてください。施術内容やお肌の状態によって前後することがあります。また回答の施術間隔は当院で治療をした方の目安であり、他院で治療をされている場合は直接お電話にてお問い合わせくださいませ。,"レーザートーニング,スマートサイドドット（初回）,トーニング,スマサイ,スマートサイドドット,間隔,空ける,あける,期間,どのくらい,どれくらい,何週間,何日あける,同日,してから,次の施術"
レーザートーニング,イボレーザー/CO2レーザー,1週間,レーザートーニングとイボレーザー/CO2レーザーの間隔／レーザートーニングとイボレーザー/CO2レーザーの間隔は何週間ですか？／レーザートーニングの後にイボレーザー/CO2レーザーはどのくらい空けますか？／レーザートーニングとイボレーザー/CO2レーザーはどのくらい間隔をあけますか？／レーザートーニングしてからイボレーザー/CO2レーザーまではどのくらい期間をあけたらいいですか？／レーザートーニングの後にイボレーザー/CO2レーザーはいつ受けられますか？／レーザートーニングとイボレーザー/CO2レーザーは同日にできますか？,レーザートーニングとイボレーザー/CO2レーザーは、別の部位であれば原則として同日に受けられます。同じ部位にイボレーザー/CO2レーザーを受ける場合は1週間あけてください。施術内容やお肌の状態によって前後することがあります。また回答の施術間隔は当院で治療をした方の目安であり、他院で治療をされている場合は直接お電話にてお問い合わせくださいませ。,"レーザートーニング,イボレーザー/CO2レーザー,トーニング,炭酸ガスレーザー,CO2レーザー,イボ取り,いぼレーザー,間隔,空ける,あける,期間,どのくらい,どれくらい,何週間,何日あける,同日,してから,次の施術"
レーザートーニング,シミ取りレーザー,同日可,レーザートーニングとシミ取りレーザーの間隔／レーザートーニングとシミ取りレーザーの間隔は何週間ですか？／レーザートーニングの後にシミ取りレーザーはどのくらい空けますか？／レーザートーニングとシミ取りレーザーはどのくらい間隔をあけますか？／レーザートーニングしてからシミ取りレーザーまではどのくらい期間をあけたらいいですか？／レーザートーニングの後にシミ取りレーザーはいつ受けられますか？／レーザートーニングとシミ取りレーザーは同日にできますか？,レーザートーニングとシミ取りレーザーは同日に受けられます。施術内容やお肌の状態によって前後することがあります。また回答の施術間隔は当院で治療をした方の目安であり、他院で治療をされている場合は直接お電話にてお問い合わせくださいませ。,"レーザートーニング,シミ取りレーザー,トーニング,シミレーザー,シミ取り,間隔,空ける,あける,期間,どのくらい,どれくらい,何週間,何日あける,同日,してから,次の施術"
レーザートーニング,ADM/ピコレーザ,同日可,レーザートーニングとADM/ピコレーザの間隔／レーザートーニングとADM/ピコレーザの間隔は何週間ですか？／レーザートーニングの後にADM/ピコレーザはどのくらい空けますか？／レーザートーニングとADM/ピコレーザはどのくらい間隔をあけますか？／レーザートーニングしてからADM/ピコレーザまではどのくらい期間をあけたらいいですか？／レーザートーニングの後にADM/ピコレーザはいつ受けられますか？／レーザートーニングとADM/ピコレーザは同日にできますか？,レーザートーニングとADM/ピコレーザは同日に受けられます。施術内容やお肌の状態によって前後することがあります。また回答の施術間隔は当院で治療をした方の目安であり、他院で治療をされている場合は直接お電話にてお問い合わせくださいませ。,"レーザートーニング,ADM/ピコレーザ,トーニング,ADMレーザー,ピコレーザー,ADM,間隔,空ける,あける,期間,どのくらい,どれくらい,何週間,何日あける,同日,してから,次の施術"
レーザートーニング,ADM/ナノレーザー,同日可,レーザートーニングとADM/ナノレーザーの間隔／レーザートーニングとADM/ナノレーザーの間隔は何週間ですか？／レーザートーニングの後にADM/ナノレーザーはどのくらい空けますか？／レーザートーニングとADM/ナノレーザーはどのくらい間隔をあけますか？／レーザートーニングしてからADM/ナノレーザーまではどのくらい期間をあけたらいいですか？／レーザートーニングの後にADM/ナノレーザーはいつ受けられますか？／レーザートーニングとADM/ナノレーザーは同日にできますか？,レーザートーニングとADM/ナノレーザーは同日に受けられます。施術内容やお肌の状態によって前後することがあります。また回答の施術間隔は当院で治療をした方の目安であり、他院で治療をされている場合は直接お電話にてお問い合わせくださいませ。,"レーザートーニング,ADM/ナノレーザー,トーニング,ADMレーザー,ナノレーザー,ADM,間隔,空ける,あける,期間,どのくらい,どれくらい,何週間,何日あける,同日,してから,次の施術"
レーザートーニング,レーザートーニング,※1～4週間,レーザートーニングとレーザートーニングの間隔／レーザートーニングとレーザートーニングの間隔は何週間ですか？／レーザートーニングの後にレーザートーニングはどのくらい空けますか？／レーザートーニングとレーザートーニングはどのくらい間隔をあけますか？／レーザートーニングしてからレーザートーニングまではどのくらい期間をあけたらいいですか？／レーザートーニングの後にレーザートーニングはいつ受けられますか？／レーザートーニングとレーザートーニングは同日にできますか？,レーザートーニングを続けて（同じ部位に）受ける場合は1～4週間あけてください。 1〜5回目は週1回、6回目以降は月1回が目安です。施術内容やお肌の状態によって前後することがあります。また回答の施術間隔は当院で治療をした方の目安であり、他院で治療をされている場合は直接お電話にてお問い合わせくださいませ。,"レーザートーニング,トーニング,間隔,空ける,あける,期間,どのくらい,どれくらい,何週間,何日あける,同日,してから,次の施術"
レーザートーニング,ピコトーニング,1週間※,レーザートーニングとピコトーニングの間隔／レーザートーニングとピコトーニングの間隔は何週間ですか？／レーザートーニングの後にピコトーニングはどのくらい空けますか？／レーザートーニングとピコトーニングはどのくらい間隔をあけますか？／レーザートーニングしてからピコトーニングまではどのくらい期間をあけたらいいですか？／レーザートーニングの後にピコトーニングはいつ受けられますか？／レーザートーニングとピコトーニングは同日にできますか？,レーザートーニングとピコトーニングは、別の部位であれば原則として同日に受けられます。同じ部位にピコトーニングを受ける場合は1週間あけてください。施術内容やお肌の状態によって前後することがあります。また回答の施術間隔は当院で治療をした方の目安であり、他院で治療をされている場合は直接お電話にてお問い合わせくださいませ。,"レーザートーニング,ピコトーニング,トーニング,ピコ,間隔,空ける,あける,期間,どのくらい,どれくらい,何週間,何日あける,同日,してから,次の施術"
レーザートーニング,ピコフラクショナル,2週間,レーザートーニングとピコフラクショナルの間隔／レーザートーニングとピコフラクショナルの間隔は何週間ですか？／レーザートーニングの後にピコフラクショナルはどのくらい空けますか？／レーザートーニングとピコフラクショナルはどのくらい間隔をあけますか？／レーザートーニングしてからピコフラクショナルまではどのくらい期間をあけたらいいですか？／レーザートーニングの後にピコフラクショナルはいつ受けられますか？／レーザートーニングとピコフラクショナルは同日にできますか？,レーザートーニングとピコフラクショナルは、別の部位であれば原則として同日に受けられます。同じ部位にピコフラクショナルを受ける場合は2週間あけてください。施術内容やお肌の状態によって前後することがあります。また回答の施術間隔は当院で治療をした方の目安であり、他院で治療をされている場合は直接お電話にてお問い合わせくださいませ。,"レーザートーニング,ピコフラクショナル,トーニング,フラクショナル,間隔,空ける,あける,期間,どのくらい,どれくらい,何週間,何日あける,同日,してから,次の施術"
レーザートーニング,そばかすシャワー,2週間,レーザートーニングとそばかすシャワーの間隔／レーザートーニングとそばかすシャワーの間隔は何週間ですか？／レーザートーニングの後にそばかすシャワーはどのくらい空けますか？／レーザートーニングとそばかすシャワーはどのくらい間隔をあけますか？／レーザートーニングしてからそばかすシャワーまではどのくらい期間をあけたらいいですか？／レーザートーニングの後にそばかすシャワーはいつ受けられますか？／レーザートーニングとそばかすシャワーは同日にできますか？,レーザートーニングとそばかすシャワーは、別の部位であれば原則として同日に受けられます。同じ部位にそばかすシャワーを受ける場合は2週間あけてください。施術内容やお肌の状態によって前後することがあります。また回答の施術間隔は当院で治療をした方の目安であり、他院で治療をされている場合は直接お電話にてお問い合わせくださいませ。,"レーザートーニング,そばかすシャワー,トーニング,そばかす,間隔,空ける,あける,期間,どのくらい,どれくらい,何週間,何日あける,同日,してから,次の施術"
レーザートーニング,そばかすスポット,2週間,レーザートーニングとそばかすスポットの間隔／レーザートーニングとそばかすスポットの間隔は何週間ですか？／レーザートーニングの後にそばかすスポットはどのくらい空けますか？／レーザートーニングとそばかすスポットはどのくらい間隔をあけますか？／レーザートーニングしてからそばかすスポットまではどのくらい期間をあけたらいいですか？／レーザートーニングの後にそばかすスポットはいつ受けられますか？／レーザートーニングとそばかすスポットは同日にできますか？,レーザートーニングとそばかすスポットは、別の部位であれば原則として同日に受けられます。同じ部位にそばかすスポットを受ける場合は2週間あけてください。施術内容やお肌の状態によって前後することがあります。また回答の施術間隔は当院で治療をした方の目安であり、他院で治療をされている場合は直接お電話にてお問い合わせくださいませ。,"レーザートーニング,そばかすスポット,トーニング,そばかす,間隔,空ける,あける,期間,どのくらい,どれくらい,何週間,何日あける,同日,してから,次の施術"
レーザートーニング,フォト/光治療,1週間,レーザートーニングとフォト/光治療の間隔／レーザートーニングとフォト/光治療の間隔は何週間ですか？／レーザートーニングの後にフォト/光治療はどのくらい空けますか？／レーザートーニングとフォト/光治療はどのくらい間隔をあけますか？／レーザートーニングしてからフォト/光治療まではどのくらい期間をあけたらいいですか？／レーザートーニングの後にフォト/光治療はいつ受けられますか？／レーザートーニングとフォト/光治療は同日にできますか？,レーザートーニングとフォト/光治療は、別の部位であれば原則として同日に受けられます。同じ部位にフォト/光治療を受ける場合は1週間あけてください。施術内容やお肌の状態によって前後することがあります。また回答の施術間隔は当院で治療をした方の目安であり、他院で治療をされている場合は直接お電話にてお問い合わせくださいませ。,"レーザートーニング,フォト/光治療,トーニング,フォトフェイシャル,フォト,光治療,IPL,間隔,空ける,あける,期間,どのくらい,どれくらい,何週間,何日あける,同日,してから,次の施術"
レーザートーニング,赤み治療,1週間,レーザートーニングと赤み治療の間隔／レーザートーニングと赤み治療の間隔は何週間ですか？／レーザートーニングの後に赤み治療はどのくらい空けますか？／レーザートーニングと赤み治療はどのくらい間隔をあけますか？／レーザートーニングしてから赤み治療まではどのくらい期間をあけたらいいですか？／レーザートーニングの後に赤み治療はいつ受けられますか？／レーザートーニングと赤み治療は同日にできますか？,レーザートーニングと赤み治療は、別の部位であれば原則として同日に受けられます。同じ部位に赤み治療を受ける場合は1週間あけてください。施術内容やお肌の状態によって前後することがあります。また回答の施術間隔は当院で治療をした方の目安であり、他院で治療をされている場合は直接お電話にてお問い合わせくださいませ。,"レーザートーニング,赤み治療,トーニング,血管腫レーザー,赤ら顔,間隔,空ける,あける,期間,どのくらい,どれくらい,何週間,何日あける,同日,してから,次の施術"
レーザートーニング,ボトックス,冷やして同日,レーザートーニングとボトックスの間隔／レーザートーニングとボトックスの間隔は何週間ですか？／レーザートーニングの後にボトックスはどのくらい空けますか？／レーザートーニングとボトックスはどのくらい間隔をあけますか？／レーザートーニングしてからボトックスまではどのくらい期間をあけたらいいですか？／レーザートーニングの後にボトックスはいつ受けられますか？／レーザートーニングとボトックスは同日にできますか？,レーザートーニングの後にボトックスは、冷却を行えば同日に受けられます。施術内容やお肌の状態によって前後することがあります。また回答の施術間隔は当院で治療をした方の目安であり、他院で治療をされている場合は直接お電話にてお問い合わせくださいませ。,"レーザートーニング,ボトックス,トーニング,ボトックス注射,間隔,空ける,あける,期間,どのくらい,どれくらい,何週間,何日あける,同日,してから,次の施術"
レーザートーニング,ボトックス（マイクロ）,冷やして同日,レーザートーニングとボトックス（マイクロ）の間隔／レーザートーニングとボトックス（マイクロ）の間隔は何週間ですか？／レーザートーニングの後にボトックス（マイクロ）はどのくらい空けますか？／レーザートーニングとボトックス（マイクロ）はどのくらい間隔をあけますか？／レーザートーニングしてからボトックス（マイクロ）まではどのくらい期間をあけたらいいですか？／レーザートーニングの後にボトックス（マイクロ）はいつ受けられますか？／レーザートーニングとボトックス（マイクロ）は同日にできますか？,レーザートーニングの後にボトックス（マイクロ）は、冷却を行えば同日に受けられます。施術内容やお肌の状態によって前後することがあります。また回答の施術間隔は当院で治療をした方の目安であり、他院で治療をされている場合は直接お電話にてお問い合わせくださいませ。,"レーザートーニング,ボトックス（マイクロ）,トーニング,マイクロボトックス,間隔,空ける,あける,期間,どのくらい,どれくらい,何週間,何日あける,同日,してから,次の施術"
レーザートーニング,フラルスキン部分シミ,開始：1週間再開：直後,レーザートーニングとフラルスキン部分シミの間隔／レーザートーニングとフラルスキン部分シミの間隔は何週間ですか？／レーザートーニングの後にフラルスキン部分シミはどのくらい空けますか？／レーザートーニングとフラルスキン部分シミはどのくらい間隔をあけますか？／レーザートーニングしてからフラルスキン部分シミまではどのくらい期間をあけたらいいですか？／レーザートーニングの後にフラルスキン部分シミはいつ受けられますか？／レーザートーニングとフラルスキン部分シミは同日にできますか？,レーザートーニングの後にフラルスキン部分シミを始める場合は1週間、再開の場合は直後から受けられます。施術内容やお肌の状態によって前後することがあります。また回答の施術間隔は当院で治療をした方の目安であり、他院で治療をされている場合は直接お電話にてお問い合わせくださいませ。,"レーザートーニング,フラルスキン部分シミ,トーニング,間隔,空ける,あける,期間,どのくらい,どれくらい,何週間,何日あける,同日,してから,次の施術"
レーザートーニング,テノールネオ,1週間,レーザートーニングとテノールネオの間隔／レーザートーニングとテノールネオの間隔は何週間ですか？／レーザートーニングの後にテノールネオはどのくらい空けますか？／レーザートーニングとテノールネオはどのくらい間隔をあけますか？／レーザートーニングしてからテノールネオまではどのくらい期間をあけたらいいですか？／レーザートーニングの後にテノールネオはいつ受けられますか？／レーザートーニングとテノールネオは同日にできますか？,レーザートーニングとテノールネオは、別の部位であれば原則として同日に受けられます。同じ部位にテノールネオを受ける場合は1週間あけてください。施術内容やお肌の状態によって前後することがあります。また回答の施術間隔は当院で治療をした方の目安であり、他院で治療をされている場合は直接お電話にてお問い合わせくださいませ。,"レーザートーニング,テノールネオ,トーニング,テノールNEO,テノール,間隔,空ける,あける,期間,どのくらい,どれくらい,何週間,何日あける,同日,してから,次の施術"
レーザートーニング,mikoメソッド,2週間,レーザートーニングとmikoメソッドの間隔／レーザートーニングとmikoメソッドの間隔は何週間ですか？／レーザートーニングの後にmikoメソッドはどのくらい空けますか？／レーザートーニングとmikoメソッドはどのくらい間隔をあけますか？／レーザートーニングしてからmikoメソッドまではどのくらい期間をあけたらいいですか？／レーザートーニングの後にmikoメソッドはいつ受けられますか？／レーザートーニングとmikoメソッドは同日にできますか？,レーザートーニングとmikoメソッドは、別の部位であれば原則として同日に受けられます。同じ部位にmikoメソッドを受ける場合は2週間あけてください。施術内容やお肌の状態によって前後することがあります。また回答の施術間隔は当院で治療をした方の目安であり、他院で治療をされている場合は直接お電話にてお問い合わせくださいませ。,"レーザートーニング,mikoメソッド,トーニング,miko,ミコメソッド,首イボ,間隔,空ける,あける,期間,どのくらい,どれくらい,何週間,何日あける,同日,してから,次の施術"
レーザートーニング,ほくろ切除/ほくろ除去,1週間,レーザートーニングとほくろ切除/ほくろ除去の間隔／レーザートーニングとほくろ切除/ほくろ除去の間隔は何週間ですか？／レーザートーニングの後にほくろ切除/ほくろ除去はどのくらい空けますか？／レーザートーニングとほくろ切除/ほくろ除去はどのくらい間隔をあけますか？／レーザートーニングしてからほくろ切除/ほくろ除去まではどのくらい期間をあけたらいいですか？／レーザートーニングの後にほくろ切除/ほくろ除去はいつ受けられますか？／レーザートーニングとほくろ切除/ほくろ除去は同日にできますか？,レーザートーニングとほくろ切除/ほくろ除去は、別の部位であれば原則として同日に受けられます。同じ部位にほくろ切除/ほくろ除去を受ける場合は1週間あけてください。施術内容やお肌の状態によって前後することがあります。また回答の施術間隔は当院で治療をした方の目安であり、他院で治療をされている場合は直接お電話にてお問い合わせくださいませ。,"レーザートーニング,ほくろ切除/ほくろ除去,トーニング,ほくろ除去,ほくろ,間隔,空ける,あける,期間,どのくらい,どれくらい,何週間,何日あける,同日,してから,次の施術"
レーザートーニング,ボライト,1週間,レーザートーニングとボライトの間隔／レーザートーニングとボライトの間隔は何週間ですか？／レーザートーニングの後にボライトはどのくらい空けますか？／レーザートーニングとボライトはどのくらい間隔をあけますか？／レーザートーニングしてからボライトまではどのくらい期間をあけたらいいですか？／レーザートーニングの後にボライトはいつ受けられますか？／レーザートーニングとボライトは同日にできますか？,レーザートーニングとボライトは、別の部位であれば原則として同日に受けられます。同じ部位にボライトを受ける場合は1週間あけてください。施術内容やお肌の状態によって前後することがあります。また回答の施術間隔は当院で治療をした方の目安であり、他院で治療をされている場合は直接お電話にてお問い合わせくださいませ。,"レーザートーニング,ボライト,トーニング,間隔,空ける,あける,期間,どのくらい,どれくらい,何週間,何日あける,同日,してから,次の施術"
レーザートーニング,稗粒腫,1週間,レーザートーニングと稗粒腫の間隔／レーザートーニングと稗粒腫の間隔は何週間ですか？／レーザートーニングの後に稗粒腫はどのくらい空けますか？／レーザートーニングと稗粒腫はどのくらい間隔をあけますか？／レーザートーニングしてから稗粒腫まではどのくらい期間をあけたらいいですか？／レーザートーニングの後に稗粒腫はいつ受けられますか？／レーザートーニングと稗粒腫は同日にできますか？,レーザートーニングと稗粒腫は、別の部位であれば原則として同日に受けられます。同じ部位に稗粒腫を受ける場合は1週間あけてください。施術内容やお肌の状態によって前後することがあります。また回答の施術間隔は当院で治療をした方の目安であり、他院で治療をされている場合は直接お電話にてお問い合わせくださいませ。,"レーザートーニング,稗粒腫,トーニング,間隔,空ける,あける,期間,どのくらい,どれくらい,何週間,何日あける,同日,してから,次の施術"
レーザートーニング,ヴェルヴェットスキン,1週間,レーザートーニングとヴェルヴェットスキンの間隔／レーザートーニングとヴェルヴェットスキンの間隔は何週間ですか？／レーザートーニングの後にヴェルヴェットスキンはどのくらい空けますか？／レーザートーニングとヴェルヴェットスキンはどのくらい間隔をあけますか？／レーザートーニングしてからヴェルヴェットスキンまではどのくらい期間をあけたらいいですか？／レーザートーニングの後にヴェルヴェットスキンはいつ受けられますか？／レーザートーニングとヴェルヴェットスキンは同日にできますか？,レーザートーニングとヴェルヴェットスキンは、別の部位であれば原則として同日に受けられます。同じ部位にヴェルヴェットスキンを受ける場合は1週間あけてください。施術内容やお肌の状態によって前後することがあります。また回答の施術間隔は当院で治療をした方の目安であり、他院で治療をされている場合は直接お電話にてお問い合わせくださいませ。,"レーザートーニング,ヴェルヴェットスキン,トーニング,ヴェルヴェット,ベルベットスキン,間隔,空ける,あける,期間,どのくらい,どれくらい,何週間,何日あける,同日,してから,次の施術"
レーザートーニング,ダーマペン,1週間,レーザートーニングとダーマペンの間隔／レーザートーニングとダーマペンの間隔は何週間ですか？／レーザートーニングの後にダーマペンはどのくらい空けますか？／レーザートーニングとダーマペンはどのくらい間隔をあけますか？／レーザートーニングしてからダーマペンまではどのくらい期間をあけたらいいですか？／レーザートーニングの後にダーマペンはいつ受けられますか？／レーザートーニングとダーマペンは同日にできますか？,レーザートーニングとダーマペンは、別の部位であれば原則として同日に受けられます。同じ部位にダーマペンを受ける場合は1週間あけてください。施術内容やお肌の状態によって前後することがあります。また回答の施術間隔は当院で治療をした方の目安であり、他院で治療をされている場合は直接お電話にてお問い合わせくださいませ。,"レーザートーニング,ダーマペン,トーニング,ダーマペン4,間隔,空ける,あける,期間,どのくらい,どれくらい,何週間,何日あける,同日,してから,次の施術"
レーザートーニング,HARG,（翌日）,レーザートーニングとHARGの間隔／レーザートーニングとHARGの間隔は何週間ですか？／レーザートーニングの後にHARGはどのくらい空けますか？／レーザートーニングとHARGはどのくらい間隔をあけますか？／レーザートーニングしてからHARGまではどのくらい期間をあけたらいいですか？／レーザートーニングの後にHARGはいつ受けられますか？／レーザートーニングとHARGは同日にできますか？,レーザートーニングの後にHARG（部位が異なります）は翌日以降であれば受けられます。施術内容やお肌の状態によって前後することがあります。また回答の施術間隔は当院で治療をした方の目安であり、他院で治療をされている場合は直接お電話にてお問い合わせくださいませ。,"レーザートーニング,HARG,トーニング,ハーグ,HARG療法,間隔,空ける,あける,期間,どのくらい,どれくらい,何週間,何日あける,同日,してから,次の施術"
レーザートーニング,スカルプ・プラセンタエッセンス,（翌日）,レーザートーニングとスカルプ・プラセンタエッセンスの間隔／レーザートーニングとスカルプ・プラセンタエッセンスの間隔は何週間ですか？／レーザートーニングの後にスカルプ・プラセンタエッセンスはどのくらい空けますか？／レーザートーニングとスカルプ・プラセンタエッセンスはどのくらい間隔をあけますか？／レーザートーニングしてからスカルプ・プラセンタエッセンスまではどのくらい期間をあけたらいいですか？／レーザートーニングの後にスカルプ・プラセンタエッセンスはいつ受けられますか？／レーザートーニングとスカルプ・プラセンタエッセンスは同日にできますか？,レーザートーニングの後にスカルプ・プラセンタエッセンス（部位が異なります）は翌日以降であれば受けられます。施術内容やお肌の状態によって前後することがあります。また回答の施術間隔は当院で治療をした方の目安であり、他院で治療をされている場合は直接お電話にてお問い合わせくださいませ。,"レーザートーニング,スカルプ・プラセンタエッセンス,トーニング,スカルプ,プラセンタ,間隔,空ける,あける,期間,どのくらい,どれくらい,何週間,何日あける,同日,してから,次の施術"
レーザートーニング,コラーゲンピール,1週間,レーザートーニングとコラーゲンピールの間隔／レーザートーニングとコラーゲンピールの間隔は何週間ですか？／レーザートーニングの後にコラーゲンピールはどのくらい空けますか？／レーザートーニングとコラーゲンピールはどのくらい間隔をあけますか？／レーザートーニングしてからコラーゲンピールまではどのくらい期間をあけたらいいですか？／レーザートーニングの後にコラーゲンピールはいつ受けられますか？／レーザートーニングとコラーゲンピールは同日にできますか？,レーザートーニングとコラーゲンピールは、別の部位であれば原則として同日に受けられます。同じ部位にコラーゲンピールを受ける場合は1週間あけてください。施術内容やお肌の状態によって前後することがあります。また回答の施術間隔は当院で治療をした方の目安であり、他院で治療をされている場合は直接お電話にてお問い合わせくださいませ。,"レーザートーニング,コラーゲンピール,トーニング,マッサージピール,間隔,空ける,あける,期間,どのくらい,どれくらい,何週間,何日あける,同日,してから,次の施術"
レーザートーニング,サーマクール,1週間,レーザートーニングとサーマクールの間隔／レーザートーニングとサーマクールの間隔は何週間ですか？／レーザートーニングの後にサーマクールはどのくらい空けますか？／レーザートーニングとサーマクールはどのくらい間隔をあけますか？／レーザートーニングしてからサーマクールまではどのくらい期間をあけたらいいですか？／レーザートーニングの後にサーマクールはいつ受けられますか？／レーザートーニングとサーマクールは同日にできますか？,レーザートーニングとサーマクールは、別の部位であれば原則として同日に受けられます。同じ部位にサーマクールを受ける場合は1週間あけてください。施術内容やお肌の状態によって前後することがあります。また回答の施術間隔は当院で治療をした方の目安であり、他院で治療をされている場合は直接お電話にてお問い合わせくださいませ。,"レーザートーニング,サーマクール,トーニング,サーマ,間隔,空ける,あける,期間,どのくらい,どれくらい,何週間,何日あける,同日,してから,次の施術"
レーザートーニング,脱毛,1週間,レーザートーニングと脱毛の間隔／レーザートーニングと脱毛の間隔は何週間ですか？／レーザートーニングの後に脱毛はどのくらい空けますか？／レーザートーニングと脱毛はどのくらい間隔をあけますか？／レーザートーニングしてから脱毛まではどのくらい期間をあけたらいいですか？／レーザートーニングの後に脱毛はいつ受けられますか？／レーザートーニングと脱毛は同日にできますか？,レーザートーニングと脱毛は、別の部位であれば原則として同日に受けられます。同じ部位に脱毛を受ける場合は1週間あけてください。施術内容やお肌の状態によって前後することがあります。また回答の施術間隔は当院で治療をした方の目安であり、他院で治療をされている場合は直接お電話にてお問い合わせくださいませ。,"レーザートーニング,脱毛,トーニング,医療脱毛,顔脱毛,全身脱毛,VIO脱毛,ひげ脱毛,レーザー脱毛,間隔,空ける,あける,期間,どのくらい,どれくらい,何週間,何日あける,同日,してから,次の施術"
レーザートーニング,タトゥー,1週間,レーザートーニングとタトゥーの間隔／レーザートーニングとタトゥーの間隔は何週間ですか？／レーザートーニングの後にタトゥーはどのくらい空けますか？／レーザートーニングとタトゥーはどのくらい間隔をあけますか？／レーザートーニングしてからタトゥーまではどのくらい期間をあけたらいいですか？／レーザートーニングの後にタトゥーはいつ受けられますか？／レーザートーニングとタトゥーは同日にできますか？,レーザートーニングとタトゥーは、別の部位であれば原則として同日に受けられます。同じ部位にタトゥーを受ける場合は1週間あけてください。施術内容やお肌の状態によって前後することがあります。また回答の施術間隔は当院で治療をした方の目安であり、他院で治療をされている場合は直接お電話にてお問い合わせくださいませ。,"レーザートーニング,タトゥー,トーニング,刺青,タトゥー除去,間隔,空ける,あける,期間,どのくらい,どれくらい,何週間,何日あける,同日,してから,次の施術"
レーザートーニング,アートメイク,同日可,レーザートーニングとアートメイクの間隔／レーザートーニングとアートメイクの間隔は何週間ですか？／レーザートーニングの後にアートメイクはどのくらい空けますか？／レーザートーニングとアートメイクはどのくらい間隔をあけますか？／レーザートーニングしてからアートメイクまではどのくらい期間をあけたらいいですか？／レーザートーニングの後にアートメイクはいつ受けられますか？／レーザートーニングとアートメイクは同日にできますか？,レーザートーニングとアートメイクは同日に受けられます。施術内容やお肌の状態によって前後することがあります。また回答の施術間隔は当院で治療をした方の目安であり、他院で治療をされている場合は直接お電話にてお問い合わせくださいませ。,"レーザートーニング,アートメイク,トーニング,間隔,空ける,あける,期間,どのくらい,どれくらい,何週間,何日あける,同日,してから,次の施術"
ピコトーニング,ハイドラジェントル,2週間,ピコトーニングとハイドラジェントルの間隔／ピコトーニングとハイドラジェントルの間隔は何週間ですか？／ピコトーニングの後にハイドラジェントルはどのくらい空けますか？／ピコトーニングとハイドラジェントルはどのくらい間隔をあけますか？／ピコトーニングしてからハイドラジェントルまではどのくらい期間をあけたらいいですか？／ピコトーニングの後にハイドラジェントルはいつ受けられますか？／ピコトーニングとハイドラジェントルは同日にできますか？,ピコトーニングとハイドラジェントルは、別の部位であれば原則として同日に受けられます。同じ部位にハイドラジェントルを受ける場合は2週間あけてください。施術内容やお肌の状態によって前後することがあります。また回答の施術間隔は当院で治療をした方の目安であり、他院で治療をされている場合は直接お電話にてお問い合わせくださいませ。,"ピコトーニング,ハイドラジェントル,トーニング,ピコ,ハイドラ,間隔,空ける,あける,期間,どのくらい,どれくらい,何週間,何日あける,同日,してから,次の施術"
ピコトーニング,ケミカルピーリング,2週間,ピコトーニングとケミカルピーリングの間隔／ピコトーニングとケミカルピーリングの間隔は何週間ですか？／ピコトーニングの後にケミカルピーリングはどのくらい空けますか？／ピコトーニングとケミカルピーリングはどのくらい間隔をあけますか？／ピコトーニングしてからケミカルピーリングまではどのくらい期間をあけたらいいですか？／ピコトーニングの後にケミカルピーリングはいつ受けられますか？／ピコトーニングとケミカルピーリングは同日にできますか？,ピコトーニングとケミカルピーリングは、別の部位であれば原則として同日に受けられます。同じ部位にケミカルピーリングを受ける場合は2週間あけてください。施術内容やお肌の状態によって前後することがあります。また回答の施術間隔は当院で治療をした方の目安であり、他院で治療をされている場合は直接お電話にてお問い合わせくださいませ。,"ピコトーニング,ケミカルピーリング,トーニング,ピコ,ピーリング,間隔,空ける,あける,期間,どのくらい,どれくらい,何週間,何日あける,同日,してから,次の施術"
ピコトーニング,スマートサイドドット（2回目以降）,2週間,ピコトーニングとスマートサイドドット（2回目以降）の間隔／ピコトーニングとスマートサイドドット（2回目以降）の間隔は何週間ですか？／ピコトーニングの後にスマートサイドドット（2回目以降）はどのくらい空けますか？／ピコトーニングとスマートサイドドット（2回目以降）はどのくらい間隔をあけますか？／ピコトーニングしてからスマートサイドドット（2回目以降）まではどのくらい期間をあけたらいいですか？／ピコトーニングの後にスマートサイドドット（2回目以降）はいつ受けられますか？／ピコトーニングとスマートサイドドット（2回目以降）は同日にできますか？,ピコトーニングとスマートサイドドット（2回目以降）は、別の部位であれば原則として同日に受けられます。同じ部位にスマートサイドドット（2回目以降）を受ける場合は2週間あけてください。施術内容やお肌の状態によって前後することがあります。また回答の施術間隔は当院で治療をした方の目安であり、他院で治療をされている場合は直接お電話にてお問い合わせくださいませ。,"ピコトーニング,スマートサイドドット（2回目以降）,トーニング,ピコ,スマサイ,スマートサイドドット,間隔,空ける,あける,期間,どのくらい,どれくらい,何週間,何日あける,同日,してから,次の施術"
ピコトーニング,スマートサイドドット（初回）,2週間,ピコトーニングとスマートサイドドット（初回）の間隔／ピコトーニングとスマートサイドドット（初回）の間隔は何週間ですか？／ピコトーニングの後にスマートサイドドット（初回）はどのくらい空けますか？／ピコトーニングとスマートサイドドット（初回）はどのくらい間隔をあけますか？／ピコトーニングしてからスマートサイドドット（初回）まではどのくらい期間をあけたらいいですか？／ピコトーニングの後にスマートサイドドット（初回）はいつ受けられますか？／ピコトーニングとスマートサイドドット（初回）は同日にできますか？,ピコトーニングとスマートサイドドット（初回）は、別の部位であれば原則として同日に受けられます。同じ部位にスマートサイドドット（初回）を受ける場合は2週間あけてください。施術内容やお肌の状態によって前後することがあります。また回答の施術間隔は当院で治療をした方の目安であり、他院で治療をされている場合は直接お電話にてお問い合わせくださいませ。,"ピコトーニング,スマートサイドドット（初回）,トーニング,ピコ,スマサイ,スマートサイドドット,間隔,空ける,あける,期間,どのくらい,どれくらい,何週間,何日あける,同日,してから,次の施術"
ピコトーニング,イボレーザー/CO2レーザー,2週間,ピコトーニングとイボレーザー/CO2レーザーの間隔／ピコトーニングとイボレーザー/CO2レーザーの間隔は何週間ですか？／ピコトーニングの後にイボレーザー/CO2レーザーはどのくらい空けますか？／ピコトーニングとイボレーザー/CO2レーザーはどのくらい間隔をあけますか？／ピコトーニングしてからイボレーザー/CO2レーザーまではどのくらい期間をあけたらいいですか？／ピコトーニングの後にイボレーザー/CO2レーザーはいつ受けられますか？／ピコトーニングとイボレーザー/CO2レーザーは同日にできますか？,ピコトーニングとイボレーザー/CO2レーザーは、別の部位であれば原則として同日に受けられます。同じ部位にイボレーザー/CO2レーザーを受ける場合は2週間あけてください。施術内容やお肌の状態によって前後することがあります。また回答の施術間隔は当院で治療をした方の目安であり、他院で治療をされている場合は直接お電話にてお問い合わせくださいませ。,"ピコトーニング,イボレーザー/CO2レーザー,トーニング,ピコ,炭酸ガスレーザー,CO2レーザー,イボ取り,いぼレーザー,間隔,空ける,あける,期間,どのくらい,どれくらい,何週間,何日あける,同日,してから,次の施術"
ピコトーニング,シミ取りレーザー,2週間,ピコトーニングとシミ取りレーザーの間隔／ピコトーニングとシミ取りレーザーの間隔は何週間ですか？／ピコトーニングの後にシミ取りレーザーはどのくらい空けますか？／ピコトーニングとシミ取りレーザーはどのくらい間隔をあけますか？／ピコトーニングしてからシミ取りレーザーまではどのくらい期間をあけたらいいですか？／ピコトーニングの後にシミ取りレーザーはいつ受けられますか？／ピコトーニングとシミ取りレーザーは同日にできますか？,ピコトーニングとシミ取りレーザーは、別の部位であれば原則として同日に受けられます。同じ部位にシミ取りレーザーを受ける場合は2週間あけてください。施術内容やお肌の状態によって前後することがあります。また回答の施術間隔は当院で治療をした方の目安であり、他院で治療をされている場合は直接お電話にてお問い合わせくださいませ。,"ピコトーニング,シミ取りレーザー,トーニング,ピコ,シミレーザー,シミ取り,間隔,空ける,あける,期間,どのくらい,どれくらい,何週間,何日あける,同日,してから,次の施術"
ピコトーニング,ADM/ピコレーザ,2週間,ピコトーニングとADM/ピコレーザの間隔／ピコトーニングとADM/ピコレーザの間隔は何週間ですか？／ピコトーニングの後にADM/ピコレーザはどのくらい空けますか？／ピコトーニングとADM/ピコレーザはどのくらい間隔をあけますか？／ピコトーニングしてからADM/ピコレーザまではどのくらい期間をあけたらいいですか？／ピコトーニングの後にADM/ピコレーザはいつ受けられますか？／ピコトーニングとADM/ピコレーザは同日にできますか？,ピコトーニングとADM/ピコレーザは、別の部位であれば原則として同日に受けられます。同じ部位にADM/ピコレーザを受ける場合は2週間あけてください。施術内容やお肌の状態によって前後することがあります。また回答の施術間隔は当院で治療をした方の目安であり、他院で治療をされている場合は直接お電話にてお問い合わせくださいませ。,"ピコトーニング,ADM/ピコレーザ,トーニング,ピコ,ADMレーザー,ピコレーザー,ADM,間隔,空ける,あける,期間,どのくらい,どれくらい,何週間,何日あける,同日,してから,次の施術"
ピコトーニング,ADM/ナノレーザー,2週間,ピコトーニングとADM/ナノレーザーの間隔／ピコトーニングとADM/ナノレーザーの間隔は何週間ですか？／ピコトーニングの後にADM/ナノレーザーはどのくらい空けますか？／ピコトーニングとADM/ナノレーザーはどのくらい間隔をあけますか？／ピコトーニングしてからADM/ナノレーザーまではどのくらい期間をあけたらいいですか？／ピコトーニングの後にADM/ナノレーザーはいつ受けられますか？／ピコトーニングとADM/ナノレーザーは同日にできますか？,ピコトーニングとADM/ナノレーザーは、別の部位であれば原則として同日に受けられます。同じ部位にADM/ナノレーザーを受ける場合は2週間あけてください。施術内容やお肌の状態によって前後することがあります。また回答の施術間隔は当院で治療をした方の目安であり、他院で治療をされている場合は直接お電話にてお問い合わせくださいませ。,"ピコトーニング,ADM/ナノレーザー,トーニング,ピコ,ADMレーザー,ナノレーザー,ADM,間隔,空ける,あける,期間,どのくらい,どれくらい,何週間,何日あける,同日,してから,次の施術"
ピコトーニング,レーザートーニング,2週間,ピコトーニングとレーザートーニングの間隔／ピコトーニングとレーザートーニングの間隔は何週間ですか？／ピコトーニングの後にレーザートーニングはどのくらい空けますか？／ピコトーニングとレーザートーニングはどのくらい間隔をあけますか？／ピコトーニングしてからレーザートーニングまではどのくらい期間をあけたらいいですか？／ピコトーニングの後にレーザートーニングはいつ受けられますか？／ピコトーニングとレーザートーニングは同日にできますか？,ピコトーニングとレーザートーニングは、別の部位であれば原則として同日に受けられます。同じ部位にレーザートーニングを受ける場合は2週間あけてください。施術内容やお肌の状態によって前後することがあります。また回答の施術間隔は当院で治療をした方の目安であり、他院で治療をされている場合は直接お電話にてお問い合わせくださいませ。,"ピコトーニング,レーザートーニング,トーニング,ピコ,間隔,空ける,あける,期間,どのくらい,どれくらい,何週間,何日あける,同日,してから,次の施術"
ピコトーニング,ピコトーニング,※2～4週間,ピコトーニングとピコトーニングの間隔／ピコトーニングとピコトーニングの間隔は何週間ですか？／ピコトーニングの後にピコトーニングはどのくらい空けますか？／ピコトーニングとピコトーニングはどのくらい間隔をあけますか？／ピコトーニングしてからピコトーニングまではどのくらい期間をあけたらいいですか？／ピコトーニングの後にピコトーニングはいつ受けられますか？／ピコトーニングとピコトーニングは同日にできますか？,ピコトーニングを続けて（同じ部位に）受ける場合は2～4週間あけてください。 1〜5回目は週1回、6回目以降は月1回が目安です。施術内容やお肌の状態によって前後することがあります。また回答の施術間隔は当院で治療をした方の目安であり、他院で治療をされている場合は直接お電話にてお問い合わせくださいませ。,"ピコトーニング,トーニング,ピコ,間隔,空ける,あける,期間,どのくらい,どれくらい,何週間,何日あける,同日,してから,次の施術"
ピコトーニング,ピコフラクショナル,2週間,ピコトーニングとピコフラクショナルの間隔／ピコトーニングとピコフラクショナルの間隔は何週間ですか？／ピコトーニングの後にピコフラクショナルはどのくらい空けますか？／ピコトーニングとピコフラクショナルはどのくらい間隔をあけますか？／ピコトーニングしてからピコフラクショナルまではどのくらい期間をあけたらいいですか？／ピコトーニングの後にピコフラクショナルはいつ受けられますか？／ピコトーニングとピコフラクショナルは同日にできますか？,ピコトーニングとピコフラクショナルは、別の部位であれば原則として同日に受けられます。同じ部位にピコフラクショナルを受ける場合は2週間あけてください。施術内容やお肌の状態によって前後することがあります。また回答の施術間隔は当院で治療をした方の目安であり、他院で治療をされている場合は直接お電話にてお問い合わせくださいませ。,"ピコトーニング,ピコフラクショナル,トーニング,ピコ,フラクショナル,間隔,空ける,あける,期間,どのくらい,どれくらい,何週間,何日あける,同日,してから,次の施術"
ピコトーニング,そばかすシャワー,2週間,ピコトーニングとそばかすシャワーの間隔／ピコトーニングとそばかすシャワーの間隔は何週間ですか？／ピコトーニングの後にそばかすシャワーはどのくらい空けますか？／ピコトーニングとそばかすシャワーはどのくらい間隔をあけますか？／ピコトーニングしてからそばかすシャワーまではどのくらい期間をあけたらいいですか？／ピコトーニングの後にそばかすシャワーはいつ受けられますか？／ピコトーニングとそばかすシャワーは同日にできますか？,ピコトーニングとそばかすシャワーは、別の部位であれば原則として同日に受けられます。同じ部位にそばかすシャワーを受ける場合は2週間あけてください。施術内容やお肌の状態によって前後することがあります。また回答の施術間隔は当院で治療をした方の目安であり、他院で治療をされている場合は直接お電話にてお問い合わせくださいませ。,"ピコトーニング,そばかすシャワー,トーニング,ピコ,そばかす,間隔,空ける,あける,期間,どのくらい,どれくらい,何週間,何日あける,同日,してから,次の施術"
ピコトーニング,そばかすスポット,2週間,ピコトーニングとそばかすスポットの間隔／ピコトーニングとそばかすスポットの間隔は何週間ですか？／ピコトーニングの後にそばかすスポットはどのくらい空けますか？／ピコトーニングとそばかすスポットはどのくらい間隔をあけますか？／ピコトーニングしてからそばかすスポットまではどのくらい期間をあけたらいいですか？／ピコトーニングの後にそばかすスポットはいつ受けられますか？／ピコトーニングとそばかすスポットは同日にできますか？,ピコトーニングとそばかすスポットは、別の部位であれば原則として同日に受けられます。同じ部位にそばかすスポットを受ける場合は2週間あけてください。施術内容やお肌の状態によって前後することがあります。また回答の施術間隔は当院で治療をした方の目安であり、他院で治療をされている場合は直接お電話にてお問い合わせくださいませ。,"ピコトーニング,そばかすスポット,トーニング,ピコ,そばかす,間隔,空ける,あける,期間,どのくらい,どれくらい,何週間,何日あける,同日,してから,次の施術"
ピコトーニング,フォト/光治療,2週間,ピコトーニングとフォト/光治療の間隔／ピコトーニングとフォト/光治療の間隔は何週間ですか？／ピコトーニングの後にフォト/光治療はどのくらい空けますか？／ピコトーニングとフォト/光治療はどのくらい間隔をあけますか？／ピコトーニングしてからフォト/光治療まではどのくらい期間をあけたらいいですか？／ピコトーニングの後にフォト/光治療はいつ受けられますか？／ピコトーニングとフォト/光治療は同日にできますか？,ピコトーニングとフォト/光治療は、別の部位であれば原則として同日に受けられます。同じ部位にフォト/光治療を受ける場合は2週間あけてください。施術内容やお肌の状態によって前後することがあります。また回答の施術間隔は当院で治療をした方の目安であり、他院で治療をされている場合は直接お電話にてお問い合わせくださいませ。,"ピコトーニング,フォト/光治療,トーニング,ピコ,フォトフェイシャル,フォト,光治療,IPL,間隔,空ける,あける,期間,どのくらい,どれくらい,何週間,何日あける,同日,してから,次の施術"
ピコトーニング,赤み治療,2週間,ピコトーニングと赤み治療の間隔／ピコトーニングと赤み治療の間隔は何週間ですか？／ピコトーニングの後に赤み治療はどのくらい空けますか？／ピコトーニングと赤み治療はどのくらい間隔をあけますか？／ピコトーニングしてから赤み治療まではどのくらい期間をあけたらいいですか？／ピコトーニングの後に赤み治療はいつ受けられますか？／ピコトーニングと赤み治療は同日にできますか？,ピコトーニングと赤み治療は、別の部位であれば原則として同日に受けられます。同じ部位に赤み治療を受ける場合は2週間あけてください。施術内容やお肌の状態によって前後することがあります。また回答の施術間隔は当院で治療をした方の目安であり、他院で治療をされている場合は直接お電話にてお問い合わせくださいませ。,"ピコトーニング,赤み治療,トーニング,ピコ,血管腫レーザー,赤ら顔,間隔,空ける,あける,期間,どのくらい,どれくらい,何週間,何日あける,同日,してから,次の施術"
ピコトーニング,ボトックス,冷やして同日,ピコトーニングとボトックスの間隔／ピコトーニングとボトックスの間隔は何週間ですか？／ピコトーニングの後にボトックスはどのくらい空けますか？／ピコトーニングとボトックスはどのくらい間隔をあけますか？／ピコトーニングしてからボトックスまではどのくらい期間をあけたらいいですか？／ピコトーニングの後にボトックスはいつ受けられますか？／ピコトーニングとボトックスは同日にできますか？,ピコトーニングの後にボトックスは、冷却を行えば同日に受けられます。施術内容やお肌の状態によって前後することがあります。また回答の施術間隔は当院で治療をした方の目安であり、他院で治療をされている場合は直接お電話にてお問い合わせくださいませ。,"ピコトーニング,ボトックス,トーニング,ピコ,ボトックス注射,間隔,空ける,あける,期間,どのくらい,どれくらい,何週間,何日あける,同日,してから,次の施術"
ピコトーニング,ボトックス（マイクロ）,冷やして同日,ピコトーニングとボトックス（マイクロ）の間隔／ピコトーニングとボトックス（マイクロ）の間隔は何週間ですか？／ピコトーニングの後にボトックス（マイクロ）はどのくらい空けますか？／ピコトーニングとボトックス（マイクロ）はどのくらい間隔をあけますか？／ピコトーニングしてからボトックス（マイクロ）まではどのくらい期間をあけたらいいですか？／ピコトーニングの後にボトックス（マイクロ）はいつ受けられますか？／ピコトーニングとボトックス（マイクロ）は同日にできますか？,ピコトーニングの後にボトックス（マイクロ）は、冷却を行えば同日に受けられます。施術内容やお肌の状態によって前後することがあります。また回答の施術間隔は当院で治療をした方の目安であり、他院で治療をされている場合は直接お電話にてお問い合わせくださいませ。,"ピコトーニング,ボトックス（マイクロ）,トーニング,ピコ,マイクロボトックス,間隔,空ける,あける,期間,どのくらい,どれくらい,何週間,何日あける,同日,してから,次の施術"
ピコトーニング,フラルスキン部分シミ,2週間,ピコトーニングとフラルスキン部分シミの間隔／ピコトーニングとフラルスキン部分シミの間隔は何週間ですか？／ピコトーニングの後にフラルスキン部分シミはどのくらい空けますか？／ピコトーニングとフラルスキン部分シミはどのくらい間隔をあけますか？／ピコトーニングしてからフラルスキン部分シミまではどのくらい期間をあけたらいいですか？／ピコトーニングの後にフラルスキン部分シミはいつ受けられますか？／ピコトーニングとフラルスキン部分シミは同日にできますか？,ピコトーニングとフラルスキン部分シミは、別の部位であれば原則として同日に受けられます。同じ部位にフラルスキン部分シミを受ける場合は2週間あけてください。施術内容やお肌の状態によって前後することがあります。また回答の施術間隔は当院で治療をした方の目安であり、他院で治療をされている場合は直接お電話にてお問い合わせくださいませ。,"ピコトーニング,フラルスキン部分シミ,トーニング,ピコ,間隔,空ける,あける,期間,どのくらい,どれくらい,何週間,何日あける,同日,してから,次の施術"
ピコトーニング,テノールネオ,2週間,ピコトーニングとテノールネオの間隔／ピコトーニングとテノールネオの間隔は何週間ですか？／ピコトーニングの後にテノールネオはどのくらい空けますか？／ピコトーニングとテノールネオはどのくらい間隔をあけますか？／ピコトーニングしてからテノールネオまではどのくらい期間をあけたらいいですか？／ピコトーニングの後にテノールネオはいつ受けられますか？／ピコトーニングとテノールネオは同日にできますか？,ピコトーニングとテノールネオは、別の部位であれば原則として同日に受けられます。同じ部位にテノールネオを受ける場合は2週間あけてください。施術内容やお肌の状態によって前後することがあります。また回答の施術間隔は当院で治療をした方の目安であり、他院で治療をされている場合は直接お電話にてお問い合わせくださいませ。,"ピコトーニング,テノールネオ,トーニング,ピコ,テノールNEO,テノール,間隔,空ける,あける,期間,どのくらい,どれくらい,何週間,何日あける,同日,してから,次の施術"
ピコトーニング,mikoメソッド,2週間,ピコトーニングとmikoメソッドの間隔／ピコトーニングとmikoメソッドの間隔は何週間ですか？／ピコトーニングの後にmikoメソッドはどのくらい空けますか？／ピコトーニングとmikoメソッドはどのくらい間隔をあけますか？／ピコトーニングしてからmikoメソッドまではどのくらい期間をあけたらいいですか？／ピコトーニングの後にmikoメソッドはいつ受けられますか？／ピコトーニングとmikoメソッドは同日にできますか？,ピコトーニングとmikoメソッドは、別の部位であれば原則として同日に受けられます。同じ部位にmikoメソッドを受ける場合は2週間あけてください。施術内容やお肌の状態によって前後することがあります。また回答の施術間隔は当院で治療をした方の目安であり、他院で治療をされている場合は直接お電話にてお問い合わせくださいませ。,"ピコトーニング,mikoメソッド,トーニング,ピコ,miko,ミコメソッド,首イボ,間隔,空ける,あける,期間,どのくらい,どれくらい,何週間,何日あける,同日,してから,次の施術"
ピコトーニング,ほくろ切除/ほくろ除去,2週間,ピコトーニングとほくろ切除/ほくろ除去の間隔／ピコトーニングとほくろ切除/ほくろ除去の間隔は何週間ですか？／ピコトーニングの後にほくろ切除/ほくろ除去はどのくらい空けますか？／ピコトーニングとほくろ切除/ほくろ除去はどのくらい間隔をあけますか？／ピコトーニングしてからほくろ切除/ほくろ除去まではどのくらい期間をあけたらいいですか？／ピコトーニングの後にほくろ切除/ほくろ除去はいつ受けられますか？／ピコトーニングとほくろ切除/ほくろ除去は同日にできますか？,ピコトーニングとほくろ切除/ほくろ除去は、別の部位であれば原則として同日に受けられます。同じ部位にほくろ切除/ほくろ除去を受ける場合は2週間あけてください。施術内容やお肌の状態によって前後することがあります。また回答の施術間隔は当院で治療をした方の目安であり、他院で治療をされている場合は直接お電話にてお問い合わせくださいませ。,"ピコトーニング,ほくろ切除/ほくろ除去,トーニング,ピコ,ほくろ除去,ほくろ,間隔,空ける,あける,期間,どのくらい,どれくらい,何週間,何日あける,同日,してから,次の施術"
ピコトーニング,ボライト,2週間,ピコトーニングとボライトの間隔／ピコトーニングとボライトの間隔は何週間ですか？／ピコトーニングの後にボライトはどのくらい空けますか？／ピコトーニングとボライトはどのくらい間隔をあけますか？／ピコトーニングしてからボライトまではどのくらい期間をあけたらいいですか？／ピコトーニングの後にボライトはいつ受けられますか？／ピコトーニングとボライトは同日にできますか？,ピコトーニングとボライトは、別の部位であれば原則として同日に受けられます。同じ部位にボライトを受ける場合は2週間あけてください。施術内容やお肌の状態によって前後することがあります。また回答の施術間隔は当院で治療をした方の目安であり、他院で治療をされている場合は直接お電話にてお問い合わせくださいませ。,"ピコトーニング,ボライト,トーニング,ピコ,間隔,空ける,あける,期間,どのくらい,どれくらい,何週間,何日あける,同日,してから,次の施術"
ピコトーニング,稗粒腫,2週間,ピコトーニングと稗粒腫の間隔／ピコトーニングと稗粒腫の間隔は何週間ですか？／ピコトーニングの後に稗粒腫はどのくらい空けますか？／ピコトーニングと稗粒腫はどのくらい間隔をあけますか？／ピコトーニングしてから稗粒腫まではどのくらい期間をあけたらいいですか？／ピコトーニングの後に稗粒腫はいつ受けられますか？／ピコトーニングと稗粒腫は同日にできますか？,ピコトーニングと稗粒腫は、別の部位であれば原則として同日に受けられます。同じ部位に稗粒腫を受ける場合は2週間あけてください。施術内容やお肌の状態によって前後することがあります。また回答の施術間隔は当院で治療をした方の目安であり、他院で治療をされている場合は直接お電話にてお問い合わせくださいませ。,"ピコトーニング,稗粒腫,トーニング,ピコ,間隔,空ける,あける,期間,どのくらい,どれくらい,何週間,何日あける,同日,してから,次の施術"
ピコトーニング,ヴェルヴェットスキン,2週間,ピコトーニングとヴェルヴェットスキンの間隔／ピコトーニングとヴェルヴェットスキンの間隔は何週間ですか？／ピコトーニングの後にヴェルヴェットスキンはどのくらい空けますか？／ピコトーニングとヴェルヴェットスキンはどのくらい間隔をあけますか？／ピコトーニングしてからヴェルヴェットスキンまではどのくらい期間をあけたらいいですか？／ピコトーニングの後にヴェルヴェットスキンはいつ受けられますか？／ピコトーニングとヴェルヴェットスキンは同日にできますか？,ピコトーニングとヴェルヴェットスキンは、別の部位であれば原則として同日に受けられます。同じ部位にヴェルヴェットスキンを受ける場合は2週間あけてください。施術内容やお肌の状態によって前後することがあります。また回答の施術間隔は当院で治療をした方の目安であり、他院で治療をされている場合は直接お電話にてお問い合わせくださいませ。,"ピコトーニング,ヴェルヴェットスキン,トーニング,ピコ,ヴェルヴェット,ベルベットスキン,間隔,空ける,あける,期間,どのくらい,どれくらい,何週間,何日あける,同日,してから,次の施術"
ピコトーニング,ダーマペン,2週間,ピコトーニングとダーマペンの間隔／ピコトーニングとダーマペンの間隔は何週間ですか？／ピコトーニングの後にダーマペンはどのくらい空けますか？／ピコトーニングとダーマペンはどのくらい間隔をあけますか？／ピコトーニングしてからダーマペンまではどのくらい期間をあけたらいいですか？／ピコトーニングの後にダーマペンはいつ受けられますか？／ピコトーニングとダーマペンは同日にできますか？,ピコトーニングとダーマペンは、別の部位であれば原則として同日に受けられます。同じ部位にダーマペンを受ける場合は2週間あけてください。施術内容やお肌の状態によって前後することがあります。また回答の施術間隔は当院で治療をした方の目安であり、他院で治療をされている場合は直接お電話にてお問い合わせくださいませ。,"ピコトーニング,ダーマペン,トーニング,ピコ,ダーマペン4,間隔,空ける,あける,期間,どのくらい,どれくらい,何週間,何日あける,同日,してから,次の施術"
ピコトーニング,HARG,（翌日）,ピコトーニングとHARGの間隔／ピコトーニングとHARGの間隔は何週間ですか？／ピコトーニングの後にHARGはどのくらい空けますか？／ピコトーニングとHARGはどのくらい間隔をあけますか？／ピコトーニングしてからHARGまではどのくらい期間をあけたらいいですか？／ピコトーニングの後にHARGはいつ受けられますか？／ピコトーニングとHARGは同日にできますか？,ピコトーニングの後にHARG（部位が異なります）は翌日以降であれば受けられます。施術内容やお肌の状態によって前後することがあります。また回答の施術間隔は当院で治療をした方の目安であり、他院で治療をされている場合は直接お電話にてお問い合わせくださいませ。,"ピコトーニング,HARG,トーニング,ピコ,ハーグ,HARG療法,間隔,空ける,あける,期間,どのくらい,どれくらい,何週間,何日あける,同日,してから,次の施術"
ピコトーニング,スカルプ・プラセンタエッセンス,（翌日）,ピコトーニングとスカルプ・プラセンタエッセンスの間隔／ピコトーニングとスカルプ・プラセンタエッセンスの間隔は何週間ですか？／ピコトーニングの後にスカルプ・プラセンタエッセンスはどのくらい空けますか？／ピコトーニングとスカルプ・プラセンタエッセンスはどのくらい間隔をあけますか？／ピコトーニングしてからスカルプ・プラセンタエッセンスまではどのくらい期間をあけたらいいですか？／ピコトーニングの後にスカルプ・プラセンタエッセンスはいつ受けられますか？／ピコトーニングとスカルプ・プラセンタエッセンスは同日にできますか？,ピコトーニングの後にスカルプ・プラセンタエッセンス（部位が異なります）は翌日以降であれば受けられます。施術内容やお肌の状態によって前後することがあります。また回答の施術間隔は当院で治療をした方の目安であり、他院で治療をされている場合は直接お電話にてお問い合わせくださいませ。,"ピコトーニング,スカルプ・プラセンタエッセンス,トーニング,ピコ,スカルプ,プラセンタ,間隔,空ける,あける,期間,どのくらい,どれくらい,何週間,何日あける,同日,してから,次の施術"
ピコトーニング,コラーゲンピール,2週間,ピコトーニングとコラーゲンピールの間隔／ピコトーニングとコラーゲンピールの間隔は何週間ですか？／ピコトーニングの後にコラーゲンピールはどのくらい空けますか？／ピコトーニングとコラーゲンピールはどのくらい間隔をあけますか？／ピコトーニングしてからコラーゲンピールまではどのくらい期間をあけたらいいですか？／ピコトーニングの後にコラーゲンピールはいつ受けられますか？／ピコトーニングとコラーゲンピールは同日にできますか？,ピコトーニングとコラーゲンピールは、別の部位であれば原則として同日に受けられます。同じ部位にコラーゲンピールを受ける場合は2週間あけてください。施術内容やお肌の状態によって前後することがあります。また回答の施術間隔は当院で治療をした方の目安であり、他院で治療をされている場合は直接お電話にてお問い合わせくださいませ。,"ピコトーニング,コラーゲンピール,トーニング,ピコ,マッサージピール,間隔,空ける,あける,期間,どのくらい,どれくらい,何週間,何日あける,同日,してから,次の施術"
ピコトーニング,サーマクール,2週間,ピコトーニングとサーマクールの間隔／ピコトーニングとサーマクールの間隔は何週間ですか？／ピコトーニングの後にサーマクールはどのくらい空けますか？／ピコトーニングとサーマクールはどのくらい間隔をあけますか？／ピコトーニングしてからサーマクールまではどのくらい期間をあけたらいいですか？／ピコトーニングの後にサーマクールはいつ受けられますか？／ピコトーニングとサーマクールは同日にできますか？,ピコトーニングとサーマクールは、別の部位であれば原則として同日に受けられます。同じ部位にサーマクールを受ける場合は2週間あけてください。施術内容やお肌の状態によって前後することがあります。また回答の施術間隔は当院で治療をした方の目安であり、他院で治療をされている場合は直接お電話にてお問い合わせくださいませ。,"ピコトーニング,サーマクール,トーニング,ピコ,サーマ,間隔,空ける,あける,期間,どのくらい,どれくらい,何週間,何日あける,同日,してから,次の施術"
ピコトーニング,脱毛,2週間,ピコトーニングと脱毛の間隔／ピコトーニングと脱毛の間隔は何週間ですか？／ピコトーニングの後に脱毛はどのくらい空けますか？／ピコトーニングと脱毛はどのくらい間隔をあけますか？／ピコトーニングしてから脱毛まではどのくらい期間をあけたらいいですか？／ピコトーニングの後に脱毛はいつ受けられますか？／ピコトーニングと脱毛は同日にできますか？,ピコトーニングと脱毛は、別の部位であれば原則として同日に受けられます。同じ部位に脱毛を受ける場合は2週間あけてください。施術内容やお肌の状態によって前後することがあります。また回答の施術間隔は当院で治療をした方の目安であり、他院で治療をされている場合は直接お電話にてお問い合わせくださいませ。,"ピコトーニング,脱毛,トーニング,ピコ,医療脱毛,顔脱毛,全身脱毛,VIO脱毛,ひげ脱毛,レーザー脱毛,間隔,空ける,あける,期間,どのくらい,どれくらい,何週間,何日あける,同日,してから,次の施術"
ピコトーニング,タトゥー,2週間,ピコトーニングとタトゥーの間隔／ピコトーニングとタトゥーの間隔は何週間ですか？／ピコトーニングの後にタトゥーはどのくらい空けますか？／ピコトーニングとタトゥーはどのくらい間隔をあけますか？／ピコトーニングしてからタトゥーまではどのくらい期間をあけたらいいですか？／ピコトーニングの後にタトゥーはいつ受けられますか？／ピコトーニングとタトゥーは同日にできますか？,ピコトーニングとタトゥーは、別の部位であれば原則として同日に受けられます。同じ部位にタトゥーを受ける場合は2週間あけてください。施術内容やお肌の状態によって前後することがあります。また回答の施術間隔は当院で治療をした方の目安であり、他院で治療をされている場合は直接お電話にてお問い合わせくださいませ。,"ピコトーニング,タトゥー,トーニング,ピコ,刺青,タトゥー除去,間隔,空ける,あける,期間,どのくらい,どれくらい,何週間,何日あける,同日,してから,次の施術"
ピコトーニング,アートメイク,同日可※,ピコトーニングとアートメイクの間隔／ピコトーニングとアートメイクの間隔は何週間ですか？／ピコトーニングの後にアートメイクはどのくらい空けますか？／ピコトーニングとアートメイクはどのくらい間隔をあけますか？／ピコトーニングしてからアートメイクまではどのくらい期間をあけたらいいですか？／ピコトーニングの後にアートメイクはいつ受けられますか？／ピコトーニングとアートメイクは同日にできますか？,ピコトーニングとアートメイクは同日に受けられます。施術内容やお肌の状態によって前後することがあります。また回答の施術間隔は当院で治療をした方の目安であり、他院で治療をされている場合は直接お電話にてお問い合わせくださいませ。,"ピコトーニング,アートメイク,トーニング,ピコ,間隔,空ける,あける,期間,どのくらい,どれくらい,何週間,何日あける,同日,してから,次の施術"
ピコフラクショナル,ハイドラジェントル,3週間,ピコフラクショナルとハイドラジェントルの間隔／ピコフラクショナルとハイドラジェントルの間隔は何週間ですか？／ピコフラクショナルの後にハイドラジェントルはどのくらい空けますか？／ピコフラクショナルとハイドラジェントルはどのくらい間隔をあけますか？／ピコフラクショナルしてからハイドラジェントルまではどのくらい期間をあけたらいいですか？／ピコフラクショナルの後にハイドラジェントルはいつ受けられますか？／ピコフラクショナルとハイドラジェントルは同日にできますか？,ピコフラクショナルとハイドラジェントルは、別の部位であれば原則として同日に受けられます。同じ部位にハイドラジェントルを受ける場合は3週間あけてください。施術内容やお肌の状態によって前後することがあります。また回答の施術間隔は当院で治療をした方の目安であり、他院で治療をされている場合は直接お電話にてお問い合わせくださいませ。,"ピコフラクショナル,ハイドラジェントル,フラクショナル,ハイドラ,間隔,空ける,あける,期間,どのくらい,どれくらい,何週間,何日あける,同日,してから,次の施術"
ピコフラクショナル,ケミカルピーリング,3週間,ピコフラクショナルとケミカルピーリングの間隔／ピコフラクショナルとケミカルピーリングの間隔は何週間ですか？／ピコフラクショナルの後にケミカルピーリングはどのくらい空けますか？／ピコフラクショナルとケミカルピーリングはどのくらい間隔をあけますか？／ピコフラクショナルしてからケミカルピーリングまではどのくらい期間をあけたらいいですか？／ピコフラクショナルの後にケミカルピーリングはいつ受けられますか？／ピコフラクショナルとケミカルピーリングは同日にできますか？,ピコフラクショナルとケミカルピーリングは、別の部位であれば原則として同日に受けられます。同じ部位にケミカルピーリングを受ける場合は3週間あけてください。施術内容やお肌の状態によって前後することがあります。また回答の施術間隔は当院で治療をした方の目安であり、他院で治療をされている場合は直接お電話にてお問い合わせくださいませ。,"ピコフラクショナル,ケミカルピーリング,フラクショナル,ピーリング,間隔,空ける,あける,期間,どのくらい,どれくらい,何週間,何日あける,同日,してから,次の施術"
ピコフラクショナル,スマートサイドドット（2回目以降）,8週間,ピコフラクショナルとスマートサイドドット（2回目以降）の間隔／ピコフラクショナルとスマートサイドドット（2回目以降）の間隔は何週間ですか？／ピコフラクショナルの後にスマートサイドドット（2回目以降）はどのくらい空けますか？／ピコフラクショナルとスマートサイドドット（2回目以降）はどのくらい間隔をあけますか？／ピコフラクショナルしてからスマートサイドドット（2回目以降）まではどのくらい期間をあけたらいいですか？／ピコフラクショナルの後にスマートサイドドット（2回目以降）はいつ受けられますか？／ピコフラクショナルとスマートサイドドット（2回目以降）は同日にできますか？,ピコフラクショナルとスマートサイドドット（2回目以降）は、別の部位であれば原則として同日に受けられます。同じ部位にスマートサイドドット（2回目以降）を受ける場合は8週間あけてください。施術内容やお肌の状態によって前後することがあります。また回答の施術間隔は当院で治療をした方の目安であり、他院で治療をされている場合は直接お電話にてお問い合わせくださいませ。,"ピコフラクショナル,スマートサイドドット（2回目以降）,フラクショナル,スマサイ,スマートサイドドット,間隔,空ける,あける,期間,どのくらい,どれくらい,何週間,何日あける,同日,してから,次の施術"
ピコフラクショナル,スマートサイドドット（初回）,8週間,ピコフラクショナルとスマートサイドドット（初回）の間隔／ピコフラクショナルとスマートサイドドット（初回）の間隔は何週間ですか？／ピコフラクショナルの後にスマートサイドドット（初回）はどのくらい空けますか？／ピコフラクショナルとスマートサイドドット（初回）はどのくらい間隔をあけますか？／ピコフラクショナルしてからスマートサイドドット（初回）まではどのくらい期間をあけたらいいですか？／ピコフラクショナルの後にスマートサイドドット（初回）はいつ受けられますか？／ピコフラクショナルとスマートサイドドット（初回）は同日にできますか？,ピコフラクショナルとスマートサイドドット（初回）は、別の部位であれば原則として同日に受けられます。同じ部位にスマートサイドドット（初回）を受ける場合は8週間あけてください。施術内容やお肌の状態によって前後することがあります。また回答の施術間隔は当院で治療をした方の目安であり、他院で治療をされている場合は直接お電話にてお問い合わせくださいませ。,"ピコフラクショナル,スマートサイドドット（初回）,フラクショナル,スマサイ,スマートサイドドット,間隔,空ける,あける,期間,どのくらい,どれくらい,何週間,何日あける,同日,してから,次の施術"
ピコフラクショナル,イボレーザー/CO2レーザー,3週間,ピコフラクショナルとイボレーザー/CO2レーザーの間隔／ピコフラクショナルとイボレーザー/CO2レーザーの間隔は何週間ですか？／ピコフラクショナルの後にイボレーザー/CO2レーザーはどのくらい空けますか？／ピコフラクショナルとイボレーザー/CO2レーザーはどのくらい間隔をあけますか？／ピコフラクショナルしてからイボレーザー/CO2レーザーまではどのくらい期間をあけたらいいですか？／ピコフラクショナルの後にイボレーザー/CO2レーザーはいつ受けられますか？／ピコフラクショナルとイボレーザー/CO2レーザーは同日にできますか？,ピコフラクショナルとイボレーザー/CO2レーザーは、別の部位であれば原則として同日に受けられます。同じ部位にイボレーザー/CO2レーザーを受ける場合は3週間あけてください。施術内容やお肌の状態によって前後することがあります。また回答の施術間隔は当院で治療をした方の目安であり、他院で治療をされている場合は直接お電話にてお問い合わせくださいませ。,"ピコフラクショナル,イボレーザー/CO2レーザー,フラクショナル,炭酸ガスレーザー,CO2レーザー,イボ取り,いぼレーザー,間隔,空ける,あける,期間,どのくらい,どれくらい,何週間,何日あける,同日,してから,次の施術"
ピコフラクショナル,シミ取りレーザー,3週間,ピコフラクショナルとシミ取りレーザーの間隔／ピコフラクショナルとシミ取りレーザーの間隔は何週間ですか？／ピコフラクショナルの後にシミ取りレーザーはどのくらい空けますか？／ピコフラクショナルとシミ取りレーザーはどのくらい間隔をあけますか？／ピコフラクショナルしてからシミ取りレーザーまではどのくらい期間をあけたらいいですか？／ピコフラクショナルの後にシミ取りレーザーはいつ受けられますか？／ピコフラクショナルとシミ取りレーザーは同日にできますか？,ピコフラクショナルとシミ取りレーザーは、別の部位であれば原則として同日に受けられます。同じ部位にシミ取りレーザーを受ける場合は3週間あけてください。施術内容やお肌の状態によって前後することがあります。また回答の施術間隔は当院で治療をした方の目安であり、他院で治療をされている場合は直接お電話にてお問い合わせくださいませ。,"ピコフラクショナル,シミ取りレーザー,フラクショナル,シミレーザー,シミ取り,間隔,空ける,あける,期間,どのくらい,どれくらい,何週間,何日あける,同日,してから,次の施術"
ピコフラクショナル,ADM/ピコレーザ,3週間,ピコフラクショナルとADM/ピコレーザの間隔／ピコフラクショナルとADM/ピコレーザの間隔は何週間ですか？／ピコフラクショナルの後にADM/ピコレーザはどのくらい空けますか？／ピコフラクショナルとADM/ピコレーザはどのくらい間隔をあけますか？／ピコフラクショナルしてからADM/ピコレーザまではどのくらい期間をあけたらいいですか？／ピコフラクショナルの後にADM/ピコレーザはいつ受けられますか？／ピコフラクショナルとADM/ピコレーザは同日にできますか？,ピコフラクショナルとADM/ピコレーザは、別の部位であれば原則として同日に受けられます。同じ部位にADM/ピコレーザを受ける場合は3週間あけてください。施術内容やお肌の状態によって前後することがあります。また回答の施術間隔は当院で治療をした方の目安であり、他院で治療をされている場合は直接お電話にてお問い合わせくださいませ。,"ピコフラクショナル,ADM/ピコレーザ,フラクショナル,ADMレーザー,ピコレーザー,ADM,間隔,空ける,あける,期間,どのくらい,どれくらい,何週間,何日あける,同日,してから,次の施術"
ピコフラクショナル,ADM/ナノレーザー,3週間,ピコフラクショナルとADM/ナノレーザーの間隔／ピコフラクショナルとADM/ナノレーザーの間隔は何週間ですか？／ピコフラクショナルの後にADM/ナノレーザーはどのくらい空けますか？／ピコフラクショナルとADM/ナノレーザーはどのくらい間隔をあけますか？／ピコフラクショナルしてからADM/ナノレーザーまではどのくらい期間をあけたらいいですか？／ピコフラクショナルの後にADM/ナノレーザーはいつ受けられますか？／ピコフラクショナルとADM/ナノレーザーは同日にできますか？,ピコフラクショナルとADM/ナノレーザーは、別の部位であれば原則として同日に受けられます。同じ部位にADM/ナノレーザーを受ける場合は3週間あけてください。施術内容やお肌の状態によって前後することがあります。また回答の施術間隔は当院で治療をした方の目安であり、他院で治療をされている場合は直接お電話にてお問い合わせくださいませ。,"ピコフラクショナル,ADM/ナノレーザー,フラクショナル,ADMレーザー,ナノレーザー,ADM,間隔,空ける,あける,期間,どのくらい,どれくらい,何週間,何日あける,同日,してから,次の施術"
ピコフラクショナル,レーザートーニング,3週間,ピコフラクショナルとレーザートーニングの間隔／ピコフラクショナルとレーザートーニングの間隔は何週間ですか？／ピコフラクショナルの後にレーザートーニングはどのくらい空けますか？／ピコフラクショナルとレーザートーニングはどのくらい間隔をあけますか？／ピコフラクショナルしてからレーザートーニングまではどのくらい期間をあけたらいいですか？／ピコフラクショナルの後にレーザートーニングはいつ受けられますか？／ピコフラクショナルとレーザートーニングは同日にできますか？,ピコフラクショナルとレーザートーニングは、別の部位であれば原則として同日に受けられます。同じ部位にレーザートーニングを受ける場合は3週間あけてください。施術内容やお肌の状態によって前後することがあります。また回答の施術間隔は当院で治療をした方の目安であり、他院で治療をされている場合は直接お電話にてお問い合わせくださいませ。,"ピコフラクショナル,レーザートーニング,フラクショナル,トーニング,間隔,空ける,あける,期間,どのくらい,どれくらい,何週間,何日あける,同日,してから,次の施術"
ピコフラクショナル,ピコトーニング,3週間,ピコフラクショナルとピコトーニングの間隔／ピコフラクショナルとピコトーニングの間隔は何週間ですか？／ピコフラクショナルの後にピコトーニングはどのくらい空けますか？／ピコフラクショナルとピコトーニングはどのくらい間隔をあけますか？／ピコフラクショナルしてからピコトーニングまではどのくらい期間をあけたらいいですか？／ピコフラクショナルの後にピコトーニングはいつ受けられますか？／ピコフラクショナルとピコトーニングは同日にできますか？,ピコフラクショナルとピコトーニングは、別の部位であれば原則として同日に受けられます。同じ部位にピコトーニングを受ける場合は3週間あけてください。施術内容やお肌の状態によって前後することがあります。また回答の施術間隔は当院で治療をした方の目安であり、他院で治療をされている場合は直接お電話にてお問い合わせくださいませ。,"ピコフラクショナル,ピコトーニング,フラクショナル,トーニング,ピコ,間隔,空ける,あける,期間,どのくらい,どれくらい,何週間,何日あける,同日,してから,次の施術"
ピコフラクショナル,ピコフラクショナル,2～3ヵ月,ピコフラクショナルとピコフラクショナルの間隔／ピコフラクショナルとピコフラクショナルの間隔は何週間ですか？／ピコフラクショナルの後にピコフラクショナルはどのくらい空けますか？／ピコフラクショナルとピコフラクショナルはどのくらい間隔をあけますか？／ピコフラクショナルしてからピコフラクショナルまではどのくらい期間をあけたらいいですか？／ピコフラクショナルの後にピコフラクショナルはいつ受けられますか？／ピコフラクショナルとピコフラクショナルは同日にできますか？,ピコフラクショナルを続けて（同じ部位に）受ける場合は2～3ヵ月あけてください。施術内容やお肌の状態によって前後することがあります。また回答の施術間隔は当院で治療をした方の目安であり、他院で治療をされている場合は直接お電話にてお問い合わせくださいませ。,"ピコフラクショナル,フラクショナル,間隔,空ける,あける,期間,どのくらい,どれくらい,何週間,何日あける,同日,してから,次の施術"
ピコフラクショナル,そばかすシャワー,4週間,ピコフラクショナルとそばかすシャワーの間隔／ピコフラクショナルとそばかすシャワーの間隔は何週間ですか？／ピコフラクショナルの後にそばかすシャワーはどのくらい空けますか？／ピコフラクショナルとそばかすシャワーはどのくらい間隔をあけますか？／ピコフラクショナルしてからそばかすシャワーまではどのくらい期間をあけたらいいですか？／ピコフラクショナルの後にそばかすシャワーはいつ受けられますか？／ピコフラクショナルとそばかすシャワーは同日にできますか？,ピコフラクショナルとそばかすシャワーは、別の部位であれば原則として同日に受けられます。同じ部位にそばかすシャワーを受ける場合は4週間あけてください。施術内容やお肌の状態によって前後することがあります。また回答の施術間隔は当院で治療をした方の目安であり、他院で治療をされている場合は直接お電話にてお問い合わせくださいませ。,"ピコフラクショナル,そばかすシャワー,フラクショナル,そばかす,間隔,空ける,あける,期間,どのくらい,どれくらい,何週間,何日あける,同日,してから,次の施術"
ピコフラクショナル,そばかすスポット,4週間,ピコフラクショナルとそばかすスポットの間隔／ピコフラクショナルとそばかすスポットの間隔は何週間ですか？／ピコフラクショナルの後にそばかすスポットはどのくらい空けますか？／ピコフラクショナルとそばかすスポットはどのくらい間隔をあけますか？／ピコフラクショナルしてからそばかすスポットまではどのくらい期間をあけたらいいですか？／ピコフラクショナルの後にそばかすスポットはいつ受けられますか？／ピコフラクショナルとそばかすスポットは同日にできますか？,ピコフラクショナルとそばかすスポットは、別の部位であれば原則として同日に受けられます。同じ部位にそばかすスポットを受ける場合は4週間あけてください。施術内容やお肌の状態によって前後することがあります。また回答の施術間隔は当院で治療をした方の目安であり、他院で治療をされている場合は直接お電話にてお問い合わせくださいませ。,"ピコフラクショナル,そばかすスポット,フラクショナル,そばかす,間隔,空ける,あける,期間,どのくらい,どれくらい,何週間,何日あける,同日,してから,次の施術"
ピコフラクショナル,フォト/光治療,3週間,ピコフラクショナルとフォト/光治療の間隔／ピコフラクショナルとフォト/光治療の間隔は何週間ですか？／ピコフラクショナルの後にフォト/光治療はどのくらい空けますか？／ピコフラクショナルとフォト/光治療はどのくらい間隔をあけますか？／ピコフラクショナルしてからフォト/光治療まではどのくらい期間をあけたらいいですか？／ピコフラクショナルの後にフォト/光治療はいつ受けられますか？／ピコフラクショナルとフォト/光治療は同日にできますか？,ピコフラクショナルとフォト/光治療は、別の部位であれば原則として同日に受けられます。同じ部位にフォト/光治療を受ける場合は3週間あけてください。施術内容やお肌の状態によって前後することがあります。また回答の施術間隔は当院で治療をした方の目安であり、他院で治療をされている場合は直接お電話にてお問い合わせくださいませ。,"ピコフラクショナル,フォト/光治療,フラクショナル,フォトフェイシャル,フォト,光治療,IPL,間隔,空ける,あける,期間,どのくらい,どれくらい,何週間,何日あける,同日,してから,次の施術"
ピコフラクショナル,赤み治療,3週間,ピコフラクショナルと赤み治療の間隔／ピコフラクショナルと赤み治療の間隔は何週間ですか？／ピコフラクショナルの後に赤み治療はどのくらい空けますか？／ピコフラクショナルと赤み治療はどのくらい間隔をあけますか？／ピコフラクショナルしてから赤み治療まではどのくらい期間をあけたらいいですか？／ピコフラクショナルの後に赤み治療はいつ受けられますか？／ピコフラクショナルと赤み治療は同日にできますか？,ピコフラクショナルと赤み治療は、別の部位であれば原則として同日に受けられます。同じ部位に赤み治療を受ける場合は3週間あけてください。施術内容やお肌の状態によって前後することがあります。また回答の施術間隔は当院で治療をした方の目安であり、他院で治療をされている場合は直接お電話にてお問い合わせくださいませ。,"ピコフラクショナル,赤み治療,フラクショナル,血管腫レーザー,赤ら顔,間隔,空ける,あける,期間,どのくらい,どれくらい,何週間,何日あける,同日,してから,次の施術"
ピコフラクショナル,ボトックス,2週間,ピコフラクショナルとボトックスの間隔／ピコフラクショナルとボトックスの間隔は何週間ですか？／ピコフラクショナルの後にボトックスはどのくらい空けますか？／ピコフラクショナルとボトックスはどのくらい間隔をあけますか？／ピコフラクショナルしてからボトックスまではどのくらい期間をあけたらいいですか？／ピコフラクショナルの後にボトックスはいつ受けられますか？／ピコフラクショナルとボトックスは同日にできますか？,ピコフラクショナルとボトックスは、別の部位であれば原則として同日に受けられます。同じ部位にボトックスを受ける場合は2週間あけてください。施術内容やお肌の状態によって前後することがあります。また回答の施術間隔は当院で治療をした方の目安であり、他院で治療をされている場合は直接お電話にてお問い合わせくださいませ。,"ピコフラクショナル,ボトックス,フラクショナル,ボトックス注射,間隔,空ける,あける,期間,どのくらい,どれくらい,何週間,何日あける,同日,してから,次の施術"
ピコフラクショナル,ボトックス（マイクロ）,2週間,ピコフラクショナルとボトックス（マイクロ）の間隔／ピコフラクショナルとボトックス（マイクロ）の間隔は何週間ですか？／ピコフラクショナルの後にボトックス（マイクロ）はどのくらい空けますか？／ピコフラクショナルとボトックス（マイクロ）はどのくらい間隔をあけますか？／ピコフラクショナルしてからボトックス（マイクロ）まではどのくらい期間をあけたらいいですか？／ピコフラクショナルの後にボトックス（マイクロ）はいつ受けられますか？／ピコフラクショナルとボトックス（マイクロ）は同日にできますか？,ピコフラクショナルとボトックス（マイクロ）は、別の部位であれば原則として同日に受けられます。同じ部位にボトックス（マイクロ）を受ける場合は2週間あけてください。施術内容やお肌の状態によって前後することがあります。また回答の施術間隔は当院で治療をした方の目安であり、他院で治療をされている場合は直接お電話にてお問い合わせくださいませ。,"ピコフラクショナル,ボトックス（マイクロ）,フラクショナル,マイクロボトックス,間隔,空ける,あける,期間,どのくらい,どれくらい,何週間,何日あける,同日,してから,次の施術"
ピコフラクショナル,フラルスキン部分シミ,3週間,ピコフラクショナルとフラルスキン部分シミの間隔／ピコフラクショナルとフラルスキン部分シミの間隔は何週間ですか？／ピコフラクショナルの後にフラルスキン部分シミはどのくらい空けますか？／ピコフラクショナルとフラルスキン部分シミはどのくらい間隔をあけますか？／ピコフラクショナルしてからフラルスキン部分シミまではどのくらい期間をあけたらいいですか？／ピコフラクショナルの後にフラルスキン部分シミはいつ受けられますか？／ピコフラクショナルとフラルスキン部分シミは同日にできますか？,ピコフラクショナルとフラルスキン部分シミは、別の部位であれば原則として同日に受けられます。同じ部位にフラルスキン部分シミを受ける場合は3週間あけてください。施術内容やお肌の状態によって前後することがあります。また回答の施術間隔は当院で治療をした方の目安であり、他院で治療をされている場合は直接お電話にてお問い合わせくださいませ。,"ピコフラクショナル,フラルスキン部分シミ,フラクショナル,間隔,空ける,あける,期間,どのくらい,どれくらい,何週間,何日あける,同日,してから,次の施術"
ピコフラクショナル,テノールネオ,3週間,ピコフラクショナルとテノールネオの間隔／ピコフラクショナルとテノールネオの間隔は何週間ですか？／ピコフラクショナルの後にテノールネオはどのくらい空けますか？／ピコフラクショナルとテノールネオはどのくらい間隔をあけますか？／ピコフラクショナルしてからテノールネオまではどのくらい期間をあけたらいいですか？／ピコフラクショナルの後にテノールネオはいつ受けられますか？／ピコフラクショナルとテノールネオは同日にできますか？,ピコフラクショナルとテノールネオは、別の部位であれば原則として同日に受けられます。同じ部位にテノールネオを受ける場合は3週間あけてください。施術内容やお肌の状態によって前後することがあります。また回答の施術間隔は当院で治療をした方の目安であり、他院で治療をされている場合は直接お電話にてお問い合わせくださいませ。,"ピコフラクショナル,テノールネオ,フラクショナル,テノールNEO,テノール,間隔,空ける,あける,期間,どのくらい,どれくらい,何週間,何日あける,同日,してから,次の施術"
ピコフラクショナル,mikoメソッド,3週間,ピコフラクショナルとmikoメソッドの間隔／ピコフラクショナルとmikoメソッドの間隔は何週間ですか？／ピコフラクショナルの後にmikoメソッドはどのくらい空けますか？／ピコフラクショナルとmikoメソッドはどのくらい間隔をあけますか？／ピコフラクショナルしてからmikoメソッドまではどのくらい期間をあけたらいいですか？／ピコフラクショナルの後にmikoメソッドはいつ受けられますか？／ピコフラクショナルとmikoメソッドは同日にできますか？,ピコフラクショナルとmikoメソッドは、別の部位であれば原則として同日に受けられます。同じ部位にmikoメソッドを受ける場合は3週間あけてください。施術内容やお肌の状態によって前後することがあります。また回答の施術間隔は当院で治療をした方の目安であり、他院で治療をされている場合は直接お電話にてお問い合わせくださいませ。,"ピコフラクショナル,mikoメソッド,フラクショナル,miko,ミコメソッド,首イボ,間隔,空ける,あける,期間,どのくらい,どれくらい,何週間,何日あける,同日,してから,次の施術"
ピコフラクショナル,ほくろ切除/ほくろ除去,3週間,ピコフラクショナルとほくろ切除/ほくろ除去の間隔／ピコフラクショナルとほくろ切除/ほくろ除去の間隔は何週間ですか？／ピコフラクショナルの後にほくろ切除/ほくろ除去はどのくらい空けますか？／ピコフラクショナルとほくろ切除/ほくろ除去はどのくらい間隔をあけますか？／ピコフラクショナルしてからほくろ切除/ほくろ除去まではどのくらい期間をあけたらいいですか？／ピコフラクショナルの後にほくろ切除/ほくろ除去はいつ受けられますか？／ピコフラクショナルとほくろ切除/ほくろ除去は同日にできますか？,ピコフラクショナルとほくろ切除/ほくろ除去は、別の部位であれば原則として同日に受けられます。同じ部位にほくろ切除/ほくろ除去を受ける場合は3週間あけてください。施術内容やお肌の状態によって前後することがあります。また回答の施術間隔は当院で治療をした方の目安であり、他院で治療をされている場合は直接お電話にてお問い合わせくださいませ。,"ピコフラクショナル,ほくろ切除/ほくろ除去,フラクショナル,ほくろ除去,ほくろ,間隔,空ける,あける,期間,どのくらい,どれくらい,何週間,何日あける,同日,してから,次の施術"
ピコフラクショナル,ボライト,4週間,ピコフラクショナルとボライトの間隔／ピコフラクショナルとボライトの間隔は何週間ですか？／ピコフラクショナルの後にボライトはどのくらい空けますか？／ピコフラクショナルとボライトはどのくらい間隔をあけますか？／ピコフラクショナルしてからボライトまではどのくらい期間をあけたらいいですか？／ピコフラクショナルの後にボライトはいつ受けられますか？／ピコフラクショナルとボライトは同日にできますか？,ピコフラクショナルとボライトは、別の部位であれば原則として同日に受けられます。同じ部位にボライトを受ける場合は4週間あけてください。施術内容やお肌の状態によって前後することがあります。また回答の施術間隔は当院で治療をした方の目安であり、他院で治療をされている場合は直接お電話にてお問い合わせくださいませ。,"ピコフラクショナル,ボライト,フラクショナル,間隔,空ける,あける,期間,どのくらい,どれくらい,何週間,何日あける,同日,してから,次の施術"
ピコフラクショナル,稗粒腫,3週間,ピコフラクショナルと稗粒腫の間隔／ピコフラクショナルと稗粒腫の間隔は何週間ですか？／ピコフラクショナルの後に稗粒腫はどのくらい空けますか？／ピコフラクショナルと稗粒腫はどのくらい間隔をあけますか？／ピコフラクショナルしてから稗粒腫まではどのくらい期間をあけたらいいですか？／ピコフラクショナルの後に稗粒腫はいつ受けられますか？／ピコフラクショナルと稗粒腫は同日にできますか？,ピコフラクショナルと稗粒腫は、別の部位であれば原則として同日に受けられます。同じ部位に稗粒腫を受ける場合は3週間あけてください。施術内容やお肌の状態によって前後することがあります。また回答の施術間隔は当院で治療をした方の目安であり、他院で治療をされている場合は直接お電話にてお問い合わせくださいませ。,"ピコフラクショナル,稗粒腫,フラクショナル,間隔,空ける,あける,期間,どのくらい,どれくらい,何週間,何日あける,同日,してから,次の施術"
ピコフラクショナル,ヴェルヴェットスキン,4週間,ピコフラクショナルとヴェルヴェットスキンの間隔／ピコフラクショナルとヴェルヴェットスキンの間隔は何週間ですか？／ピコフラクショナルの後にヴェルヴェットスキンはどのくらい空けますか？／ピコフラクショナルとヴェルヴェットスキンはどのくらい間隔をあけますか？／ピコフラクショナルしてからヴェルヴェットスキンまではどのくらい期間をあけたらいいですか？／ピコフラクショナルの後にヴェルヴェットスキンはいつ受けられますか？／ピコフラクショナルとヴェルヴェットスキンは同日にできますか？,ピコフラクショナルとヴェルヴェットスキンは、別の部位であれば原則として同日に受けられます。同じ部位にヴェルヴェットスキンを受ける場合は4週間あけてください。施術内容やお肌の状態によって前後することがあります。また回答の施術間隔は当院で治療をした方の目安であり、他院で治療をされている場合は直接お電話にてお問い合わせくださいませ。,"ピコフラクショナル,ヴェルヴェットスキン,フラクショナル,ヴェルヴェット,ベルベットスキン,間隔,空ける,あける,期間,どのくらい,どれくらい,何週間,何日あける,同日,してから,次の施術"
ピコフラクショナル,ダーマペン,4週間,ピコフラクショナルとダーマペンの間隔／ピコフラクショナルとダーマペンの間隔は何週間ですか？／ピコフラクショナルの後にダーマペンはどのくらい空けますか？／ピコフラクショナルとダーマペンはどのくらい間隔をあけますか？／ピコフラクショナルしてからダーマペンまではどのくらい期間をあけたらいいですか？／ピコフラクショナルの後にダーマペンはいつ受けられますか？／ピコフラクショナルとダーマペンは同日にできますか？,ピコフラクショナルとダーマペンは、別の部位であれば原則として同日に受けられます。同じ部位にダーマペンを受ける場合は4週間あけてください。施術内容やお肌の状態によって前後することがあります。また回答の施術間隔は当院で治療をした方の目安であり、他院で治療をされている場合は直接お電話にてお問い合わせくださいませ。,"ピコフラクショナル,ダーマペン,フラクショナル,ダーマペン4,間隔,空ける,あける,期間,どのくらい,どれくらい,何週間,何日あける,同日,してから,次の施術"
ピコフラクショナル,HARG,（翌日）,ピコフラクショナルとHARGの間隔／ピコフラクショナルとHARGの間隔は何週間ですか？／ピコフラクショナルの後にHARGはどのくらい空けますか？／ピコフラクショナルとHARGはどのくらい間隔をあけますか？／ピコフラクショナルしてからHARGまではどのくらい期間をあけたらいいですか？／ピコフラクショナルの後にHARGはいつ受けられますか？／ピコフラクショナルとHARGは同日にできますか？,ピコフラクショナルの後にHARG（部位が異なります）は翌日以降であれば受けられます。施術内容やお肌の状態によって前後することがあります。また回答の施術間隔は当院で治療をした方の目安であり、他院で治療をされている場合は直接お電話にてお問い合わせくださいませ。,"ピコフラクショナル,HARG,フラクショナル,ハーグ,HARG療法,間隔,空ける,あける,期間,どのくらい,どれくらい,何週間,何日あける,同日,してから,次の施術"
ピコフラクショナル,スカルプ・プラセンタエッセンス,（翌日）,ピコフラクショナルとスカルプ・プラセンタエッセンスの間隔／ピコフラクショナルとスカルプ・プラセンタエッセンスの間隔は何週間ですか？／ピコフラクショナルの後にスカルプ・プラセンタエッセンスはどのくらい空けますか？／ピコフラクショナルとスカルプ・プラセンタエッセンスはどのくらい間隔をあけますか？／ピコフラクショナルしてからスカルプ・プラセンタエッセンスまではどのくらい期間をあけたらいいですか？／ピコフラクショナルの後にスカルプ・プラセンタエッセンスはいつ受けられますか？／ピコフラクショナルとスカルプ・プラセンタエッセンスは同日にできますか？,ピコフラクショナルの後にスカルプ・プラセンタエッセンス（部位が異なります）は翌日以降であれば受けられます。施術内容やお肌の状態によって前後することがあります。また回答の施術間隔は当院で治療をした方の目安であり、他院で治療をされている場合は直接お電話にてお問い合わせくださいませ。,"ピコフラクショナル,スカルプ・プラセンタエッセンス,フラクショナル,スカルプ,プラセンタ,間隔,空ける,あける,期間,どのくらい,どれくらい,何週間,何日あける,同日,してから,次の施術"
ピコフラクショナル,コラーゲンピール,4週間,ピコフラクショナルとコラーゲンピールの間隔／ピコフラクショナルとコラーゲンピールの間隔は何週間ですか？／ピコフラクショナルの後にコラーゲンピールはどのくらい空けますか？／ピコフラクショナルとコラーゲンピールはどのくらい間隔をあけますか？／ピコフラクショナルしてからコラーゲンピールまではどのくらい期間をあけたらいいですか？／ピコフラクショナルの後にコラーゲンピールはいつ受けられますか？／ピコフラクショナルとコラーゲンピールは同日にできますか？,ピコフラクショナルとコラーゲンピールは、別の部位であれば原則として同日に受けられます。同じ部位にコラーゲンピールを受ける場合は4週間あけてください。施術内容やお肌の状態によって前後することがあります。また回答の施術間隔は当院で治療をした方の目安であり、他院で治療をされている場合は直接お電話にてお問い合わせくださいませ。,"ピコフラクショナル,コラーゲンピール,フラクショナル,マッサージピール,間隔,空ける,あける,期間,どのくらい,どれくらい,何週間,何日あける,同日,してから,次の施術"
ピコフラクショナル,サーマクール,4週間,ピコフラクショナルとサーマクールの間隔／ピコフラクショナルとサーマクールの間隔は何週間ですか？／ピコフラクショナルの後にサーマクールはどのくらい空けますか？／ピコフラクショナルとサーマクールはどのくらい間隔をあけますか？／ピコフラクショナルしてからサーマクールまではどのくらい期間をあけたらいいですか？／ピコフラクショナルの後にサーマクールはいつ受けられますか？／ピコフラクショナルとサーマクールは同日にできますか？,ピコフラクショナルとサーマクールは、別の部位であれば原則として同日に受けられます。同じ部位にサーマクールを受ける場合は4週間あけてください。施術内容やお肌の状態によって前後することがあります。また回答の施術間隔は当院で治療をした方の目安であり、他院で治療をされている場合は直接お電話にてお問い合わせくださいませ。,"ピコフラクショナル,サーマクール,フラクショナル,サーマ,間隔,空ける,あける,期間,どのくらい,どれくらい,何週間,何日あける,同日,してから,次の施術"
ピコフラクショナル,脱毛,4週間,ピコフラクショナルと脱毛の間隔／ピコフラクショナルと脱毛の間隔は何週間ですか？／ピコフラクショナルの後に脱毛はどのくらい空けますか？／ピコフラクショナルと脱毛はどのくらい間隔をあけますか？／ピコフラクショナルしてから脱毛まではどのくらい期間をあけたらいいですか？／ピコフラクショナルの後に脱毛はいつ受けられますか？／ピコフラクショナルと脱毛は同日にできますか？,ピコフラクショナルと脱毛は、別の部位であれば原則として同日に受けられます。同じ部位に脱毛を受ける場合は4週間あけてください。施術内容やお肌の状態によって前後することがあります。また回答の施術間隔は当院で治療をした方の目安であり、他院で治療をされている場合は直接お電話にてお問い合わせくださいませ。,"ピコフラクショナル,脱毛,フラクショナル,医療脱毛,顔脱毛,全身脱毛,VIO脱毛,ひげ脱毛,レーザー脱毛,間隔,空ける,あける,期間,どのくらい,どれくらい,何週間,何日あける,同日,してから,次の施術"
ピコフラクショナル,タトゥー,4週間,ピコフラクショナルとタトゥーの間隔／ピコフラクショナルとタトゥーの間隔は何週間ですか？／ピコフラクショナルの後にタトゥーはどのくらい空けますか？／ピコフラクショナルとタトゥーはどのくらい間隔をあけますか？／ピコフラクショナルしてからタトゥーまではどのくらい期間をあけたらいいですか？／ピコフラクショナルの後にタトゥーはいつ受けられますか？／ピコフラクショナルとタトゥーは同日にできますか？,ピコフラクショナルとタトゥーは、別の部位であれば原則として同日に受けられます。同じ部位にタトゥーを受ける場合は4週間あけてください。施術内容やお肌の状態によって前後することがあります。また回答の施術間隔は当院で治療をした方の目安であり、他院で治療をされている場合は直接お電話にてお問い合わせくださいませ。,"ピコフラクショナル,タトゥー,フラクショナル,刺青,タトゥー除去,間隔,空ける,あける,期間,どのくらい,どれくらい,何週間,何日あける,同日,してから,次の施術"
ピコフラクショナル,アートメイク,同日可,ピコフラクショナルとアートメイクの間隔／ピコフラクショナルとアートメイクの間隔は何週間ですか？／ピコフラクショナルの後にアートメイクはどのくらい空けますか？／ピコフラクショナルとアートメイクはどのくらい間隔をあけますか？／ピコフラクショナルしてからアートメイクまではどのくらい期間をあけたらいいですか？／ピコフラクショナルの後にアートメイクはいつ受けられますか？／ピコフラクショナルとアートメイクは同日にできますか？,ピコフラクショナルとアートメイクは同日に受けられます。施術内容やお肌の状態によって前後することがあります。また回答の施術間隔は当院で治療をした方の目安であり、他院で治療をされている場合は直接お電話にてお問い合わせくださいませ。,"ピコフラクショナル,アートメイク,フラクショナル,間隔,空ける,あける,期間,どのくらい,どれくらい,何週間,何日あける,同日,してから,次の施術"
そばかすシャワー,ハイドラジェントル,4週間,そばかすシャワーとハイドラジェントルの間隔／そばかすシャワーとハイドラジェントルの間隔は何週間ですか？／そばかすシャワーの後にハイドラジェントルはどのくらい空けますか？／そばかすシャワーとハイドラジェントルはどのくらい間隔をあけますか？／そばかすシャワーしてからハイドラジェントルまではどのくらい期間をあけたらいいですか？／そばかすシャワーの後にハイドラジェントルはいつ受けられますか？／そばかすシャワーとハイドラジェントルは同日にできますか？,そばかすシャワーとハイドラジェントルは、別の部位であれば原則として同日に受けられます。同じ部位にハイドラジェントルを受ける場合は4週間あけてください。施術内容やお肌の状態によって前後することがあります。また回答の施術間隔は当院で治療をした方の目安であり、他院で治療をされている場合は直接お電話にてお問い合わせくださいませ。,"そばかすシャワー,ハイドラジェントル,そばかす,ハイドラ,間隔,空ける,あける,期間,どのくらい,どれくらい,何週間,何日あける,同日,してから,次の施術"
そばかすシャワー,ケミカルピーリング,4週間,そばかすシャワーとケミカルピーリングの間隔／そばかすシャワーとケミカルピーリングの間隔は何週間ですか？／そばかすシャワーの後にケミカルピーリングはどのくらい空けますか？／そばかすシャワーとケミカルピーリングはどのくらい間隔をあけますか？／そばかすシャワーしてからケミカルピーリングまではどのくらい期間をあけたらいいですか？／そばかすシャワーの後にケミカルピーリングはいつ受けられますか？／そばかすシャワーとケミカルピーリングは同日にできますか？,そばかすシャワーとケミカルピーリングは、別の部位であれば原則として同日に受けられます。同じ部位にケミカルピーリングを受ける場合は4週間あけてください。施術内容やお肌の状態によって前後することがあります。また回答の施術間隔は当院で治療をした方の目安であり、他院で治療をされている場合は直接お電話にてお問い合わせくださいませ。,"そばかすシャワー,ケミカルピーリング,そばかす,ピーリング,間隔,空ける,あける,期間,どのくらい,どれくらい,何週間,何日あける,同日,してから,次の施術"
そばかすシャワー,スマートサイドドット（2回目以降）,8週間,そばかすシャワーとスマートサイドドット（2回目以降）の間隔／そばかすシャワーとスマートサイドドット（2回目以降）の間隔は何週間ですか？／そばかすシャワーの後にスマートサイドドット（2回目以降）はどのくらい空けますか？／そばかすシャワーとスマートサイドドット（2回目以降）はどのくらい間隔をあけますか？／そばかすシャワーしてからスマートサイドドット（2回目以降）まではどのくらい期間をあけたらいいですか？／そばかすシャワーの後にスマートサイドドット（2回目以降）はいつ受けられますか？／そばかすシャワーとスマートサイドドット（2回目以降）は同日にできますか？,そばかすシャワーとスマートサイドドット（2回目以降）は、別の部位であれば原則として同日に受けられます。同じ部位にスマートサイドドット（2回目以降）を受ける場合は8週間あけてください。施術内容やお肌の状態によって前後することがあります。また回答の施術間隔は当院で治療をした方の目安であり、他院で治療をされている場合は直接お電話にてお問い合わせくださいませ。,"そばかすシャワー,スマートサイドドット（2回目以降）,そばかす,スマサイ,スマートサイドドット,間隔,空ける,あける,期間,どのくらい,どれくらい,何週間,何日あける,同日,してから,次の施術"
そばかすシャワー,スマートサイドドット（初回）,8週間,そばかすシャワーとスマートサイドドット（初回）の間隔／そばかすシャワーとスマートサイドドット（初回）の間隔は何週間ですか？／そばかすシャワーの後にスマートサイドドット（初回）はどのくらい空けますか？／そばかすシャワーとスマートサイドドット（初回）はどのくらい間隔をあけますか？／そばかすシャワーしてからスマートサイドドット（初回）まではどのくらい期間をあけたらいいですか？／そばかすシャワーの後にスマートサイドドット（初回）はいつ受けられますか？／そばかすシャワーとスマートサイドドット（初回）は同日にできますか？,そばかすシャワーとスマートサイドドット（初回）は、別の部位であれば原則として同日に受けられます。同じ部位にスマートサイドドット（初回）を受ける場合は8週間あけてください。施術内容やお肌の状態によって前後することがあります。また回答の施術間隔は当院で治療をした方の目安であり、他院で治療をされている場合は直接お電話にてお問い合わせくださいませ。,"そばかすシャワー,スマートサイドドット（初回）,そばかす,スマサイ,スマートサイドドット,間隔,空ける,あける,期間,どのくらい,どれくらい,何週間,何日あける,同日,してから,次の施術"
そばかすシャワー,イボレーザー/CO2レーザー,4週間,そばかすシャワーとイボレーザー/CO2レーザーの間隔／そばかすシャワーとイボレーザー/CO2レーザーの間隔は何週間ですか？／そばかすシャワーの後にイボレーザー/CO2レーザーはどのくらい空けますか？／そばかすシャワーとイボレーザー/CO2レーザーはどのくらい間隔をあけますか？／そばかすシャワーしてからイボレーザー/CO2レーザーまではどのくらい期間をあけたらいいですか？／そばかすシャワーの後にイボレーザー/CO2レーザーはいつ受けられますか？／そばかすシャワーとイボレーザー/CO2レーザーは同日にできますか？,そばかすシャワーとイボレーザー/CO2レーザーは、別の部位であれば原則として同日に受けられます。同じ部位にイボレーザー/CO2レーザーを受ける場合は4週間あけてください。施術内容やお肌の状態によって前後することがあります。また回答の施術間隔は当院で治療をした方の目安であり、他院で治療をされている場合は直接お電話にてお問い合わせくださいませ。,"そばかすシャワー,イボレーザー/CO2レーザー,そばかす,炭酸ガスレーザー,CO2レーザー,イボ取り,いぼレーザー,間隔,空ける,あける,期間,どのくらい,どれくらい,何週間,何日あける,同日,してから,次の施術"
そばかすシャワー,シミ取りレーザー,4週間,そばかすシャワーとシミ取りレーザーの間隔／そばかすシャワーとシミ取りレーザーの間隔は何週間ですか？／そばかすシャワーの後にシミ取りレーザーはどのくらい空けますか？／そばかすシャワーとシミ取りレーザーはどのくらい間隔をあけますか？／そばかすシャワーしてからシミ取りレーザーまではどのくらい期間をあけたらいいですか？／そばかすシャワーの後にシミ取りレーザーはいつ受けられますか？／そばかすシャワーとシミ取りレーザーは同日にできますか？,そばかすシャワーとシミ取りレーザーは、別の部位であれば原則として同日に受けられます。同じ部位にシミ取りレーザーを受ける場合は4週間あけてください。施術内容やお肌の状態によって前後することがあります。また回答の施術間隔は当院で治療をした方の目安であり、他院で治療をされている場合は直接お電話にてお問い合わせくださいませ。,"そばかすシャワー,シミ取りレーザー,そばかす,シミレーザー,シミ取り,間隔,空ける,あける,期間,どのくらい,どれくらい,何週間,何日あける,同日,してから,次の施術"
そばかすシャワー,ADM/ピコレーザ,8週間,そばかすシャワーとADM/ピコレーザの間隔／そばかすシャワーとADM/ピコレーザの間隔は何週間ですか？／そばかすシャワーの後にADM/ピコレーザはどのくらい空けますか？／そばかすシャワーとADM/ピコレーザはどのくらい間隔をあけますか？／そばかすシャワーしてからADM/ピコレーザまではどのくらい期間をあけたらいいですか？／そばかすシャワーの後にADM/ピコレーザはいつ受けられますか？／そばかすシャワーとADM/ピコレーザは同日にできますか？,そばかすシャワーとADM/ピコレーザは、別の部位であれば原則として同日に受けられます。同じ部位にADM/ピコレーザを受ける場合は8週間あけてください。施術内容やお肌の状態によって前後することがあります。また回答の施術間隔は当院で治療をした方の目安であり、他院で治療をされている場合は直接お電話にてお問い合わせくださいませ。,"そばかすシャワー,ADM/ピコレーザ,そばかす,ADMレーザー,ピコレーザー,ADM,間隔,空ける,あける,期間,どのくらい,どれくらい,何週間,何日あける,同日,してから,次の施術"
そばかすシャワー,ADM/ナノレーザー,8週間,そばかすシャワーとADM/ナノレーザーの間隔／そばかすシャワーとADM/ナノレーザーの間隔は何週間ですか？／そばかすシャワーの後にADM/ナノレーザーはどのくらい空けますか？／そばかすシャワーとADM/ナノレーザーはどのくらい間隔をあけますか？／そばかすシャワーしてからADM/ナノレーザーまではどのくらい期間をあけたらいいですか？／そばかすシャワーの後にADM/ナノレーザーはいつ受けられますか？／そばかすシャワーとADM/ナノレーザーは同日にできますか？,そばかすシャワーとADM/ナノレーザーは、別の部位であれば原則として同日に受けられます。同じ部位にADM/ナノレーザーを受ける場合は8週間あけてください。施術内容やお肌の状態によって前後することがあります。また回答の施術間隔は当院で治療をした方の目安であり、他院で治療をされている場合は直接お電話にてお問い合わせくださいませ。,"そばかすシャワー,ADM/ナノレーザー,そばかす,ADMレーザー,ナノレーザー,ADM,間隔,空ける,あける,期間,どのくらい,どれくらい,何週間,何日あける,同日,してから,次の施術"
そばかすシャワー,レーザートーニング,4週間,そばかすシャワーとレーザートーニングの間隔／そばかすシャワーとレーザートーニングの間隔は何週間ですか？／そばかすシャワーの後にレーザートーニングはどのくらい空けますか？／そばかすシャワーとレーザートーニングはどのくらい間隔をあけますか？／そばかすシャワーしてからレーザートーニングまではどのくらい期間をあけたらいいですか？／そばかすシャワーの後にレーザートーニングはいつ受けられますか？／そばかすシャワーとレーザートーニングは同日にできますか？,そばかすシャワーとレーザートーニングは、別の部位であれば原則として同日に受けられます。同じ部位にレーザートーニングを受ける場合は4週間あけてください。施術内容やお肌の状態によって前後することがあります。また回答の施術間隔は当院で治療をした方の目安であり、他院で治療をされている場合は直接お電話にてお問い合わせくださいませ。,"そばかすシャワー,レーザートーニング,そばかす,トーニング,間隔,空ける,あける,期間,どのくらい,どれくらい,何週間,何日あける,同日,してから,次の施術"
そばかすシャワー,ピコトーニング,4週間,そばかすシャワーとピコトーニングの間隔／そばかすシャワーとピコトーニングの間隔は何週間ですか？／そばかすシャワーの後にピコトーニングはどのくらい空けますか？／そばかすシャワーとピコトーニングはどのくらい間隔をあけますか？／そばかすシャワーしてからピコトーニングまではどのくらい期間をあけたらいいですか？／そばかすシャワーの後にピコトーニングはいつ受けられますか？／そばかすシャワーとピコトーニングは同日にできますか？,そばかすシャワーとピコトーニングは、別の部位であれば原則として同日に受けられます。同じ部位にピコトーニングを受ける場合は4週間あけてください。施術内容やお肌の状態によって前後することがあります。また回答の施術間隔は当院で治療をした方の目安であり、他院で治療をされている場合は直接お電話にてお問い合わせくださいませ。,"そばかすシャワー,ピコトーニング,そばかす,トーニング,ピコ,間隔,空ける,あける,期間,どのくらい,どれくらい,何週間,何日あける,同日,してから,次の施術"
そばかすシャワー,ピコフラクショナル,1～3ヵ月,そばかすシャワーとピコフラクショナルの間隔／そばかすシャワーとピコフラクショナルの間隔は何週間ですか？／そばかすシャワーの後にピコフラクショナルはどのくらい空けますか？／そばかすシャワーとピコフラクショナルはどのくらい間隔をあけますか？／そばかすシャワーしてからピコフラクショナルまではどのくらい期間をあけたらいいですか？／そばかすシャワーの後にピコフラクショナルはいつ受けられますか？／そばかすシャワーとピコフラクショナルは同日にできますか？,そばかすシャワーとピコフラクショナルは、別の部位であれば原則として同日に受けられます。同じ部位にピコフラクショナルを受ける場合は1～3ヵ月あけてください。施術内容やお肌の状態によって前後することがあります。また回答の施術間隔は当院で治療をした方の目安であり、他院で治療をされている場合は直接お電話にてお問い合わせくださいませ。,"そばかすシャワー,ピコフラクショナル,そばかす,フラクショナル,間隔,空ける,あける,期間,どのくらい,どれくらい,何週間,何日あける,同日,してから,次の施術"
そばかすシャワー,そばかすシャワー,1～3ヵ月,そばかすシャワーとそばかすシャワーの間隔／そばかすシャワーとそばかすシャワーの間隔は何週間ですか？／そばかすシャワーの後にそばかすシャワーはどのくらい空けますか？／そばかすシャワーとそばかすシャワーはどのくらい間隔をあけますか？／そばかすシャワーしてからそばかすシャワーまではどのくらい期間をあけたらいいですか？／そばかすシャワーの後にそばかすシャワーはいつ受けられますか？／そばかすシャワーとそばかすシャワーは同日にできますか？,そばかすシャワーを続けて（同じ部位に）受ける場合は1～3ヵ月あけてください。施術内容やお肌の状態によって前後することがあります。また回答の施術間隔は当院で治療をした方の目安であり、他院で治療をされている場合は直接お電話にてお問い合わせくださいませ。,"そばかすシャワー,そばかす,間隔,空ける,あける,期間,どのくらい,どれくらい,何週間,何日あける,同日,してから,次の施術"
そばかすシャワー,そばかすスポット,1～3ヵ月,そばかすシャワーとそばかすスポットの間隔／そばかすシャワーとそばかすスポットの間隔は何週間ですか？／そばかすシャワーの後にそばかすスポットはどのくらい空けますか？／そばかすシャワーとそばかすスポットはどのくらい間隔をあけますか？／そばかすシャワーしてからそばかすスポットまではどのくらい期間をあけたらいいですか？／そばかすシャワーの後にそばかすスポットはいつ受けられますか？／そばかすシャワーとそばかすスポットは同日にできますか？,そばかすシャワーとそばかすスポットは、別の部位であれば原則として同日に受けられます。同じ部位にそばかすスポットを受ける場合は1～3ヵ月あけてください。施術内容やお肌の状態によって前後することがあります。また回答の施術間隔は当院で治療をした方の目安であり、他院で治療をされている場合は直接お電話にてお問い合わせくださいませ。,"そばかすシャワー,そばかすスポット,そばかす,間隔,空ける,あける,期間,どのくらい,どれくらい,何週間,何日あける,同日,してから,次の施術"
そばかすシャワー,フォト/光治療,4週間,そばかすシャワーとフォト/光治療の間隔／そばかすシャワーとフォト/光治療の間隔は何週間ですか？／そばかすシャワーの後にフォト/光治療はどのくらい空けますか？／そばかすシャワーとフォト/光治療はどのくらい間隔をあけますか？／そばかすシャワーしてからフォト/光治療まではどのくらい期間をあけたらいいですか？／そばかすシャワーの後にフォト/光治療はいつ受けられますか？／そばかすシャワーとフォト/光治療は同日にできますか？,そばかすシャワーとフォト/光治療は、別の部位であれば原則として同日に受けられます。同じ部位にフォト/光治療を受ける場合は4週間あけてください。施術内容やお肌の状態によって前後することがあります。また回答の施術間隔は当院で治療をした方の目安であり、他院で治療をされている場合は直接お電話にてお問い合わせくださいませ。,"そばかすシャワー,フォト/光治療,そばかす,フォトフェイシャル,フォト,光治療,IPL,間隔,空ける,あける,期間,どのくらい,どれくらい,何週間,何日あける,同日,してから,次の施術"
そばかすシャワー,赤み治療,4週間,そばかすシャワーと赤み治療の間隔／そばかすシャワーと赤み治療の間隔は何週間ですか？／そばかすシャワーの後に赤み治療はどのくらい空けますか？／そばかすシャワーと赤み治療はどのくらい間隔をあけますか？／そばかすシャワーしてから赤み治療まではどのくらい期間をあけたらいいですか？／そばかすシャワーの後に赤み治療はいつ受けられますか？／そばかすシャワーと赤み治療は同日にできますか？,そばかすシャワーと赤み治療は、別の部位であれば原則として同日に受けられます。同じ部位に赤み治療を受ける場合は4週間あけてください。施術内容やお肌の状態によって前後することがあります。また回答の施術間隔は当院で治療をした方の目安であり、他院で治療をされている場合は直接お電話にてお問い合わせくださいませ。,"そばかすシャワー,赤み治療,そばかす,血管腫レーザー,赤ら顔,間隔,空ける,あける,期間,どのくらい,どれくらい,何週間,何日あける,同日,してから,次の施術"
そばかすシャワー,ボトックス,2週間,そばかすシャワーとボトックスの間隔／そばかすシャワーとボトックスの間隔は何週間ですか？／そばかすシャワーの後にボトックスはどのくらい空けますか？／そばかすシャワーとボトックスはどのくらい間隔をあけますか？／そばかすシャワーしてからボトックスまではどのくらい期間をあけたらいいですか？／そばかすシャワーの後にボトックスはいつ受けられますか？／そばかすシャワーとボトックスは同日にできますか？,そばかすシャワーとボトックスは、別の部位であれば原則として同日に受けられます。同じ部位にボトックスを受ける場合は2週間あけてください。施術内容やお肌の状態によって前後することがあります。また回答の施術間隔は当院で治療をした方の目安であり、他院で治療をされている場合は直接お電話にてお問い合わせくださいませ。,"そばかすシャワー,ボトックス,そばかす,ボトックス注射,間隔,空ける,あける,期間,どのくらい,どれくらい,何週間,何日あける,同日,してから,次の施術"
そばかすシャワー,ボトックス（マイクロ）,2週間,そばかすシャワーとボトックス（マイクロ）の間隔／そばかすシャワーとボトックス（マイクロ）の間隔は何週間ですか？／そばかすシャワーの後にボトックス（マイクロ）はどのくらい空けますか？／そばかすシャワーとボトックス（マイクロ）はどのくらい間隔をあけますか？／そばかすシャワーしてからボトックス（マイクロ）まではどのくらい期間をあけたらいいですか？／そばかすシャワーの後にボトックス（マイクロ）はいつ受けられますか？／そばかすシャワーとボトックス（マイクロ）は同日にできますか？,そばかすシャワーとボトックス（マイクロ）は、別の部位であれば原則として同日に受けられます。同じ部位にボトックス（マイクロ）を受ける場合は2週間あけてください。施術内容やお肌の状態によって前後することがあります。また回答の施術間隔は当院で治療をした方の目安であり、他院で治療をされている場合は直接お電話にてお問い合わせくださいませ。,"そばかすシャワー,ボトックス（マイクロ）,そばかす,マイクロボトックス,間隔,空ける,あける,期間,どのくらい,どれくらい,何週間,何日あける,同日,してから,次の施術"
そばかすシャワー,フラルスキン部分シミ,2週間,そばかすシャワーとフラルスキン部分シミの間隔／そばかすシャワーとフラルスキン部分シミの間隔は何週間ですか？／そばかすシャワーの後にフラルスキン部分シミはどのくらい空けますか？／そばかすシャワーとフラルスキン部分シミはどのくらい間隔をあけますか？／そばかすシャワーしてからフラルスキン部分シミまではどのくらい期間をあけたらいいですか？／そばかすシャワーの後にフラルスキン部分シミはいつ受けられますか？／そばかすシャワーとフラルスキン部分シミは同日にできますか？,そばかすシャワーとフラルスキン部分シミは、別の部位であれば原則として同日に受けられます。同じ部位にフラルスキン部分シミを受ける場合は2週間あけてください。施術内容やお肌の状態によって前後することがあります。また回答の施術間隔は当院で治療をした方の目安であり、他院で治療をされている場合は直接お電話にてお問い合わせくださいませ。,"そばかすシャワー,フラルスキン部分シミ,そばかす,間隔,空ける,あける,期間,どのくらい,どれくらい,何週間,何日あける,同日,してから,次の施術"
そばかすシャワー,テノールネオ,4週間,そばかすシャワーとテノールネオの間隔／そばかすシャワーとテノールネオの間隔は何週間ですか？／そばかすシャワーの後にテノールネオはどのくらい空けますか？／そばかすシャワーとテノールネオはどのくらい間隔をあけますか？／そばかすシャワーしてからテノールネオまではどのくらい期間をあけたらいいですか？／そばかすシャワーの後にテノールネオはいつ受けられますか？／そばかすシャワーとテノールネオは同日にできますか？,そばかすシャワーとテノールネオは、別の部位であれば原則として同日に受けられます。同じ部位にテノールネオを受ける場合は4週間あけてください。施術内容やお肌の状態によって前後することがあります。また回答の施術間隔は当院で治療をした方の目安であり、他院で治療をされている場合は直接お電話にてお問い合わせくださいませ。,"そばかすシャワー,テノールネオ,そばかす,テノールNEO,テノール,間隔,空ける,あける,期間,どのくらい,どれくらい,何週間,何日あける,同日,してから,次の施術"
そばかすシャワー,mikoメソッド,4週間,そばかすシャワーとmikoメソッドの間隔／そばかすシャワーとmikoメソッドの間隔は何週間ですか？／そばかすシャワーの後にmikoメソッドはどのくらい空けますか？／そばかすシャワーとmikoメソッドはどのくらい間隔をあけますか？／そばかすシャワーしてからmikoメソッドまではどのくらい期間をあけたらいいですか？／そばかすシャワーの後にmikoメソッドはいつ受けられますか？／そばかすシャワーとmikoメソッドは同日にできますか？,そばかすシャワーとmikoメソッドは、別の部位であれば原則として同日に受けられます。同じ部位にmikoメソッドを受ける場合は4週間あけてください。施術内容やお肌の状態によって前後することがあります。また回答の施術間隔は当院で治療をした方の目安であり、他院で治療をされている場合は直接お電話にてお問い合わせくださいませ。,"そばかすシャワー,mikoメソッド,そばかす,miko,ミコメソッド,首イボ,間隔,空ける,あける,期間,どのくらい,どれくらい,何週間,何日あける,同日,してから,次の施術"
そばかすシャワー,ほくろ切除/ほくろ除去,4週間,そばかすシャワーとほくろ切除/ほくろ除去の間隔／そばかすシャワーとほくろ切除/ほくろ除去の間隔は何週間ですか？／そばかすシャワーの後にほくろ切除/ほくろ除去はどのくらい空けますか？／そばかすシャワーとほくろ切除/ほくろ除去はどのくらい間隔をあけますか？／そばかすシャワーしてからほくろ切除/ほくろ除去まではどのくらい期間をあけたらいいですか？／そばかすシャワーの後にほくろ切除/ほくろ除去はいつ受けられますか？／そばかすシャワーとほくろ切除/ほくろ除去は同日にできますか？,そばかすシャワーとほくろ切除/ほくろ除去は、別の部位であれば原則として同日に受けられます。同じ部位にほくろ切除/ほくろ除去を受ける場合は4週間あけてください。施術内容やお肌の状態によって前後することがあります。また回答の施術間隔は当院で治療をした方の目安であり、他院で治療をされている場合は直接お電話にてお問い合わせくださいませ。,"そばかすシャワー,ほくろ切除/ほくろ除去,そばかす,ほくろ除去,ほくろ,間隔,空ける,あける,期間,どのくらい,どれくらい,何週間,何日あける,同日,してから,次の施術"
そばかすシャワー,ボライト,4週間,そばかすシャワーとボライトの間隔／そばかすシャワーとボライトの間隔は何週間ですか？／そばかすシャワーの後にボライトはどのくらい空けますか？／そばかすシャワーとボライトはどのくらい間隔をあけますか？／そばかすシャワーしてからボライトまではどのくらい期間をあけたらいいですか？／そばかすシャワーの後にボライトはいつ受けられますか？／そばかすシャワーとボライトは同日にできますか？,そばかすシャワーとボライトは、別の部位であれば原則として同日に受けられます。同じ部位にボライトを受ける場合は4週間あけてください。施術内容やお肌の状態によって前後することがあります。また回答の施術間隔は当院で治療をした方の目安であり、他院で治療をされている場合は直接お電話にてお問い合わせくださいませ。,"そばかすシャワー,ボライト,そばかす,間隔,空ける,あける,期間,どのくらい,どれくらい,何週間,何日あける,同日,してから,次の施術"
そばかすシャワー,稗粒腫,4週間,そばかすシャワーと稗粒腫の間隔／そばかすシャワーと稗粒腫の間隔は何週間ですか？／そばかすシャワーの後に稗粒腫はどのくらい空けますか？／そばかすシャワーと稗粒腫はどのくらい間隔をあけますか？／そばかすシャワーしてから稗粒腫まではどのくらい期間をあけたらいいですか？／そばかすシャワーの後に稗粒腫はいつ受けられますか？／そばかすシャワーと稗粒腫は同日にできますか？,そばかすシャワーと稗粒腫は、別の部位であれば原則として同日に受けられます。同じ部位に稗粒腫を受ける場合は4週間あけてください。施術内容やお肌の状態によって前後することがあります。また回答の施術間隔は当院で治療をした方の目安であり、他院で治療をされている場合は直接お電話にてお問い合わせくださいませ。,"そばかすシャワー,稗粒腫,そばかす,間隔,空ける,あける,期間,どのくらい,どれくらい,何週間,何日あける,同日,してから,次の施術"
そばかすシャワー,ヴェルヴェットスキン,4週間,そばかすシャワーとヴェルヴェットスキンの間隔／そばかすシャワーとヴェルヴェットスキンの間隔は何週間ですか？／そばかすシャワーの後にヴェルヴェットスキンはどのくらい空けますか？／そばかすシャワーとヴェルヴェットスキンはどのくらい間隔をあけますか？／そばかすシャワーしてからヴェルヴェットスキンまではどのくらい期間をあけたらいいですか？／そばかすシャワーの後にヴェルヴェットスキンはいつ受けられますか？／そばかすシャワーとヴェルヴェットスキンは同日にできますか？,そばかすシャワーとヴェルヴェットスキンは、別の部位であれば原則として同日に受けられます。同じ部位にヴェルヴェットスキンを受ける場合は4週間あけてください。施術内容やお肌の状態によって前後することがあります。また回答の施術間隔は当院で治療をした方の目安であり、他院で治療をされている場合は直接お電話にてお問い合わせくださいませ。,"そばかすシャワー,ヴェルヴェットスキン,そばかす,ヴェルヴェット,ベルベットスキン,間隔,空ける,あける,期間,どのくらい,どれくらい,何週間,何日あける,同日,してから,次の施術"
そばかすシャワー,ダーマペン,4週間,そばかすシャワーとダーマペンの間隔／そばかすシャワーとダーマペンの間隔は何週間ですか？／そばかすシャワーの後にダーマペンはどのくらい空けますか？／そばかすシャワーとダーマペンはどのくらい間隔をあけますか？／そばかすシャワーしてからダーマペンまではどのくらい期間をあけたらいいですか？／そばかすシャワーの後にダーマペンはいつ受けられますか？／そばかすシャワーとダーマペンは同日にできますか？,そばかすシャワーとダーマペンは、別の部位であれば原則として同日に受けられます。同じ部位にダーマペンを受ける場合は4週間あけてください。施術内容やお肌の状態によって前後することがあります。また回答の施術間隔は当院で治療をした方の目安であり、他院で治療をされている場合は直接お電話にてお問い合わせくださいませ。,"そばかすシャワー,ダーマペン,そばかす,ダーマペン4,間隔,空ける,あける,期間,どのくらい,どれくらい,何週間,何日あける,同日,してから,次の施術"
そばかすシャワー,HARG,（翌日）,そばかすシャワーとHARGの間隔／そばかすシャワーとHARGの間隔は何週間ですか？／そばかすシャワーの後にHARGはどのくらい空けますか？／そばかすシャワーとHARGはどのくらい間隔をあけますか？／そばかすシャワーしてからHARGまではどのくらい期間をあけたらいいですか？／そばかすシャワーの後にHARGはいつ受けられますか？／そばかすシャワーとHARGは同日にできますか？,そばかすシャワーの後にHARG（部位が異なります）は翌日以降であれば受けられます。施術内容やお肌の状態によって前後することがあります。また回答の施術間隔は当院で治療をした方の目安であり、他院で治療をされている場合は直接お電話にてお問い合わせくださいませ。,"そばかすシャワー,HARG,そばかす,ハーグ,HARG療法,間隔,空ける,あける,期間,どのくらい,どれくらい,何週間,何日あける,同日,してから,次の施術"
そばかすシャワー,スカルプ・プラセンタエッセンス,（翌日）,そばかすシャワーとスカルプ・プラセンタエッセンスの間隔／そばかすシャワーとスカルプ・プラセンタエッセンスの間隔は何週間ですか？／そばかすシャワーの後にスカルプ・プラセンタエッセンスはどのくらい空けますか？／そばかすシャワーとスカルプ・プラセンタエッセンスはどのくらい間隔をあけますか？／そばかすシャワーしてからスカルプ・プラセンタエッセンスまではどのくらい期間をあけたらいいですか？／そばかすシャワーの後にスカルプ・プラセンタエッセンスはいつ受けられますか？／そばかすシャワーとスカルプ・プラセンタエッセンスは同日にできますか？,そばかすシャワーの後にスカルプ・プラセンタエッセンス（部位が異なります）は翌日以降であれば受けられます。施術内容やお肌の状態によって前後することがあります。また回答の施術間隔は当院で治療をした方の目安であり、他院で治療をされている場合は直接お電話にてお問い合わせくださいませ。,"そばかすシャワー,スカルプ・プラセンタエッセンス,そばかす,スカルプ,プラセンタ,間隔,空ける,あける,期間,どのくらい,どれくらい,何週間,何日あける,同日,してから,次の施術"
そばかすシャワー,コラーゲンピール,4週間,そばかすシャワーとコラーゲンピールの間隔／そばかすシャワーとコラーゲンピールの間隔は何週間ですか？／そばかすシャワーの後にコラーゲンピールはどのくらい空けますか？／そばかすシャワーとコラーゲンピールはどのくらい間隔をあけますか？／そばかすシャワーしてからコラーゲンピールまではどのくらい期間をあけたらいいですか？／そばかすシャワーの後にコラーゲンピールはいつ受けられますか？／そばかすシャワーとコラーゲンピールは同日にできますか？,そばかすシャワーとコラーゲンピールは、別の部位であれば原則として同日に受けられます。同じ部位にコラーゲンピールを受ける場合は4週間あけてください。施術内容やお肌の状態によって前後することがあります。また回答の施術間隔は当院で治療をした方の目安であり、他院で治療をされている場合は直接お電話にてお問い合わせくださいませ。,"そばかすシャワー,コラーゲンピール,そばかす,マッサージピール,間隔,空ける,あける,期間,どのくらい,どれくらい,何週間,何日あける,同日,してから,次の施術"
そばかすシャワー,サーマクール,4週間,そばかすシャワーとサーマクールの間隔／そばかすシャワーとサーマクールの間隔は何週間ですか？／そばかすシャワーの後にサーマクールはどのくらい空けますか？／そばかすシャワーとサーマクールはどのくらい間隔をあけますか？／そばかすシャワーしてからサーマクールまではどのくらい期間をあけたらいいですか？／そばかすシャワーの後にサーマクールはいつ受けられますか？／そばかすシャワーとサーマクールは同日にできますか？,そばかすシャワーとサーマクールは、別の部位であれば原則として同日に受けられます。同じ部位にサーマクールを受ける場合は4週間あけてください。施術内容やお肌の状態によって前後することがあります。また回答の施術間隔は当院で治療をした方の目安であり、他院で治療をされている場合は直接お電話にてお問い合わせくださいませ。,"そばかすシャワー,サーマクール,そばかす,サーマ,間隔,空ける,あける,期間,どのくらい,どれくらい,何週間,何日あける,同日,してから,次の施術"
そばかすシャワー,脱毛,4週間,そばかすシャワーと脱毛の間隔／そばかすシャワーと脱毛の間隔は何週間ですか？／そばかすシャワーの後に脱毛はどのくらい空けますか？／そばかすシャワーと脱毛はどのくらい間隔をあけますか？／そばかすシャワーしてから脱毛まではどのくらい期間をあけたらいいですか？／そばかすシャワーの後に脱毛はいつ受けられますか？／そばかすシャワーと脱毛は同日にできますか？,そばかすシャワーと脱毛は、別の部位であれば原則として同日に受けられます。同じ部位に脱毛を受ける場合は4週間あけてください。施術内容やお肌の状態によって前後することがあります。また回答の施術間隔は当院で治療をした方の目安であり、他院で治療をされている場合は直接お電話にてお問い合わせくださいませ。,"そばかすシャワー,脱毛,そばかす,医療脱毛,顔脱毛,全身脱毛,VIO脱毛,ひげ脱毛,レーザー脱毛,間隔,空ける,あける,期間,どのくらい,どれくらい,何週間,何日あける,同日,してから,次の施術"
そばかすシャワー,タトゥー,4週間,そばかすシャワーとタトゥーの間隔／そばかすシャワーとタトゥーの間隔は何週間ですか？／そばかすシャワーの後にタトゥーはどのくらい空けますか？／そばかすシャワーとタトゥーはどのくらい間隔をあけますか？／そばかすシャワーしてからタトゥーまではどのくらい期間をあけたらいいですか？／そばかすシャワーの後にタトゥーはいつ受けられますか？／そばかすシャワーとタトゥーは同日にできますか？,そばかすシャワーとタトゥーは、別の部位であれば原則として同日に受けられます。同じ部位にタトゥーを受ける場合は4週間あけてください。施術内容やお肌の状態によって前後することがあります。また回答の施術間隔は当院で治療をした方の目安であり、他院で治療をされている場合は直接お電話にてお問い合わせくださいませ。,"そばかすシャワー,タトゥー,そばかす,刺青,タトゥー除去,間隔,空ける,あける,期間,どのくらい,どれくらい,何週間,何日あける,同日,してから,次の施術"
そばかすシャワー,アートメイク,同日可,そばかすシャワーとアートメイクの間隔／そばかすシャワーとアートメイクの間隔は何週間ですか？／そばかすシャワーの後にアートメイクはどのくらい空けますか？／そばかすシャワーとアートメイクはどのくらい間隔をあけますか？／そばかすシャワーしてからアートメイクまではどのくらい期間をあけたらいいですか？／そばかすシャワーの後にアートメイクはいつ受けられますか？／そばかすシャワーとアートメイクは同日にできますか？,そばかすシャワーとアートメイクは同日に受けられます。施術内容やお肌の状態によって前後することがあります。また回答の施術間隔は当院で治療をした方の目安であり、他院で治療をされている場合は直接お電話にてお問い合わせくださいませ。,"そばかすシャワー,アートメイク,そばかす,間隔,空ける,あける,期間,どのくらい,どれくらい,何週間,何日あける,同日,してから,次の施術"
そばかすスポット,ハイドラジェントル,4週間,そばかすスポットとハイドラジェントルの間隔／そばかすスポットとハイドラジェントルの間隔は何週間ですか？／そばかすスポットの後にハイドラジェントルはどのくらい空けますか？／そばかすスポットとハイドラジェントルはどのくらい間隔をあけますか？／そばかすスポットしてからハイドラジェントルまではどのくらい期間をあけたらいいですか？／そばかすスポットの後にハイドラジェントルはいつ受けられますか？／そばかすスポットとハイドラジェントルは同日にできますか？,そばかすスポットとハイドラジェントルは、別の部位であれば原則として同日に受けられます。同じ部位にハイドラジェントルを受ける場合は4週間あけてください。施術内容やお肌の状態によって前後することがあります。また回答の施術間隔は当院で治療をした方の目安であり、他院で治療をされている場合は直接お電話にてお問い合わせくださいませ。,"そばかすスポット,ハイドラジェントル,そばかす,ハイドラ,間隔,空ける,あける,期間,どのくらい,どれくらい,何週間,何日あける,同日,してから,次の施術"
そばかすスポット,ケミカルピーリング,4週間,そばかすスポットとケミカルピーリングの間隔／そばかすスポットとケミカルピーリングの間隔は何週間ですか？／そばかすスポットの後にケミカルピーリングはどのくらい空けますか？／そばかすスポットとケミカルピーリングはどのくらい間隔をあけますか？／そばかすスポットしてからケミカルピーリングまではどのくらい期間をあけたらいいですか？／そばかすスポットの後にケミカルピーリングはいつ受けられますか？／そばかすスポットとケミカルピーリングは同日にできますか？,そばかすスポットとケミカルピーリングは、別の部位であれば原則として同日に受けられます。同じ部位にケミカルピーリングを受ける場合は4週間あけてください。施術内容やお肌の状態によって前後することがあります。また回答の施術間隔は当院で治療をした方の目安であり、他院で治療をされている場合は直接お電話にてお問い合わせくださいませ。,"そばかすスポット,ケミカルピーリング,そばかす,ピーリング,間隔,空ける,あける,期間,どのくらい,どれくらい,何週間,何日あける,同日,してから,次の施術"
そばかすスポット,スマートサイドドット（2回目以降）,8週間,そばかすスポットとスマートサイドドット（2回目以降）の間隔／そばかすスポットとスマートサイドドット（2回目以降）の間隔は何週間ですか？／そばかすスポットの後にスマートサイドドット（2回目以降）はどのくらい空けますか？／そばかすスポットとスマートサイドドット（2回目以降）はどのくらい間隔をあけますか？／そばかすスポットしてからスマートサイドドット（2回目以降）まではどのくらい期間をあけたらいいですか？／そばかすスポットの後にスマートサイドドット（2回目以降）はいつ受けられますか？／そばかすスポットとスマートサイドドット（2回目以降）は同日にできますか？,そばかすスポットとスマートサイドドット（2回目以降）は、別の部位であれば原則として同日に受けられます。同じ部位にスマートサイドドット（2回目以降）を受ける場合は8週間あけてください。施術内容やお肌の状態によって前後することがあります。また回答の施術間隔は当院で治療をした方の目安であり、他院で治療をされている場合は直接お電話にてお問い合わせくださいませ。,"そばかすスポット,スマートサイドドット（2回目以降）,そばかす,スマサイ,スマートサイドドット,間隔,空ける,あける,期間,どのくらい,どれくらい,何週間,何日あける,同日,してから,次の施術"
そばかすスポット,スマートサイドドット（初回）,8週間,そばかすスポットとスマートサイドドット（初回）の間隔／そばかすスポットとスマートサイドドット（初回）の間隔は何週間ですか？／そばかすスポットの後にスマートサイドドット（初回）はどのくらい空けますか？／そばかすスポットとスマートサイドドット（初回）はどのくらい間隔をあけますか？／そばかすスポットしてからスマートサイドドット（初回）まではどのくらい期間をあけたらいいですか？／そばかすスポットの後にスマートサイドドット（初回）はいつ受けられますか？／そばかすスポットとスマートサイドドット（初回）は同日にできますか？,そばかすスポットとスマートサイドドット（初回）は、別の部位であれば原則として同日に受けられます。同じ部位にスマートサイドドット（初回）を受ける場合は8週間あけてください。施術内容やお肌の状態によって前後することがあります。また回答の施術間隔は当院で治療をした方の目安であり、他院で治療をされている場合は直接お電話にてお問い合わせくださいませ。,"そばかすスポット,スマートサイドドット（初回）,そばかす,スマサイ,スマートサイドドット,間隔,空ける,あける,期間,どのくらい,どれくらい,何週間,何日あける,同日,してから,次の施術"
そばかすスポット,イボレーザー/CO2レーザー,4週間,そばかすスポットとイボレーザー/CO2レーザーの間隔／そばかすスポットとイボレーザー/CO2レーザーの間隔は何週間ですか？／そばかすスポットの後にイボレーザー/CO2レーザーはどのくらい空けますか？／そばかすスポットとイボレーザー/CO2レーザーはどのくらい間隔をあけますか？／そばかすスポットしてからイボレーザー/CO2レーザーまではどのくらい期間をあけたらいいですか？／そばかすスポットの後にイボレーザー/CO2レーザーはいつ受けられますか？／そばかすスポットとイボレーザー/CO2レーザーは同日にできますか？,そばかすスポットとイボレーザー/CO2レーザーは、別の部位であれば原則として同日に受けられます。同じ部位にイボレーザー/CO2レーザーを受ける場合は4週間あけてください。施術内容やお肌の状態によって前後することがあります。また回答の施術間隔は当院で治療をした方の目安であり、他院で治療をされている場合は直接お電話にてお問い合わせくださいませ。,"そばかすスポット,イボレーザー/CO2レーザー,そばかす,炭酸ガスレーザー,CO2レーザー,イボ取り,いぼレーザー,間隔,空ける,あける,期間,どのくらい,どれくらい,何週間,何日あける,同日,してから,次の施術"
そばかすスポット,シミ取りレーザー,4週間,そばかすスポットとシミ取りレーザーの間隔／そばかすスポットとシミ取りレーザーの間隔は何週間ですか？／そばかすスポットの後にシミ取りレーザーはどのくらい空けますか？／そばかすスポットとシミ取りレーザーはどのくらい間隔をあけますか？／そばかすスポットしてからシミ取りレーザーまではどのくらい期間をあけたらいいですか？／そばかすスポットの後にシミ取りレーザーはいつ受けられますか？／そばかすスポットとシミ取りレーザーは同日にできますか？,そばかすスポットとシミ取りレーザーは、別の部位であれば原則として同日に受けられます。同じ部位にシミ取りレーザーを受ける場合は4週間あけてください。施術内容やお肌の状態によって前後することがあります。また回答の施術間隔は当院で治療をした方の目安であり、他院で治療をされている場合は直接お電話にてお問い合わせくださいませ。,"そばかすスポット,シミ取りレーザー,そばかす,シミレーザー,シミ取り,間隔,空ける,あける,期間,どのくらい,どれくらい,何週間,何日あける,同日,してから,次の施術"
そばかすスポット,ADM/ピコレーザ,8週間,そばかすスポットとADM/ピコレーザの間隔／そばかすスポットとADM/ピコレーザの間隔は何週間ですか？／そばかすスポットの後にADM/ピコレーザはどのくらい空けますか？／そばかすスポットとADM/ピコレーザはどのくらい間隔をあけますか？／そばかすスポットしてからADM/ピコレーザまではどのくらい期間をあけたらいいですか？／そばかすスポットの後にADM/ピコレーザはいつ受けられますか？／そばかすスポットとADM/ピコレーザは同日にできますか？,そばかすスポットとADM/ピコレーザは、別の部位であれば原則として同日に受けられます。同じ部位にADM/ピコレーザを受ける場合は8週間あけてください。施術内容やお肌の状態によって前後することがあります。また回答の施術間隔は当院で治療をした方の目安であり、他院で治療をされている場合は直接お電話にてお問い合わせくださいませ。,"そばかすスポット,ADM/ピコレーザ,そばかす,ADMレーザー,ピコレーザー,ADM,間隔,空ける,あける,期間,どのくらい,どれくらい,何週間,何日あける,同日,してから,次の施術"
そばかすスポット,ADM/ナノレーザー,8週間,そばかすスポットとADM/ナノレーザーの間隔／そばかすスポットとADM/ナノレーザーの間隔は何週間ですか？／そばかすスポットの後にADM/ナノレーザーはどのくらい空けますか？／そばかすスポットとADM/ナノレーザーはどのくらい間隔をあけますか？／そばかすスポットしてからADM/ナノレーザーまではどのくらい期間をあけたらいいですか？／そばかすスポットの後にADM/ナノレーザーはいつ受けられますか？／そばかすスポットとADM/ナノレーザーは同日にできますか？,そばかすスポットとADM/ナノレーザーは、別の部位であれば原則として同日に受けられます。同じ部位にADM/ナノレーザーを受ける場合は8週間あけてください。施術内容やお肌の状態によって前後することがあります。また回答の施術間隔は当院で治療をした方の目安であり、他院で治療をされている場合は直接お電話にてお問い合わせくださいませ。,"そばかすスポット,ADM/ナノレーザー,そばかす,ADMレーザー,ナノレーザー,ADM,間隔,空ける,あける,期間,どのくらい,どれくらい,何週間,何日あける,同日,してから,次の施術"
そばかすスポット,レーザートーニング,4週間,そばかすスポットとレーザートーニングの間隔／そばかすスポットとレーザートーニングの間隔は何週間ですか？／そばかすスポットの後にレーザートーニングはどのくらい空けますか？／そばかすスポットとレーザートーニングはどのくらい間隔をあけますか？／そばかすスポットしてからレーザートーニングまではどのくらい期間をあけたらいいですか？／そばかすスポットの後にレーザートーニングはいつ受けられますか？／そばかすスポットとレーザートーニングは同日にできますか？,そばかすスポットとレーザートーニングは、別の部位であれば原則として同日に受けられます。同じ部位にレーザートーニングを受ける場合は4週間あけてください。施術内容やお肌の状態によって前後することがあります。また回答の施術間隔は当院で治療をした方の目安であり、他院で治療をされている場合は直接お電話にてお問い合わせくださいませ。,"そばかすスポット,レーザートーニング,そばかす,トーニング,間隔,空ける,あける,期間,どのくらい,どれくらい,何週間,何日あける,同日,してから,次の施術"
そばかすスポット,ピコトーニング,4週間,そばかすスポットとピコトーニングの間隔／そばかすスポットとピコトーニングの間隔は何週間ですか？／そばかすスポットの後にピコトーニングはどのくらい空けますか？／そばかすスポットとピコトーニングはどのくらい間隔をあけますか？／そばかすスポットしてからピコトーニングまではどのくらい期間をあけたらいいですか？／そばかすスポットの後にピコトーニングはいつ受けられますか？／そばかすスポットとピコトーニングは同日にできますか？,そばかすスポットとピコトーニングは、別の部位であれば原則として同日に受けられます。同じ部位にピコトーニングを受ける場合は4週間あけてください。施術内容やお肌の状態によって前後することがあります。また回答の施術間隔は当院で治療をした方の目安であり、他院で治療をされている場合は直接お電話にてお問い合わせくださいませ。,"そばかすスポット,ピコトーニング,そばかす,トーニング,ピコ,間隔,空ける,あける,期間,どのくらい,どれくらい,何週間,何日あける,同日,してから,次の施術"
そばかすスポット,ピコフラクショナル,1～3ヵ月,そばかすスポットとピコフラクショナルの間隔／そばかすスポットとピコフラクショナルの間隔は何週間ですか？／そばかすスポットの後にピコフラクショナルはどのくらい空けますか？／そばかすスポットとピコフラクショナルはどのくらい間隔をあけますか？／そばかすスポットしてからピコフラクショナルまではどのくらい期間をあけたらいいですか？／そばかすスポットの後にピコフラクショナルはいつ受けられますか？／そばかすスポットとピコフラクショナルは同日にできますか？,そばかすスポットとピコフラクショナルは、別の部位であれば原則として同日に受けられます。同じ部位にピコフラクショナルを受ける場合は1～3ヵ月あけてください。施術内容やお肌の状態によって前後することがあります。また回答の施術間隔は当院で治療をした方の目安であり、他院で治療をされている場合は直接お電話にてお問い合わせくださいませ。,"そばかすスポット,ピコフラクショナル,そばかす,フラクショナル,間隔,空ける,あける,期間,どのくらい,どれくらい,何週間,何日あける,同日,してから,次の施術"
そばかすスポット,そばかすシャワー,4週間,そばかすスポットとそばかすシャワーの間隔／そばかすスポットとそばかすシャワーの間隔は何週間ですか？／そばかすスポットの後にそばかすシャワーはどのくらい空けますか？／そばかすスポットとそばかすシャワーはどのくらい間隔をあけますか？／そばかすスポットしてからそばかすシャワーまではどのくらい期間をあけたらいいですか？／そばかすスポットの後にそばかすシャワーはいつ受けられますか？／そばかすスポットとそばかすシャワーは同日にできますか？,そばかすスポットとそばかすシャワーは、別の部位であれば原則として同日に受けられます。同じ部位にそばかすシャワーを受ける場合は4週間あけてください。施術内容やお肌の状態によって前後することがあります。また回答の施術間隔は当院で治療をした方の目安であり、他院で治療をされている場合は直接お電話にてお問い合わせくださいませ。,"そばかすスポット,そばかすシャワー,そばかす,間隔,空ける,あける,期間,どのくらい,どれくらい,何週間,何日あける,同日,してから,次の施術"
そばかすスポット,そばかすスポット,※下記別途記載,そばかすスポットとそばかすスポットの間隔／そばかすスポットとそばかすスポットの間隔は何週間ですか？／そばかすスポットの後にそばかすスポットはどのくらい空けますか？／そばかすスポットとそばかすスポットはどのくらい間隔をあけますか？／そばかすスポットしてからそばかすスポットまではどのくらい期間をあけたらいいですか？／そばかすスポットの後にそばかすスポットはいつ受けられますか？／そばかすスポットとそばかすスポットは同日にできますか？,そばかすスポットの後にそばかすスポットの間隔は施術内容により個別に異なります。診察時にご確認ください。施術内容やお肌の状態によって前後することがあります。また回答の施術間隔は当院で治療をした方の目安であり、他院で治療をされている場合は直接お電話にてお問い合わせくださいませ。,"そばかすスポット,そばかす,間隔,空ける,あける,期間,どのくらい,どれくらい,何週間,何日あける,同日,してから,次の施術"
そばかすスポット,フォト/光治療,4週間,そばかすスポットとフォト/光治療の間隔／そばかすスポットとフォト/光治療の間隔は何週間ですか？／そばかすスポットの後にフォト/光治療はどのくらい空けますか？／そばかすスポットとフォト/光治療はどのくらい間隔をあけますか？／そばかすスポットしてからフォト/光治療まではどのくらい期間をあけたらいいですか？／そばかすスポットの後にフォト/光治療はいつ受けられますか？／そばかすスポットとフォト/光治療は同日にできますか？,そばかすスポットとフォト/光治療は、別の部位であれば原則として同日に受けられます。同じ部位にフォト/光治療を受ける場合は4週間あけてください。施術内容やお肌の状態によって前後することがあります。また回答の施術間隔は当院で治療をした方の目安であり、他院で治療をされている場合は直接お電話にてお問い合わせくださいませ。,"そばかすスポット,フォト/光治療,そばかす,フォトフェイシャル,フォト,光治療,IPL,間隔,空ける,あける,期間,どのくらい,どれくらい,何週間,何日あける,同日,してから,次の施術"
そばかすスポット,赤み治療,4週間,そばかすスポットと赤み治療の間隔／そばかすスポットと赤み治療の間隔は何週間ですか？／そばかすスポットの後に赤み治療はどのくらい空けますか？／そばかすスポットと赤み治療はどのくらい間隔をあけますか？／そばかすスポットしてから赤み治療まではどのくらい期間をあけたらいいですか？／そばかすスポットの後に赤み治療はいつ受けられますか？／そばかすスポットと赤み治療は同日にできますか？,そばかすスポットと赤み治療は、別の部位であれば原則として同日に受けられます。同じ部位に赤み治療を受ける場合は4週間あけてください。施術内容やお肌の状態によって前後することがあります。また回答の施術間隔は当院で治療をした方の目安であり、他院で治療をされている場合は直接お電話にてお問い合わせくださいませ。,"そばかすスポット,赤み治療,そばかす,血管腫レーザー,赤ら顔,間隔,空ける,あける,期間,どのくらい,どれくらい,何週間,何日あける,同日,してから,次の施術"
そばかすスポット,ボトックス,4週間,そばかすスポットとボトックスの間隔／そばかすスポットとボトックスの間隔は何週間ですか？／そばかすスポットの後にボトックスはどのくらい空けますか？／そばかすスポットとボトックスはどのくらい間隔をあけますか？／そばかすスポットしてからボトックスまではどのくらい期間をあけたらいいですか？／そばかすスポットの後にボトックスはいつ受けられますか？／そばかすスポットとボトックスは同日にできますか？,そばかすスポットとボトックスは、別の部位であれば原則として同日に受けられます。同じ部位にボトックスを受ける場合は4週間あけてください。施術内容やお肌の状態によって前後することがあります。また回答の施術間隔は当院で治療をした方の目安であり、他院で治療をされている場合は直接お電話にてお問い合わせくださいませ。,"そばかすスポット,ボトックス,そばかす,ボトックス注射,間隔,空ける,あける,期間,どのくらい,どれくらい,何週間,何日あける,同日,してから,次の施術"
そばかすスポット,ボトックス（マイクロ）,4週間,そばかすスポットとボトックス（マイクロ）の間隔／そばかすスポットとボトックス（マイクロ）の間隔は何週間ですか？／そばかすスポットの後にボトックス（マイクロ）はどのくらい空けますか？／そばかすスポットとボトックス（マイクロ）はどのくらい間隔をあけますか？／そばかすスポットしてからボトックス（マイクロ）まではどのくらい期間をあけたらいいですか？／そばかすスポットの後にボトックス（マイクロ）はいつ受けられますか？／そばかすスポットとボトックス（マイクロ）は同日にできますか？,そばかすスポットとボトックス（マイクロ）は、別の部位であれば原則として同日に受けられます。同じ部位にボトックス（マイクロ）を受ける場合は4週間あけてください。施術内容やお肌の状態によって前後することがあります。また回答の施術間隔は当院で治療をした方の目安であり、他院で治療をされている場合は直接お電話にてお問い合わせくださいませ。,"そばかすスポット,ボトックス（マイクロ）,そばかす,マイクロボトックス,間隔,空ける,あける,期間,どのくらい,どれくらい,何週間,何日あける,同日,してから,次の施術"
そばかすスポット,フラルスキン部分シミ,4週間,そばかすスポットとフラルスキン部分シミの間隔／そばかすスポットとフラルスキン部分シミの間隔は何週間ですか？／そばかすスポットの後にフラルスキン部分シミはどのくらい空けますか？／そばかすスポットとフラルスキン部分シミはどのくらい間隔をあけますか？／そばかすスポットしてからフラルスキン部分シミまではどのくらい期間をあけたらいいですか？／そばかすスポットの後にフラルスキン部分シミはいつ受けられますか？／そばかすスポットとフラルスキン部分シミは同日にできますか？,そばかすスポットとフラルスキン部分シミは、別の部位であれば原則として同日に受けられます。同じ部位にフラルスキン部分シミを受ける場合は4週間あけてください。施術内容やお肌の状態によって前後することがあります。また回答の施術間隔は当院で治療をした方の目安であり、他院で治療をされている場合は直接お電話にてお問い合わせくださいませ。,"そばかすスポット,フラルスキン部分シミ,そばかす,間隔,空ける,あける,期間,どのくらい,どれくらい,何週間,何日あける,同日,してから,次の施術"
そばかすスポット,テノールネオ,4週間,そばかすスポットとテノールネオの間隔／そばかすスポットとテノールネオの間隔は何週間ですか？／そばかすスポットの後にテノールネオはどのくらい空けますか？／そばかすスポットとテノールネオはどのくらい間隔をあけますか？／そばかすスポットしてからテノールネオまではどのくらい期間をあけたらいいですか？／そばかすスポットの後にテノールネオはいつ受けられますか？／そばかすスポットとテノールネオは同日にできますか？,そばかすスポットとテノールネオは、別の部位であれば原則として同日に受けられます。同じ部位にテノールネオを受ける場合は4週間あけてください。施術内容やお肌の状態によって前後することがあります。また回答の施術間隔は当院で治療をした方の目安であり、他院で治療をされている場合は直接お電話にてお問い合わせくださいませ。,"そばかすスポット,テノールネオ,そばかす,テノールNEO,テノール,間隔,空ける,あける,期間,どのくらい,どれくらい,何週間,何日あける,同日,してから,次の施術"
そばかすスポット,ほくろ切除/ほくろ除去,4週間,そばかすスポットとほくろ切除/ほくろ除去の間隔／そばかすスポットとほくろ切除/ほくろ除去の間隔は何週間ですか？／そばかすスポットの後にほくろ切除/ほくろ除去はどのくらい空けますか？／そばかすスポットとほくろ切除/ほくろ除去はどのくらい間隔をあけますか？／そばかすスポットしてからほくろ切除/ほくろ除去まではどのくらい期間をあけたらいいですか？／そばかすスポットの後にほくろ切除/ほくろ除去はいつ受けられますか？／そばかすスポットとほくろ切除/ほくろ除去は同日にできますか？,そばかすスポットとほくろ切除/ほくろ除去は、別の部位であれば原則として同日に受けられます。同じ部位にほくろ切除/ほくろ除去を受ける場合は4週間あけてください。施術内容やお肌の状態によって前後することがあります。また回答の施術間隔は当院で治療をした方の目安であり、他院で治療をされている場合は直接お電話にてお問い合わせくださいませ。,"そばかすスポット,ほくろ切除/ほくろ除去,そばかす,ほくろ除去,ほくろ,間隔,空ける,あける,期間,どのくらい,どれくらい,何週間,何日あける,同日,してから,次の施術"
そばかすスポット,ボライト,4週間,そばかすスポットとボライトの間隔／そばかすスポットとボライトの間隔は何週間ですか？／そばかすスポットの後にボライトはどのくらい空けますか？／そばかすスポットとボライトはどのくらい間隔をあけますか？／そばかすスポットしてからボライトまではどのくらい期間をあけたらいいですか？／そばかすスポットの後にボライトはいつ受けられますか？／そばかすスポットとボライトは同日にできますか？,そばかすスポットとボライトは、別の部位であれば原則として同日に受けられます。同じ部位にボライトを受ける場合は4週間あけてください。施術内容やお肌の状態によって前後することがあります。また回答の施術間隔は当院で治療をした方の目安であり、他院で治療をされている場合は直接お電話にてお問い合わせくださいませ。,"そばかすスポット,ボライト,そばかす,間隔,空ける,あける,期間,どのくらい,どれくらい,何週間,何日あける,同日,してから,次の施術"
そばかすスポット,稗粒腫,4週間,そばかすスポットと稗粒腫の間隔／そばかすスポットと稗粒腫の間隔は何週間ですか？／そばかすスポットの後に稗粒腫はどのくらい空けますか？／そばかすスポットと稗粒腫はどのくらい間隔をあけますか？／そばかすスポットしてから稗粒腫まではどのくらい期間をあけたらいいですか？／そばかすスポットの後に稗粒腫はいつ受けられますか？／そばかすスポットと稗粒腫は同日にできますか？,そばかすスポットと稗粒腫は、別の部位であれば原則として同日に受けられます。同じ部位に稗粒腫を受ける場合は4週間あけてください。施術内容やお肌の状態によって前後することがあります。また回答の施術間隔は当院で治療をした方の目安であり、他院で治療をされている場合は直接お電話にてお問い合わせくださいませ。,"そばかすスポット,稗粒腫,そばかす,間隔,空ける,あける,期間,どのくらい,どれくらい,何週間,何日あける,同日,してから,次の施術"
そばかすスポット,ヴェルヴェットスキン,4週間,そばかすスポットとヴェルヴェットスキンの間隔／そばかすスポットとヴェルヴェットスキンの間隔は何週間ですか？／そばかすスポットの後にヴェルヴェットスキンはどのくらい空けますか？／そばかすスポットとヴェルヴェットスキンはどのくらい間隔をあけますか？／そばかすスポットしてからヴェルヴェットスキンまではどのくらい期間をあけたらいいですか？／そばかすスポットの後にヴェルヴェットスキンはいつ受けられますか？／そばかすスポットとヴェルヴェットスキンは同日にできますか？,そばかすスポットとヴェルヴェットスキンは、別の部位であれば原則として同日に受けられます。同じ部位にヴェルヴェットスキンを受ける場合は4週間あけてください。施術内容やお肌の状態によって前後することがあります。また回答の施術間隔は当院で治療をした方の目安であり、他院で治療をされている場合は直接お電話にてお問い合わせくださいませ。,"そばかすスポット,ヴェルヴェットスキン,そばかす,ヴェルヴェット,ベルベットスキン,間隔,空ける,あける,期間,どのくらい,どれくらい,何週間,何日あける,同日,してから,次の施術"
そばかすスポット,ダーマペン,4週間,そばかすスポットとダーマペンの間隔／そばかすスポットとダーマペンの間隔は何週間ですか？／そばかすスポットの後にダーマペンはどのくらい空けますか？／そばかすスポットとダーマペンはどのくらい間隔をあけますか？／そばかすスポットしてからダーマペンまではどのくらい期間をあけたらいいですか？／そばかすスポットの後にダーマペンはいつ受けられますか？／そばかすスポットとダーマペンは同日にできますか？,そばかすスポットとダーマペンは、別の部位であれば原則として同日に受けられます。同じ部位にダーマペンを受ける場合は4週間あけてください。施術内容やお肌の状態によって前後することがあります。また回答の施術間隔は当院で治療をした方の目安であり、他院で治療をされている場合は直接お電話にてお問い合わせくださいませ。,"そばかすスポット,ダーマペン,そばかす,ダーマペン4,間隔,空ける,あける,期間,どのくらい,どれくらい,何週間,何日あける,同日,してから,次の施術"
そばかすスポット,HARG,（翌日）,そばかすスポットとHARGの間隔／そばかすスポットとHARGの間隔は何週間ですか？／そばかすスポットの後にHARGはどのくらい空けますか？／そばかすスポットとHARGはどのくらい間隔をあけますか？／そばかすスポットしてからHARGまではどのくらい期間をあけたらいいですか？／そばかすスポットの後にHARGはいつ受けられますか？／そばかすスポットとHARGは同日にできますか？,そばかすスポットの後にHARG（部位が異なります）は翌日以降であれば受けられます。施術内容やお肌の状態によって前後することがあります。また回答の施術間隔は当院で治療をした方の目安であり、他院で治療をされている場合は直接お電話にてお問い合わせくださいませ。,"そばかすスポット,HARG,そばかす,ハーグ,HARG療法,間隔,空ける,あける,期間,どのくらい,どれくらい,何週間,何日あける,同日,してから,次の施術"
そばかすスポット,スカルプ・プラセンタエッセンス,（翌日）,そばかすスポットとスカルプ・プラセンタエッセンスの間隔／そばかすスポットとスカルプ・プラセンタエッセンスの間隔は何週間ですか？／そばかすスポットの後にスカルプ・プラセンタエッセンスはどのくらい空けますか？／そばかすスポットとスカルプ・プラセンタエッセンスはどのくらい間隔をあけますか？／そばかすスポットしてからスカルプ・プラセンタエッセンスまではどのくらい期間をあけたらいいですか？／そばかすスポットの後にスカルプ・プラセンタエッセンスはいつ受けられますか？／そばかすスポットとスカルプ・プラセンタエッセンスは同日にできますか？,そばかすスポットの後にスカルプ・プラセンタエッセンス（部位が異なります）は翌日以降であれば受けられます。施術内容やお肌の状態によって前後することがあります。また回答の施術間隔は当院で治療をした方の目安であり、他院で治療をされている場合は直接お電話にてお問い合わせくださいませ。,"そばかすスポット,スカルプ・プラセンタエッセンス,そばかす,スカルプ,プラセンタ,間隔,空ける,あける,期間,どのくらい,どれくらい,何週間,何日あける,同日,してから,次の施術"
そばかすスポット,コラーゲンピール,4週間,そばかすスポットとコラーゲンピールの間隔／そばかすスポットとコラーゲンピールの間隔は何週間ですか？／そばかすスポットの後にコラーゲンピールはどのくらい空けますか？／そばかすスポットとコラーゲンピールはどのくらい間隔をあけますか？／そばかすスポットしてからコラーゲンピールまではどのくらい期間をあけたらいいですか？／そばかすスポットの後にコラーゲンピールはいつ受けられますか？／そばかすスポットとコラーゲンピールは同日にできますか？,そばかすスポットとコラーゲンピールは、別の部位であれば原則として同日に受けられます。同じ部位にコラーゲンピールを受ける場合は4週間あけてください。施術内容やお肌の状態によって前後することがあります。また回答の施術間隔は当院で治療をした方の目安であり、他院で治療をされている場合は直接お電話にてお問い合わせくださいませ。,"そばかすスポット,コラーゲンピール,そばかす,マッサージピール,間隔,空ける,あける,期間,どのくらい,どれくらい,何週間,何日あける,同日,してから,次の施術"
そばかすスポット,サーマクール,4週間,そばかすスポットとサーマクールの間隔／そばかすスポットとサーマクールの間隔は何週間ですか？／そばかすスポットの後にサーマクールはどのくらい空けますか？／そばかすスポットとサーマクールはどのくらい間隔をあけますか？／そばかすスポットしてからサーマクールまではどのくらい期間をあけたらいいですか？／そばかすスポットの後にサーマクールはいつ受けられますか？／そばかすスポットとサーマクールは同日にできますか？,そばかすスポットとサーマクールは、別の部位であれば原則として同日に受けられます。同じ部位にサーマクールを受ける場合は4週間あけてください。施術内容やお肌の状態によって前後することがあります。また回答の施術間隔は当院で治療をした方の目安であり、他院で治療をされている場合は直接お電話にてお問い合わせくださいませ。,"そばかすスポット,サーマクール,そばかす,サーマ,間隔,空ける,あける,期間,どのくらい,どれくらい,何週間,何日あける,同日,してから,次の施術"
そばかすスポット,脱毛,4週間,そばかすスポットと脱毛の間隔／そばかすスポットと脱毛の間隔は何週間ですか？／そばかすスポットの後に脱毛はどのくらい空けますか？／そばかすスポットと脱毛はどのくらい間隔をあけますか？／そばかすスポットしてから脱毛まではどのくらい期間をあけたらいいですか？／そばかすスポットの後に脱毛はいつ受けられますか？／そばかすスポットと脱毛は同日にできますか？,そばかすスポットと脱毛は、別の部位であれば原則として同日に受けられます。同じ部位に脱毛を受ける場合は4週間あけてください。施術内容やお肌の状態によって前後することがあります。また回答の施術間隔は当院で治療をした方の目安であり、他院で治療をされている場合は直接お電話にてお問い合わせくださいませ。,"そばかすスポット,脱毛,そばかす,医療脱毛,顔脱毛,全身脱毛,VIO脱毛,ひげ脱毛,レーザー脱毛,間隔,空ける,あける,期間,どのくらい,どれくらい,何週間,何日あける,同日,してから,次の施術"
そばかすスポット,タトゥー,4週間,そばかすスポットとタトゥーの間隔／そばかすスポットとタトゥーの間隔は何週間ですか？／そばかすスポットの後にタトゥーはどのくらい空けますか？／そばかすスポットとタトゥーはどのくらい間隔をあけますか？／そばかすスポットしてからタトゥーまではどのくらい期間をあけたらいいですか？／そばかすスポットの後にタトゥーはいつ受けられますか？／そばかすスポットとタトゥーは同日にできますか？,そばかすスポットとタトゥーは、別の部位であれば原則として同日に受けられます。同じ部位にタトゥーを受ける場合は4週間あけてください。施術内容やお肌の状態によって前後することがあります。また回答の施術間隔は当院で治療をした方の目安であり、他院で治療をされている場合は直接お電話にてお問い合わせくださいませ。,"そばかすスポット,タトゥー,そばかす,刺青,タトゥー除去,間隔,空ける,あける,期間,どのくらい,どれくらい,何週間,何日あける,同日,してから,次の施術"
そばかすスポット,アートメイク,同日可,そばかすスポットとアートメイクの間隔／そばかすスポットとアートメイクの間隔は何週間ですか？／そばかすスポットの後にアートメイクはどのくらい空けますか？／そばかすスポットとアートメイクはどのくらい間隔をあけますか？／そばかすスポットしてからアートメイクまではどのくらい期間をあけたらいいですか？／そばかすスポットの後にアートメイクはいつ受けられますか？／そばかすスポットとアートメイクは同日にできますか？,そばかすスポットとアートメイクは同日に受けられます。施術内容やお肌の状態によって前後することがあります。また回答の施術間隔は当院で治療をした方の目安であり、他院で治療をされている場合は直接お電話にてお問い合わせくださいませ。,"そばかすスポット,アートメイク,そばかす,間隔,空ける,あける,期間,どのくらい,どれくらい,何週間,何日あける,同日,してから,次の施術"
フォト/光治療,ハイドラジェントル,2週間,フォト/光治療とハイドラジェントルの間隔／フォト/光治療とハイドラジェントルの間隔は何週間ですか？／フォト/光治療の後にハイドラジェントルはどのくらい空けますか？／フォト/光治療とハイドラジェントルはどのくらい間隔をあけますか？／フォト/光治療してからハイドラジェントルまではどのくらい期間をあけたらいいですか？／フォト/光治療の後にハイドラジェントルはいつ受けられますか？／フォト/光治療とハイドラジェントルは同日にできますか？,フォト/光治療とハイドラジェントルは、別の部位であれば原則として同日に受けられます。同じ部位にハイドラジェントルを受ける場合は2週間あけてください。施術内容やお肌の状態によって前後することがあります。また回答の施術間隔は当院で治療をした方の目安であり、他院で治療をされている場合は直接お電話にてお問い合わせくださいませ。,"フォト/光治療,ハイドラジェントル,フォトフェイシャル,フォト,光治療,IPL,ハイドラ,間隔,空ける,あける,期間,どのくらい,どれくらい,何週間,何日あける,同日,してから,次の施術"
フォト/光治療,ケミカルピーリング,1週間,フォト/光治療とケミカルピーリングの間隔／フォト/光治療とケミカルピーリングの間隔は何週間ですか？／フォト/光治療の後にケミカルピーリングはどのくらい空けますか？／フォト/光治療とケミカルピーリングはどのくらい間隔をあけますか？／フォト/光治療してからケミカルピーリングまではどのくらい期間をあけたらいいですか？／フォト/光治療の後にケミカルピーリングはいつ受けられますか？／フォト/光治療とケミカルピーリングは同日にできますか？,フォト/光治療とケミカルピーリングは、別の部位であれば原則として同日に受けられます。同じ部位にケミカルピーリングを受ける場合は1週間あけてください。施術内容やお肌の状態によって前後することがあります。また回答の施術間隔は当院で治療をした方の目安であり、他院で治療をされている場合は直接お電話にてお問い合わせくださいませ。,"フォト/光治療,ケミカルピーリング,フォトフェイシャル,フォト,光治療,IPL,ピーリング,間隔,空ける,あける,期間,どのくらい,どれくらい,何週間,何日あける,同日,してから,次の施術"
フォト/光治療,スマートサイドドット（2回目以降）,1週間,フォト/光治療とスマートサイドドット（2回目以降）の間隔／フォト/光治療とスマートサイドドット（2回目以降）の間隔は何週間ですか？／フォト/光治療の後にスマートサイドドット（2回目以降）はどのくらい空けますか？／フォト/光治療とスマートサイドドット（2回目以降）はどのくらい間隔をあけますか？／フォト/光治療してからスマートサイドドット（2回目以降）まではどのくらい期間をあけたらいいですか？／フォト/光治療の後にスマートサイドドット（2回目以降）はいつ受けられますか？／フォト/光治療とスマートサイドドット（2回目以降）は同日にできますか？,フォト/光治療とスマートサイドドット（2回目以降）は、別の部位であれば原則として同日に受けられます。同じ部位にスマートサイドドット（2回目以降）を受ける場合は1週間あけてください。施術内容やお肌の状態によって前後することがあります。また回答の施術間隔は当院で治療をした方の目安であり、他院で治療をされている場合は直接お電話にてお問い合わせくださいませ。,"フォト/光治療,スマートサイドドット（2回目以降）,フォトフェイシャル,フォト,光治療,IPL,スマサイ,スマートサイドドット,間隔,空ける,あける,期間,どのくらい,どれくらい,何週間,何日あける,同日,してから,次の施術"
フォト/光治療,スマートサイドドット（初回）,1週間,フォト/光治療とスマートサイドドット（初回）の間隔／フォト/光治療とスマートサイドドット（初回）の間隔は何週間ですか？／フォト/光治療の後にスマートサイドドット（初回）はどのくらい空けますか？／フォト/光治療とスマートサイドドット（初回）はどのくらい間隔をあけますか？／フォト/光治療してからスマートサイドドット（初回）まではどのくらい期間をあけたらいいですか？／フォト/光治療の後にスマートサイドドット（初回）はいつ受けられますか？／フォト/光治療とスマートサイドドット（初回）は同日にできますか？,フォト/光治療とスマートサイドドット（初回）は、別の部位であれば原則として同日に受けられます。同じ部位にスマートサイドドット（初回）を受ける場合は1週間あけてください。施術内容やお肌の状態によって前後することがあります。また回答の施術間隔は当院で治療をした方の目安であり、他院で治療をされている場合は直接お電話にてお問い合わせくださいませ。,"フォト/光治療,スマートサイドドット（初回）,フォトフェイシャル,フォト,光治療,IPL,スマサイ,スマートサイドドット,間隔,空ける,あける,期間,どのくらい,どれくらい,何週間,何日あける,同日,してから,次の施術"
フォト/光治療,イボレーザー/CO2レーザー,1週間,フォト/光治療とイボレーザー/CO2レーザーの間隔／フォト/光治療とイボレーザー/CO2レーザーの間隔は何週間ですか？／フォト/光治療の後にイボレーザー/CO2レーザーはどのくらい空けますか？／フォト/光治療とイボレーザー/CO2レーザーはどのくらい間隔をあけますか？／フォト/光治療してからイボレーザー/CO2レーザーまではどのくらい期間をあけたらいいですか？／フォト/光治療の後にイボレーザー/CO2レーザーはいつ受けられますか？／フォト/光治療とイボレーザー/CO2レーザーは同日にできますか？,フォト/光治療とイボレーザー/CO2レーザーは、別の部位であれば原則として同日に受けられます。同じ部位にイボレーザー/CO2レーザーを受ける場合は1週間あけてください。施術内容やお肌の状態によって前後することがあります。また回答の施術間隔は当院で治療をした方の目安であり、他院で治療をされている場合は直接お電話にてお問い合わせくださいませ。,"フォト/光治療,イボレーザー/CO2レーザー,フォトフェイシャル,フォト,光治療,IPL,炭酸ガスレーザー,CO2レーザー,イボ取り,いぼレーザー,間隔,空ける,あける,期間,どのくらい,どれくらい,何週間,何日あける,同日,してから,次の施術"
フォト/光治療,シミ取りレーザー,1週間,フォト/光治療とシミ取りレーザーの間隔／フォト/光治療とシミ取りレーザーの間隔は何週間ですか？／フォト/光治療の後にシミ取りレーザーはどのくらい空けますか？／フォト/光治療とシミ取りレーザーはどのくらい間隔をあけますか？／フォト/光治療してからシミ取りレーザーまではどのくらい期間をあけたらいいですか？／フォト/光治療の後にシミ取りレーザーはいつ受けられますか？／フォト/光治療とシミ取りレーザーは同日にできますか？,フォト/光治療とシミ取りレーザーは、別の部位であれば原則として同日に受けられます。同じ部位にシミ取りレーザーを受ける場合は1週間あけてください。施術内容やお肌の状態によって前後することがあります。また回答の施術間隔は当院で治療をした方の目安であり、他院で治療をされている場合は直接お電話にてお問い合わせくださいませ。,"フォト/光治療,シミ取りレーザー,フォトフェイシャル,フォト,光治療,IPL,シミレーザー,シミ取り,間隔,空ける,あける,期間,どのくらい,どれくらい,何週間,何日あける,同日,してから,次の施術"
フォト/光治療,ADM/ピコレーザ,1週間,フォト/光治療とADM/ピコレーザの間隔／フォト/光治療とADM/ピコレーザの間隔は何週間ですか？／フォト/光治療の後にADM/ピコレーザはどのくらい空けますか？／フォト/光治療とADM/ピコレーザはどのくらい間隔をあけますか？／フォト/光治療してからADM/ピコレーザまではどのくらい期間をあけたらいいですか？／フォト/光治療の後にADM/ピコレーザはいつ受けられますか？／フォト/光治療とADM/ピコレーザは同日にできますか？,フォト/光治療とADM/ピコレーザは、別の部位であれば原則として同日に受けられます。同じ部位にADM/ピコレーザを受ける場合は1週間あけてください。施術内容やお肌の状態によって前後することがあります。また回答の施術間隔は当院で治療をした方の目安であり、他院で治療をされている場合は直接お電話にてお問い合わせくださいませ。,"フォト/光治療,ADM/ピコレーザ,フォトフェイシャル,フォト,光治療,IPL,ADMレーザー,ピコレーザー,ADM,間隔,空ける,あける,期間,どのくらい,どれくらい,何週間,何日あける,同日,してから,次の施術"
フォト/光治療,ADM/ナノレーザー,1週間,フォト/光治療とADM/ナノレーザーの間隔／フォト/光治療とADM/ナノレーザーの間隔は何週間ですか？／フォト/光治療の後にADM/ナノレーザーはどのくらい空けますか？／フォト/光治療とADM/ナノレーザーはどのくらい間隔をあけますか？／フォト/光治療してからADM/ナノレーザーまではどのくらい期間をあけたらいいですか？／フォト/光治療の後にADM/ナノレーザーはいつ受けられますか？／フォト/光治療とADM/ナノレーザーは同日にできますか？,フォト/光治療とADM/ナノレーザーは、別の部位であれば原則として同日に受けられます。同じ部位にADM/ナノレーザーを受ける場合は1週間あけてください。施術内容やお肌の状態によって前後することがあります。また回答の施術間隔は当院で治療をした方の目安であり、他院で治療をされている場合は直接お電話にてお問い合わせくださいませ。,"フォト/光治療,ADM/ナノレーザー,フォトフェイシャル,フォト,光治療,IPL,ADMレーザー,ナノレーザー,ADM,間隔,空ける,あける,期間,どのくらい,どれくらい,何週間,何日あける,同日,してから,次の施術"
フォト/光治療,レーザートーニング,２週間,フォト/光治療とレーザートーニングの間隔／フォト/光治療とレーザートーニングの間隔は何週間ですか？／フォト/光治療の後にレーザートーニングはどのくらい空けますか？／フォト/光治療とレーザートーニングはどのくらい間隔をあけますか？／フォト/光治療してからレーザートーニングまではどのくらい期間をあけたらいいですか？／フォト/光治療の後にレーザートーニングはいつ受けられますか？／フォト/光治療とレーザートーニングは同日にできますか？,フォト/光治療とレーザートーニングは、別の部位であれば原則として同日に受けられます。同じ部位にレーザートーニングを受ける場合は２週間あけてください。施術内容やお肌の状態によって前後することがあります。また回答の施術間隔は当院で治療をした方の目安であり、他院で治療をされている場合は直接お電話にてお問い合わせくださいませ。,"フォト/光治療,レーザートーニング,フォトフェイシャル,フォト,光治療,IPL,トーニング,間隔,空ける,あける,期間,どのくらい,どれくらい,何週間,何日あける,同日,してから,次の施術"
フォト/光治療,ピコトーニング,2週間,フォト/光治療とピコトーニングの間隔／フォト/光治療とピコトーニングの間隔は何週間ですか？／フォト/光治療の後にピコトーニングはどのくらい空けますか？／フォト/光治療とピコトーニングはどのくらい間隔をあけますか？／フォト/光治療してからピコトーニングまではどのくらい期間をあけたらいいですか？／フォト/光治療の後にピコトーニングはいつ受けられますか？／フォト/光治療とピコトーニングは同日にできますか？,フォト/光治療とピコトーニングは、別の部位であれば原則として同日に受けられます。同じ部位にピコトーニングを受ける場合は2週間あけてください。施術内容やお肌の状態によって前後することがあります。また回答の施術間隔は当院で治療をした方の目安であり、他院で治療をされている場合は直接お電話にてお問い合わせくださいませ。,"フォト/光治療,ピコトーニング,フォトフェイシャル,フォト,光治療,IPL,トーニング,ピコ,間隔,空ける,あける,期間,どのくらい,どれくらい,何週間,何日あける,同日,してから,次の施術"
フォト/光治療,ピコフラクショナル,2週間,フォト/光治療とピコフラクショナルの間隔／フォト/光治療とピコフラクショナルの間隔は何週間ですか？／フォト/光治療の後にピコフラクショナルはどのくらい空けますか？／フォト/光治療とピコフラクショナルはどのくらい間隔をあけますか？／フォト/光治療してからピコフラクショナルまではどのくらい期間をあけたらいいですか？／フォト/光治療の後にピコフラクショナルはいつ受けられますか？／フォト/光治療とピコフラクショナルは同日にできますか？,フォト/光治療とピコフラクショナルは、別の部位であれば原則として同日に受けられます。同じ部位にピコフラクショナルを受ける場合は2週間あけてください。施術内容やお肌の状態によって前後することがあります。また回答の施術間隔は当院で治療をした方の目安であり、他院で治療をされている場合は直接お電話にてお問い合わせくださいませ。,"フォト/光治療,ピコフラクショナル,フォトフェイシャル,フォト,光治療,IPL,フラクショナル,間隔,空ける,あける,期間,どのくらい,どれくらい,何週間,何日あける,同日,してから,次の施術"
フォト/光治療,そばかすシャワー,2週間,フォト/光治療とそばかすシャワーの間隔／フォト/光治療とそばかすシャワーの間隔は何週間ですか？／フォト/光治療の後にそばかすシャワーはどのくらい空けますか？／フォト/光治療とそばかすシャワーはどのくらい間隔をあけますか？／フォト/光治療してからそばかすシャワーまではどのくらい期間をあけたらいいですか？／フォト/光治療の後にそばかすシャワーはいつ受けられますか？／フォト/光治療とそばかすシャワーは同日にできますか？,フォト/光治療とそばかすシャワーは、別の部位であれば原則として同日に受けられます。同じ部位にそばかすシャワーを受ける場合は2週間あけてください。施術内容やお肌の状態によって前後することがあります。また回答の施術間隔は当院で治療をした方の目安であり、他院で治療をされている場合は直接お電話にてお問い合わせくださいませ。,"フォト/光治療,そばかすシャワー,フォトフェイシャル,フォト,光治療,IPL,そばかす,間隔,空ける,あける,期間,どのくらい,どれくらい,何週間,何日あける,同日,してから,次の施術"
フォト/光治療,そばかすスポット,2週間,フォト/光治療とそばかすスポットの間隔／フォト/光治療とそばかすスポットの間隔は何週間ですか？／フォト/光治療の後にそばかすスポットはどのくらい空けますか？／フォト/光治療とそばかすスポットはどのくらい間隔をあけますか？／フォト/光治療してからそばかすスポットまではどのくらい期間をあけたらいいですか？／フォト/光治療の後にそばかすスポットはいつ受けられますか？／フォト/光治療とそばかすスポットは同日にできますか？,フォト/光治療とそばかすスポットは、別の部位であれば原則として同日に受けられます。同じ部位にそばかすスポットを受ける場合は2週間あけてください。施術内容やお肌の状態によって前後することがあります。また回答の施術間隔は当院で治療をした方の目安であり、他院で治療をされている場合は直接お電話にてお問い合わせくださいませ。,"フォト/光治療,そばかすスポット,フォトフェイシャル,フォト,光治療,IPL,そばかす,間隔,空ける,あける,期間,どのくらい,どれくらい,何週間,何日あける,同日,してから,次の施術"
フォト/光治療,フォト/光治療,3〜4週間,フォト/光治療とフォト/光治療の間隔／フォト/光治療とフォト/光治療の間隔は何週間ですか？／フォト/光治療の後にフォト/光治療はどのくらい空けますか？／フォト/光治療とフォト/光治療はどのくらい間隔をあけますか？／フォト/光治療してからフォト/光治療まではどのくらい期間をあけたらいいですか？／フォト/光治療の後にフォト/光治療はいつ受けられますか？／フォト/光治療とフォト/光治療は同日にできますか？,フォト/光治療を続けて（同じ部位に）受ける場合は3〜4週間あけてください。 4〜5回で1クール、1クール終了後は3ヶ月あけます。施術内容やお肌の状態によって前後することがあります。また回答の施術間隔は当院で治療をした方の目安であり、他院で治療をされている場合は直接お電話にてお問い合わせくださいませ。,"フォト/光治療,フォトフェイシャル,フォト,光治療,IPL,間隔,空ける,あける,期間,どのくらい,どれくらい,何週間,何日あける,同日,してから,次の施術"
フォト/光治療,赤み治療,3〜4週間,フォト/光治療と赤み治療の間隔／フォト/光治療と赤み治療の間隔は何週間ですか？／フォト/光治療の後に赤み治療はどのくらい空けますか？／フォト/光治療と赤み治療はどのくらい間隔をあけますか？／フォト/光治療してから赤み治療まではどのくらい期間をあけたらいいですか？／フォト/光治療の後に赤み治療はいつ受けられますか？／フォト/光治療と赤み治療は同日にできますか？,フォト/光治療と赤み治療は、別の部位であれば原則として同日に受けられます。同じ部位に赤み治療を受ける場合は3〜4週間あけてください。施術内容やお肌の状態によって前後することがあります。また回答の施術間隔は当院で治療をした方の目安であり、他院で治療をされている場合は直接お電話にてお問い合わせくださいませ。,"フォト/光治療,赤み治療,フォトフェイシャル,フォト,光治療,IPL,血管腫レーザー,赤ら顔,間隔,空ける,あける,期間,どのくらい,どれくらい,何週間,何日あける,同日,してから,次の施術"
フォト/光治療,ボトックス,1週間Dr判断で冷やして同日可,フォト/光治療とボトックスの間隔／フォト/光治療とボトックスの間隔は何週間ですか？／フォト/光治療の後にボトックスはどのくらい空けますか？／フォト/光治療とボトックスはどのくらい間隔をあけますか？／フォト/光治療してからボトックスまではどのくらい期間をあけたらいいですか？／フォト/光治療の後にボトックスはいつ受けられますか？／フォト/光治療とボトックスは同日にできますか？,フォト/光治療の後にボトックスは、医師の判断により、冷却を行えば同日に受けられる場合があります。施術内容やお肌の状態によって前後することがあります。また回答の施術間隔は当院で治療をした方の目安であり、他院で治療をされている場合は直接お電話にてお問い合わせくださいませ。,"フォト/光治療,ボトックス,フォトフェイシャル,フォト,光治療,IPL,ボトックス注射,間隔,空ける,あける,期間,どのくらい,どれくらい,何週間,何日あける,同日,してから,次の施術"
フォト/光治療,ボトックス（マイクロ）,1週間Dr判断で冷やして同日可,フォト/光治療とボトックス（マイクロ）の間隔／フォト/光治療とボトックス（マイクロ）の間隔は何週間ですか？／フォト/光治療の後にボトックス（マイクロ）はどのくらい空けますか？／フォト/光治療とボトックス（マイクロ）はどのくらい間隔をあけますか？／フォト/光治療してからボトックス（マイクロ）まではどのくらい期間をあけたらいいですか？／フォト/光治療の後にボトックス（マイクロ）はいつ受けられますか？／フォト/光治療とボトックス（マイクロ）は同日にできますか？,フォト/光治療の後にボトックス（マイクロ）は、医師の判断により、冷却を行えば同日に受けられる場合があります。施術内容やお肌の状態によって前後することがあります。また回答の施術間隔は当院で治療をした方の目安であり、他院で治療をされている場合は直接お電話にてお問い合わせくださいませ。,"フォト/光治療,ボトックス（マイクロ）,フォトフェイシャル,フォト,光治療,IPL,マイクロボトックス,間隔,空ける,あける,期間,どのくらい,どれくらい,何週間,何日あける,同日,してから,次の施術"
フォト/光治療,フラルスキン部分シミ,開始：1週間再開：直後,フォト/光治療とフラルスキン部分シミの間隔／フォト/光治療とフラルスキン部分シミの間隔は何週間ですか？／フォト/光治療の後にフラルスキン部分シミはどのくらい空けますか？／フォト/光治療とフラルスキン部分シミはどのくらい間隔をあけますか？／フォト/光治療してからフラルスキン部分シミまではどのくらい期間をあけたらいいですか？／フォト/光治療の後にフラルスキン部分シミはいつ受けられますか？／フォト/光治療とフラルスキン部分シミは同日にできますか？,フォト/光治療の後にフラルスキン部分シミを始める場合は1週間、再開の場合は直後から受けられます。施術内容やお肌の状態によって前後することがあります。また回答の施術間隔は当院で治療をした方の目安であり、他院で治療をされている場合は直接お電話にてお問い合わせくださいませ。,"フォト/光治療,フラルスキン部分シミ,フォトフェイシャル,フォト,光治療,IPL,間隔,空ける,あける,期間,どのくらい,どれくらい,何週間,何日あける,同日,してから,次の施術"
フォト/光治療,テノールネオ,1週間,フォト/光治療とテノールネオの間隔／フォト/光治療とテノールネオの間隔は何週間ですか？／フォト/光治療の後にテノールネオはどのくらい空けますか？／フォト/光治療とテノールネオはどのくらい間隔をあけますか？／フォト/光治療してからテノールネオまではどのくらい期間をあけたらいいですか？／フォト/光治療の後にテノールネオはいつ受けられますか？／フォト/光治療とテノールネオは同日にできますか？,フォト/光治療とテノールネオは、別の部位であれば原則として同日に受けられます。同じ部位にテノールネオを受ける場合は1週間あけてください。施術内容やお肌の状態によって前後することがあります。また回答の施術間隔は当院で治療をした方の目安であり、他院で治療をされている場合は直接お電話にてお問い合わせくださいませ。,"フォト/光治療,テノールネオ,フォトフェイシャル,フォト,光治療,IPL,テノールNEO,テノール,間隔,空ける,あける,期間,どのくらい,どれくらい,何週間,何日あける,同日,してから,次の施術"
フォト/光治療,mikoメソッド,2週間,フォト/光治療とmikoメソッドの間隔／フォト/光治療とmikoメソッドの間隔は何週間ですか？／フォト/光治療の後にmikoメソッドはどのくらい空けますか？／フォト/光治療とmikoメソッドはどのくらい間隔をあけますか？／フォト/光治療してからmikoメソッドまではどのくらい期間をあけたらいいですか？／フォト/光治療の後にmikoメソッドはいつ受けられますか？／フォト/光治療とmikoメソッドは同日にできますか？,フォト/光治療とmikoメソッドは、別の部位であれば原則として同日に受けられます。同じ部位にmikoメソッドを受ける場合は2週間あけてください。施術内容やお肌の状態によって前後することがあります。また回答の施術間隔は当院で治療をした方の目安であり、他院で治療をされている場合は直接お電話にてお問い合わせくださいませ。,"フォト/光治療,mikoメソッド,フォトフェイシャル,フォト,光治療,IPL,miko,ミコメソッド,首イボ,間隔,空ける,あける,期間,どのくらい,どれくらい,何週間,何日あける,同日,してから,次の施術"
フォト/光治療,ほくろ切除/ほくろ除去,2週間,フォト/光治療とほくろ切除/ほくろ除去の間隔／フォト/光治療とほくろ切除/ほくろ除去の間隔は何週間ですか？／フォト/光治療の後にほくろ切除/ほくろ除去はどのくらい空けますか？／フォト/光治療とほくろ切除/ほくろ除去はどのくらい間隔をあけますか？／フォト/光治療してからほくろ切除/ほくろ除去まではどのくらい期間をあけたらいいですか？／フォト/光治療の後にほくろ切除/ほくろ除去はいつ受けられますか？／フォト/光治療とほくろ切除/ほくろ除去は同日にできますか？,フォト/光治療とほくろ切除/ほくろ除去は、別の部位であれば原則として同日に受けられます。同じ部位にほくろ切除/ほくろ除去を受ける場合は2週間あけてください。施術内容やお肌の状態によって前後することがあります。また回答の施術間隔は当院で治療をした方の目安であり、他院で治療をされている場合は直接お電話にてお問い合わせくださいませ。,"フォト/光治療,ほくろ切除/ほくろ除去,フォトフェイシャル,フォト,光治療,IPL,ほくろ除去,ほくろ,間隔,空ける,あける,期間,どのくらい,どれくらい,何週間,何日あける,同日,してから,次の施術"
フォト/光治療,ボライト,1週間,フォト/光治療とボライトの間隔／フォト/光治療とボライトの間隔は何週間ですか？／フォト/光治療の後にボライトはどのくらい空けますか？／フォト/光治療とボライトはどのくらい間隔をあけますか？／フォト/光治療してからボライトまではどのくらい期間をあけたらいいですか？／フォト/光治療の後にボライトはいつ受けられますか？／フォト/光治療とボライトは同日にできますか？,フォト/光治療とボライトは、別の部位であれば原則として同日に受けられます。同じ部位にボライトを受ける場合は1週間あけてください。施術内容やお肌の状態によって前後することがあります。また回答の施術間隔は当院で治療をした方の目安であり、他院で治療をされている場合は直接お電話にてお問い合わせくださいませ。,"フォト/光治療,ボライト,フォトフェイシャル,フォト,光治療,IPL,間隔,空ける,あける,期間,どのくらい,どれくらい,何週間,何日あける,同日,してから,次の施術"
フォト/光治療,稗粒腫,2週間,フォト/光治療と稗粒腫の間隔／フォト/光治療と稗粒腫の間隔は何週間ですか？／フォト/光治療の後に稗粒腫はどのくらい空けますか？／フォト/光治療と稗粒腫はどのくらい間隔をあけますか？／フォト/光治療してから稗粒腫まではどのくらい期間をあけたらいいですか？／フォト/光治療の後に稗粒腫はいつ受けられますか？／フォト/光治療と稗粒腫は同日にできますか？,フォト/光治療と稗粒腫は、別の部位であれば原則として同日に受けられます。同じ部位に稗粒腫を受ける場合は2週間あけてください。施術内容やお肌の状態によって前後することがあります。また回答の施術間隔は当院で治療をした方の目安であり、他院で治療をされている場合は直接お電話にてお問い合わせくださいませ。,"フォト/光治療,稗粒腫,フォトフェイシャル,フォト,光治療,IPL,間隔,空ける,あける,期間,どのくらい,どれくらい,何週間,何日あける,同日,してから,次の施術"
フォト/光治療,ヴェルヴェットスキン,4週間,フォト/光治療とヴェルヴェットスキンの間隔／フォト/光治療とヴェルヴェットスキンの間隔は何週間ですか？／フォト/光治療の後にヴェルヴェットスキンはどのくらい空けますか？／フォト/光治療とヴェルヴェットスキンはどのくらい間隔をあけますか？／フォト/光治療してからヴェルヴェットスキンまではどのくらい期間をあけたらいいですか？／フォト/光治療の後にヴェルヴェットスキンはいつ受けられますか？／フォト/光治療とヴェルヴェットスキンは同日にできますか？,フォト/光治療とヴェルヴェットスキンは、別の部位であれば原則として同日に受けられます。同じ部位にヴェルヴェットスキンを受ける場合は4週間あけてください。施術内容やお肌の状態によって前後することがあります。また回答の施術間隔は当院で治療をした方の目安であり、他院で治療をされている場合は直接お電話にてお問い合わせくださいませ。,"フォト/光治療,ヴェルヴェットスキン,フォトフェイシャル,フォト,光治療,IPL,ヴェルヴェット,ベルベットスキン,間隔,空ける,あける,期間,どのくらい,どれくらい,何週間,何日あける,同日,してから,次の施術"
フォト/光治療,ダーマペン,2週間,フォト/光治療とダーマペンの間隔／フォト/光治療とダーマペンの間隔は何週間ですか？／フォト/光治療の後にダーマペンはどのくらい空けますか？／フォト/光治療とダーマペンはどのくらい間隔をあけますか？／フォト/光治療してからダーマペンまではどのくらい期間をあけたらいいですか？／フォト/光治療の後にダーマペンはいつ受けられますか？／フォト/光治療とダーマペンは同日にできますか？,フォト/光治療とダーマペンは、別の部位であれば原則として同日に受けられます。同じ部位にダーマペンを受ける場合は2週間あけてください。施術内容やお肌の状態によって前後することがあります。また回答の施術間隔は当院で治療をした方の目安であり、他院で治療をされている場合は直接お電話にてお問い合わせくださいませ。,"フォト/光治療,ダーマペン,フォトフェイシャル,フォト,光治療,IPL,ダーマペン4,間隔,空ける,あける,期間,どのくらい,どれくらい,何週間,何日あける,同日,してから,次の施術"
フォト/光治療,HARG,（翌日）,フォト/光治療とHARGの間隔／フォト/光治療とHARGの間隔は何週間ですか？／フォト/光治療の後にHARGはどのくらい空けますか？／フォト/光治療とHARGはどのくらい間隔をあけますか？／フォト/光治療してからHARGまではどのくらい期間をあけたらいいですか？／フォト/光治療の後にHARGはいつ受けられますか？／フォト/光治療とHARGは同日にできますか？,フォト/光治療の後にHARG（部位が異なります）は翌日以降であれば受けられます。施術内容やお肌の状態によって前後することがあります。また回答の施術間隔は当院で治療をした方の目安であり、他院で治療をされている場合は直接お電話にてお問い合わせくださいませ。,"フォト/光治療,HARG,フォトフェイシャル,フォト,光治療,IPL,ハーグ,HARG療法,間隔,空ける,あける,期間,どのくらい,どれくらい,何週間,何日あける,同日,してから,次の施術"
フォト/光治療,スカルプ・プラセンタエッセンス,（翌日）,フォト/光治療とスカルプ・プラセンタエッセンスの間隔／フォト/光治療とスカルプ・プラセンタエッセンスの間隔は何週間ですか？／フォト/光治療の後にスカルプ・プラセンタエッセンスはどのくらい空けますか？／フォト/光治療とスカルプ・プラセンタエッセンスはどのくらい間隔をあけますか？／フォト/光治療してからスカルプ・プラセンタエッセンスまではどのくらい期間をあけたらいいですか？／フォト/光治療の後にスカルプ・プラセンタエッセンスはいつ受けられますか？／フォト/光治療とスカルプ・プラセンタエッセンスは同日にできますか？,フォト/光治療の後にスカルプ・プラセンタエッセンス（部位が異なります）は翌日以降であれば受けられます。施術内容やお肌の状態によって前後することがあります。また回答の施術間隔は当院で治療をした方の目安であり、他院で治療をされている場合は直接お電話にてお問い合わせくださいませ。,"フォト/光治療,スカルプ・プラセンタエッセンス,フォトフェイシャル,フォト,光治療,IPL,スカルプ,プラセンタ,間隔,空ける,あける,期間,どのくらい,どれくらい,何週間,何日あける,同日,してから,次の施術"
フォト/光治療,コラーゲンピール,1週間,フォト/光治療とコラーゲンピールの間隔／フォト/光治療とコラーゲンピールの間隔は何週間ですか？／フォト/光治療の後にコラーゲンピールはどのくらい空けますか？／フォト/光治療とコラーゲンピールはどのくらい間隔をあけますか？／フォト/光治療してからコラーゲンピールまではどのくらい期間をあけたらいいですか？／フォト/光治療の後にコラーゲンピールはいつ受けられますか？／フォト/光治療とコラーゲンピールは同日にできますか？,フォト/光治療とコラーゲンピールは、別の部位であれば原則として同日に受けられます。同じ部位にコラーゲンピールを受ける場合は1週間あけてください。施術内容やお肌の状態によって前後することがあります。また回答の施術間隔は当院で治療をした方の目安であり、他院で治療をされている場合は直接お電話にてお問い合わせくださいませ。,"フォト/光治療,コラーゲンピール,フォトフェイシャル,フォト,光治療,IPL,マッサージピール,間隔,空ける,あける,期間,どのくらい,どれくらい,何週間,何日あける,同日,してから,次の施術"
フォト/光治療,サーマクール,2週間,フォト/光治療とサーマクールの間隔／フォト/光治療とサーマクールの間隔は何週間ですか？／フォト/光治療の後にサーマクールはどのくらい空けますか？／フォト/光治療とサーマクールはどのくらい間隔をあけますか？／フォト/光治療してからサーマクールまではどのくらい期間をあけたらいいですか？／フォト/光治療の後にサーマクールはいつ受けられますか？／フォト/光治療とサーマクールは同日にできますか？,フォト/光治療とサーマクールは、別の部位であれば原則として同日に受けられます。同じ部位にサーマクールを受ける場合は2週間あけてください。施術内容やお肌の状態によって前後することがあります。また回答の施術間隔は当院で治療をした方の目安であり、他院で治療をされている場合は直接お電話にてお問い合わせくださいませ。,"フォト/光治療,サーマクール,フォトフェイシャル,フォト,光治療,IPL,サーマ,間隔,空ける,あける,期間,どのくらい,どれくらい,何週間,何日あける,同日,してから,次の施術"
フォト/光治療,脱毛,2週間,フォト/光治療と脱毛の間隔／フォト/光治療と脱毛の間隔は何週間ですか？／フォト/光治療の後に脱毛はどのくらい空けますか？／フォト/光治療と脱毛はどのくらい間隔をあけますか？／フォト/光治療してから脱毛まではどのくらい期間をあけたらいいですか？／フォト/光治療の後に脱毛はいつ受けられますか？／フォト/光治療と脱毛は同日にできますか？,フォト/光治療と脱毛は、別の部位であれば原則として同日に受けられます。同じ部位に脱毛を受ける場合は2週間あけてください。施術内容やお肌の状態によって前後することがあります。また回答の施術間隔は当院で治療をした方の目安であり、他院で治療をされている場合は直接お電話にてお問い合わせくださいませ。,"フォト/光治療,脱毛,フォトフェイシャル,フォト,光治療,IPL,医療脱毛,顔脱毛,全身脱毛,VIO脱毛,ひげ脱毛,レーザー脱毛,間隔,空ける,あける,期間,どのくらい,どれくらい,何週間,何日あける,同日,してから,次の施術"
フォト/光治療,タトゥー,2週間,フォト/光治療とタトゥーの間隔／フォト/光治療とタトゥーの間隔は何週間ですか？／フォト/光治療の後にタトゥーはどのくらい空けますか？／フォト/光治療とタトゥーはどのくらい間隔をあけますか？／フォト/光治療してからタトゥーまではどのくらい期間をあけたらいいですか？／フォト/光治療の後にタトゥーはいつ受けられますか？／フォト/光治療とタトゥーは同日にできますか？,フォト/光治療とタトゥーは、別の部位であれば原則として同日に受けられます。同じ部位にタトゥーを受ける場合は2週間あけてください。施術内容やお肌の状態によって前後することがあります。また回答の施術間隔は当院で治療をした方の目安であり、他院で治療をされている場合は直接お電話にてお問い合わせくださいませ。,"フォト/光治療,タトゥー,フォトフェイシャル,フォト,光治療,IPL,刺青,タトゥー除去,間隔,空ける,あける,期間,どのくらい,どれくらい,何週間,何日あける,同日,してから,次の施術"
フォト/光治療,アートメイク,同日可,フォト/光治療とアートメイクの間隔／フォト/光治療とアートメイクの間隔は何週間ですか？／フォト/光治療の後にアートメイクはどのくらい空けますか？／フォト/光治療とアートメイクはどのくらい間隔をあけますか？／フォト/光治療してからアートメイクまではどのくらい期間をあけたらいいですか？／フォト/光治療の後にアートメイクはいつ受けられますか？／フォト/光治療とアートメイクは同日にできますか？,フォト/光治療とアートメイクは同日に受けられます。施術内容やお肌の状態によって前後することがあります。また回答の施術間隔は当院で治療をした方の目安であり、他院で治療をされている場合は直接お電話にてお問い合わせくださいませ。,"フォト/光治療,アートメイク,フォトフェイシャル,フォト,光治療,IPL,間隔,空ける,あける,期間,どのくらい,どれくらい,何週間,何日あける,同日,してから,次の施術"
赤み治療,ハイドラジェントル,治療完了後2週間,赤み治療とハイドラジェントルの間隔／赤み治療とハイドラジェントルの間隔は何週間ですか？／赤み治療の後にハイドラジェントルはどのくらい空けますか？／赤み治療とハイドラジェントルはどのくらい間隔をあけますか？／赤み治療してからハイドラジェントルまではどのくらい期間をあけたらいいですか？／赤み治療の後にハイドラジェントルはいつ受けられますか？／赤み治療とハイドラジェントルは同日にできますか？,赤み治療の治療がすべて完了してから2週間あけてハイドラジェントルを受けてください。施術内容やお肌の状態によって前後することがあります。また回答の施術間隔は当院で治療をした方の目安であり、他院で治療をされている場合は直接お電話にてお問い合わせくださいませ。,"赤み治療,ハイドラジェントル,血管腫レーザー,赤ら顔,ハイドラ,間隔,空ける,あける,期間,どのくらい,どれくらい,何週間,何日あける,同日,してから,次の施術"
赤み治療,ケミカルピーリング,治療完了後2週間,赤み治療とケミカルピーリングの間隔／赤み治療とケミカルピーリングの間隔は何週間ですか？／赤み治療の後にケミカルピーリングはどのくらい空けますか？／赤み治療とケミカルピーリングはどのくらい間隔をあけますか？／赤み治療してからケミカルピーリングまではどのくらい期間をあけたらいいですか？／赤み治療の後にケミカルピーリングはいつ受けられますか？／赤み治療とケミカルピーリングは同日にできますか？,赤み治療の治療がすべて完了してから2週間あけてケミカルピーリングを受けてください。施術内容やお肌の状態によって前後することがあります。また回答の施術間隔は当院で治療をした方の目安であり、他院で治療をされている場合は直接お電話にてお問い合わせくださいませ。,"赤み治療,ケミカルピーリング,血管腫レーザー,赤ら顔,ピーリング,間隔,空ける,あける,期間,どのくらい,どれくらい,何週間,何日あける,同日,してから,次の施術"
赤み治療,スマートサイドドット（2回目以降）,治療完了後2週間,赤み治療とスマートサイドドット（2回目以降）の間隔／赤み治療とスマートサイドドット（2回目以降）の間隔は何週間ですか？／赤み治療の後にスマートサイドドット（2回目以降）はどのくらい空けますか？／赤み治療とスマートサイドドット（2回目以降）はどのくらい間隔をあけますか？／赤み治療してからスマートサイドドット（2回目以降）まではどのくらい期間をあけたらいいですか？／赤み治療の後にスマートサイドドット（2回目以降）はいつ受けられますか？／赤み治療とスマートサイドドット（2回目以降）は同日にできますか？,赤み治療の治療がすべて完了してから2週間あけてスマートサイドドット（2回目以降）を受けてください。施術内容やお肌の状態によって前後することがあります。また回答の施術間隔は当院で治療をした方の目安であり、他院で治療をされている場合は直接お電話にてお問い合わせくださいませ。,"赤み治療,スマートサイドドット（2回目以降）,血管腫レーザー,赤ら顔,スマサイ,スマートサイドドット,間隔,空ける,あける,期間,どのくらい,どれくらい,何週間,何日あける,同日,してから,次の施術"
赤み治療,スマートサイドドット（初回）,治療完了後2週間,赤み治療とスマートサイドドット（初回）の間隔／赤み治療とスマートサイドドット（初回）の間隔は何週間ですか？／赤み治療の後にスマートサイドドット（初回）はどのくらい空けますか？／赤み治療とスマートサイドドット（初回）はどのくらい間隔をあけますか？／赤み治療してからスマートサイドドット（初回）まではどのくらい期間をあけたらいいですか？／赤み治療の後にスマートサイドドット（初回）はいつ受けられますか？／赤み治療とスマートサイドドット（初回）は同日にできますか？,赤み治療の治療がすべて完了してから2週間あけてスマートサイドドット（初回）を受けてください。施術内容やお肌の状態によって前後することがあります。また回答の施術間隔は当院で治療をした方の目安であり、他院で治療をされている場合は直接お電話にてお問い合わせくださいませ。,"赤み治療,スマートサイドドット（初回）,血管腫レーザー,赤ら顔,スマサイ,スマートサイドドット,間隔,空ける,あける,期間,どのくらい,どれくらい,何週間,何日あける,同日,してから,次の施術"
赤み治療,イボレーザー/CO2レーザー,治療完了後2週間,赤み治療とイボレーザー/CO2レーザーの間隔／赤み治療とイボレーザー/CO2レーザーの間隔は何週間ですか？／赤み治療の後にイボレーザー/CO2レーザーはどのくらい空けますか？／赤み治療とイボレーザー/CO2レーザーはどのくらい間隔をあけますか？／赤み治療してからイボレーザー/CO2レーザーまではどのくらい期間をあけたらいいですか？／赤み治療の後にイボレーザー/CO2レーザーはいつ受けられますか？／赤み治療とイボレーザー/CO2レーザーは同日にできますか？,赤み治療の治療がすべて完了してから2週間あけてイボレーザー/CO2レーザーを受けてください。施術内容やお肌の状態によって前後することがあります。また回答の施術間隔は当院で治療をした方の目安であり、他院で治療をされている場合は直接お電話にてお問い合わせくださいませ。,"赤み治療,イボレーザー/CO2レーザー,血管腫レーザー,赤ら顔,炭酸ガスレーザー,CO2レーザー,イボ取り,いぼレーザー,間隔,空ける,あける,期間,どのくらい,どれくらい,何週間,何日あける,同日,してから,次の施術"
赤み治療,シミ取りレーザー,治療完了後2週間,赤み治療とシミ取りレーザーの間隔／赤み治療とシミ取りレーザーの間隔は何週間ですか？／赤み治療の後にシミ取りレーザーはどのくらい空けますか？／赤み治療とシミ取りレーザーはどのくらい間隔をあけますか？／赤み治療してからシミ取りレーザーまではどのくらい期間をあけたらいいですか？／赤み治療の後にシミ取りレーザーはいつ受けられますか？／赤み治療とシミ取りレーザーは同日にできますか？,赤み治療の治療がすべて完了してから2週間あけてシミ取りレーザーを受けてください。施術内容やお肌の状態によって前後することがあります。また回答の施術間隔は当院で治療をした方の目安であり、他院で治療をされている場合は直接お電話にてお問い合わせくださいませ。,"赤み治療,シミ取りレーザー,血管腫レーザー,赤ら顔,シミレーザー,シミ取り,間隔,空ける,あける,期間,どのくらい,どれくらい,何週間,何日あける,同日,してから,次の施術"
赤み治療,ADM/ピコレーザ,治療完了後2週間,赤み治療とADM/ピコレーザの間隔／赤み治療とADM/ピコレーザの間隔は何週間ですか？／赤み治療の後にADM/ピコレーザはどのくらい空けますか？／赤み治療とADM/ピコレーザはどのくらい間隔をあけますか？／赤み治療してからADM/ピコレーザまではどのくらい期間をあけたらいいですか？／赤み治療の後にADM/ピコレーザはいつ受けられますか？／赤み治療とADM/ピコレーザは同日にできますか？,赤み治療の治療がすべて完了してから2週間あけてADM/ピコレーザを受けてください。施術内容やお肌の状態によって前後することがあります。また回答の施術間隔は当院で治療をした方の目安であり、他院で治療をされている場合は直接お電話にてお問い合わせくださいませ。,"赤み治療,ADM/ピコレーザ,血管腫レーザー,赤ら顔,ADMレーザー,ピコレーザー,ADM,間隔,空ける,あける,期間,どのくらい,どれくらい,何週間,何日あける,同日,してから,次の施術"
赤み治療,ADM/ナノレーザー,治療完了後2週間,赤み治療とADM/ナノレーザーの間隔／赤み治療とADM/ナノレーザーの間隔は何週間ですか？／赤み治療の後にADM/ナノレーザーはどのくらい空けますか？／赤み治療とADM/ナノレーザーはどのくらい間隔をあけますか？／赤み治療してからADM/ナノレーザーまではどのくらい期間をあけたらいいですか？／赤み治療の後にADM/ナノレーザーはいつ受けられますか？／赤み治療とADM/ナノレーザーは同日にできますか？,赤み治療の治療がすべて完了してから2週間あけてADM/ナノレーザーを受けてください。施術内容やお肌の状態によって前後することがあります。また回答の施術間隔は当院で治療をした方の目安であり、他院で治療をされている場合は直接お電話にてお問い合わせくださいませ。,"赤み治療,ADM/ナノレーザー,血管腫レーザー,赤ら顔,ADMレーザー,ナノレーザー,ADM,間隔,空ける,あける,期間,どのくらい,どれくらい,何週間,何日あける,同日,してから,次の施術"
赤み治療,レーザートーニング,治療完了後2週間,赤み治療とレーザートーニングの間隔／赤み治療とレーザートーニングの間隔は何週間ですか？／赤み治療の後にレーザートーニングはどのくらい空けますか？／赤み治療とレーザートーニングはどのくらい間隔をあけますか？／赤み治療してからレーザートーニングまではどのくらい期間をあけたらいいですか？／赤み治療の後にレーザートーニングはいつ受けられますか？／赤み治療とレーザートーニングは同日にできますか？,赤み治療の治療がすべて完了してから2週間あけてレーザートーニングを受けてください。施術内容やお肌の状態によって前後することがあります。また回答の施術間隔は当院で治療をした方の目安であり、他院で治療をされている場合は直接お電話にてお問い合わせくださいませ。,"赤み治療,レーザートーニング,血管腫レーザー,赤ら顔,トーニング,間隔,空ける,あける,期間,どのくらい,どれくらい,何週間,何日あける,同日,してから,次の施術"
赤み治療,ピコトーニング,治療完了後2週間,赤み治療とピコトーニングの間隔／赤み治療とピコトーニングの間隔は何週間ですか？／赤み治療の後にピコトーニングはどのくらい空けますか？／赤み治療とピコトーニングはどのくらい間隔をあけますか？／赤み治療してからピコトーニングまではどのくらい期間をあけたらいいですか？／赤み治療の後にピコトーニングはいつ受けられますか？／赤み治療とピコトーニングは同日にできますか？,赤み治療の治療がすべて完了してから2週間あけてピコトーニングを受けてください。施術内容やお肌の状態によって前後することがあります。また回答の施術間隔は当院で治療をした方の目安であり、他院で治療をされている場合は直接お電話にてお問い合わせくださいませ。,"赤み治療,ピコトーニング,血管腫レーザー,赤ら顔,トーニング,ピコ,間隔,空ける,あける,期間,どのくらい,どれくらい,何週間,何日あける,同日,してから,次の施術"
赤み治療,ピコフラクショナル,治療完了後2週間,赤み治療とピコフラクショナルの間隔／赤み治療とピコフラクショナルの間隔は何週間ですか？／赤み治療の後にピコフラクショナルはどのくらい空けますか？／赤み治療とピコフラクショナルはどのくらい間隔をあけますか？／赤み治療してからピコフラクショナルまではどのくらい期間をあけたらいいですか？／赤み治療の後にピコフラクショナルはいつ受けられますか？／赤み治療とピコフラクショナルは同日にできますか？,赤み治療の治療がすべて完了してから2週間あけてピコフラクショナルを受けてください。施術内容やお肌の状態によって前後することがあります。また回答の施術間隔は当院で治療をした方の目安であり、他院で治療をされている場合は直接お電話にてお問い合わせくださいませ。,"赤み治療,ピコフラクショナル,血管腫レーザー,赤ら顔,フラクショナル,間隔,空ける,あける,期間,どのくらい,どれくらい,何週間,何日あける,同日,してから,次の施術"
赤み治療,そばかすシャワー,治療完了後2週間,赤み治療とそばかすシャワーの間隔／赤み治療とそばかすシャワーの間隔は何週間ですか？／赤み治療の後にそばかすシャワーはどのくらい空けますか？／赤み治療とそばかすシャワーはどのくらい間隔をあけますか？／赤み治療してからそばかすシャワーまではどのくらい期間をあけたらいいですか？／赤み治療の後にそばかすシャワーはいつ受けられますか？／赤み治療とそばかすシャワーは同日にできますか？,赤み治療の治療がすべて完了してから2週間あけてそばかすシャワーを受けてください。施術内容やお肌の状態によって前後することがあります。また回答の施術間隔は当院で治療をした方の目安であり、他院で治療をされている場合は直接お電話にてお問い合わせくださいませ。,"赤み治療,そばかすシャワー,血管腫レーザー,赤ら顔,そばかす,間隔,空ける,あける,期間,どのくらい,どれくらい,何週間,何日あける,同日,してから,次の施術"
赤み治療,そばかすスポット,治療完了後2週間,赤み治療とそばかすスポットの間隔／赤み治療とそばかすスポットの間隔は何週間ですか？／赤み治療の後にそばかすスポットはどのくらい空けますか？／赤み治療とそばかすスポットはどのくらい間隔をあけますか？／赤み治療してからそばかすスポットまではどのくらい期間をあけたらいいですか？／赤み治療の後にそばかすスポットはいつ受けられますか？／赤み治療とそばかすスポットは同日にできますか？,赤み治療の治療がすべて完了してから2週間あけてそばかすスポットを受けてください。施術内容やお肌の状態によって前後することがあります。また回答の施術間隔は当院で治療をした方の目安であり、他院で治療をされている場合は直接お電話にてお問い合わせくださいませ。,"赤み治療,そばかすスポット,血管腫レーザー,赤ら顔,そばかす,間隔,空ける,あける,期間,どのくらい,どれくらい,何週間,何日あける,同日,してから,次の施術"
赤み治療,フォト/光治療,治療完了後2週間,赤み治療とフォト/光治療の間隔／赤み治療とフォト/光治療の間隔は何週間ですか？／赤み治療の後にフォト/光治療はどのくらい空けますか？／赤み治療とフォト/光治療はどのくらい間隔をあけますか？／赤み治療してからフォト/光治療まではどのくらい期間をあけたらいいですか？／赤み治療の後にフォト/光治療はいつ受けられますか？／赤み治療とフォト/光治療は同日にできますか？,赤み治療の治療がすべて完了してから2週間あけてフォト/光治療を受けてください。施術内容やお肌の状態によって前後することがあります。また回答の施術間隔は当院で治療をした方の目安であり、他院で治療をされている場合は直接お電話にてお問い合わせくださいませ。,"赤み治療,フォト/光治療,血管腫レーザー,赤ら顔,フォトフェイシャル,フォト,光治療,IPL,間隔,空ける,あける,期間,どのくらい,どれくらい,何週間,何日あける,同日,してから,次の施術"
赤み治療,赤み治療,2〜4週間,赤み治療と赤み治療の間隔／赤み治療と赤み治療の間隔は何週間ですか？／赤み治療の後に赤み治療はどのくらい空けますか？／赤み治療と赤み治療はどのくらい間隔をあけますか？／赤み治療してから赤み治療まではどのくらい期間をあけたらいいですか？／赤み治療の後に赤み治療はいつ受けられますか？／赤み治療と赤み治療は同日にできますか？,赤み治療を続けて（同じ部位に）受ける場合は2〜4週間あけてください。施術内容やお肌の状態によって前後することがあります。また回答の施術間隔は当院で治療をした方の目安であり、他院で治療をされている場合は直接お電話にてお問い合わせくださいませ。,"赤み治療,血管腫レーザー,赤ら顔,間隔,空ける,あける,期間,どのくらい,どれくらい,何週間,何日あける,同日,してから,次の施術"
赤み治療,ボトックス,治療完了後2週間,赤み治療とボトックスの間隔／赤み治療とボトックスの間隔は何週間ですか？／赤み治療の後にボトックスはどのくらい空けますか？／赤み治療とボトックスはどのくらい間隔をあけますか？／赤み治療してからボトックスまではどのくらい期間をあけたらいいですか？／赤み治療の後にボトックスはいつ受けられますか？／赤み治療とボトックスは同日にできますか？,赤み治療の治療がすべて完了してから2週間あけてボトックスを受けてください。施術内容やお肌の状態によって前後することがあります。また回答の施術間隔は当院で治療をした方の目安であり、他院で治療をされている場合は直接お電話にてお問い合わせくださいませ。,"赤み治療,ボトックス,血管腫レーザー,赤ら顔,ボトックス注射,間隔,空ける,あける,期間,どのくらい,どれくらい,何週間,何日あける,同日,してから,次の施術"
赤み治療,ボトックス（マイクロ）,治療完了後2週間,赤み治療とボトックス（マイクロ）の間隔／赤み治療とボトックス（マイクロ）の間隔は何週間ですか？／赤み治療の後にボトックス（マイクロ）はどのくらい空けますか？／赤み治療とボトックス（マイクロ）はどのくらい間隔をあけますか？／赤み治療してからボトックス（マイクロ）まではどのくらい期間をあけたらいいですか？／赤み治療の後にボトックス（マイクロ）はいつ受けられますか？／赤み治療とボトックス（マイクロ）は同日にできますか？,赤み治療の治療がすべて完了してから2週間あけてボトックス（マイクロ）を受けてください。施術内容やお肌の状態によって前後することがあります。また回答の施術間隔は当院で治療をした方の目安であり、他院で治療をされている場合は直接お電話にてお問い合わせくださいませ。,"赤み治療,ボトックス（マイクロ）,血管腫レーザー,赤ら顔,マイクロボトックス,間隔,空ける,あける,期間,どのくらい,どれくらい,何週間,何日あける,同日,してから,次の施術"
赤み治療,フラルスキン部分シミ,治療完了後2週間,赤み治療とフラルスキン部分シミの間隔／赤み治療とフラルスキン部分シミの間隔は何週間ですか？／赤み治療の後にフラルスキン部分シミはどのくらい空けますか？／赤み治療とフラルスキン部分シミはどのくらい間隔をあけますか？／赤み治療してからフラルスキン部分シミまではどのくらい期間をあけたらいいですか？／赤み治療の後にフラルスキン部分シミはいつ受けられますか？／赤み治療とフラルスキン部分シミは同日にできますか？,赤み治療の治療がすべて完了してから2週間あけてフラルスキン部分シミを受けてください。施術内容やお肌の状態によって前後することがあります。また回答の施術間隔は当院で治療をした方の目安であり、他院で治療をされている場合は直接お電話にてお問い合わせくださいませ。,"赤み治療,フラルスキン部分シミ,血管腫レーザー,赤ら顔,間隔,空ける,あける,期間,どのくらい,どれくらい,何週間,何日あける,同日,してから,次の施術"
赤み治療,テノールネオ,治療完了後2週間,赤み治療とテノールネオの間隔／赤み治療とテノールネオの間隔は何週間ですか？／赤み治療の後にテノールネオはどのくらい空けますか？／赤み治療とテノールネオはどのくらい間隔をあけますか？／赤み治療してからテノールネオまではどのくらい期間をあけたらいいですか？／赤み治療の後にテノールネオはいつ受けられますか？／赤み治療とテノールネオは同日にできますか？,赤み治療の治療がすべて完了してから2週間あけてテノールネオを受けてください。施術内容やお肌の状態によって前後することがあります。また回答の施術間隔は当院で治療をした方の目安であり、他院で治療をされている場合は直接お電話にてお問い合わせくださいませ。,"赤み治療,テノールネオ,血管腫レーザー,赤ら顔,テノールNEO,テノール,間隔,空ける,あける,期間,どのくらい,どれくらい,何週間,何日あける,同日,してから,次の施術"
赤み治療,mikoメソッド,治療完了後2週間,赤み治療とmikoメソッドの間隔／赤み治療とmikoメソッドの間隔は何週間ですか？／赤み治療の後にmikoメソッドはどのくらい空けますか？／赤み治療とmikoメソッドはどのくらい間隔をあけますか？／赤み治療してからmikoメソッドまではどのくらい期間をあけたらいいですか？／赤み治療の後にmikoメソッドはいつ受けられますか？／赤み治療とmikoメソッドは同日にできますか？,赤み治療の治療がすべて完了してから2週間あけてmikoメソッドを受けてください。施術内容やお肌の状態によって前後することがあります。また回答の施術間隔は当院で治療をした方の目安であり、他院で治療をされている場合は直接お電話にてお問い合わせくださいませ。,"赤み治療,mikoメソッド,血管腫レーザー,赤ら顔,miko,ミコメソッド,首イボ,間隔,空ける,あける,期間,どのくらい,どれくらい,何週間,何日あける,同日,してから,次の施術"
赤み治療,ほくろ切除/ほくろ除去,治療完了後2週間,赤み治療とほくろ切除/ほくろ除去の間隔／赤み治療とほくろ切除/ほくろ除去の間隔は何週間ですか？／赤み治療の後にほくろ切除/ほくろ除去はどのくらい空けますか？／赤み治療とほくろ切除/ほくろ除去はどのくらい間隔をあけますか？／赤み治療してからほくろ切除/ほくろ除去まではどのくらい期間をあけたらいいですか？／赤み治療の後にほくろ切除/ほくろ除去はいつ受けられますか？／赤み治療とほくろ切除/ほくろ除去は同日にできますか？,赤み治療の治療がすべて完了してから2週間あけてほくろ切除/ほくろ除去を受けてください。施術内容やお肌の状態によって前後することがあります。また回答の施術間隔は当院で治療をした方の目安であり、他院で治療をされている場合は直接お電話にてお問い合わせくださいませ。,"赤み治療,ほくろ切除/ほくろ除去,血管腫レーザー,赤ら顔,ほくろ除去,ほくろ,間隔,空ける,あける,期間,どのくらい,どれくらい,何週間,何日あける,同日,してから,次の施術"
赤み治療,ボライト,治療完了後2週間,赤み治療とボライトの間隔／赤み治療とボライトの間隔は何週間ですか？／赤み治療の後にボライトはどのくらい空けますか？／赤み治療とボライトはどのくらい間隔をあけますか？／赤み治療してからボライトまではどのくらい期間をあけたらいいですか？／赤み治療の後にボライトはいつ受けられますか？／赤み治療とボライトは同日にできますか？,赤み治療の治療がすべて完了してから2週間あけてボライトを受けてください。施術内容やお肌の状態によって前後することがあります。また回答の施術間隔は当院で治療をした方の目安であり、他院で治療をされている場合は直接お電話にてお問い合わせくださいませ。,"赤み治療,ボライト,血管腫レーザー,赤ら顔,間隔,空ける,あける,期間,どのくらい,どれくらい,何週間,何日あける,同日,してから,次の施術"
赤み治療,稗粒腫,治療完了後2週間,赤み治療と稗粒腫の間隔／赤み治療と稗粒腫の間隔は何週間ですか？／赤み治療の後に稗粒腫はどのくらい空けますか？／赤み治療と稗粒腫はどのくらい間隔をあけますか？／赤み治療してから稗粒腫まではどのくらい期間をあけたらいいですか？／赤み治療の後に稗粒腫はいつ受けられますか？／赤み治療と稗粒腫は同日にできますか？,赤み治療の治療がすべて完了してから2週間あけて稗粒腫を受けてください。施術内容やお肌の状態によって前後することがあります。また回答の施術間隔は当院で治療をした方の目安であり、他院で治療をされている場合は直接お電話にてお問い合わせくださいませ。,"赤み治療,稗粒腫,血管腫レーザー,赤ら顔,間隔,空ける,あける,期間,どのくらい,どれくらい,何週間,何日あける,同日,してから,次の施術"
赤み治療,ヴェルヴェットスキン,治療完了後2週間,赤み治療とヴェルヴェットスキンの間隔／赤み治療とヴェルヴェットスキンの間隔は何週間ですか？／赤み治療の後にヴェルヴェットスキンはどのくらい空けますか？／赤み治療とヴェルヴェットスキンはどのくらい間隔をあけますか？／赤み治療してからヴェルヴェットスキンまではどのくらい期間をあけたらいいですか？／赤み治療の後にヴェルヴェットスキンはいつ受けられますか？／赤み治療とヴェルヴェットスキンは同日にできますか？,赤み治療の治療がすべて完了してから2週間あけてヴェルヴェットスキンを受けてください。施術内容やお肌の状態によって前後することがあります。また回答の施術間隔は当院で治療をした方の目安であり、他院で治療をされている場合は直接お電話にてお問い合わせくださいませ。,"赤み治療,ヴェルヴェットスキン,血管腫レーザー,赤ら顔,ヴェルヴェット,ベルベットスキン,間隔,空ける,あける,期間,どのくらい,どれくらい,何週間,何日あける,同日,してから,次の施術"
赤み治療,ダーマペン,治療完了後2週間,赤み治療とダーマペンの間隔／赤み治療とダーマペンの間隔は何週間ですか？／赤み治療の後にダーマペンはどのくらい空けますか？／赤み治療とダーマペンはどのくらい間隔をあけますか？／赤み治療してからダーマペンまではどのくらい期間をあけたらいいですか？／赤み治療の後にダーマペンはいつ受けられますか？／赤み治療とダーマペンは同日にできますか？,赤み治療の治療がすべて完了してから2週間あけてダーマペンを受けてください。施術内容やお肌の状態によって前後することがあります。また回答の施術間隔は当院で治療をした方の目安であり、他院で治療をされている場合は直接お電話にてお問い合わせくださいませ。,"赤み治療,ダーマペン,血管腫レーザー,赤ら顔,ダーマペン4,間隔,空ける,あける,期間,どのくらい,どれくらい,何週間,何日あける,同日,してから,次の施術"
赤み治療,HARG,治療完了後2週間,赤み治療とHARGの間隔／赤み治療とHARGの間隔は何週間ですか？／赤み治療の後にHARGはどのくらい空けますか？／赤み治療とHARGはどのくらい間隔をあけますか？／赤み治療してからHARGまではどのくらい期間をあけたらいいですか？／赤み治療の後にHARGはいつ受けられますか？／赤み治療とHARGは同日にできますか？,赤み治療の治療がすべて完了してから2週間あけてHARGを受けてください。施術内容やお肌の状態によって前後することがあります。また回答の施術間隔は当院で治療をした方の目安であり、他院で治療をされている場合は直接お電話にてお問い合わせくださいませ。,"赤み治療,HARG,血管腫レーザー,赤ら顔,ハーグ,HARG療法,間隔,空ける,あける,期間,どのくらい,どれくらい,何週間,何日あける,同日,してから,次の施術"
赤み治療,スカルプ・プラセンタエッセンス,治療完了後2週間,赤み治療とスカルプ・プラセンタエッセンスの間隔／赤み治療とスカルプ・プラセンタエッセンスの間隔は何週間ですか？／赤み治療の後にスカルプ・プラセンタエッセンスはどのくらい空けますか？／赤み治療とスカルプ・プラセンタエッセンスはどのくらい間隔をあけますか？／赤み治療してからスカルプ・プラセンタエッセンスまではどのくらい期間をあけたらいいですか？／赤み治療の後にスカルプ・プラセンタエッセンスはいつ受けられますか？／赤み治療とスカルプ・プラセンタエッセンスは同日にできますか？,赤み治療の治療がすべて完了してから2週間あけてスカルプ・プラセンタエッセンスを受けてください。施術内容やお肌の状態によって前後することがあります。また回答の施術間隔は当院で治療をした方の目安であり、他院で治療をされている場合は直接お電話にてお問い合わせくださいませ。,"赤み治療,スカルプ・プラセンタエッセンス,血管腫レーザー,赤ら顔,スカルプ,プラセンタ,間隔,空ける,あける,期間,どのくらい,どれくらい,何週間,何日あける,同日,してから,次の施術"
赤み治療,コラーゲンピール,治療完了後2週間,赤み治療とコラーゲンピールの間隔／赤み治療とコラーゲンピールの間隔は何週間ですか？／赤み治療の後にコラーゲンピールはどのくらい空けますか？／赤み治療とコラーゲンピールはどのくらい間隔をあけますか？／赤み治療してからコラーゲンピールまではどのくらい期間をあけたらいいですか？／赤み治療の後にコラーゲンピールはいつ受けられますか？／赤み治療とコラーゲンピールは同日にできますか？,赤み治療の治療がすべて完了してから2週間あけてコラーゲンピールを受けてください。施術内容やお肌の状態によって前後することがあります。また回答の施術間隔は当院で治療をした方の目安であり、他院で治療をされている場合は直接お電話にてお問い合わせくださいませ。,"赤み治療,コラーゲンピール,血管腫レーザー,赤ら顔,マッサージピール,間隔,空ける,あける,期間,どのくらい,どれくらい,何週間,何日あける,同日,してから,次の施術"
赤み治療,サーマクール,治療完了後2週間,赤み治療とサーマクールの間隔／赤み治療とサーマクールの間隔は何週間ですか？／赤み治療の後にサーマクールはどのくらい空けますか？／赤み治療とサーマクールはどのくらい間隔をあけますか？／赤み治療してからサーマクールまではどのくらい期間をあけたらいいですか？／赤み治療の後にサーマクールはいつ受けられますか？／赤み治療とサーマクールは同日にできますか？,赤み治療の治療がすべて完了してから2週間あけてサーマクールを受けてください。施術内容やお肌の状態によって前後することがあります。また回答の施術間隔は当院で治療をした方の目安であり、他院で治療をされている場合は直接お電話にてお問い合わせくださいませ。,"赤み治療,サーマクール,血管腫レーザー,赤ら顔,サーマ,間隔,空ける,あける,期間,どのくらい,どれくらい,何週間,何日あける,同日,してから,次の施術"
赤み治療,ミラドライ,治療完了後2週間,赤み治療とミラドライの間隔／赤み治療とミラドライの間隔は何週間ですか？／赤み治療の後にミラドライはどのくらい空けますか？／赤み治療とミラドライはどのくらい間隔をあけますか？／赤み治療してからミラドライまではどのくらい期間をあけたらいいですか？／赤み治療の後にミラドライはいつ受けられますか？／赤み治療とミラドライは同日にできますか？,赤み治療の治療がすべて完了してから2週間あけてミラドライを受けてください。施術内容やお肌の状態によって前後することがあります。また回答の施術間隔は当院で治療をした方の目安であり、他院で治療をされている場合は直接お電話にてお問い合わせくださいませ。,"赤み治療,ミラドライ,血管腫レーザー,赤ら顔,ワキガ,間隔,空ける,あける,期間,どのくらい,どれくらい,何週間,何日あける,同日,してから,次の施術"
赤み治療,脱毛,治療完了後2週間,赤み治療と脱毛の間隔／赤み治療と脱毛の間隔は何週間ですか？／赤み治療の後に脱毛はどのくらい空けますか？／赤み治療と脱毛はどのくらい間隔をあけますか？／赤み治療してから脱毛まではどのくらい期間をあけたらいいですか？／赤み治療の後に脱毛はいつ受けられますか？／赤み治療と脱毛は同日にできますか？,赤み治療の治療がすべて完了してから2週間あけて脱毛を受けてください。施術内容やお肌の状態によって前後することがあります。また回答の施術間隔は当院で治療をした方の目安であり、他院で治療をされている場合は直接お電話にてお問い合わせくださいませ。,"赤み治療,脱毛,血管腫レーザー,赤ら顔,医療脱毛,顔脱毛,全身脱毛,VIO脱毛,ひげ脱毛,レーザー脱毛,間隔,空ける,あける,期間,どのくらい,どれくらい,何週間,何日あける,同日,してから,次の施術"
赤み治療,タトゥー,治療完了後2週間,赤み治療とタトゥーの間隔／赤み治療とタトゥーの間隔は何週間ですか？／赤み治療の後にタトゥーはどのくらい空けますか？／赤み治療とタトゥーはどのくらい間隔をあけますか？／赤み治療してからタトゥーまではどのくらい期間をあけたらいいですか？／赤み治療の後にタトゥーはいつ受けられますか？／赤み治療とタトゥーは同日にできますか？,赤み治療の治療がすべて完了してから2週間あけてタトゥーを受けてください。施術内容やお肌の状態によって前後することがあります。また回答の施術間隔は当院で治療をした方の目安であり、他院で治療をされている場合は直接お電話にてお問い合わせくださいませ。,"赤み治療,タトゥー,血管腫レーザー,赤ら顔,刺青,タトゥー除去,間隔,空ける,あける,期間,どのくらい,どれくらい,何週間,何日あける,同日,してから,次の施術"
赤み治療,アートメイク,同日可,赤み治療とアートメイクの間隔／赤み治療とアートメイクの間隔は何週間ですか？／赤み治療の後にアートメイクはどのくらい空けますか？／赤み治療とアートメイクはどのくらい間隔をあけますか？／赤み治療してからアートメイクまではどのくらい期間をあけたらいいですか？／赤み治療の後にアートメイクはいつ受けられますか？／赤み治療とアートメイクは同日にできますか？,赤み治療とアートメイクは同日に受けられます。施術内容やお肌の状態によって前後することがあります。また回答の施術間隔は当院で治療をした方の目安であり、他院で治療をされている場合は直接お電話にてお問い合わせくださいませ。,"赤み治療,アートメイク,血管腫レーザー,赤ら顔,間隔,空ける,あける,期間,どのくらい,どれくらい,何週間,何日あける,同日,してから,次の施術"
ボトックス,ハイドラジェントル,2週間,ボトックスとハイドラジェントルの間隔／ボトックスとハイドラジェントルの間隔は何週間ですか？／ボトックスの後にハイドラジェントルはどのくらい空けますか？／ボトックスとハイドラジェントルはどのくらい間隔をあけますか？／ボトックスしてからハイドラジェントルまではどのくらい期間をあけたらいいですか？／ボトックスの後にハイドラジェントルはいつ受けられますか？／ボトックスとハイドラジェントルは同日にできますか？,ボトックスとハイドラジェントルは、別の部位であれば原則として同日に受けられます。同じ部位にハイドラジェントルを受ける場合は2週間あけてください。施術内容やお肌の状態によって前後することがあります。また回答の施術間隔は当院で治療をした方の目安であり、他院で治療をされている場合は直接お電話にてお問い合わせくださいませ。,"ボトックス,ハイドラジェントル,ボトックス注射,ハイドラ,間隔,空ける,あける,期間,どのくらい,どれくらい,何週間,何日あける,同日,してから,次の施術"
ボトックス,ケミカルピーリング,2週間,ボトックスとケミカルピーリングの間隔／ボトックスとケミカルピーリングの間隔は何週間ですか？／ボトックスの後にケミカルピーリングはどのくらい空けますか？／ボトックスとケミカルピーリングはどのくらい間隔をあけますか？／ボトックスしてからケミカルピーリングまではどのくらい期間をあけたらいいですか？／ボトックスの後にケミカルピーリングはいつ受けられますか？／ボトックスとケミカルピーリングは同日にできますか？,ボトックスとケミカルピーリングは、別の部位であれば原則として同日に受けられます。同じ部位にケミカルピーリングを受ける場合は2週間あけてください。施術内容やお肌の状態によって前後することがあります。また回答の施術間隔は当院で治療をした方の目安であり、他院で治療をされている場合は直接お電話にてお問い合わせくださいませ。,"ボトックス,ケミカルピーリング,ボトックス注射,ピーリング,間隔,空ける,あける,期間,どのくらい,どれくらい,何週間,何日あける,同日,してから,次の施術"
ボトックス,スマートサイドドット（2回目以降）,2週間,ボトックスとスマートサイドドット（2回目以降）の間隔／ボトックスとスマートサイドドット（2回目以降）の間隔は何週間ですか？／ボトックスの後にスマートサイドドット（2回目以降）はどのくらい空けますか？／ボトックスとスマートサイドドット（2回目以降）はどのくらい間隔をあけますか？／ボトックスしてからスマートサイドドット（2回目以降）まではどのくらい期間をあけたらいいですか？／ボトックスの後にスマートサイドドット（2回目以降）はいつ受けられますか？／ボトックスとスマートサイドドット（2回目以降）は同日にできますか？,ボトックスとスマートサイドドット（2回目以降）は、別の部位であれば原則として同日に受けられます。同じ部位にスマートサイドドット（2回目以降）を受ける場合は2週間あけてください。施術内容やお肌の状態によって前後することがあります。また回答の施術間隔は当院で治療をした方の目安であり、他院で治療をされている場合は直接お電話にてお問い合わせくださいませ。,"ボトックス,スマートサイドドット（2回目以降）,ボトックス注射,スマサイ,スマートサイドドット,間隔,空ける,あける,期間,どのくらい,どれくらい,何週間,何日あける,同日,してから,次の施術"
ボトックス,スマートサイドドット（初回）,2週間,ボトックスとスマートサイドドット（初回）の間隔／ボトックスとスマートサイドドット（初回）の間隔は何週間ですか？／ボトックスの後にスマートサイドドット（初回）はどのくらい空けますか？／ボトックスとスマートサイドドット（初回）はどのくらい間隔をあけますか？／ボトックスしてからスマートサイドドット（初回）まではどのくらい期間をあけたらいいですか？／ボトックスの後にスマートサイドドット（初回）はいつ受けられますか？／ボトックスとスマートサイドドット（初回）は同日にできますか？,ボトックスとスマートサイドドット（初回）は、別の部位であれば原則として同日に受けられます。同じ部位にスマートサイドドット（初回）を受ける場合は2週間あけてください。施術内容やお肌の状態によって前後することがあります。また回答の施術間隔は当院で治療をした方の目安であり、他院で治療をされている場合は直接お電話にてお問い合わせくださいませ。,"ボトックス,スマートサイドドット（初回）,ボトックス注射,スマサイ,スマートサイドドット,間隔,空ける,あける,期間,どのくらい,どれくらい,何週間,何日あける,同日,してから,次の施術"
ボトックス,イボレーザー/CO2レーザー,2週間,ボトックスとイボレーザー/CO2レーザーの間隔／ボトックスとイボレーザー/CO2レーザーの間隔は何週間ですか？／ボトックスの後にイボレーザー/CO2レーザーはどのくらい空けますか？／ボトックスとイボレーザー/CO2レーザーはどのくらい間隔をあけますか？／ボトックスしてからイボレーザー/CO2レーザーまではどのくらい期間をあけたらいいですか？／ボトックスの後にイボレーザー/CO2レーザーはいつ受けられますか？／ボトックスとイボレーザー/CO2レーザーは同日にできますか？,ボトックスとイボレーザー/CO2レーザーは、別の部位であれば原則として同日に受けられます。同じ部位にイボレーザー/CO2レーザーを受ける場合は2週間あけてください。施術内容やお肌の状態によって前後することがあります。また回答の施術間隔は当院で治療をした方の目安であり、他院で治療をされている場合は直接お電話にてお問い合わせくださいませ。,"ボトックス,イボレーザー/CO2レーザー,ボトックス注射,炭酸ガスレーザー,CO2レーザー,イボ取り,いぼレーザー,間隔,空ける,あける,期間,どのくらい,どれくらい,何週間,何日あける,同日,してから,次の施術"
ボトックス,シミ取りレーザー,2週間,ボトックスとシミ取りレーザーの間隔／ボトックスとシミ取りレーザーの間隔は何週間ですか？／ボトックスの後にシミ取りレーザーはどのくらい空けますか？／ボトックスとシミ取りレーザーはどのくらい間隔をあけますか？／ボトックスしてからシミ取りレーザーまではどのくらい期間をあけたらいいですか？／ボトックスの後にシミ取りレーザーはいつ受けられますか？／ボトックスとシミ取りレーザーは同日にできますか？,ボトックスとシミ取りレーザーは、別の部位であれば原則として同日に受けられます。同じ部位にシミ取りレーザーを受ける場合は2週間あけてください。施術内容やお肌の状態によって前後することがあります。また回答の施術間隔は当院で治療をした方の目安であり、他院で治療をされている場合は直接お電話にてお問い合わせくださいませ。,"ボトックス,シミ取りレーザー,ボトックス注射,シミレーザー,シミ取り,間隔,空ける,あける,期間,どのくらい,どれくらい,何週間,何日あける,同日,してから,次の施術"
ボトックス,ADM/ピコレーザ,2週間,ボトックスとADM/ピコレーザの間隔／ボトックスとADM/ピコレーザの間隔は何週間ですか？／ボトックスの後にADM/ピコレーザはどのくらい空けますか？／ボトックスとADM/ピコレーザはどのくらい間隔をあけますか？／ボトックスしてからADM/ピコレーザまではどのくらい期間をあけたらいいですか？／ボトックスの後にADM/ピコレーザはいつ受けられますか？／ボトックスとADM/ピコレーザは同日にできますか？,ボトックスとADM/ピコレーザは、別の部位であれば原則として同日に受けられます。同じ部位にADM/ピコレーザを受ける場合は2週間あけてください。施術内容やお肌の状態によって前後することがあります。また回答の施術間隔は当院で治療をした方の目安であり、他院で治療をされている場合は直接お電話にてお問い合わせくださいませ。,"ボトックス,ADM/ピコレーザ,ボトックス注射,ADMレーザー,ピコレーザー,ADM,間隔,空ける,あける,期間,どのくらい,どれくらい,何週間,何日あける,同日,してから,次の施術"
ボトックス,ADM/ナノレーザー,2週間,ボトックスとADM/ナノレーザーの間隔／ボトックスとADM/ナノレーザーの間隔は何週間ですか？／ボトックスの後にADM/ナノレーザーはどのくらい空けますか？／ボトックスとADM/ナノレーザーはどのくらい間隔をあけますか？／ボトックスしてからADM/ナノレーザーまではどのくらい期間をあけたらいいですか？／ボトックスの後にADM/ナノレーザーはいつ受けられますか？／ボトックスとADM/ナノレーザーは同日にできますか？,ボトックスとADM/ナノレーザーは、別の部位であれば原則として同日に受けられます。同じ部位にADM/ナノレーザーを受ける場合は2週間あけてください。施術内容やお肌の状態によって前後することがあります。また回答の施術間隔は当院で治療をした方の目安であり、他院で治療をされている場合は直接お電話にてお問い合わせくださいませ。,"ボトックス,ADM/ナノレーザー,ボトックス注射,ADMレーザー,ナノレーザー,ADM,間隔,空ける,あける,期間,どのくらい,どれくらい,何週間,何日あける,同日,してから,次の施術"
ボトックス,レーザートーニング,2週間,ボトックスとレーザートーニングの間隔／ボトックスとレーザートーニングの間隔は何週間ですか？／ボトックスの後にレーザートーニングはどのくらい空けますか？／ボトックスとレーザートーニングはどのくらい間隔をあけますか？／ボトックスしてからレーザートーニングまではどのくらい期間をあけたらいいですか？／ボトックスの後にレーザートーニングはいつ受けられますか？／ボトックスとレーザートーニングは同日にできますか？,ボトックスとレーザートーニングは、別の部位であれば原則として同日に受けられます。同じ部位にレーザートーニングを受ける場合は2週間あけてください。施術内容やお肌の状態によって前後することがあります。また回答の施術間隔は当院で治療をした方の目安であり、他院で治療をされている場合は直接お電話にてお問い合わせくださいませ。,"ボトックス,レーザートーニング,ボトックス注射,トーニング,間隔,空ける,あける,期間,どのくらい,どれくらい,何週間,何日あける,同日,してから,次の施術"
ボトックス,ピコトーニング,2週間,ボトックスとピコトーニングの間隔／ボトックスとピコトーニングの間隔は何週間ですか？／ボトックスの後にピコトーニングはどのくらい空けますか？／ボトックスとピコトーニングはどのくらい間隔をあけますか？／ボトックスしてからピコトーニングまではどのくらい期間をあけたらいいですか？／ボトックスの後にピコトーニングはいつ受けられますか？／ボトックスとピコトーニングは同日にできますか？,ボトックスとピコトーニングは、別の部位であれば原則として同日に受けられます。同じ部位にピコトーニングを受ける場合は2週間あけてください。施術内容やお肌の状態によって前後することがあります。また回答の施術間隔は当院で治療をした方の目安であり、他院で治療をされている場合は直接お電話にてお問い合わせくださいませ。,"ボトックス,ピコトーニング,ボトックス注射,トーニング,ピコ,間隔,空ける,あける,期間,どのくらい,どれくらい,何週間,何日あける,同日,してから,次の施術"
ボトックス,ピコフラクショナル,2週間,ボトックスとピコフラクショナルの間隔／ボトックスとピコフラクショナルの間隔は何週間ですか？／ボトックスの後にピコフラクショナルはどのくらい空けますか？／ボトックスとピコフラクショナルはどのくらい間隔をあけますか？／ボトックスしてからピコフラクショナルまではどのくらい期間をあけたらいいですか？／ボトックスの後にピコフラクショナルはいつ受けられますか？／ボトックスとピコフラクショナルは同日にできますか？,ボトックスとピコフラクショナルは、別の部位であれば原則として同日に受けられます。同じ部位にピコフラクショナルを受ける場合は2週間あけてください。施術内容やお肌の状態によって前後することがあります。また回答の施術間隔は当院で治療をした方の目安であり、他院で治療をされている場合は直接お電話にてお問い合わせくださいませ。,"ボトックス,ピコフラクショナル,ボトックス注射,フラクショナル,間隔,空ける,あける,期間,どのくらい,どれくらい,何週間,何日あける,同日,してから,次の施術"
ボトックス,そばかすシャワー,2週間,ボトックスとそばかすシャワーの間隔／ボトックスとそばかすシャワーの間隔は何週間ですか？／ボトックスの後にそばかすシャワーはどのくらい空けますか？／ボトックスとそばかすシャワーはどのくらい間隔をあけますか？／ボトックスしてからそばかすシャワーまではどのくらい期間をあけたらいいですか？／ボトックスの後にそばかすシャワーはいつ受けられますか？／ボトックスとそばかすシャワーは同日にできますか？,ボトックスとそばかすシャワーは、別の部位であれば原則として同日に受けられます。同じ部位にそばかすシャワーを受ける場合は2週間あけてください。施術内容やお肌の状態によって前後することがあります。また回答の施術間隔は当院で治療をした方の目安であり、他院で治療をされている場合は直接お電話にてお問い合わせくださいませ。,"ボトックス,そばかすシャワー,ボトックス注射,そばかす,間隔,空ける,あける,期間,どのくらい,どれくらい,何週間,何日あける,同日,してから,次の施術"
ボトックス,そばかすスポット,2週間,ボトックスとそばかすスポットの間隔／ボトックスとそばかすスポットの間隔は何週間ですか？／ボトックスの後にそばかすスポットはどのくらい空けますか？／ボトックスとそばかすスポットはどのくらい間隔をあけますか？／ボトックスしてからそばかすスポットまではどのくらい期間をあけたらいいですか？／ボトックスの後にそばかすスポットはいつ受けられますか？／ボトックスとそばかすスポットは同日にできますか？,ボトックスとそばかすスポットは、別の部位であれば原則として同日に受けられます。同じ部位にそばかすスポットを受ける場合は2週間あけてください。施術内容やお肌の状態によって前後することがあります。また回答の施術間隔は当院で治療をした方の目安であり、他院で治療をされている場合は直接お電話にてお問い合わせくださいませ。,"ボトックス,そばかすスポット,ボトックス注射,そばかす,間隔,空ける,あける,期間,どのくらい,どれくらい,何週間,何日あける,同日,してから,次の施術"
ボトックス,フォト/光治療,2週間,ボトックスとフォト/光治療の間隔／ボトックスとフォト/光治療の間隔は何週間ですか？／ボトックスの後にフォト/光治療はどのくらい空けますか？／ボトックスとフォト/光治療はどのくらい間隔をあけますか？／ボトックスしてからフォト/光治療まではどのくらい期間をあけたらいいですか？／ボトックスの後にフォト/光治療はいつ受けられますか？／ボトックスとフォト/光治療は同日にできますか？,ボトックスとフォト/光治療は、別の部位であれば原則として同日に受けられます。同じ部位にフォト/光治療を受ける場合は2週間あけてください。施術内容やお肌の状態によって前後することがあります。また回答の施術間隔は当院で治療をした方の目安であり、他院で治療をされている場合は直接お電話にてお問い合わせくださいませ。,"ボトックス,フォト/光治療,ボトックス注射,フォトフェイシャル,フォト,光治療,IPL,間隔,空ける,あける,期間,どのくらい,どれくらい,何週間,何日あける,同日,してから,次の施術"
ボトックス,赤み治療,2週間,ボトックスと赤み治療の間隔／ボトックスと赤み治療の間隔は何週間ですか？／ボトックスの後に赤み治療はどのくらい空けますか？／ボトックスと赤み治療はどのくらい間隔をあけますか？／ボトックスしてから赤み治療まではどのくらい期間をあけたらいいですか？／ボトックスの後に赤み治療はいつ受けられますか？／ボトックスと赤み治療は同日にできますか？,ボトックスと赤み治療は、別の部位であれば原則として同日に受けられます。同じ部位に赤み治療を受ける場合は2週間あけてください。施術内容やお肌の状態によって前後することがあります。また回答の施術間隔は当院で治療をした方の目安であり、他院で治療をされている場合は直接お電話にてお問い合わせくださいませ。,"ボトックス,赤み治療,ボトックス注射,血管腫レーザー,赤ら顔,間隔,空ける,あける,期間,どのくらい,どれくらい,何週間,何日あける,同日,してから,次の施術"
ボトックス,ボトックス,※4ヶ月,ボトックスとボトックスの間隔／ボトックスとボトックスの間隔は何週間ですか？／ボトックスの後にボトックスはどのくらい空けますか？／ボトックスとボトックスはどのくらい間隔をあけますか？／ボトックスしてからボトックスまではどのくらい期間をあけたらいいですか？／ボトックスの後にボトックスはいつ受けられますか？／ボトックスとボトックスは同日にできますか？,ボトックスを続けて（同じ部位に）受ける場合は4ヶ月あけてください。 効果不足時の追加治療は医師の判断によります。施術内容やお肌の状態によって前後することがあります。また回答の施術間隔は当院で治療をした方の目安であり、他院で治療をされている場合は直接お電話にてお問い合わせくださいませ。,"ボトックス,ボトックス注射,間隔,空ける,あける,期間,どのくらい,どれくらい,何週間,何日あける,同日,してから,次の施術"
ボトックス,ボトックス（マイクロ）,※4ヶ月,ボトックスとボトックス（マイクロ）の間隔／ボトックスとボトックス（マイクロ）の間隔は何週間ですか？／ボトックスの後にボトックス（マイクロ）はどのくらい空けますか？／ボトックスとボトックス（マイクロ）はどのくらい間隔をあけますか？／ボトックスしてからボトックス（マイクロ）まではどのくらい期間をあけたらいいですか？／ボトックスの後にボトックス（マイクロ）はいつ受けられますか？／ボトックスとボトックス（マイクロ）は同日にできますか？,ボトックスとボトックス（マイクロ）は、別の部位であれば原則として同日に受けられます。同じ部位にボトックス（マイクロ）を受ける場合は4ヶ月あけてください。施術内容やお肌の状態によって前後することがあります。また回答の施術間隔は当院で治療をした方の目安であり、他院で治療をされている場合は直接お電話にてお問い合わせくださいませ。,"ボトックス,ボトックス（マイクロ）,ボトックス注射,マイクロボトックス,間隔,空ける,あける,期間,どのくらい,どれくらい,何週間,何日あける,同日,してから,次の施術"
ボトックス,フラルスキン部分シミ,同日可,ボトックスとフラルスキン部分シミの間隔／ボトックスとフラルスキン部分シミの間隔は何週間ですか？／ボトックスの後にフラルスキン部分シミはどのくらい空けますか？／ボトックスとフラルスキン部分シミはどのくらい間隔をあけますか？／ボトックスしてからフラルスキン部分シミまではどのくらい期間をあけたらいいですか？／ボトックスの後にフラルスキン部分シミはいつ受けられますか？／ボトックスとフラルスキン部分シミは同日にできますか？,ボトックスとフラルスキン部分シミは同日に受けられます。施術内容やお肌の状態によって前後することがあります。また回答の施術間隔は当院で治療をした方の目安であり、他院で治療をされている場合は直接お電話にてお問い合わせくださいませ。,"ボトックス,フラルスキン部分シミ,ボトックス注射,間隔,空ける,あける,期間,どのくらい,どれくらい,何週間,何日あける,同日,してから,次の施術"
ボトックス,テノールネオ,2週間,ボトックスとテノールネオの間隔／ボトックスとテノールネオの間隔は何週間ですか？／ボトックスの後にテノールネオはどのくらい空けますか？／ボトックスとテノールネオはどのくらい間隔をあけますか？／ボトックスしてからテノールネオまではどのくらい期間をあけたらいいですか？／ボトックスの後にテノールネオはいつ受けられますか？／ボトックスとテノールネオは同日にできますか？,ボトックスとテノールネオは、別の部位であれば原則として同日に受けられます。同じ部位にテノールネオを受ける場合は2週間あけてください。施術内容やお肌の状態によって前後することがあります。また回答の施術間隔は当院で治療をした方の目安であり、他院で治療をされている場合は直接お電話にてお問い合わせくださいませ。,"ボトックス,テノールネオ,ボトックス注射,テノールNEO,テノール,間隔,空ける,あける,期間,どのくらい,どれくらい,何週間,何日あける,同日,してから,次の施術"
ボトックス,mikoメソッド,2週間,ボトックスとmikoメソッドの間隔／ボトックスとmikoメソッドの間隔は何週間ですか？／ボトックスの後にmikoメソッドはどのくらい空けますか？／ボトックスとmikoメソッドはどのくらい間隔をあけますか？／ボトックスしてからmikoメソッドまではどのくらい期間をあけたらいいですか？／ボトックスの後にmikoメソッドはいつ受けられますか？／ボトックスとmikoメソッドは同日にできますか？,ボトックスとmikoメソッドは、別の部位であれば原則として同日に受けられます。同じ部位にmikoメソッドを受ける場合は2週間あけてください。施術内容やお肌の状態によって前後することがあります。また回答の施術間隔は当院で治療をした方の目安であり、他院で治療をされている場合は直接お電話にてお問い合わせくださいませ。,"ボトックス,mikoメソッド,ボトックス注射,miko,ミコメソッド,首イボ,間隔,空ける,あける,期間,どのくらい,どれくらい,何週間,何日あける,同日,してから,次の施術"
ボトックス,ほくろ切除/ほくろ除去,2週間,ボトックスとほくろ切除/ほくろ除去の間隔／ボトックスとほくろ切除/ほくろ除去の間隔は何週間ですか？／ボトックスの後にほくろ切除/ほくろ除去はどのくらい空けますか？／ボトックスとほくろ切除/ほくろ除去はどのくらい間隔をあけますか？／ボトックスしてからほくろ切除/ほくろ除去まではどのくらい期間をあけたらいいですか？／ボトックスの後にほくろ切除/ほくろ除去はいつ受けられますか？／ボトックスとほくろ切除/ほくろ除去は同日にできますか？,ボトックスとほくろ切除/ほくろ除去は、別の部位であれば原則として同日に受けられます。同じ部位にほくろ切除/ほくろ除去を受ける場合は2週間あけてください。施術内容やお肌の状態によって前後することがあります。また回答の施術間隔は当院で治療をした方の目安であり、他院で治療をされている場合は直接お電話にてお問い合わせくださいませ。,"ボトックス,ほくろ切除/ほくろ除去,ボトックス注射,ほくろ除去,ほくろ,間隔,空ける,あける,期間,どのくらい,どれくらい,何週間,何日あける,同日,してから,次の施術"
ボトックス,ボライト,2週間,ボトックスとボライトの間隔／ボトックスとボライトの間隔は何週間ですか？／ボトックスの後にボライトはどのくらい空けますか？／ボトックスとボライトはどのくらい間隔をあけますか？／ボトックスしてからボライトまではどのくらい期間をあけたらいいですか？／ボトックスの後にボライトはいつ受けられますか？／ボトックスとボライトは同日にできますか？,ボトックスとボライトは、別の部位であれば原則として同日に受けられます。同じ部位にボライトを受ける場合は2週間あけてください。施術内容やお肌の状態によって前後することがあります。また回答の施術間隔は当院で治療をした方の目安であり、他院で治療をされている場合は直接お電話にてお問い合わせくださいませ。,"ボトックス,ボライト,ボトックス注射,間隔,空ける,あける,期間,どのくらい,どれくらい,何週間,何日あける,同日,してから,次の施術"
ボトックス,稗粒腫,2週間,ボトックスと稗粒腫の間隔／ボトックスと稗粒腫の間隔は何週間ですか？／ボトックスの後に稗粒腫はどのくらい空けますか？／ボトックスと稗粒腫はどのくらい間隔をあけますか？／ボトックスしてから稗粒腫まではどのくらい期間をあけたらいいですか？／ボトックスの後に稗粒腫はいつ受けられますか？／ボトックスと稗粒腫は同日にできますか？,ボトックスと稗粒腫は、別の部位であれば原則として同日に受けられます。同じ部位に稗粒腫を受ける場合は2週間あけてください。施術内容やお肌の状態によって前後することがあります。また回答の施術間隔は当院で治療をした方の目安であり、他院で治療をされている場合は直接お電話にてお問い合わせくださいませ。,"ボトックス,稗粒腫,ボトックス注射,間隔,空ける,あける,期間,どのくらい,どれくらい,何週間,何日あける,同日,してから,次の施術"
ボトックス,ヴェルヴェットスキン,1週間,ボトックスとヴェルヴェットスキンの間隔／ボトックスとヴェルヴェットスキンの間隔は何週間ですか？／ボトックスの後にヴェルヴェットスキンはどのくらい空けますか？／ボトックスとヴェルヴェットスキンはどのくらい間隔をあけますか？／ボトックスしてからヴェルヴェットスキンまではどのくらい期間をあけたらいいですか？／ボトックスの後にヴェルヴェットスキンはいつ受けられますか？／ボトックスとヴェルヴェットスキンは同日にできますか？,ボトックスとヴェルヴェットスキンは、別の部位であれば原則として同日に受けられます。同じ部位にヴェルヴェットスキンを受ける場合は1週間あけてください。施術内容やお肌の状態によって前後することがあります。また回答の施術間隔は当院で治療をした方の目安であり、他院で治療をされている場合は直接お電話にてお問い合わせくださいませ。,"ボトックス,ヴェルヴェットスキン,ボトックス注射,ヴェルヴェット,ベルベットスキン,間隔,空ける,あける,期間,どのくらい,どれくらい,何週間,何日あける,同日,してから,次の施術"
ボトックス,ダーマペン,2週間,ボトックスとダーマペンの間隔／ボトックスとダーマペンの間隔は何週間ですか？／ボトックスの後にダーマペンはどのくらい空けますか？／ボトックスとダーマペンはどのくらい間隔をあけますか？／ボトックスしてからダーマペンまではどのくらい期間をあけたらいいですか？／ボトックスの後にダーマペンはいつ受けられますか？／ボトックスとダーマペンは同日にできますか？,ボトックスとダーマペンは、別の部位であれば原則として同日に受けられます。同じ部位にダーマペンを受ける場合は2週間あけてください。施術内容やお肌の状態によって前後することがあります。また回答の施術間隔は当院で治療をした方の目安であり、他院で治療をされている場合は直接お電話にてお問い合わせくださいませ。,"ボトックス,ダーマペン,ボトックス注射,ダーマペン4,間隔,空ける,あける,期間,どのくらい,どれくらい,何週間,何日あける,同日,してから,次の施術"
ボトックス,HARG,（翌日）,ボトックスとHARGの間隔／ボトックスとHARGの間隔は何週間ですか？／ボトックスの後にHARGはどのくらい空けますか？／ボトックスとHARGはどのくらい間隔をあけますか？／ボトックスしてからHARGまではどのくらい期間をあけたらいいですか？／ボトックスの後にHARGはいつ受けられますか？／ボトックスとHARGは同日にできますか？,ボトックスの後にHARG（部位が異なります）は翌日以降であれば受けられます。施術内容やお肌の状態によって前後することがあります。また回答の施術間隔は当院で治療をした方の目安であり、他院で治療をされている場合は直接お電話にてお問い合わせくださいませ。,"ボトックス,HARG,ボトックス注射,ハーグ,HARG療法,間隔,空ける,あける,期間,どのくらい,どれくらい,何週間,何日あける,同日,してから,次の施術"
ボトックス,スカルプ・プラセンタエッセンス,（翌日）,ボトックスとスカルプ・プラセンタエッセンスの間隔／ボトックスとスカルプ・プラセンタエッセンスの間隔は何週間ですか？／ボトックスの後にスカルプ・プラセンタエッセンスはどのくらい空けますか？／ボトックスとスカルプ・プラセンタエッセンスはどのくらい間隔をあけますか？／ボトックスしてからスカルプ・プラセンタエッセンスまではどのくらい期間をあけたらいいですか？／ボトックスの後にスカルプ・プラセンタエッセンスはいつ受けられますか？／ボトックスとスカルプ・プラセンタエッセンスは同日にできますか？,ボトックスの後にスカルプ・プラセンタエッセンス（部位が異なります）は翌日以降であれば受けられます。施術内容やお肌の状態によって前後することがあります。また回答の施術間隔は当院で治療をした方の目安であり、他院で治療をされている場合は直接お電話にてお問い合わせくださいませ。,"ボトックス,スカルプ・プラセンタエッセンス,ボトックス注射,スカルプ,プラセンタ,間隔,空ける,あける,期間,どのくらい,どれくらい,何週間,何日あける,同日,してから,次の施術"
ボトックス,コラーゲンピール,2週間,ボトックスとコラーゲンピールの間隔／ボトックスとコラーゲンピールの間隔は何週間ですか？／ボトックスの後にコラーゲンピールはどのくらい空けますか？／ボトックスとコラーゲンピールはどのくらい間隔をあけますか？／ボトックスしてからコラーゲンピールまではどのくらい期間をあけたらいいですか？／ボトックスの後にコラーゲンピールはいつ受けられますか？／ボトックスとコラーゲンピールは同日にできますか？,ボトックスとコラーゲンピールは、別の部位であれば原則として同日に受けられます。同じ部位にコラーゲンピールを受ける場合は2週間あけてください。施術内容やお肌の状態によって前後することがあります。また回答の施術間隔は当院で治療をした方の目安であり、他院で治療をされている場合は直接お電話にてお問い合わせくださいませ。,"ボトックス,コラーゲンピール,ボトックス注射,マッサージピール,間隔,空ける,あける,期間,どのくらい,どれくらい,何週間,何日あける,同日,してから,次の施術"
ボトックス,サーマクール,2週間,ボトックスとサーマクールの間隔／ボトックスとサーマクールの間隔は何週間ですか？／ボトックスの後にサーマクールはどのくらい空けますか？／ボトックスとサーマクールはどのくらい間隔をあけますか？／ボトックスしてからサーマクールまではどのくらい期間をあけたらいいですか？／ボトックスの後にサーマクールはいつ受けられますか？／ボトックスとサーマクールは同日にできますか？,ボトックスとサーマクールは、別の部位であれば原則として同日に受けられます。同じ部位にサーマクールを受ける場合は2週間あけてください。施術内容やお肌の状態によって前後することがあります。また回答の施術間隔は当院で治療をした方の目安であり、他院で治療をされている場合は直接お電話にてお問い合わせくださいませ。,"ボトックス,サーマクール,ボトックス注射,サーマ,間隔,空ける,あける,期間,どのくらい,どれくらい,何週間,何日あける,同日,してから,次の施術"
ボトックス,脱毛,2週間,ボトックスと脱毛の間隔／ボトックスと脱毛の間隔は何週間ですか？／ボトックスの後に脱毛はどのくらい空けますか？／ボトックスと脱毛はどのくらい間隔をあけますか？／ボトックスしてから脱毛まではどのくらい期間をあけたらいいですか？／ボトックスの後に脱毛はいつ受けられますか？／ボトックスと脱毛は同日にできますか？,ボトックスと脱毛は、別の部位であれば原則として同日に受けられます。同じ部位に脱毛を受ける場合は2週間あけてください。施術内容やお肌の状態によって前後することがあります。また回答の施術間隔は当院で治療をした方の目安であり、他院で治療をされている場合は直接お電話にてお問い合わせくださいませ。,"ボトックス,脱毛,ボトックス注射,医療脱毛,顔脱毛,全身脱毛,VIO脱毛,ひげ脱毛,レーザー脱毛,間隔,空ける,あける,期間,どのくらい,どれくらい,何週間,何日あける,同日,してから,次の施術"
ボトックス,タトゥー,2週間,ボトックスとタトゥーの間隔／ボトックスとタトゥーの間隔は何週間ですか？／ボトックスの後にタトゥーはどのくらい空けますか？／ボトックスとタトゥーはどのくらい間隔をあけますか？／ボトックスしてからタトゥーまではどのくらい期間をあけたらいいですか？／ボトックスの後にタトゥーはいつ受けられますか？／ボトックスとタトゥーは同日にできますか？,ボトックスとタトゥーは、別の部位であれば原則として同日に受けられます。同じ部位にタトゥーを受ける場合は2週間あけてください。施術内容やお肌の状態によって前後することがあります。また回答の施術間隔は当院で治療をした方の目安であり、他院で治療をされている場合は直接お電話にてお問い合わせくださいませ。,"ボトックス,タトゥー,ボトックス注射,刺青,タトゥー除去,間隔,空ける,あける,期間,どのくらい,どれくらい,何週間,何日あける,同日,してから,次の施術"
ボトックス,アートメイク,2週間,ボトックスとアートメイクの間隔／ボトックスとアートメイクの間隔は何週間ですか？／ボトックスの後にアートメイクはどのくらい空けますか？／ボトックスとアートメイクはどのくらい間隔をあけますか？／ボトックスしてからアートメイクまではどのくらい期間をあけたらいいですか？／ボトックスの後にアートメイクはいつ受けられますか？／ボトックスとアートメイクは同日にできますか？,ボトックスとアートメイクは、別の部位であれば原則として同日に受けられます。同じ部位にアートメイクを受ける場合は2週間あけてください。施術内容やお肌の状態によって前後することがあります。また回答の施術間隔は当院で治療をした方の目安であり、他院で治療をされている場合は直接お電話にてお問い合わせくださいませ。,"ボトックス,アートメイク,ボトックス注射,間隔,空ける,あける,期間,どのくらい,どれくらい,何週間,何日あける,同日,してから,次の施術"
ボトックス（マイクロ）,ハイドラジェントル,2週間,ボトックス（マイクロ）とハイドラジェントルの間隔／ボトックス（マイクロ）とハイドラジェントルの間隔は何週間ですか？／ボトックス（マイクロ）の後にハイドラジェントルはどのくらい空けますか？／ボトックス（マイクロ）とハイドラジェントルはどのくらい間隔をあけますか？／ボトックス（マイクロ）してからハイドラジェントルまではどのくらい期間をあけたらいいですか？／ボトックス（マイクロ）の後にハイドラジェントルはいつ受けられますか？／ボトックス（マイクロ）とハイドラジェントルは同日にできますか？,ボトックス（マイクロ）とハイドラジェントルは、別の部位であれば原則として同日に受けられます。同じ部位にハイドラジェントルを受ける場合は2週間あけてください。施術内容やお肌の状態によって前後することがあります。また回答の施術間隔は当院で治療をした方の目安であり、他院で治療をされている場合は直接お電話にてお問い合わせくださいませ。,"ボトックス（マイクロ）,ハイドラジェントル,マイクロボトックス,ハイドラ,間隔,空ける,あける,期間,どのくらい,どれくらい,何週間,何日あける,同日,してから,次の施術"
ボトックス（マイクロ）,ケミカルピーリング,2週間,ボトックス（マイクロ）とケミカルピーリングの間隔／ボトックス（マイクロ）とケミカルピーリングの間隔は何週間ですか？／ボトックス（マイクロ）の後にケミカルピーリングはどのくらい空けますか？／ボトックス（マイクロ）とケミカルピーリングはどのくらい間隔をあけますか？／ボトックス（マイクロ）してからケミカルピーリングまではどのくらい期間をあけたらいいですか？／ボトックス（マイクロ）の後にケミカルピーリングはいつ受けられますか？／ボトックス（マイクロ）とケミカルピーリングは同日にできますか？,ボトックス（マイクロ）とケミカルピーリングは、別の部位であれば原則として同日に受けられます。同じ部位にケミカルピーリングを受ける場合は2週間あけてください。施術内容やお肌の状態によって前後することがあります。また回答の施術間隔は当院で治療をした方の目安であり、他院で治療をされている場合は直接お電話にてお問い合わせくださいませ。,"ボトックス（マイクロ）,ケミカルピーリング,マイクロボトックス,ピーリング,間隔,空ける,あける,期間,どのくらい,どれくらい,何週間,何日あける,同日,してから,次の施術"
ボトックス（マイクロ）,スマートサイドドット（2回目以降）,2週間,ボトックス（マイクロ）とスマートサイドドット（2回目以降）の間隔／ボトックス（マイクロ）とスマートサイドドット（2回目以降）の間隔は何週間ですか？／ボトックス（マイクロ）の後にスマートサイドドット（2回目以降）はどのくらい空けますか？／ボトックス（マイクロ）とスマートサイドドット（2回目以降）はどのくらい間隔をあけますか？／ボトックス（マイクロ）してからスマートサイドドット（2回目以降）まではどのくらい期間をあけたらいいですか？／ボトックス（マイクロ）の後にスマートサイドドット（2回目以降）はいつ受けられますか？／ボトックス（マイクロ）とスマートサイドドット（2回目以降）は同日にできますか？,ボトックス（マイクロ）とスマートサイドドット（2回目以降）は、別の部位であれば原則として同日に受けられます。同じ部位にスマートサイドドット（2回目以降）を受ける場合は2週間あけてください。施術内容やお肌の状態によって前後することがあります。また回答の施術間隔は当院で治療をした方の目安であり、他院で治療をされている場合は直接お電話にてお問い合わせくださいませ。,"ボトックス（マイクロ）,スマートサイドドット（2回目以降）,マイクロボトックス,スマサイ,スマートサイドドット,間隔,空ける,あける,期間,どのくらい,どれくらい,何週間,何日あける,同日,してから,次の施術"
ボトックス（マイクロ）,スマートサイドドット（初回）,2週間,ボトックス（マイクロ）とスマートサイドドット（初回）の間隔／ボトックス（マイクロ）とスマートサイドドット（初回）の間隔は何週間ですか？／ボトックス（マイクロ）の後にスマートサイドドット（初回）はどのくらい空けますか？／ボトックス（マイクロ）とスマートサイドドット（初回）はどのくらい間隔をあけますか？／ボトックス（マイクロ）してからスマートサイドドット（初回）まではどのくらい期間をあけたらいいですか？／ボトックス（マイクロ）の後にスマートサイドドット（初回）はいつ受けられますか？／ボトックス（マイクロ）とスマートサイドドット（初回）は同日にできますか？,ボトックス（マイクロ）とスマートサイドドット（初回）は、別の部位であれば原則として同日に受けられます。同じ部位にスマートサイドドット（初回）を受ける場合は2週間あけてください。施術内容やお肌の状態によって前後することがあります。また回答の施術間隔は当院で治療をした方の目安であり、他院で治療をされている場合は直接お電話にてお問い合わせくださいませ。,"ボトックス（マイクロ）,スマートサイドドット（初回）,マイクロボトックス,スマサイ,スマートサイドドット,間隔,空ける,あける,期間,どのくらい,どれくらい,何週間,何日あける,同日,してから,次の施術"
ボトックス（マイクロ）,イボレーザー/CO2レーザー,2週間,ボトックス（マイクロ）とイボレーザー/CO2レーザーの間隔／ボトックス（マイクロ）とイボレーザー/CO2レーザーの間隔は何週間ですか？／ボトックス（マイクロ）の後にイボレーザー/CO2レーザーはどのくらい空けますか？／ボトックス（マイクロ）とイボレーザー/CO2レーザーはどのくらい間隔をあけますか？／ボトックス（マイクロ）してからイボレーザー/CO2レーザーまではどのくらい期間をあけたらいいですか？／ボトックス（マイクロ）の後にイボレーザー/CO2レーザーはいつ受けられますか？／ボトックス（マイクロ）とイボレーザー/CO2レーザーは同日にできますか？,ボトックス（マイクロ）とイボレーザー/CO2レーザーは、別の部位であれば原則として同日に受けられます。同じ部位にイボレーザー/CO2レーザーを受ける場合は2週間あけてください。施術内容やお肌の状態によって前後することがあります。また回答の施術間隔は当院で治療をした方の目安であり、他院で治療をされている場合は直接お電話にてお問い合わせくださいませ。,"ボトックス（マイクロ）,イボレーザー/CO2レーザー,マイクロボトックス,炭酸ガスレーザー,CO2レーザー,イボ取り,いぼレーザー,間隔,空ける,あける,期間,どのくらい,どれくらい,何週間,何日あける,同日,してから,次の施術"
ボトックス（マイクロ）,シミ取りレーザー,2週間,ボトックス（マイクロ）とシミ取りレーザーの間隔／ボトックス（マイクロ）とシミ取りレーザーの間隔は何週間ですか？／ボトックス（マイクロ）の後にシミ取りレーザーはどのくらい空けますか？／ボトックス（マイクロ）とシミ取りレーザーはどのくらい間隔をあけますか？／ボトックス（マイクロ）してからシミ取りレーザーまではどのくらい期間をあけたらいいですか？／ボトックス（マイクロ）の後にシミ取りレーザーはいつ受けられますか？／ボトックス（マイクロ）とシミ取りレーザーは同日にできますか？,ボトックス（マイクロ）とシミ取りレーザーは、別の部位であれば原則として同日に受けられます。同じ部位にシミ取りレーザーを受ける場合は2週間あけてください。施術内容やお肌の状態によって前後することがあります。また回答の施術間隔は当院で治療をした方の目安であり、他院で治療をされている場合は直接お電話にてお問い合わせくださいませ。,"ボトックス（マイクロ）,シミ取りレーザー,マイクロボトックス,シミレーザー,シミ取り,間隔,空ける,あける,期間,どのくらい,どれくらい,何週間,何日あける,同日,してから,次の施術"
ボトックス（マイクロ）,ADM/ピコレーザ,2週間,ボトックス（マイクロ）とADM/ピコレーザの間隔／ボトックス（マイクロ）とADM/ピコレーザの間隔は何週間ですか？／ボトックス（マイクロ）の後にADM/ピコレーザはどのくらい空けますか？／ボトックス（マイクロ）とADM/ピコレーザはどのくらい間隔をあけますか？／ボトックス（マイクロ）してからADM/ピコレーザまではどのくらい期間をあけたらいいですか？／ボトックス（マイクロ）の後にADM/ピコレーザはいつ受けられますか？／ボトックス（マイクロ）とADM/ピコレーザは同日にできますか？,ボトックス（マイクロ）とADM/ピコレーザは、別の部位であれば原則として同日に受けられます。同じ部位にADM/ピコレーザを受ける場合は2週間あけてください。施術内容やお肌の状態によって前後することがあります。また回答の施術間隔は当院で治療をした方の目安であり、他院で治療をされている場合は直接お電話にてお問い合わせくださいませ。,"ボトックス（マイクロ）,ADM/ピコレーザ,マイクロボトックス,ADMレーザー,ピコレーザー,ADM,間隔,空ける,あける,期間,どのくらい,どれくらい,何週間,何日あける,同日,してから,次の施術"
ボトックス（マイクロ）,ADM/ナノレーザー,2週間,ボトックス（マイクロ）とADM/ナノレーザーの間隔／ボトックス（マイクロ）とADM/ナノレーザーの間隔は何週間ですか？／ボトックス（マイクロ）の後にADM/ナノレーザーはどのくらい空けますか？／ボトックス（マイクロ）とADM/ナノレーザーはどのくらい間隔をあけますか？／ボトックス（マイクロ）してからADM/ナノレーザーまではどのくらい期間をあけたらいいですか？／ボトックス（マイクロ）の後にADM/ナノレーザーはいつ受けられますか？／ボトックス（マイクロ）とADM/ナノレーザーは同日にできますか？,ボトックス（マイクロ）とADM/ナノレーザーは、別の部位であれば原則として同日に受けられます。同じ部位にADM/ナノレーザーを受ける場合は2週間あけてください。施術内容やお肌の状態によって前後することがあります。また回答の施術間隔は当院で治療をした方の目安であり、他院で治療をされている場合は直接お電話にてお問い合わせくださいませ。,"ボトックス（マイクロ）,ADM/ナノレーザー,マイクロボトックス,ADMレーザー,ナノレーザー,ADM,間隔,空ける,あける,期間,どのくらい,どれくらい,何週間,何日あける,同日,してから,次の施術"
ボトックス（マイクロ）,レーザートーニング,2週間,ボトックス（マイクロ）とレーザートーニングの間隔／ボトックス（マイクロ）とレーザートーニングの間隔は何週間ですか？／ボトックス（マイクロ）の後にレーザートーニングはどのくらい空けますか？／ボトックス（マイクロ）とレーザートーニングはどのくらい間隔をあけますか？／ボトックス（マイクロ）してからレーザートーニングまではどのくらい期間をあけたらいいですか？／ボトックス（マイクロ）の後にレーザートーニングはいつ受けられますか？／ボトックス（マイクロ）とレーザートーニングは同日にできますか？,ボトックス（マイクロ）とレーザートーニングは、別の部位であれば原則として同日に受けられます。同じ部位にレーザートーニングを受ける場合は2週間あけてください。施術内容やお肌の状態によって前後することがあります。また回答の施術間隔は当院で治療をした方の目安であり、他院で治療をされている場合は直接お電話にてお問い合わせくださいませ。,"ボトックス（マイクロ）,レーザートーニング,マイクロボトックス,トーニング,間隔,空ける,あける,期間,どのくらい,どれくらい,何週間,何日あける,同日,してから,次の施術"
ボトックス（マイクロ）,ピコトーニング,2週間,ボトックス（マイクロ）とピコトーニングの間隔／ボトックス（マイクロ）とピコトーニングの間隔は何週間ですか？／ボトックス（マイクロ）の後にピコトーニングはどのくらい空けますか？／ボトックス（マイクロ）とピコトーニングはどのくらい間隔をあけますか？／ボトックス（マイクロ）してからピコトーニングまではどのくらい期間をあけたらいいですか？／ボトックス（マイクロ）の後にピコトーニングはいつ受けられますか？／ボトックス（マイクロ）とピコトーニングは同日にできますか？,ボトックス（マイクロ）とピコトーニングは、別の部位であれば原則として同日に受けられます。同じ部位にピコトーニングを受ける場合は2週間あけてください。施術内容やお肌の状態によって前後することがあります。また回答の施術間隔は当院で治療をした方の目安であり、他院で治療をされている場合は直接お電話にてお問い合わせくださいませ。,"ボトックス（マイクロ）,ピコトーニング,マイクロボトックス,トーニング,ピコ,間隔,空ける,あける,期間,どのくらい,どれくらい,何週間,何日あける,同日,してから,次の施術"
ボトックス（マイクロ）,ピコフラクショナル,2週間,ボトックス（マイクロ）とピコフラクショナルの間隔／ボトックス（マイクロ）とピコフラクショナルの間隔は何週間ですか？／ボトックス（マイクロ）の後にピコフラクショナルはどのくらい空けますか？／ボトックス（マイクロ）とピコフラクショナルはどのくらい間隔をあけますか？／ボトックス（マイクロ）してからピコフラクショナルまではどのくらい期間をあけたらいいですか？／ボトックス（マイクロ）の後にピコフラクショナルはいつ受けられますか？／ボトックス（マイクロ）とピコフラクショナルは同日にできますか？,ボトックス（マイクロ）とピコフラクショナルは、別の部位であれば原則として同日に受けられます。同じ部位にピコフラクショナルを受ける場合は2週間あけてください。施術内容やお肌の状態によって前後することがあります。また回答の施術間隔は当院で治療をした方の目安であり、他院で治療をされている場合は直接お電話にてお問い合わせくださいませ。,"ボトックス（マイクロ）,ピコフラクショナル,マイクロボトックス,フラクショナル,間隔,空ける,あける,期間,どのくらい,どれくらい,何週間,何日あける,同日,してから,次の施術"
ボトックス（マイクロ）,そばかすシャワー,2週間,ボトックス（マイクロ）とそばかすシャワーの間隔／ボトックス（マイクロ）とそばかすシャワーの間隔は何週間ですか？／ボトックス（マイクロ）の後にそばかすシャワーはどのくらい空けますか？／ボトックス（マイクロ）とそばかすシャワーはどのくらい間隔をあけますか？／ボトックス（マイクロ）してからそばかすシャワーまではどのくらい期間をあけたらいいですか？／ボトックス（マイクロ）の後にそばかすシャワーはいつ受けられますか？／ボトックス（マイクロ）とそばかすシャワーは同日にできますか？,ボトックス（マイクロ）とそばかすシャワーは、別の部位であれば原則として同日に受けられます。同じ部位にそばかすシャワーを受ける場合は2週間あけてください。施術内容やお肌の状態によって前後することがあります。また回答の施術間隔は当院で治療をした方の目安であり、他院で治療をされている場合は直接お電話にてお問い合わせくださいませ。,"ボトックス（マイクロ）,そばかすシャワー,マイクロボトックス,そばかす,間隔,空ける,あける,期間,どのくらい,どれくらい,何週間,何日あける,同日,してから,次の施術"
ボトックス（マイクロ）,そばかすスポット,2週間,ボトックス（マイクロ）とそばかすスポットの間隔／ボトックス（マイクロ）とそばかすスポットの間隔は何週間ですか？／ボトックス（マイクロ）の後にそばかすスポットはどのくらい空けますか？／ボトックス（マイクロ）とそばかすスポットはどのくらい間隔をあけますか？／ボトックス（マイクロ）してからそばかすスポットまではどのくらい期間をあけたらいいですか？／ボトックス（マイクロ）の後にそばかすスポットはいつ受けられますか？／ボトックス（マイクロ）とそばかすスポットは同日にできますか？,ボトックス（マイクロ）とそばかすスポットは、別の部位であれば原則として同日に受けられます。同じ部位にそばかすスポットを受ける場合は2週間あけてください。施術内容やお肌の状態によって前後することがあります。また回答の施術間隔は当院で治療をした方の目安であり、他院で治療をされている場合は直接お電話にてお問い合わせくださいませ。,"ボトックス（マイクロ）,そばかすスポット,マイクロボトックス,そばかす,間隔,空ける,あける,期間,どのくらい,どれくらい,何週間,何日あける,同日,してから,次の施術"
ボトックス（マイクロ）,フォト/光治療,2週間,ボトックス（マイクロ）とフォト/光治療の間隔／ボトックス（マイクロ）とフォト/光治療の間隔は何週間ですか？／ボトックス（マイクロ）の後にフォト/光治療はどのくらい空けますか？／ボトックス（マイクロ）とフォト/光治療はどのくらい間隔をあけますか？／ボトックス（マイクロ）してからフォト/光治療まではどのくらい期間をあけたらいいですか？／ボトックス（マイクロ）の後にフォト/光治療はいつ受けられますか？／ボトックス（マイクロ）とフォト/光治療は同日にできますか？,ボトックス（マイクロ）とフォト/光治療は、別の部位であれば原則として同日に受けられます。同じ部位にフォト/光治療を受ける場合は2週間あけてください。施術内容やお肌の状態によって前後することがあります。また回答の施術間隔は当院で治療をした方の目安であり、他院で治療をされている場合は直接お電話にてお問い合わせくださいませ。,"ボトックス（マイクロ）,フォト/光治療,マイクロボトックス,フォトフェイシャル,フォト,光治療,IPL,間隔,空ける,あける,期間,どのくらい,どれくらい,何週間,何日あける,同日,してから,次の施術"
ボトックス（マイクロ）,赤み治療,2週間,ボトックス（マイクロ）と赤み治療の間隔／ボトックス（マイクロ）と赤み治療の間隔は何週間ですか？／ボトックス（マイクロ）の後に赤み治療はどのくらい空けますか？／ボトックス（マイクロ）と赤み治療はどのくらい間隔をあけますか？／ボトックス（マイクロ）してから赤み治療まではどのくらい期間をあけたらいいですか？／ボトックス（マイクロ）の後に赤み治療はいつ受けられますか？／ボトックス（マイクロ）と赤み治療は同日にできますか？,ボトックス（マイクロ）と赤み治療は、別の部位であれば原則として同日に受けられます。同じ部位に赤み治療を受ける場合は2週間あけてください。施術内容やお肌の状態によって前後することがあります。また回答の施術間隔は当院で治療をした方の目安であり、他院で治療をされている場合は直接お電話にてお問い合わせくださいませ。,"ボトックス（マイクロ）,赤み治療,マイクロボトックス,血管腫レーザー,赤ら顔,間隔,空ける,あける,期間,どのくらい,どれくらい,何週間,何日あける,同日,してから,次の施術"
ボトックス（マイクロ）,ボトックス,※3ヶ月,ボトックス（マイクロ）とボトックスの間隔／ボトックス（マイクロ）とボトックスの間隔は何週間ですか？／ボトックス（マイクロ）の後にボトックスはどのくらい空けますか？／ボトックス（マイクロ）とボトックスはどのくらい間隔をあけますか？／ボトックス（マイクロ）してからボトックスまではどのくらい期間をあけたらいいですか？／ボトックス（マイクロ）の後にボトックスはいつ受けられますか？／ボトックス（マイクロ）とボトックスは同日にできますか？,ボトックス（マイクロ）とボトックスは、別の部位であれば原則として同日に受けられます。同じ部位にボトックスを受ける場合は3ヶ月あけてください。施術内容やお肌の状態によって前後することがあります。また回答の施術間隔は当院で治療をした方の目安であり、他院で治療をされている場合は直接お電話にてお問い合わせくださいませ。,"ボトックス（マイクロ）,ボトックス,マイクロボトックス,ボトックス注射,間隔,空ける,あける,期間,どのくらい,どれくらい,何週間,何日あける,同日,してから,次の施術"
ボトックス（マイクロ）,ボトックス（マイクロ）,※3ヶ月,ボトックス（マイクロ）とボトックス（マイクロ）の間隔／ボトックス（マイクロ）とボトックス（マイクロ）の間隔は何週間ですか？／ボトックス（マイクロ）の後にボトックス（マイクロ）はどのくらい空けますか？／ボトックス（マイクロ）とボトックス（マイクロ）はどのくらい間隔をあけますか？／ボトックス（マイクロ）してからボトックス（マイクロ）まではどのくらい期間をあけたらいいですか？／ボトックス（マイクロ）の後にボトックス（マイクロ）はいつ受けられますか？／ボトックス（マイクロ）とボトックス（マイクロ）は同日にできますか？,ボトックス（マイクロ）を続けて（同じ部位に）受ける場合は3ヶ月あけてください。施術内容やお肌の状態によって前後することがあります。また回答の施術間隔は当院で治療をした方の目安であり、他院で治療をされている場合は直接お電話にてお問い合わせくださいませ。,"ボトックス（マイクロ）,マイクロボトックス,間隔,空ける,あける,期間,どのくらい,どれくらい,何週間,何日あける,同日,してから,次の施術"
ボトックス（マイクロ）,フラルスキン部分シミ,同日可,ボトックス（マイクロ）とフラルスキン部分シミの間隔／ボトックス（マイクロ）とフラルスキン部分シミの間隔は何週間ですか？／ボトックス（マイクロ）の後にフラルスキン部分シミはどのくらい空けますか？／ボトックス（マイクロ）とフラルスキン部分シミはどのくらい間隔をあけますか？／ボトックス（マイクロ）してからフラルスキン部分シミまではどのくらい期間をあけたらいいですか？／ボトックス（マイクロ）の後にフラルスキン部分シミはいつ受けられますか？／ボトックス（マイクロ）とフラルスキン部分シミは同日にできますか？,ボトックス（マイクロ）とフラルスキン部分シミは同日に受けられます。施術内容やお肌の状態によって前後することがあります。また回答の施術間隔は当院で治療をした方の目安であり、他院で治療をされている場合は直接お電話にてお問い合わせくださいませ。,"ボトックス（マイクロ）,フラルスキン部分シミ,マイクロボトックス,間隔,空ける,あける,期間,どのくらい,どれくらい,何週間,何日あける,同日,してから,次の施術"
ボトックス（マイクロ）,テノールネオ,2週間,ボトックス（マイクロ）とテノールネオの間隔／ボトックス（マイクロ）とテノールネオの間隔は何週間ですか？／ボトックス（マイクロ）の後にテノールネオはどのくらい空けますか？／ボトックス（マイクロ）とテノールネオはどのくらい間隔をあけますか？／ボトックス（マイクロ）してからテノールネオまではどのくらい期間をあけたらいいですか？／ボトックス（マイクロ）の後にテノールネオはいつ受けられますか？／ボトックス（マイクロ）とテノールネオは同日にできますか？,ボトックス（マイクロ）とテノールネオは、別の部位であれば原則として同日に受けられます。同じ部位にテノールネオを受ける場合は2週間あけてください。施術内容やお肌の状態によって前後することがあります。また回答の施術間隔は当院で治療をした方の目安であり、他院で治療をされている場合は直接お電話にてお問い合わせくださいませ。,"ボトックス（マイクロ）,テノールネオ,マイクロボトックス,テノールNEO,テノール,間隔,空ける,あける,期間,どのくらい,どれくらい,何週間,何日あける,同日,してから,次の施術"
ボトックス（マイクロ）,mikoメソッド,2週間,ボトックス（マイクロ）とmikoメソッドの間隔／ボトックス（マイクロ）とmikoメソッドの間隔は何週間ですか？／ボトックス（マイクロ）の後にmikoメソッドはどのくらい空けますか？／ボトックス（マイクロ）とmikoメソッドはどのくらい間隔をあけますか？／ボトックス（マイクロ）してからmikoメソッドまではどのくらい期間をあけたらいいですか？／ボトックス（マイクロ）の後にmikoメソッドはいつ受けられますか？／ボトックス（マイクロ）とmikoメソッドは同日にできますか？,ボトックス（マイクロ）とmikoメソッドは、別の部位であれば原則として同日に受けられます。同じ部位にmikoメソッドを受ける場合は2週間あけてください。施術内容やお肌の状態によって前後することがあります。また回答の施術間隔は当院で治療をした方の目安であり、他院で治療をされている場合は直接お電話にてお問い合わせくださいませ。,"ボトックス（マイクロ）,mikoメソッド,マイクロボトックス,miko,ミコメソッド,首イボ,間隔,空ける,あける,期間,どのくらい,どれくらい,何週間,何日あける,同日,してから,次の施術"
ボトックス（マイクロ）,ほくろ切除/ほくろ除去,2週間,ボトックス（マイクロ）とほくろ切除/ほくろ除去の間隔／ボトックス（マイクロ）とほくろ切除/ほくろ除去の間隔は何週間ですか？／ボトックス（マイクロ）の後にほくろ切除/ほくろ除去はどのくらい空けますか？／ボトックス（マイクロ）とほくろ切除/ほくろ除去はどのくらい間隔をあけますか？／ボトックス（マイクロ）してからほくろ切除/ほくろ除去まではどのくらい期間をあけたらいいですか？／ボトックス（マイクロ）の後にほくろ切除/ほくろ除去はいつ受けられますか？／ボトックス（マイクロ）とほくろ切除/ほくろ除去は同日にできますか？,ボトックス（マイクロ）とほくろ切除/ほくろ除去は、別の部位であれば原則として同日に受けられます。同じ部位にほくろ切除/ほくろ除去を受ける場合は2週間あけてください。施術内容やお肌の状態によって前後することがあります。また回答の施術間隔は当院で治療をした方の目安であり、他院で治療をされている場合は直接お電話にてお問い合わせくださいませ。,"ボトックス（マイクロ）,ほくろ切除/ほくろ除去,マイクロボトックス,ほくろ除去,ほくろ,間隔,空ける,あける,期間,どのくらい,どれくらい,何週間,何日あける,同日,してから,次の施術"
ボトックス（マイクロ）,ボライト,2週間,ボトックス（マイクロ）とボライトの間隔／ボトックス（マイクロ）とボライトの間隔は何週間ですか？／ボトックス（マイクロ）の後にボライトはどのくらい空けますか？／ボトックス（マイクロ）とボライトはどのくらい間隔をあけますか？／ボトックス（マイクロ）してからボライトまではどのくらい期間をあけたらいいですか？／ボトックス（マイクロ）の後にボライトはいつ受けられますか？／ボトックス（マイクロ）とボライトは同日にできますか？,ボトックス（マイクロ）とボライトは、別の部位であれば原則として同日に受けられます。同じ部位にボライトを受ける場合は2週間あけてください。施術内容やお肌の状態によって前後することがあります。また回答の施術間隔は当院で治療をした方の目安であり、他院で治療をされている場合は直接お電話にてお問い合わせくださいませ。,"ボトックス（マイクロ）,ボライト,マイクロボトックス,間隔,空ける,あける,期間,どのくらい,どれくらい,何週間,何日あける,同日,してから,次の施術"
ボトックス（マイクロ）,稗粒腫,2週間,ボトックス（マイクロ）と稗粒腫の間隔／ボトックス（マイクロ）と稗粒腫の間隔は何週間ですか？／ボトックス（マイクロ）の後に稗粒腫はどのくらい空けますか？／ボトックス（マイクロ）と稗粒腫はどのくらい間隔をあけますか？／ボトックス（マイクロ）してから稗粒腫まではどのくらい期間をあけたらいいですか？／ボトックス（マイクロ）の後に稗粒腫はいつ受けられますか？／ボトックス（マイクロ）と稗粒腫は同日にできますか？,ボトックス（マイクロ）と稗粒腫は、別の部位であれば原則として同日に受けられます。同じ部位に稗粒腫を受ける場合は2週間あけてください。施術内容やお肌の状態によって前後することがあります。また回答の施術間隔は当院で治療をした方の目安であり、他院で治療をされている場合は直接お電話にてお問い合わせくださいませ。,"ボトックス（マイクロ）,稗粒腫,マイクロボトックス,間隔,空ける,あける,期間,どのくらい,どれくらい,何週間,何日あける,同日,してから,次の施術"
ボトックス（マイクロ）,ヴェルヴェットスキン,1週間,ボトックス（マイクロ）とヴェルヴェットスキンの間隔／ボトックス（マイクロ）とヴェルヴェットスキンの間隔は何週間ですか？／ボトックス（マイクロ）の後にヴェルヴェットスキンはどのくらい空けますか？／ボトックス（マイクロ）とヴェルヴェットスキンはどのくらい間隔をあけますか？／ボトックス（マイクロ）してからヴェルヴェットスキンまではどのくらい期間をあけたらいいですか？／ボトックス（マイクロ）の後にヴェルヴェットスキンはいつ受けられますか？／ボトックス（マイクロ）とヴェルヴェットスキンは同日にできますか？,ボトックス（マイクロ）とヴェルヴェットスキンは、別の部位であれば原則として同日に受けられます。同じ部位にヴェルヴェットスキンを受ける場合は1週間あけてください。施術内容やお肌の状態によって前後することがあります。また回答の施術間隔は当院で治療をした方の目安であり、他院で治療をされている場合は直接お電話にてお問い合わせくださいませ。,"ボトックス（マイクロ）,ヴェルヴェットスキン,マイクロボトックス,ヴェルヴェット,ベルベットスキン,間隔,空ける,あける,期間,どのくらい,どれくらい,何週間,何日あける,同日,してから,次の施術"
ボトックス（マイクロ）,ダーマペン,2週間,ボトックス（マイクロ）とダーマペンの間隔／ボトックス（マイクロ）とダーマペンの間隔は何週間ですか？／ボトックス（マイクロ）の後にダーマペンはどのくらい空けますか？／ボトックス（マイクロ）とダーマペンはどのくらい間隔をあけますか？／ボトックス（マイクロ）してからダーマペンまではどのくらい期間をあけたらいいですか？／ボトックス（マイクロ）の後にダーマペンはいつ受けられますか？／ボトックス（マイクロ）とダーマペンは同日にできますか？,ボトックス（マイクロ）とダーマペンは、別の部位であれば原則として同日に受けられます。同じ部位にダーマペンを受ける場合は2週間あけてください。施術内容やお肌の状態によって前後することがあります。また回答の施術間隔は当院で治療をした方の目安であり、他院で治療をされている場合は直接お電話にてお問い合わせくださいませ。,"ボトックス（マイクロ）,ダーマペン,マイクロボトックス,ダーマペン4,間隔,空ける,あける,期間,どのくらい,どれくらい,何週間,何日あける,同日,してから,次の施術"
ボトックス（マイクロ）,HARG,（翌日）,ボトックス（マイクロ）とHARGの間隔／ボトックス（マイクロ）とHARGの間隔は何週間ですか？／ボトックス（マイクロ）の後にHARGはどのくらい空けますか？／ボトックス（マイクロ）とHARGはどのくらい間隔をあけますか？／ボトックス（マイクロ）してからHARGまではどのくらい期間をあけたらいいですか？／ボトックス（マイクロ）の後にHARGはいつ受けられますか？／ボトックス（マイクロ）とHARGは同日にできますか？,ボトックス（マイクロ）の後にHARG（部位が異なります）は翌日以降であれば受けられます。施術内容やお肌の状態によって前後することがあります。また回答の施術間隔は当院で治療をした方の目安であり、他院で治療をされている場合は直接お電話にてお問い合わせくださいませ。,"ボトックス（マイクロ）,HARG,マイクロボトックス,ハーグ,HARG療法,間隔,空ける,あける,期間,どのくらい,どれくらい,何週間,何日あける,同日,してから,次の施術"
ボトックス（マイクロ）,スカルプ・プラセンタエッセンス,（翌日）,ボトックス（マイクロ）とスカルプ・プラセンタエッセンスの間隔／ボトックス（マイクロ）とスカルプ・プラセンタエッセンスの間隔は何週間ですか？／ボトックス（マイクロ）の後にスカルプ・プラセンタエッセンスはどのくらい空けますか？／ボトックス（マイクロ）とスカルプ・プラセンタエッセンスはどのくらい間隔をあけますか？／ボトックス（マイクロ）してからスカルプ・プラセンタエッセンスまではどのくらい期間をあけたらいいですか？／ボトックス（マイクロ）の後にスカルプ・プラセンタエッセンスはいつ受けられますか？／ボトックス（マイクロ）とスカルプ・プラセンタエッセンスは同日にできますか？,ボトックス（マイクロ）の後にスカルプ・プラセンタエッセンス（部位が異なります）は翌日以降であれば受けられます。施術内容やお肌の状態によって前後することがあります。また回答の施術間隔は当院で治療をした方の目安であり、他院で治療をされている場合は直接お電話にてお問い合わせくださいませ。,"ボトックス（マイクロ）,スカルプ・プラセンタエッセンス,マイクロボトックス,スカルプ,プラセンタ,間隔,空ける,あける,期間,どのくらい,どれくらい,何週間,何日あける,同日,してから,次の施術"
ボトックス（マイクロ）,コラーゲンピール,2週間,ボトックス（マイクロ）とコラーゲンピールの間隔／ボトックス（マイクロ）とコラーゲンピールの間隔は何週間ですか？／ボトックス（マイクロ）の後にコラーゲンピールはどのくらい空けますか？／ボトックス（マイクロ）とコラーゲンピールはどのくらい間隔をあけますか？／ボトックス（マイクロ）してからコラーゲンピールまではどのくらい期間をあけたらいいですか？／ボトックス（マイクロ）の後にコラーゲンピールはいつ受けられますか？／ボトックス（マイクロ）とコラーゲンピールは同日にできますか？,ボトックス（マイクロ）とコラーゲンピールは、別の部位であれば原則として同日に受けられます。同じ部位にコラーゲンピールを受ける場合は2週間あけてください。施術内容やお肌の状態によって前後することがあります。また回答の施術間隔は当院で治療をした方の目安であり、他院で治療をされている場合は直接お電話にてお問い合わせくださいませ。,"ボトックス（マイクロ）,コラーゲンピール,マイクロボトックス,マッサージピール,間隔,空ける,あける,期間,どのくらい,どれくらい,何週間,何日あける,同日,してから,次の施術"
ボトックス（マイクロ）,サーマクール,2週間,ボトックス（マイクロ）とサーマクールの間隔／ボトックス（マイクロ）とサーマクールの間隔は何週間ですか？／ボトックス（マイクロ）の後にサーマクールはどのくらい空けますか？／ボトックス（マイクロ）とサーマクールはどのくらい間隔をあけますか？／ボトックス（マイクロ）してからサーマクールまではどのくらい期間をあけたらいいですか？／ボトックス（マイクロ）の後にサーマクールはいつ受けられますか？／ボトックス（マイクロ）とサーマクールは同日にできますか？,ボトックス（マイクロ）とサーマクールは、別の部位であれば原則として同日に受けられます。同じ部位にサーマクールを受ける場合は2週間あけてください。施術内容やお肌の状態によって前後することがあります。また回答の施術間隔は当院で治療をした方の目安であり、他院で治療をされている場合は直接お電話にてお問い合わせくださいませ。,"ボトックス（マイクロ）,サーマクール,マイクロボトックス,サーマ,間隔,空ける,あける,期間,どのくらい,どれくらい,何週間,何日あける,同日,してから,次の施術"
ボトックス（マイクロ）,脱毛,2週間,ボトックス（マイクロ）と脱毛の間隔／ボトックス（マイクロ）と脱毛の間隔は何週間ですか？／ボトックス（マイクロ）の後に脱毛はどのくらい空けますか？／ボトックス（マイクロ）と脱毛はどのくらい間隔をあけますか？／ボトックス（マイクロ）してから脱毛まではどのくらい期間をあけたらいいですか？／ボトックス（マイクロ）の後に脱毛はいつ受けられますか？／ボトックス（マイクロ）と脱毛は同日にできますか？,ボトックス（マイクロ）と脱毛は、別の部位であれば原則として同日に受けられます。同じ部位に脱毛を受ける場合は2週間あけてください。施術内容やお肌の状態によって前後することがあります。また回答の施術間隔は当院で治療をした方の目安であり、他院で治療をされている場合は直接お電話にてお問い合わせくださいませ。,"ボトックス（マイクロ）,脱毛,マイクロボトックス,医療脱毛,顔脱毛,全身脱毛,VIO脱毛,ひげ脱毛,レーザー脱毛,間隔,空ける,あける,期間,どのくらい,どれくらい,何週間,何日あける,同日,してから,次の施術"
ボトックス（マイクロ）,タトゥー,2週間,ボトックス（マイクロ）とタトゥーの間隔／ボトックス（マイクロ）とタトゥーの間隔は何週間ですか？／ボトックス（マイクロ）の後にタトゥーはどのくらい空けますか？／ボトックス（マイクロ）とタトゥーはどのくらい間隔をあけますか？／ボトックス（マイクロ）してからタトゥーまではどのくらい期間をあけたらいいですか？／ボトックス（マイクロ）の後にタトゥーはいつ受けられますか？／ボトックス（マイクロ）とタトゥーは同日にできますか？,ボトックス（マイクロ）とタトゥーは、別の部位であれば原則として同日に受けられます。同じ部位にタトゥーを受ける場合は2週間あけてください。施術内容やお肌の状態によって前後することがあります。また回答の施術間隔は当院で治療をした方の目安であり、他院で治療をされている場合は直接お電話にてお問い合わせくださいませ。,"ボトックス（マイクロ）,タトゥー,マイクロボトックス,刺青,タトゥー除去,間隔,空ける,あける,期間,どのくらい,どれくらい,何週間,何日あける,同日,してから,次の施術"
ボトックス（マイクロ）,アートメイク,2週間,ボトックス（マイクロ）とアートメイクの間隔／ボトックス（マイクロ）とアートメイクの間隔は何週間ですか？／ボトックス（マイクロ）の後にアートメイクはどのくらい空けますか？／ボトックス（マイクロ）とアートメイクはどのくらい間隔をあけますか？／ボトックス（マイクロ）してからアートメイクまではどのくらい期間をあけたらいいですか？／ボトックス（マイクロ）の後にアートメイクはいつ受けられますか？／ボトックス（マイクロ）とアートメイクは同日にできますか？,ボトックス（マイクロ）とアートメイクは、別の部位であれば原則として同日に受けられます。同じ部位にアートメイクを受ける場合は2週間あけてください。施術内容やお肌の状態によって前後することがあります。また回答の施術間隔は当院で治療をした方の目安であり、他院で治療をされている場合は直接お電話にてお問い合わせくださいませ。,"ボトックス（マイクロ）,アートメイク,マイクロボトックス,間隔,空ける,あける,期間,どのくらい,どれくらい,何週間,何日あける,同日,してから,次の施術"
テノールネオ,ハイドラジェントル,翌日,テノールネオとハイドラジェントルの間隔／テノールネオとハイドラジェントルの間隔は何週間ですか？／テノールネオの後にハイドラジェントルはどのくらい空けますか？／テノールネオとハイドラジェントルはどのくらい間隔をあけますか？／テノールネオしてからハイドラジェントルまではどのくらい期間をあけたらいいですか？／テノールネオの後にハイドラジェントルはいつ受けられますか？／テノールネオとハイドラジェントルは同日にできますか？,テノールネオの後にハイドラジェントルは翌日以降であれば受けられます。施術内容やお肌の状態によって前後することがあります。また回答の施術間隔は当院で治療をした方の目安であり、他院で治療をされている場合は直接お電話にてお問い合わせくださいませ。,"テノールネオ,ハイドラジェントル,テノールNEO,テノール,ハイドラ,間隔,空ける,あける,期間,どのくらい,どれくらい,何週間,何日あける,同日,してから,次の施術"
テノールネオ,ケミカルピーリング,翌日,テノールネオとケミカルピーリングの間隔／テノールネオとケミカルピーリングの間隔は何週間ですか？／テノールネオの後にケミカルピーリングはどのくらい空けますか？／テノールネオとケミカルピーリングはどのくらい間隔をあけますか？／テノールネオしてからケミカルピーリングまではどのくらい期間をあけたらいいですか？／テノールネオの後にケミカルピーリングはいつ受けられますか？／テノールネオとケミカルピーリングは同日にできますか？,テノールネオの後にケミカルピーリングは翌日以降であれば受けられます。施術内容やお肌の状態によって前後することがあります。また回答の施術間隔は当院で治療をした方の目安であり、他院で治療をされている場合は直接お電話にてお問い合わせくださいませ。,"テノールネオ,ケミカルピーリング,テノールNEO,テノール,ピーリング,間隔,空ける,あける,期間,どのくらい,どれくらい,何週間,何日あける,同日,してから,次の施術"
テノールネオ,スマートサイドドット（2回目以降）,同日可,テノールネオとスマートサイドドット（2回目以降）の間隔／テノールネオとスマートサイドドット（2回目以降）の間隔は何週間ですか？／テノールネオの後にスマートサイドドット（2回目以降）はどのくらい空けますか？／テノールネオとスマートサイドドット（2回目以降）はどのくらい間隔をあけますか？／テノールネオしてからスマートサイドドット（2回目以降）まではどのくらい期間をあけたらいいですか？／テノールネオの後にスマートサイドドット（2回目以降）はいつ受けられますか？／テノールネオとスマートサイドドット（2回目以降）は同日にできますか？,テノールネオとスマートサイドドット（2回目以降）は同日に受けられます。施術内容やお肌の状態によって前後することがあります。また回答の施術間隔は当院で治療をした方の目安であり、他院で治療をされている場合は直接お電話にてお問い合わせくださいませ。,"テノールネオ,スマートサイドドット（2回目以降）,テノールNEO,テノール,スマサイ,スマートサイドドット,間隔,空ける,あける,期間,どのくらい,どれくらい,何週間,何日あける,同日,してから,次の施術"
テノールネオ,スマートサイドドット（初回）,同日可,テノールネオとスマートサイドドット（初回）の間隔／テノールネオとスマートサイドドット（初回）の間隔は何週間ですか？／テノールネオの後にスマートサイドドット（初回）はどのくらい空けますか？／テノールネオとスマートサイドドット（初回）はどのくらい間隔をあけますか？／テノールネオしてからスマートサイドドット（初回）まではどのくらい期間をあけたらいいですか？／テノールネオの後にスマートサイドドット（初回）はいつ受けられますか？／テノールネオとスマートサイドドット（初回）は同日にできますか？,テノールネオとスマートサイドドット（初回）は同日に受けられます。施術内容やお肌の状態によって前後することがあります。また回答の施術間隔は当院で治療をした方の目安であり、他院で治療をされている場合は直接お電話にてお問い合わせくださいませ。,"テノールネオ,スマートサイドドット（初回）,テノールNEO,テノール,スマサイ,スマートサイドドット,間隔,空ける,あける,期間,どのくらい,どれくらい,何週間,何日あける,同日,してから,次の施術"
テノールネオ,イボレーザー/CO2レーザー,同日可,テノールネオとイボレーザー/CO2レーザーの間隔／テノールネオとイボレーザー/CO2レーザーの間隔は何週間ですか？／テノールネオの後にイボレーザー/CO2レーザーはどのくらい空けますか？／テノールネオとイボレーザー/CO2レーザーはどのくらい間隔をあけますか？／テノールネオしてからイボレーザー/CO2レーザーまではどのくらい期間をあけたらいいですか？／テノールネオの後にイボレーザー/CO2レーザーはいつ受けられますか？／テノールネオとイボレーザー/CO2レーザーは同日にできますか？,テノールネオとイボレーザー/CO2レーザーは同日に受けられます。施術内容やお肌の状態によって前後することがあります。また回答の施術間隔は当院で治療をした方の目安であり、他院で治療をされている場合は直接お電話にてお問い合わせくださいませ。,"テノールネオ,イボレーザー/CO2レーザー,テノールNEO,テノール,炭酸ガスレーザー,CO2レーザー,イボ取り,いぼレーザー,間隔,空ける,あける,期間,どのくらい,どれくらい,何週間,何日あける,同日,してから,次の施術"
テノールネオ,シミ取りレーザー,同日可,テノールネオとシミ取りレーザーの間隔／テノールネオとシミ取りレーザーの間隔は何週間ですか？／テノールネオの後にシミ取りレーザーはどのくらい空けますか？／テノールネオとシミ取りレーザーはどのくらい間隔をあけますか？／テノールネオしてからシミ取りレーザーまではどのくらい期間をあけたらいいですか？／テノールネオの後にシミ取りレーザーはいつ受けられますか？／テノールネオとシミ取りレーザーは同日にできますか？,テノールネオとシミ取りレーザーは同日に受けられます。施術内容やお肌の状態によって前後することがあります。また回答の施術間隔は当院で治療をした方の目安であり、他院で治療をされている場合は直接お電話にてお問い合わせくださいませ。,"テノールネオ,シミ取りレーザー,テノールNEO,テノール,シミレーザー,シミ取り,間隔,空ける,あける,期間,どのくらい,どれくらい,何週間,何日あける,同日,してから,次の施術"
テノールネオ,ADM/ピコレーザ,同日可,テノールネオとADM/ピコレーザの間隔／テノールネオとADM/ピコレーザの間隔は何週間ですか？／テノールネオの後にADM/ピコレーザはどのくらい空けますか？／テノールネオとADM/ピコレーザはどのくらい間隔をあけますか？／テノールネオしてからADM/ピコレーザまではどのくらい期間をあけたらいいですか？／テノールネオの後にADM/ピコレーザはいつ受けられますか？／テノールネオとADM/ピコレーザは同日にできますか？,テノールネオとADM/ピコレーザは同日に受けられます。施術内容やお肌の状態によって前後することがあります。また回答の施術間隔は当院で治療をした方の目安であり、他院で治療をされている場合は直接お電話にてお問い合わせくださいませ。,"テノールネオ,ADM/ピコレーザ,テノールNEO,テノール,ADMレーザー,ピコレーザー,ADM,間隔,空ける,あける,期間,どのくらい,どれくらい,何週間,何日あける,同日,してから,次の施術"
テノールネオ,ADM/ナノレーザー,同日可,テノールネオとADM/ナノレーザーの間隔／テノールネオとADM/ナノレーザーの間隔は何週間ですか？／テノールネオの後にADM/ナノレーザーはどのくらい空けますか？／テノールネオとADM/ナノレーザーはどのくらい間隔をあけますか？／テノールネオしてからADM/ナノレーザーまではどのくらい期間をあけたらいいですか？／テノールネオの後にADM/ナノレーザーはいつ受けられますか？／テノールネオとADM/ナノレーザーは同日にできますか？,テノールネオとADM/ナノレーザーは同日に受けられます。施術内容やお肌の状態によって前後することがあります。また回答の施術間隔は当院で治療をした方の目安であり、他院で治療をされている場合は直接お電話にてお問い合わせくださいませ。,"テノールネオ,ADM/ナノレーザー,テノールNEO,テノール,ADMレーザー,ナノレーザー,ADM,間隔,空ける,あける,期間,どのくらい,どれくらい,何週間,何日あける,同日,してから,次の施術"
テノールネオ,レーザートーニング,1週間※会員/回数券同日可,テノールネオとレーザートーニングの間隔／テノールネオとレーザートーニングの間隔は何週間ですか？／テノールネオの後にレーザートーニングはどのくらい空けますか？／テノールネオとレーザートーニングはどのくらい間隔をあけますか？／テノールネオしてからレーザートーニングまではどのくらい期間をあけたらいいですか？／テノールネオの後にレーザートーニングはいつ受けられますか？／テノールネオとレーザートーニングは同日にできますか？,テノールネオの後にレーザートーニングは通常1週間あけますが、会員・回数券をご利用の場合は同日に受けられます。施術内容やお肌の状態によって前後することがあります。また回答の施術間隔は当院で治療をした方の目安であり、他院で治療をされている場合は直接お電話にてお問い合わせくださいませ。,"テノールネオ,レーザートーニング,テノールNEO,テノール,トーニング,間隔,空ける,あける,期間,どのくらい,どれくらい,何週間,何日あける,同日,してから,次の施術"
テノールネオ,ピコトーニング,2週間※会員/回数券同日可,テノールネオとピコトーニングの間隔／テノールネオとピコトーニングの間隔は何週間ですか？／テノールネオの後にピコトーニングはどのくらい空けますか？／テノールネオとピコトーニングはどのくらい間隔をあけますか？／テノールネオしてからピコトーニングまではどのくらい期間をあけたらいいですか？／テノールネオの後にピコトーニングはいつ受けられますか？／テノールネオとピコトーニングは同日にできますか？,テノールネオの後にピコトーニングは通常2週間あけますが、会員・回数券をご利用の場合は同日に受けられます。施術内容やお肌の状態によって前後することがあります。また回答の施術間隔は当院で治療をした方の目安であり、他院で治療をされている場合は直接お電話にてお問い合わせくださいませ。,"テノールネオ,ピコトーニング,テノールNEO,テノール,トーニング,ピコ,間隔,空ける,あける,期間,どのくらい,どれくらい,何週間,何日あける,同日,してから,次の施術"
テノールネオ,ピコフラクショナル,2週間,テノールネオとピコフラクショナルの間隔／テノールネオとピコフラクショナルの間隔は何週間ですか？／テノールネオの後にピコフラクショナルはどのくらい空けますか？／テノールネオとピコフラクショナルはどのくらい間隔をあけますか？／テノールネオしてからピコフラクショナルまではどのくらい期間をあけたらいいですか？／テノールネオの後にピコフラクショナルはいつ受けられますか？／テノールネオとピコフラクショナルは同日にできますか？,テノールネオとピコフラクショナルは、別の部位であれば原則として同日に受けられます。同じ部位にピコフラクショナルを受ける場合は2週間あけてください。施術内容やお肌の状態によって前後することがあります。また回答の施術間隔は当院で治療をした方の目安であり、他院で治療をされている場合は直接お電話にてお問い合わせくださいませ。,"テノールネオ,ピコフラクショナル,テノールNEO,テノール,フラクショナル,間隔,空ける,あける,期間,どのくらい,どれくらい,何週間,何日あける,同日,してから,次の施術"
テノールネオ,そばかすシャワー,2週間,テノールネオとそばかすシャワーの間隔／テノールネオとそばかすシャワーの間隔は何週間ですか？／テノールネオの後にそばかすシャワーはどのくらい空けますか？／テノールネオとそばかすシャワーはどのくらい間隔をあけますか？／テノールネオしてからそばかすシャワーまではどのくらい期間をあけたらいいですか？／テノールネオの後にそばかすシャワーはいつ受けられますか？／テノールネオとそばかすシャワーは同日にできますか？,テノールネオとそばかすシャワーは、別の部位であれば原則として同日に受けられます。同じ部位にそばかすシャワーを受ける場合は2週間あけてください。施術内容やお肌の状態によって前後することがあります。また回答の施術間隔は当院で治療をした方の目安であり、他院で治療をされている場合は直接お電話にてお問い合わせくださいませ。,"テノールネオ,そばかすシャワー,テノールNEO,テノール,そばかす,間隔,空ける,あける,期間,どのくらい,どれくらい,何週間,何日あける,同日,してから,次の施術"
テノールネオ,そばかすスポット,2週間,テノールネオとそばかすスポットの間隔／テノールネオとそばかすスポットの間隔は何週間ですか？／テノールネオの後にそばかすスポットはどのくらい空けますか？／テノールネオとそばかすスポットはどのくらい間隔をあけますか？／テノールネオしてからそばかすスポットまではどのくらい期間をあけたらいいですか？／テノールネオの後にそばかすスポットはいつ受けられますか？／テノールネオとそばかすスポットは同日にできますか？,テノールネオとそばかすスポットは、別の部位であれば原則として同日に受けられます。同じ部位にそばかすスポットを受ける場合は2週間あけてください。施術内容やお肌の状態によって前後することがあります。また回答の施術間隔は当院で治療をした方の目安であり、他院で治療をされている場合は直接お電話にてお問い合わせくださいませ。,"テノールネオ,そばかすスポット,テノールNEO,テノール,そばかす,間隔,空ける,あける,期間,どのくらい,どれくらい,何週間,何日あける,同日,してから,次の施術"
テノールネオ,フォト/光治療,1週間,テノールネオとフォト/光治療の間隔／テノールネオとフォト/光治療の間隔は何週間ですか？／テノールネオの後にフォト/光治療はどのくらい空けますか？／テノールネオとフォト/光治療はどのくらい間隔をあけますか？／テノールネオしてからフォト/光治療まではどのくらい期間をあけたらいいですか？／テノールネオの後にフォト/光治療はいつ受けられますか？／テノールネオとフォト/光治療は同日にできますか？,テノールネオとフォト/光治療は、別の部位であれば原則として同日に受けられます。同じ部位にフォト/光治療を受ける場合は1週間あけてください。施術内容やお肌の状態によって前後することがあります。また回答の施術間隔は当院で治療をした方の目安であり、他院で治療をされている場合は直接お電話にてお問い合わせくださいませ。,"テノールネオ,フォト/光治療,テノールNEO,テノール,フォトフェイシャル,フォト,光治療,IPL,間隔,空ける,あける,期間,どのくらい,どれくらい,何週間,何日あける,同日,してから,次の施術"
テノールネオ,赤み治療,1週間,テノールネオと赤み治療の間隔／テノールネオと赤み治療の間隔は何週間ですか？／テノールネオの後に赤み治療はどのくらい空けますか？／テノールネオと赤み治療はどのくらい間隔をあけますか？／テノールネオしてから赤み治療まではどのくらい期間をあけたらいいですか？／テノールネオの後に赤み治療はいつ受けられますか？／テノールネオと赤み治療は同日にできますか？,テノールネオと赤み治療は、別の部位であれば原則として同日に受けられます。同じ部位に赤み治療を受ける場合は1週間あけてください。施術内容やお肌の状態によって前後することがあります。また回答の施術間隔は当院で治療をした方の目安であり、他院で治療をされている場合は直接お電話にてお問い合わせくださいませ。,"テノールネオ,赤み治療,テノールNEO,テノール,血管腫レーザー,赤ら顔,間隔,空ける,あける,期間,どのくらい,どれくらい,何週間,何日あける,同日,してから,次の施術"
テノールネオ,ボトックス,冷やして同日可※,テノールネオとボトックスの間隔／テノールネオとボトックスの間隔は何週間ですか？／テノールネオの後にボトックスはどのくらい空けますか？／テノールネオとボトックスはどのくらい間隔をあけますか？／テノールネオしてからボトックスまではどのくらい期間をあけたらいいですか？／テノールネオの後にボトックスはいつ受けられますか？／テノールネオとボトックスは同日にできますか？,テノールネオの後にボトックスは、冷却を行えば同日に受けられます。施術内容やお肌の状態によって前後することがあります。また回答の施術間隔は当院で治療をした方の目安であり、他院で治療をされている場合は直接お電話にてお問い合わせくださいませ。,"テノールネオ,ボトックス,テノールNEO,テノール,ボトックス注射,間隔,空ける,あける,期間,どのくらい,どれくらい,何週間,何日あける,同日,してから,次の施術"
テノールネオ,ボトックス（マイクロ）,冷やして同日可※,テノールネオとボトックス（マイクロ）の間隔／テノールネオとボトックス（マイクロ）の間隔は何週間ですか？／テノールネオの後にボトックス（マイクロ）はどのくらい空けますか？／テノールネオとボトックス（マイクロ）はどのくらい間隔をあけますか？／テノールネオしてからボトックス（マイクロ）まではどのくらい期間をあけたらいいですか？／テノールネオの後にボトックス（マイクロ）はいつ受けられますか？／テノールネオとボトックス（マイクロ）は同日にできますか？,テノールネオの後にボトックス（マイクロ）は、冷却を行えば同日に受けられます。施術内容やお肌の状態によって前後することがあります。また回答の施術間隔は当院で治療をした方の目安であり、他院で治療をされている場合は直接お電話にてお問い合わせくださいませ。,"テノールネオ,ボトックス（マイクロ）,テノールNEO,テノール,マイクロボトックス,間隔,空ける,あける,期間,どのくらい,どれくらい,何週間,何日あける,同日,してから,次の施術"
テノールネオ,フラルスキン部分シミ,開始：1週間再開：直後,テノールネオとフラルスキン部分シミの間隔／テノールネオとフラルスキン部分シミの間隔は何週間ですか？／テノールネオの後にフラルスキン部分シミはどのくらい空けますか？／テノールネオとフラルスキン部分シミはどのくらい間隔をあけますか？／テノールネオしてからフラルスキン部分シミまではどのくらい期間をあけたらいいですか？／テノールネオの後にフラルスキン部分シミはいつ受けられますか？／テノールネオとフラルスキン部分シミは同日にできますか？,テノールネオの後にフラルスキン部分シミを始める場合は1週間、再開の場合は直後から受けられます。施術内容やお肌の状態によって前後することがあります。また回答の施術間隔は当院で治療をした方の目安であり、他院で治療をされている場合は直接お電話にてお問い合わせくださいませ。,"テノールネオ,フラルスキン部分シミ,テノールNEO,テノール,間隔,空ける,あける,期間,どのくらい,どれくらい,何週間,何日あける,同日,してから,次の施術"
テノールネオ,テノールネオ,2週間,テノールネオとテノールネオの間隔／テノールネオとテノールネオの間隔は何週間ですか？／テノールネオの後にテノールネオはどのくらい空けますか？／テノールネオとテノールネオはどのくらい間隔をあけますか？／テノールネオしてからテノールネオまではどのくらい期間をあけたらいいですか？／テノールネオの後にテノールネオはいつ受けられますか？／テノールネオとテノールネオは同日にできますか？,テノールネオを続けて（同じ部位に）受ける場合は2週間あけてください。施術内容やお肌の状態によって前後することがあります。また回答の施術間隔は当院で治療をした方の目安であり、他院で治療をされている場合は直接お電話にてお問い合わせくださいませ。,"テノールネオ,テノールNEO,テノール,間隔,空ける,あける,期間,どのくらい,どれくらい,何週間,何日あける,同日,してから,次の施術"
テノールネオ,mikoメソッド,同日可,テノールネオとmikoメソッドの間隔／テノールネオとmikoメソッドの間隔は何週間ですか？／テノールネオの後にmikoメソッドはどのくらい空けますか？／テノールネオとmikoメソッドはどのくらい間隔をあけますか？／テノールネオしてからmikoメソッドまではどのくらい期間をあけたらいいですか？／テノールネオの後にmikoメソッドはいつ受けられますか？／テノールネオとmikoメソッドは同日にできますか？,テノールネオとmikoメソッドは同日に受けられます。施術内容やお肌の状態によって前後することがあります。また回答の施術間隔は当院で治療をした方の目安であり、他院で治療をされている場合は直接お電話にてお問い合わせくださいませ。,"テノールネオ,mikoメソッド,テノールNEO,テノール,miko,ミコメソッド,首イボ,間隔,空ける,あける,期間,どのくらい,どれくらい,何週間,何日あける,同日,してから,次の施術"
テノールネオ,ほくろ切除/ほくろ除去,同日可,テノールネオとほくろ切除/ほくろ除去の間隔／テノールネオとほくろ切除/ほくろ除去の間隔は何週間ですか？／テノールネオの後にほくろ切除/ほくろ除去はどのくらい空けますか？／テノールネオとほくろ切除/ほくろ除去はどのくらい間隔をあけますか？／テノールネオしてからほくろ切除/ほくろ除去まではどのくらい期間をあけたらいいですか？／テノールネオの後にほくろ切除/ほくろ除去はいつ受けられますか？／テノールネオとほくろ切除/ほくろ除去は同日にできますか？,テノールネオとほくろ切除/ほくろ除去は同日に受けられます。施術内容やお肌の状態によって前後することがあります。また回答の施術間隔は当院で治療をした方の目安であり、他院で治療をされている場合は直接お電話にてお問い合わせくださいませ。,"テノールネオ,ほくろ切除/ほくろ除去,テノールNEO,テノール,ほくろ除去,ほくろ,間隔,空ける,あける,期間,どのくらい,どれくらい,何週間,何日あける,同日,してから,次の施術"
テノールネオ,ボライト,1週間,テノールネオとボライトの間隔／テノールネオとボライトの間隔は何週間ですか？／テノールネオの後にボライトはどのくらい空けますか？／テノールネオとボライトはどのくらい間隔をあけますか？／テノールネオしてからボライトまではどのくらい期間をあけたらいいですか？／テノールネオの後にボライトはいつ受けられますか？／テノールネオとボライトは同日にできますか？,テノールネオとボライトは、別の部位であれば原則として同日に受けられます。同じ部位にボライトを受ける場合は1週間あけてください。施術内容やお肌の状態によって前後することがあります。また回答の施術間隔は当院で治療をした方の目安であり、他院で治療をされている場合は直接お電話にてお問い合わせくださいませ。,"テノールネオ,ボライト,テノールNEO,テノール,間隔,空ける,あける,期間,どのくらい,どれくらい,何週間,何日あける,同日,してから,次の施術"
テノールネオ,稗粒腫,同日可,テノールネオと稗粒腫の間隔／テノールネオと稗粒腫の間隔は何週間ですか？／テノールネオの後に稗粒腫はどのくらい空けますか？／テノールネオと稗粒腫はどのくらい間隔をあけますか？／テノールネオしてから稗粒腫まではどのくらい期間をあけたらいいですか？／テノールネオの後に稗粒腫はいつ受けられますか？／テノールネオと稗粒腫は同日にできますか？,テノールネオと稗粒腫は同日に受けられます。施術内容やお肌の状態によって前後することがあります。また回答の施術間隔は当院で治療をした方の目安であり、他院で治療をされている場合は直接お電話にてお問い合わせくださいませ。,"テノールネオ,稗粒腫,テノールNEO,テノール,間隔,空ける,あける,期間,どのくらい,どれくらい,何週間,何日あける,同日,してから,次の施術"
テノールネオ,ヴェルヴェットスキン,1週間,テノールネオとヴェルヴェットスキンの間隔／テノールネオとヴェルヴェットスキンの間隔は何週間ですか？／テノールネオの後にヴェルヴェットスキンはどのくらい空けますか？／テノールネオとヴェルヴェットスキンはどのくらい間隔をあけますか？／テノールネオしてからヴェルヴェットスキンまではどのくらい期間をあけたらいいですか？／テノールネオの後にヴェルヴェットスキンはいつ受けられますか？／テノールネオとヴェルヴェットスキンは同日にできますか？,テノールネオとヴェルヴェットスキンは、別の部位であれば原則として同日に受けられます。同じ部位にヴェルヴェットスキンを受ける場合は1週間あけてください。施術内容やお肌の状態によって前後することがあります。また回答の施術間隔は当院で治療をした方の目安であり、他院で治療をされている場合は直接お電話にてお問い合わせくださいませ。,"テノールネオ,ヴェルヴェットスキン,テノールNEO,テノール,ヴェルヴェット,ベルベットスキン,間隔,空ける,あける,期間,どのくらい,どれくらい,何週間,何日あける,同日,してから,次の施術"
テノールネオ,ダーマペン,1週間,テノールネオとダーマペンの間隔／テノールネオとダーマペンの間隔は何週間ですか？／テノールネオの後にダーマペンはどのくらい空けますか？／テノールネオとダーマペンはどのくらい間隔をあけますか？／テノールネオしてからダーマペンまではどのくらい期間をあけたらいいですか？／テノールネオの後にダーマペンはいつ受けられますか？／テノールネオとダーマペンは同日にできますか？,テノールネオとダーマペンは、別の部位であれば原則として同日に受けられます。同じ部位にダーマペンを受ける場合は1週間あけてください。施術内容やお肌の状態によって前後することがあります。また回答の施術間隔は当院で治療をした方の目安であり、他院で治療をされている場合は直接お電話にてお問い合わせくださいませ。,"テノールネオ,ダーマペン,テノールNEO,テノール,ダーマペン4,間隔,空ける,あける,期間,どのくらい,どれくらい,何週間,何日あける,同日,してから,次の施術"
テノールネオ,HARG,（翌日）,テノールネオとHARGの間隔／テノールネオとHARGの間隔は何週間ですか？／テノールネオの後にHARGはどのくらい空けますか？／テノールネオとHARGはどのくらい間隔をあけますか？／テノールネオしてからHARGまではどのくらい期間をあけたらいいですか？／テノールネオの後にHARGはいつ受けられますか？／テノールネオとHARGは同日にできますか？,テノールネオの後にHARG（部位が異なります）は翌日以降であれば受けられます。施術内容やお肌の状態によって前後することがあります。また回答の施術間隔は当院で治療をした方の目安であり、他院で治療をされている場合は直接お電話にてお問い合わせくださいませ。,"テノールネオ,HARG,テノールNEO,テノール,ハーグ,HARG療法,間隔,空ける,あける,期間,どのくらい,どれくらい,何週間,何日あける,同日,してから,次の施術"
テノールネオ,スカルプ・プラセンタエッセンス,（翌日）,テノールネオとスカルプ・プラセンタエッセンスの間隔／テノールネオとスカルプ・プラセンタエッセンスの間隔は何週間ですか？／テノールネオの後にスカルプ・プラセンタエッセンスはどのくらい空けますか？／テノールネオとスカルプ・プラセンタエッセンスはどのくらい間隔をあけますか？／テノールネオしてからスカルプ・プラセンタエッセンスまではどのくらい期間をあけたらいいですか？／テノールネオの後にスカルプ・プラセンタエッセンスはいつ受けられますか？／テノールネオとスカルプ・プラセンタエッセンスは同日にできますか？,テノールネオの後にスカルプ・プラセンタエッセンス（部位が異なります）は翌日以降であれば受けられます。施術内容やお肌の状態によって前後することがあります。また回答の施術間隔は当院で治療をした方の目安であり、他院で治療をされている場合は直接お電話にてお問い合わせくださいませ。,"テノールネオ,スカルプ・プラセンタエッセンス,テノールNEO,テノール,スカルプ,プラセンタ,間隔,空ける,あける,期間,どのくらい,どれくらい,何週間,何日あける,同日,してから,次の施術"
テノールネオ,コラーゲンピール,翌日,テノールネオとコラーゲンピールの間隔／テノールネオとコラーゲンピールの間隔は何週間ですか？／テノールネオの後にコラーゲンピールはどのくらい空けますか？／テノールネオとコラーゲンピールはどのくらい間隔をあけますか？／テノールネオしてからコラーゲンピールまではどのくらい期間をあけたらいいですか？／テノールネオの後にコラーゲンピールはいつ受けられますか？／テノールネオとコラーゲンピールは同日にできますか？,テノールネオの後にコラーゲンピールは翌日以降であれば受けられます。施術内容やお肌の状態によって前後することがあります。また回答の施術間隔は当院で治療をした方の目安であり、他院で治療をされている場合は直接お電話にてお問い合わせくださいませ。,"テノールネオ,コラーゲンピール,テノールNEO,テノール,マッサージピール,間隔,空ける,あける,期間,どのくらい,どれくらい,何週間,何日あける,同日,してから,次の施術"
テノールネオ,サーマクール,2週間,テノールネオとサーマクールの間隔／テノールネオとサーマクールの間隔は何週間ですか？／テノールネオの後にサーマクールはどのくらい空けますか？／テノールネオとサーマクールはどのくらい間隔をあけますか？／テノールネオしてからサーマクールまではどのくらい期間をあけたらいいですか？／テノールネオの後にサーマクールはいつ受けられますか？／テノールネオとサーマクールは同日にできますか？,テノールネオとサーマクールは、別の部位であれば原則として同日に受けられます。同じ部位にサーマクールを受ける場合は2週間あけてください。施術内容やお肌の状態によって前後することがあります。また回答の施術間隔は当院で治療をした方の目安であり、他院で治療をされている場合は直接お電話にてお問い合わせくださいませ。,"テノールネオ,サーマクール,テノールNEO,テノール,サーマ,間隔,空ける,あける,期間,どのくらい,どれくらい,何週間,何日あける,同日,してから,次の施術"
テノールネオ,脱毛,1週間,テノールネオと脱毛の間隔／テノールネオと脱毛の間隔は何週間ですか？／テノールネオの後に脱毛はどのくらい空けますか？／テノールネオと脱毛はどのくらい間隔をあけますか？／テノールネオしてから脱毛まではどのくらい期間をあけたらいいですか？／テノールネオの後に脱毛はいつ受けられますか？／テノールネオと脱毛は同日にできますか？,テノールネオと脱毛は、別の部位であれば原則として同日に受けられます。同じ部位に脱毛を受ける場合は1週間あけてください。施術内容やお肌の状態によって前後することがあります。また回答の施術間隔は当院で治療をした方の目安であり、他院で治療をされている場合は直接お電話にてお問い合わせくださいませ。,"テノールネオ,脱毛,テノールNEO,テノール,医療脱毛,顔脱毛,全身脱毛,VIO脱毛,ひげ脱毛,レーザー脱毛,間隔,空ける,あける,期間,どのくらい,どれくらい,何週間,何日あける,同日,してから,次の施術"
テノールネオ,タトゥー,1週間,テノールネオとタトゥーの間隔／テノールネオとタトゥーの間隔は何週間ですか？／テノールネオの後にタトゥーはどのくらい空けますか？／テノールネオとタトゥーはどのくらい間隔をあけますか？／テノールネオしてからタトゥーまではどのくらい期間をあけたらいいですか？／テノールネオの後にタトゥーはいつ受けられますか？／テノールネオとタトゥーは同日にできますか？,テノールネオとタトゥーは、別の部位であれば原則として同日に受けられます。同じ部位にタトゥーを受ける場合は1週間あけてください。施術内容やお肌の状態によって前後することがあります。また回答の施術間隔は当院で治療をした方の目安であり、他院で治療をされている場合は直接お電話にてお問い合わせくださいませ。,"テノールネオ,タトゥー,テノールNEO,テノール,刺青,タトゥー除去,間隔,空ける,あける,期間,どのくらい,どれくらい,何週間,何日あける,同日,してから,次の施術"
テノールネオ,アートメイク,同日可,テノールネオとアートメイクの間隔／テノールネオとアートメイクの間隔は何週間ですか？／テノールネオの後にアートメイクはどのくらい空けますか？／テノールネオとアートメイクはどのくらい間隔をあけますか？／テノールネオしてからアートメイクまではどのくらい期間をあけたらいいですか？／テノールネオの後にアートメイクはいつ受けられますか？／テノールネオとアートメイクは同日にできますか？,テノールネオとアートメイクは同日に受けられます。施術内容やお肌の状態によって前後することがあります。また回答の施術間隔は当院で治療をした方の目安であり、他院で治療をされている場合は直接お電話にてお問い合わせくださいませ。,"テノールネオ,アートメイク,テノールNEO,テノール,間隔,空ける,あける,期間,どのくらい,どれくらい,何週間,何日あける,同日,してから,次の施術"
フラルスキン（トレチ）,ハイドラジェントル,トレチのみ1週間,フラルスキン（トレチ）とハイドラジェントルの間隔／フラルスキン（トレチ）とハイドラジェントルの間隔は何週間ですか？／フラルスキン（トレチ）の後にハイドラジェントルはどのくらい空けますか？／フラルスキン（トレチ）とハイドラジェントルはどのくらい間隔をあけますか？／フラルスキン（トレチ）してからハイドラジェントルまではどのくらい期間をあけたらいいですか？／フラルスキン（トレチ）の後にハイドラジェントルはいつ受けられますか？／フラルスキン（トレチ）とハイドラジェントルは同日にできますか？,ハイドラジェントルでトレチノインを使用する場合のみ1週間あけてください（使用しない場合は医師の指示に従ってください）。施術内容やお肌の状態によって前後することがあります。また回答の施術間隔は当院で治療をした方の目安であり、他院で治療をされている場合は直接お電話にてお問い合わせくださいませ。,"フラルスキン（トレチ）,ハイドラジェントル,フラルスキン,トレチ,ハイドラ,間隔,空ける,あける,期間,どのくらい,どれくらい,何週間,何日あける,同日,してから,次の施術"
フラルスキン（トレチ）,ケミカルピーリング,トレチのみ1週間,フラルスキン（トレチ）とケミカルピーリングの間隔／フラルスキン（トレチ）とケミカルピーリングの間隔は何週間ですか？／フラルスキン（トレチ）の後にケミカルピーリングはどのくらい空けますか？／フラルスキン（トレチ）とケミカルピーリングはどのくらい間隔をあけますか？／フラルスキン（トレチ）してからケミカルピーリングまではどのくらい期間をあけたらいいですか？／フラルスキン（トレチ）の後にケミカルピーリングはいつ受けられますか？／フラルスキン（トレチ）とケミカルピーリングは同日にできますか？,ケミカルピーリングでトレチノインを使用する場合のみ1週間あけてください（使用しない場合は医師の指示に従ってください）。施術内容やお肌の状態によって前後することがあります。また回答の施術間隔は当院で治療をした方の目安であり、他院で治療をされている場合は直接お電話にてお問い合わせくださいませ。,"フラルスキン（トレチ）,ケミカルピーリング,フラルスキン,トレチ,ピーリング,間隔,空ける,あける,期間,どのくらい,どれくらい,何週間,何日あける,同日,してから,次の施術"
フラルスキン（トレチ）,スマートサイドドット（2回目以降）,トレチのみ1週間,フラルスキン（トレチ）とスマートサイドドット（2回目以降）の間隔／フラルスキン（トレチ）とスマートサイドドット（2回目以降）の間隔は何週間ですか？／フラルスキン（トレチ）の後にスマートサイドドット（2回目以降）はどのくらい空けますか？／フラルスキン（トレチ）とスマートサイドドット（2回目以降）はどのくらい間隔をあけますか？／フラルスキン（トレチ）してからスマートサイドドット（2回目以降）まではどのくらい期間をあけたらいいですか？／フラルスキン（トレチ）の後にスマートサイドドット（2回目以降）はいつ受けられますか？／フラルスキン（トレチ）とスマートサイドドット（2回目以降）は同日にできますか？,スマートサイドドット（2回目以降）でトレチノインを使用する場合のみ1週間あけてください（使用しない場合は医師の指示に従ってください）。施術内容やお肌の状態によって前後することがあります。また回答の施術間隔は当院で治療をした方の目安であり、他院で治療をされている場合は直接お電話にてお問い合わせくださいませ。,"フラルスキン（トレチ）,スマートサイドドット（2回目以降）,フラルスキン,トレチ,スマサイ,スマートサイドドット,間隔,空ける,あける,期間,どのくらい,どれくらい,何週間,何日あける,同日,してから,次の施術"
フラルスキン（トレチ）,スマートサイドドット（初回）,トレチのみ1週間,フラルスキン（トレチ）とスマートサイドドット（初回）の間隔／フラルスキン（トレチ）とスマートサイドドット（初回）の間隔は何週間ですか？／フラルスキン（トレチ）の後にスマートサイドドット（初回）はどのくらい空けますか？／フラルスキン（トレチ）とスマートサイドドット（初回）はどのくらい間隔をあけますか？／フラルスキン（トレチ）してからスマートサイドドット（初回）まではどのくらい期間をあけたらいいですか？／フラルスキン（トレチ）の後にスマートサイドドット（初回）はいつ受けられますか？／フラルスキン（トレチ）とスマートサイドドット（初回）は同日にできますか？,スマートサイドドット（初回）でトレチノインを使用する場合のみ1週間あけてください（使用しない場合は医師の指示に従ってください）。施術内容やお肌の状態によって前後することがあります。また回答の施術間隔は当院で治療をした方の目安であり、他院で治療をされている場合は直接お電話にてお問い合わせくださいませ。,"フラルスキン（トレチ）,スマートサイドドット（初回）,フラルスキン,トレチ,スマサイ,スマートサイドドット,間隔,空ける,あける,期間,どのくらい,どれくらい,何週間,何日あける,同日,してから,次の施術"
フラルスキン（トレチ）,イボレーザー/CO2レーザー,トレチのみ1週間,フラルスキン（トレチ）とイボレーザー/CO2レーザーの間隔／フラルスキン（トレチ）とイボレーザー/CO2レーザーの間隔は何週間ですか？／フラルスキン（トレチ）の後にイボレーザー/CO2レーザーはどのくらい空けますか？／フラルスキン（トレチ）とイボレーザー/CO2レーザーはどのくらい間隔をあけますか？／フラルスキン（トレチ）してからイボレーザー/CO2レーザーまではどのくらい期間をあけたらいいですか？／フラルスキン（トレチ）の後にイボレーザー/CO2レーザーはいつ受けられますか？／フラルスキン（トレチ）とイボレーザー/CO2レーザーは同日にできますか？,イボレーザー/CO2レーザーでトレチノインを使用する場合のみ1週間あけてください（使用しない場合は医師の指示に従ってください）。施術内容やお肌の状態によって前後することがあります。また回答の施術間隔は当院で治療をした方の目安であり、他院で治療をされている場合は直接お電話にてお問い合わせくださいませ。,"フラルスキン（トレチ）,イボレーザー/CO2レーザー,フラルスキン,トレチ,炭酸ガスレーザー,CO2レーザー,イボ取り,いぼレーザー,間隔,空ける,あける,期間,どのくらい,どれくらい,何週間,何日あける,同日,してから,次の施術"
フラルスキン（トレチ）,シミ取りレーザー,トレチのみ1週間,フラルスキン（トレチ）とシミ取りレーザーの間隔／フラルスキン（トレチ）とシミ取りレーザーの間隔は何週間ですか？／フラルスキン（トレチ）の後にシミ取りレーザーはどのくらい空けますか？／フラルスキン（トレチ）とシミ取りレーザーはどのくらい間隔をあけますか？／フラルスキン（トレチ）してからシミ取りレーザーまではどのくらい期間をあけたらいいですか？／フラルスキン（トレチ）の後にシミ取りレーザーはいつ受けられますか？／フラルスキン（トレチ）とシミ取りレーザーは同日にできますか？,シミ取りレーザーでトレチノインを使用する場合のみ1週間あけてください（使用しない場合は医師の指示に従ってください）。施術内容やお肌の状態によって前後することがあります。また回答の施術間隔は当院で治療をした方の目安であり、他院で治療をされている場合は直接お電話にてお問い合わせくださいませ。,"フラルスキン（トレチ）,シミ取りレーザー,フラルスキン,トレチ,シミレーザー,シミ取り,間隔,空ける,あける,期間,どのくらい,どれくらい,何週間,何日あける,同日,してから,次の施術"
フラルスキン（トレチ）,ADM/ピコレーザ,トレチのみ1週間,フラルスキン（トレチ）とADM/ピコレーザの間隔／フラルスキン（トレチ）とADM/ピコレーザの間隔は何週間ですか？／フラルスキン（トレチ）の後にADM/ピコレーザはどのくらい空けますか？／フラルスキン（トレチ）とADM/ピコレーザはどのくらい間隔をあけますか？／フラルスキン（トレチ）してからADM/ピコレーザまではどのくらい期間をあけたらいいですか？／フラルスキン（トレチ）の後にADM/ピコレーザはいつ受けられますか？／フラルスキン（トレチ）とADM/ピコレーザは同日にできますか？,ADM/ピコレーザでトレチノインを使用する場合のみ1週間あけてください（使用しない場合は医師の指示に従ってください）。施術内容やお肌の状態によって前後することがあります。また回答の施術間隔は当院で治療をした方の目安であり、他院で治療をされている場合は直接お電話にてお問い合わせくださいませ。,"フラルスキン（トレチ）,ADM/ピコレーザ,フラルスキン,トレチ,ADMレーザー,ピコレーザー,ADM,間隔,空ける,あける,期間,どのくらい,どれくらい,何週間,何日あける,同日,してから,次の施術"
フラルスキン（トレチ）,ADM/ナノレーザー,トレチのみ1週間,フラルスキン（トレチ）とADM/ナノレーザーの間隔／フラルスキン（トレチ）とADM/ナノレーザーの間隔は何週間ですか？／フラルスキン（トレチ）の後にADM/ナノレーザーはどのくらい空けますか？／フラルスキン（トレチ）とADM/ナノレーザーはどのくらい間隔をあけますか？／フラルスキン（トレチ）してからADM/ナノレーザーまではどのくらい期間をあけたらいいですか？／フラルスキン（トレチ）の後にADM/ナノレーザーはいつ受けられますか？／フラルスキン（トレチ）とADM/ナノレーザーは同日にできますか？,ADM/ナノレーザーでトレチノインを使用する場合のみ1週間あけてください（使用しない場合は医師の指示に従ってください）。施術内容やお肌の状態によって前後することがあります。また回答の施術間隔は当院で治療をした方の目安であり、他院で治療をされている場合は直接お電話にてお問い合わせくださいませ。,"フラルスキン（トレチ）,ADM/ナノレーザー,フラルスキン,トレチ,ADMレーザー,ナノレーザー,ADM,間隔,空ける,あける,期間,どのくらい,どれくらい,何週間,何日あける,同日,してから,次の施術"
フラルスキン（トレチ）,レーザートーニング,トレチのみ1週間,フラルスキン（トレチ）とレーザートーニングの間隔／フラルスキン（トレチ）とレーザートーニングの間隔は何週間ですか？／フラルスキン（トレチ）の後にレーザートーニングはどのくらい空けますか？／フラルスキン（トレチ）とレーザートーニングはどのくらい間隔をあけますか？／フラルスキン（トレチ）してからレーザートーニングまではどのくらい期間をあけたらいいですか？／フラルスキン（トレチ）の後にレーザートーニングはいつ受けられますか？／フラルスキン（トレチ）とレーザートーニングは同日にできますか？,レーザートーニングでトレチノインを使用する場合のみ1週間あけてください（使用しない場合は医師の指示に従ってください）。施術内容やお肌の状態によって前後することがあります。また回答の施術間隔は当院で治療をした方の目安であり、他院で治療をされている場合は直接お電話にてお問い合わせくださいませ。,"フラルスキン（トレチ）,レーザートーニング,フラルスキン,トレチ,トーニング,間隔,空ける,あける,期間,どのくらい,どれくらい,何週間,何日あける,同日,してから,次の施術"
フラルスキン（トレチ）,ピコトーニング,トレチのみ1週間,フラルスキン（トレチ）とピコトーニングの間隔／フラルスキン（トレチ）とピコトーニングの間隔は何週間ですか？／フラルスキン（トレチ）の後にピコトーニングはどのくらい空けますか？／フラルスキン（トレチ）とピコトーニングはどのくらい間隔をあけますか？／フラルスキン（トレチ）してからピコトーニングまではどのくらい期間をあけたらいいですか？／フラルスキン（トレチ）の後にピコトーニングはいつ受けられますか？／フラルスキン（トレチ）とピコトーニングは同日にできますか？,ピコトーニングでトレチノインを使用する場合のみ1週間あけてください（使用しない場合は医師の指示に従ってください）。施術内容やお肌の状態によって前後することがあります。また回答の施術間隔は当院で治療をした方の目安であり、他院で治療をされている場合は直接お電話にてお問い合わせくださいませ。,"フラルスキン（トレチ）,ピコトーニング,フラルスキン,トレチ,トーニング,ピコ,間隔,空ける,あける,期間,どのくらい,どれくらい,何週間,何日あける,同日,してから,次の施術"
フラルスキン（トレチ）,ピコフラクショナル,トレチのみ1週間,フラルスキン（トレチ）とピコフラクショナルの間隔／フラルスキン（トレチ）とピコフラクショナルの間隔は何週間ですか？／フラルスキン（トレチ）の後にピコフラクショナルはどのくらい空けますか？／フラルスキン（トレチ）とピコフラクショナルはどのくらい間隔をあけますか？／フラルスキン（トレチ）してからピコフラクショナルまではどのくらい期間をあけたらいいですか？／フラルスキン（トレチ）の後にピコフラクショナルはいつ受けられますか？／フラルスキン（トレチ）とピコフラクショナルは同日にできますか？,ピコフラクショナルでトレチノインを使用する場合のみ1週間あけてください（使用しない場合は医師の指示に従ってください）。施術内容やお肌の状態によって前後することがあります。また回答の施術間隔は当院で治療をした方の目安であり、他院で治療をされている場合は直接お電話にてお問い合わせくださいませ。,"フラルスキン（トレチ）,ピコフラクショナル,フラルスキン,トレチ,フラクショナル,間隔,空ける,あける,期間,どのくらい,どれくらい,何週間,何日あける,同日,してから,次の施術"
フラルスキン（トレチ）,そばかすシャワー,トレチのみ1週間,フラルスキン（トレチ）とそばかすシャワーの間隔／フラルスキン（トレチ）とそばかすシャワーの間隔は何週間ですか？／フラルスキン（トレチ）の後にそばかすシャワーはどのくらい空けますか？／フラルスキン（トレチ）とそばかすシャワーはどのくらい間隔をあけますか？／フラルスキン（トレチ）してからそばかすシャワーまではどのくらい期間をあけたらいいですか？／フラルスキン（トレチ）の後にそばかすシャワーはいつ受けられますか？／フラルスキン（トレチ）とそばかすシャワーは同日にできますか？,そばかすシャワーでトレチノインを使用する場合のみ1週間あけてください（使用しない場合は医師の指示に従ってください）。施術内容やお肌の状態によって前後することがあります。また回答の施術間隔は当院で治療をした方の目安であり、他院で治療をされている場合は直接お電話にてお問い合わせくださいませ。,"フラルスキン（トレチ）,そばかすシャワー,フラルスキン,トレチ,そばかす,間隔,空ける,あける,期間,どのくらい,どれくらい,何週間,何日あける,同日,してから,次の施術"
フラルスキン（トレチ）,そばかすスポット,トレチのみ1週間,フラルスキン（トレチ）とそばかすスポットの間隔／フラルスキン（トレチ）とそばかすスポットの間隔は何週間ですか？／フラルスキン（トレチ）の後にそばかすスポットはどのくらい空けますか？／フラルスキン（トレチ）とそばかすスポットはどのくらい間隔をあけますか？／フラルスキン（トレチ）してからそばかすスポットまではどのくらい期間をあけたらいいですか？／フラルスキン（トレチ）の後にそばかすスポットはいつ受けられますか？／フラルスキン（トレチ）とそばかすスポットは同日にできますか？,そばかすスポットでトレチノインを使用する場合のみ1週間あけてください（使用しない場合は医師の指示に従ってください）。施術内容やお肌の状態によって前後することがあります。また回答の施術間隔は当院で治療をした方の目安であり、他院で治療をされている場合は直接お電話にてお問い合わせくださいませ。,"フラルスキン（トレチ）,そばかすスポット,フラルスキン,トレチ,そばかす,間隔,空ける,あける,期間,どのくらい,どれくらい,何週間,何日あける,同日,してから,次の施術"
フラルスキン（トレチ）,フォト/光治療,トレチのみ1週間,フラルスキン（トレチ）とフォト/光治療の間隔／フラルスキン（トレチ）とフォト/光治療の間隔は何週間ですか？／フラルスキン（トレチ）の後にフォト/光治療はどのくらい空けますか？／フラルスキン（トレチ）とフォト/光治療はどのくらい間隔をあけますか？／フラルスキン（トレチ）してからフォト/光治療まではどのくらい期間をあけたらいいですか？／フラルスキン（トレチ）の後にフォト/光治療はいつ受けられますか？／フラルスキン（トレチ）とフォト/光治療は同日にできますか？,フォト/光治療でトレチノインを使用する場合のみ1週間あけてください（使用しない場合は医師の指示に従ってください）。施術内容やお肌の状態によって前後することがあります。また回答の施術間隔は当院で治療をした方の目安であり、他院で治療をされている場合は直接お電話にてお問い合わせくださいませ。,"フラルスキン（トレチ）,フォト/光治療,フラルスキン,トレチ,フォトフェイシャル,フォト,光治療,IPL,間隔,空ける,あける,期間,どのくらい,どれくらい,何週間,何日あける,同日,してから,次の施術"
フラルスキン（トレチ）,赤み治療,トレチのみ1週間,フラルスキン（トレチ）と赤み治療の間隔／フラルスキン（トレチ）と赤み治療の間隔は何週間ですか？／フラルスキン（トレチ）の後に赤み治療はどのくらい空けますか？／フラルスキン（トレチ）と赤み治療はどのくらい間隔をあけますか？／フラルスキン（トレチ）してから赤み治療まではどのくらい期間をあけたらいいですか？／フラルスキン（トレチ）の後に赤み治療はいつ受けられますか？／フラルスキン（トレチ）と赤み治療は同日にできますか？,赤み治療でトレチノインを使用する場合のみ1週間あけてください（使用しない場合は医師の指示に従ってください）。施術内容やお肌の状態によって前後することがあります。また回答の施術間隔は当院で治療をした方の目安であり、他院で治療をされている場合は直接お電話にてお問い合わせくださいませ。,"フラルスキン（トレチ）,赤み治療,フラルスキン,トレチ,血管腫レーザー,赤ら顔,間隔,空ける,あける,期間,どのくらい,どれくらい,何週間,何日あける,同日,してから,次の施術"
フラルスキン（トレチ）,ボトックス,同日可,フラルスキン（トレチ）とボトックスの間隔／フラルスキン（トレチ）とボトックスの間隔は何週間ですか？／フラルスキン（トレチ）の後にボトックスはどのくらい空けますか？／フラルスキン（トレチ）とボトックスはどのくらい間隔をあけますか？／フラルスキン（トレチ）してからボトックスまではどのくらい期間をあけたらいいですか？／フラルスキン（トレチ）の後にボトックスはいつ受けられますか？／フラルスキン（トレチ）とボトックスは同日にできますか？,フラルスキン（トレチ）とボトックスは同日に受けられます。施術内容やお肌の状態によって前後することがあります。また回答の施術間隔は当院で治療をした方の目安であり、他院で治療をされている場合は直接お電話にてお問い合わせくださいませ。,"フラルスキン（トレチ）,ボトックス,フラルスキン,トレチ,ボトックス注射,間隔,空ける,あける,期間,どのくらい,どれくらい,何週間,何日あける,同日,してから,次の施術"
フラルスキン（トレチ）,ボトックス（マイクロ）,同日可,フラルスキン（トレチ）とボトックス（マイクロ）の間隔／フラルスキン（トレチ）とボトックス（マイクロ）の間隔は何週間ですか？／フラルスキン（トレチ）の後にボトックス（マイクロ）はどのくらい空けますか？／フラルスキン（トレチ）とボトックス（マイクロ）はどのくらい間隔をあけますか？／フラルスキン（トレチ）してからボトックス（マイクロ）まではどのくらい期間をあけたらいいですか？／フラルスキン（トレチ）の後にボトックス（マイクロ）はいつ受けられますか？／フラルスキン（トレチ）とボトックス（マイクロ）は同日にできますか？,フラルスキン（トレチ）とボトックス（マイクロ）は同日に受けられます。施術内容やお肌の状態によって前後することがあります。また回答の施術間隔は当院で治療をした方の目安であり、他院で治療をされている場合は直接お電話にてお問い合わせくださいませ。,"フラルスキン（トレチ）,ボトックス（マイクロ）,フラルスキン,トレチ,マイクロボトックス,間隔,空ける,あける,期間,どのくらい,どれくらい,何週間,何日あける,同日,してから,次の施術"
フラルスキン（トレチ）,テノールネオ,トレチのみ1週間,フラルスキン（トレチ）とテノールネオの間隔／フラルスキン（トレチ）とテノールネオの間隔は何週間ですか？／フラルスキン（トレチ）の後にテノールネオはどのくらい空けますか？／フラルスキン（トレチ）とテノールネオはどのくらい間隔をあけますか？／フラルスキン（トレチ）してからテノールネオまではどのくらい期間をあけたらいいですか？／フラルスキン（トレチ）の後にテノールネオはいつ受けられますか？／フラルスキン（トレチ）とテノールネオは同日にできますか？,テノールネオでトレチノインを使用する場合のみ1週間あけてください（使用しない場合は医師の指示に従ってください）。施術内容やお肌の状態によって前後することがあります。また回答の施術間隔は当院で治療をした方の目安であり、他院で治療をされている場合は直接お電話にてお問い合わせくださいませ。,"フラルスキン（トレチ）,テノールネオ,フラルスキン,トレチ,テノールNEO,テノール,間隔,空ける,あける,期間,どのくらい,どれくらい,何週間,何日あける,同日,してから,次の施術"
フラルスキン（トレチ）,mikoメソッド,トレチのみ1週間,フラルスキン（トレチ）とmikoメソッドの間隔／フラルスキン（トレチ）とmikoメソッドの間隔は何週間ですか？／フラルスキン（トレチ）の後にmikoメソッドはどのくらい空けますか？／フラルスキン（トレチ）とmikoメソッドはどのくらい間隔をあけますか？／フラルスキン（トレチ）してからmikoメソッドまではどのくらい期間をあけたらいいですか？／フラルスキン（トレチ）の後にmikoメソッドはいつ受けられますか？／フラルスキン（トレチ）とmikoメソッドは同日にできますか？,mikoメソッドでトレチノインを使用する場合のみ1週間あけてください（使用しない場合は医師の指示に従ってください）。施術内容やお肌の状態によって前後することがあります。また回答の施術間隔は当院で治療をした方の目安であり、他院で治療をされている場合は直接お電話にてお問い合わせくださいませ。,"フラルスキン（トレチ）,mikoメソッド,フラルスキン,トレチ,miko,ミコメソッド,首イボ,間隔,空ける,あける,期間,どのくらい,どれくらい,何週間,何日あける,同日,してから,次の施術"
フラルスキン（トレチ）,ほくろ切除/ほくろ除去,トレチのみ1週間,フラルスキン（トレチ）とほくろ切除/ほくろ除去の間隔／フラルスキン（トレチ）とほくろ切除/ほくろ除去の間隔は何週間ですか？／フラルスキン（トレチ）の後にほくろ切除/ほくろ除去はどのくらい空けますか？／フラルスキン（トレチ）とほくろ切除/ほくろ除去はどのくらい間隔をあけますか？／フラルスキン（トレチ）してからほくろ切除/ほくろ除去まではどのくらい期間をあけたらいいですか？／フラルスキン（トレチ）の後にほくろ切除/ほくろ除去はいつ受けられますか？／フラルスキン（トレチ）とほくろ切除/ほくろ除去は同日にできますか？,ほくろ切除/ほくろ除去でトレチノインを使用する場合のみ1週間あけてください（使用しない場合は医師の指示に従ってください）。施術内容やお肌の状態によって前後することがあります。また回答の施術間隔は当院で治療をした方の目安であり、他院で治療をされている場合は直接お電話にてお問い合わせくださいませ。,"フラルスキン（トレチ）,ほくろ切除/ほくろ除去,フラルスキン,トレチ,ほくろ除去,ほくろ,間隔,空ける,あける,期間,どのくらい,どれくらい,何週間,何日あける,同日,してから,次の施術"
フラルスキン（トレチ）,ボライト,トレチのみ1週間,フラルスキン（トレチ）とボライトの間隔／フラルスキン（トレチ）とボライトの間隔は何週間ですか？／フラルスキン（トレチ）の後にボライトはどのくらい空けますか？／フラルスキン（トレチ）とボライトはどのくらい間隔をあけますか？／フラルスキン（トレチ）してからボライトまではどのくらい期間をあけたらいいですか？／フラルスキン（トレチ）の後にボライトはいつ受けられますか？／フラルスキン（トレチ）とボライトは同日にできますか？,ボライトでトレチノインを使用する場合のみ1週間あけてください（使用しない場合は医師の指示に従ってください）。施術内容やお肌の状態によって前後することがあります。また回答の施術間隔は当院で治療をした方の目安であり、他院で治療をされている場合は直接お電話にてお問い合わせくださいませ。,"フラルスキン（トレチ）,ボライト,フラルスキン,トレチ,間隔,空ける,あける,期間,どのくらい,どれくらい,何週間,何日あける,同日,してから,次の施術"
フラルスキン（トレチ）,稗粒腫,トレチのみ1週間,フラルスキン（トレチ）と稗粒腫の間隔／フラルスキン（トレチ）と稗粒腫の間隔は何週間ですか？／フラルスキン（トレチ）の後に稗粒腫はどのくらい空けますか？／フラルスキン（トレチ）と稗粒腫はどのくらい間隔をあけますか？／フラルスキン（トレチ）してから稗粒腫まではどのくらい期間をあけたらいいですか？／フラルスキン（トレチ）の後に稗粒腫はいつ受けられますか？／フラルスキン（トレチ）と稗粒腫は同日にできますか？,稗粒腫でトレチノインを使用する場合のみ1週間あけてください（使用しない場合は医師の指示に従ってください）。施術内容やお肌の状態によって前後することがあります。また回答の施術間隔は当院で治療をした方の目安であり、他院で治療をされている場合は直接お電話にてお問い合わせくださいませ。,"フラルスキン（トレチ）,稗粒腫,フラルスキン,トレチ,間隔,空ける,あける,期間,どのくらい,どれくらい,何週間,何日あける,同日,してから,次の施術"
フラルスキン（トレチ）,ヴェルヴェットスキン,トレチのみ1週間,フラルスキン（トレチ）とヴェルヴェットスキンの間隔／フラルスキン（トレチ）とヴェルヴェットスキンの間隔は何週間ですか？／フラルスキン（トレチ）の後にヴェルヴェットスキンはどのくらい空けますか？／フラルスキン（トレチ）とヴェルヴェットスキンはどのくらい間隔をあけますか？／フラルスキン（トレチ）してからヴェルヴェットスキンまではどのくらい期間をあけたらいいですか？／フラルスキン（トレチ）の後にヴェルヴェットスキンはいつ受けられますか？／フラルスキン（トレチ）とヴェルヴェットスキンは同日にできますか？,ヴェルヴェットスキンでトレチノインを使用する場合のみ1週間あけてください（使用しない場合は医師の指示に従ってください）。施術内容やお肌の状態によって前後することがあります。また回答の施術間隔は当院で治療をした方の目安であり、他院で治療をされている場合は直接お電話にてお問い合わせくださいませ。,"フラルスキン（トレチ）,ヴェルヴェットスキン,フラルスキン,トレチ,ヴェルヴェット,ベルベットスキン,間隔,空ける,あける,期間,どのくらい,どれくらい,何週間,何日あける,同日,してから,次の施術"
フラルスキン（トレチ）,ダーマペン,トレチのみ1週間,フラルスキン（トレチ）とダーマペンの間隔／フラルスキン（トレチ）とダーマペンの間隔は何週間ですか？／フラルスキン（トレチ）の後にダーマペンはどのくらい空けますか？／フラルスキン（トレチ）とダーマペンはどのくらい間隔をあけますか？／フラルスキン（トレチ）してからダーマペンまではどのくらい期間をあけたらいいですか？／フラルスキン（トレチ）の後にダーマペンはいつ受けられますか？／フラルスキン（トレチ）とダーマペンは同日にできますか？,ダーマペンでトレチノインを使用する場合のみ1週間あけてください（使用しない場合は医師の指示に従ってください）。施術内容やお肌の状態によって前後することがあります。また回答の施術間隔は当院で治療をした方の目安であり、他院で治療をされている場合は直接お電話にてお問い合わせくださいませ。,"フラルスキン（トレチ）,ダーマペン,フラルスキン,トレチ,ダーマペン4,間隔,空ける,あける,期間,どのくらい,どれくらい,何週間,何日あける,同日,してから,次の施術"
フラルスキン（トレチ）,HARG,（翌日）,フラルスキン（トレチ）とHARGの間隔／フラルスキン（トレチ）とHARGの間隔は何週間ですか？／フラルスキン（トレチ）の後にHARGはどのくらい空けますか？／フラルスキン（トレチ）とHARGはどのくらい間隔をあけますか？／フラルスキン（トレチ）してからHARGまではどのくらい期間をあけたらいいですか？／フラルスキン（トレチ）の後にHARGはいつ受けられますか？／フラルスキン（トレチ）とHARGは同日にできますか？,フラルスキン（トレチ）の後にHARG（部位が異なります）は翌日以降であれば受けられます。施術内容やお肌の状態によって前後することがあります。また回答の施術間隔は当院で治療をした方の目安であり、他院で治療をされている場合は直接お電話にてお問い合わせくださいませ。,"フラルスキン（トレチ）,HARG,フラルスキン,トレチ,ハーグ,HARG療法,間隔,空ける,あける,期間,どのくらい,どれくらい,何週間,何日あける,同日,してから,次の施術"
フラルスキン（トレチ）,スカルプ・プラセンタエッセンス,（翌日）,フラルスキン（トレチ）とスカルプ・プラセンタエッセンスの間隔／フラルスキン（トレチ）とスカルプ・プラセンタエッセンスの間隔は何週間ですか？／フラルスキン（トレチ）の後にスカルプ・プラセンタエッセンスはどのくらい空けますか？／フラルスキン（トレチ）とスカルプ・プラセンタエッセンスはどのくらい間隔をあけますか？／フラルスキン（トレチ）してからスカルプ・プラセンタエッセンスまではどのくらい期間をあけたらいいですか？／フラルスキン（トレチ）の後にスカルプ・プラセンタエッセンスはいつ受けられますか？／フラルスキン（トレチ）とスカルプ・プラセンタエッセンスは同日にできますか？,フラルスキン（トレチ）の後にスカルプ・プラセンタエッセンス（部位が異なります）は翌日以降であれば受けられます。施術内容やお肌の状態によって前後することがあります。また回答の施術間隔は当院で治療をした方の目安であり、他院で治療をされている場合は直接お電話にてお問い合わせくださいませ。,"フラルスキン（トレチ）,スカルプ・プラセンタエッセンス,フラルスキン,トレチ,スカルプ,プラセンタ,間隔,空ける,あける,期間,どのくらい,どれくらい,何週間,何日あける,同日,してから,次の施術"
フラルスキン（トレチ）,コラーゲンピール,トレチのみ1週間,フラルスキン（トレチ）とコラーゲンピールの間隔／フラルスキン（トレチ）とコラーゲンピールの間隔は何週間ですか？／フラルスキン（トレチ）の後にコラーゲンピールはどのくらい空けますか？／フラルスキン（トレチ）とコラーゲンピールはどのくらい間隔をあけますか？／フラルスキン（トレチ）してからコラーゲンピールまではどのくらい期間をあけたらいいですか？／フラルスキン（トレチ）の後にコラーゲンピールはいつ受けられますか？／フラルスキン（トレチ）とコラーゲンピールは同日にできますか？,コラーゲンピールでトレチノインを使用する場合のみ1週間あけてください（使用しない場合は医師の指示に従ってください）。施術内容やお肌の状態によって前後することがあります。また回答の施術間隔は当院で治療をした方の目安であり、他院で治療をされている場合は直接お電話にてお問い合わせくださいませ。,"フラルスキン（トレチ）,コラーゲンピール,フラルスキン,トレチ,マッサージピール,間隔,空ける,あける,期間,どのくらい,どれくらい,何週間,何日あける,同日,してから,次の施術"
フラルスキン（トレチ）,サーマクール,トレチのみ1週間,フラルスキン（トレチ）とサーマクールの間隔／フラルスキン（トレチ）とサーマクールの間隔は何週間ですか？／フラルスキン（トレチ）の後にサーマクールはどのくらい空けますか？／フラルスキン（トレチ）とサーマクールはどのくらい間隔をあけますか？／フラルスキン（トレチ）してからサーマクールまではどのくらい期間をあけたらいいですか？／フラルスキン（トレチ）の後にサーマクールはいつ受けられますか？／フラルスキン（トレチ）とサーマクールは同日にできますか？,サーマクールでトレチノインを使用する場合のみ1週間あけてください（使用しない場合は医師の指示に従ってください）。施術内容やお肌の状態によって前後することがあります。また回答の施術間隔は当院で治療をした方の目安であり、他院で治療をされている場合は直接お電話にてお問い合わせくださいませ。,"フラルスキン（トレチ）,サーマクール,フラルスキン,トレチ,サーマ,間隔,空ける,あける,期間,どのくらい,どれくらい,何週間,何日あける,同日,してから,次の施術"
フラルスキン（トレチ）,脱毛,トレチのみ1週間,フラルスキン（トレチ）と脱毛の間隔／フラルスキン（トレチ）と脱毛の間隔は何週間ですか？／フラルスキン（トレチ）の後に脱毛はどのくらい空けますか？／フラルスキン（トレチ）と脱毛はどのくらい間隔をあけますか？／フラルスキン（トレチ）してから脱毛まではどのくらい期間をあけたらいいですか？／フラルスキン（トレチ）の後に脱毛はいつ受けられますか？／フラルスキン（トレチ）と脱毛は同日にできますか？,脱毛でトレチノインを使用する場合のみ1週間あけてください（使用しない場合は医師の指示に従ってください）。施術内容やお肌の状態によって前後することがあります。また回答の施術間隔は当院で治療をした方の目安であり、他院で治療をされている場合は直接お電話にてお問い合わせくださいませ。,"フラルスキン（トレチ）,脱毛,フラルスキン,トレチ,医療脱毛,顔脱毛,全身脱毛,VIO脱毛,ひげ脱毛,レーザー脱毛,間隔,空ける,あける,期間,どのくらい,どれくらい,何週間,何日あける,同日,してから,次の施術"
フラルスキン（トレチ）,タトゥー,トレチのみ1週間,フラルスキン（トレチ）とタトゥーの間隔／フラルスキン（トレチ）とタトゥーの間隔は何週間ですか？／フラルスキン（トレチ）の後にタトゥーはどのくらい空けますか？／フラルスキン（トレチ）とタトゥーはどのくらい間隔をあけますか？／フラルスキン（トレチ）してからタトゥーまではどのくらい期間をあけたらいいですか？／フラルスキン（トレチ）の後にタトゥーはいつ受けられますか？／フラルスキン（トレチ）とタトゥーは同日にできますか？,タトゥーでトレチノインを使用する場合のみ1週間あけてください（使用しない場合は医師の指示に従ってください）。施術内容やお肌の状態によって前後することがあります。また回答の施術間隔は当院で治療をした方の目安であり、他院で治療をされている場合は直接お電話にてお問い合わせくださいませ。,"フラルスキン（トレチ）,タトゥー,フラルスキン,トレチ,刺青,タトゥー除去,間隔,空ける,あける,期間,どのくらい,どれくらい,何週間,何日あける,同日,してから,次の施術"
フラルスキン（トレチ）,アートメイク,同日可,フラルスキン（トレチ）とアートメイクの間隔／フラルスキン（トレチ）とアートメイクの間隔は何週間ですか？／フラルスキン（トレチ）の後にアートメイクはどのくらい空けますか？／フラルスキン（トレチ）とアートメイクはどのくらい間隔をあけますか？／フラルスキン（トレチ）してからアートメイクまではどのくらい期間をあけたらいいですか？／フラルスキン（トレチ）の後にアートメイクはいつ受けられますか？／フラルスキン（トレチ）とアートメイクは同日にできますか？,フラルスキン（トレチ）とアートメイクは同日に受けられます。施術内容やお肌の状態によって前後することがあります。また回答の施術間隔は当院で治療をした方の目安であり、他院で治療をされている場合は直接お電話にてお問い合わせくださいませ。,"フラルスキン（トレチ）,アートメイク,フラルスキン,トレチ,間隔,空ける,あける,期間,どのくらい,どれくらい,何週間,何日あける,同日,してから,次の施術"
部分シミ（トレチ）,ハイドラジェントル,4週間,部分シミ（トレチ）とハイドラジェントルの間隔／部分シミ（トレチ）とハイドラジェントルの間隔は何週間ですか？／部分シミ（トレチ）の後にハイドラジェントルはどのくらい空けますか？／部分シミ（トレチ）とハイドラジェントルはどのくらい間隔をあけますか？／部分シミ（トレチ）してからハイドラジェントルまではどのくらい期間をあけたらいいですか？／部分シミ（トレチ）の後にハイドラジェントルはいつ受けられますか？／部分シミ（トレチ）とハイドラジェントルは同日にできますか？,部分シミ（トレチ）とハイドラジェントルは、別の部位であれば原則として同日に受けられます。同じ部位にハイドラジェントルを受ける場合は4週間あけてください。施術内容やお肌の状態によって前後することがあります。また回答の施術間隔は当院で治療をした方の目安であり、他院で治療をされている場合は直接お電話にてお問い合わせくださいませ。,"部分シミ（トレチ）,ハイドラジェントル,部分シミ,トレチ,ハイドラ,間隔,空ける,あける,期間,どのくらい,どれくらい,何週間,何日あける,同日,してから,次の施術"
部分シミ（トレチ）,ケミカルピーリング,4週間,部分シミ（トレチ）とケミカルピーリングの間隔／部分シミ（トレチ）とケミカルピーリングの間隔は何週間ですか？／部分シミ（トレチ）の後にケミカルピーリングはどのくらい空けますか？／部分シミ（トレチ）とケミカルピーリングはどのくらい間隔をあけますか？／部分シミ（トレチ）してからケミカルピーリングまではどのくらい期間をあけたらいいですか？／部分シミ（トレチ）の後にケミカルピーリングはいつ受けられますか？／部分シミ（トレチ）とケミカルピーリングは同日にできますか？,部分シミ（トレチ）とケミカルピーリングは、別の部位であれば原則として同日に受けられます。同じ部位にケミカルピーリングを受ける場合は4週間あけてください。施術内容やお肌の状態によって前後することがあります。また回答の施術間隔は当院で治療をした方の目安であり、他院で治療をされている場合は直接お電話にてお問い合わせくださいませ。,"部分シミ（トレチ）,ケミカルピーリング,部分シミ,トレチ,ピーリング,間隔,空ける,あける,期間,どのくらい,どれくらい,何週間,何日あける,同日,してから,次の施術"
部分シミ（トレチ）,スマートサイドドット（2回目以降）,4週間(翌日),部分シミ（トレチ）とスマートサイドドット（2回目以降）の間隔／部分シミ（トレチ）とスマートサイドドット（2回目以降）の間隔は何週間ですか？／部分シミ（トレチ）の後にスマートサイドドット（2回目以降）はどのくらい空けますか？／部分シミ（トレチ）とスマートサイドドット（2回目以降）はどのくらい間隔をあけますか？／部分シミ（トレチ）してからスマートサイドドット（2回目以降）まではどのくらい期間をあけたらいいですか？／部分シミ（トレチ）の後にスマートサイドドット（2回目以降）はいつ受けられますか？／部分シミ（トレチ）とスマートサイドドット（2回目以降）は同日にできますか？,部分シミ（トレチ）の後にスマートサイドドット（2回目以降）は、同じ部位の場合4週間、別の部位なら翌日以降に受けられます。施術内容やお肌の状態によって前後することがあります。また回答の施術間隔は当院で治療をした方の目安であり、他院で治療をされている場合は直接お電話にてお問い合わせくださいませ。,"部分シミ（トレチ）,スマートサイドドット（2回目以降）,部分シミ,トレチ,スマサイ,スマートサイドドット,間隔,空ける,あける,期間,どのくらい,どれくらい,何週間,何日あける,同日,してから,次の施術"
部分シミ（トレチ）,スマートサイドドット（初回）,4週間(翌日),部分シミ（トレチ）とスマートサイドドット（初回）の間隔／部分シミ（トレチ）とスマートサイドドット（初回）の間隔は何週間ですか？／部分シミ（トレチ）の後にスマートサイドドット（初回）はどのくらい空けますか？／部分シミ（トレチ）とスマートサイドドット（初回）はどのくらい間隔をあけますか？／部分シミ（トレチ）してからスマートサイドドット（初回）まではどのくらい期間をあけたらいいですか？／部分シミ（トレチ）の後にスマートサイドドット（初回）はいつ受けられますか？／部分シミ（トレチ）とスマートサイドドット（初回）は同日にできますか？,部分シミ（トレチ）の後にスマートサイドドット（初回）は、同じ部位の場合4週間、別の部位なら翌日以降に受けられます。施術内容やお肌の状態によって前後することがあります。また回答の施術間隔は当院で治療をした方の目安であり、他院で治療をされている場合は直接お電話にてお問い合わせくださいませ。,"部分シミ（トレチ）,スマートサイドドット（初回）,部分シミ,トレチ,スマサイ,スマートサイドドット,間隔,空ける,あける,期間,どのくらい,どれくらい,何週間,何日あける,同日,してから,次の施術"
部分シミ（トレチ）,イボレーザー/CO2レーザー,4週間,部分シミ（トレチ）とイボレーザー/CO2レーザーの間隔／部分シミ（トレチ）とイボレーザー/CO2レーザーの間隔は何週間ですか？／部分シミ（トレチ）の後にイボレーザー/CO2レーザーはどのくらい空けますか？／部分シミ（トレチ）とイボレーザー/CO2レーザーはどのくらい間隔をあけますか？／部分シミ（トレチ）してからイボレーザー/CO2レーザーまではどのくらい期間をあけたらいいですか？／部分シミ（トレチ）の後にイボレーザー/CO2レーザーはいつ受けられますか？／部分シミ（トレチ）とイボレーザー/CO2レーザーは同日にできますか？,部分シミ（トレチ）とイボレーザー/CO2レーザーは、別の部位であれば原則として同日に受けられます。同じ部位にイボレーザー/CO2レーザーを受ける場合は4週間あけてください。施術内容やお肌の状態によって前後することがあります。また回答の施術間隔は当院で治療をした方の目安であり、他院で治療をされている場合は直接お電話にてお問い合わせくださいませ。,"部分シミ（トレチ）,イボレーザー/CO2レーザー,部分シミ,トレチ,炭酸ガスレーザー,CO2レーザー,イボ取り,いぼレーザー,間隔,空ける,あける,期間,どのくらい,どれくらい,何週間,何日あける,同日,してから,次の施術"
部分シミ（トレチ）,シミ取りレーザー,4週間,部分シミ（トレチ）とシミ取りレーザーの間隔／部分シミ（トレチ）とシミ取りレーザーの間隔は何週間ですか？／部分シミ（トレチ）の後にシミ取りレーザーはどのくらい空けますか？／部分シミ（トレチ）とシミ取りレーザーはどのくらい間隔をあけますか？／部分シミ（トレチ）してからシミ取りレーザーまではどのくらい期間をあけたらいいですか？／部分シミ（トレチ）の後にシミ取りレーザーはいつ受けられますか？／部分シミ（トレチ）とシミ取りレーザーは同日にできますか？,部分シミ（トレチ）とシミ取りレーザーは、別の部位であれば原則として同日に受けられます。同じ部位にシミ取りレーザーを受ける場合は4週間あけてください。施術内容やお肌の状態によって前後することがあります。また回答の施術間隔は当院で治療をした方の目安であり、他院で治療をされている場合は直接お電話にてお問い合わせくださいませ。,"部分シミ（トレチ）,シミ取りレーザー,部分シミ,トレチ,シミレーザー,シミ取り,間隔,空ける,あける,期間,どのくらい,どれくらい,何週間,何日あける,同日,してから,次の施術"
部分シミ（トレチ）,ADM/ピコレーザ,4週間,部分シミ（トレチ）とADM/ピコレーザの間隔／部分シミ（トレチ）とADM/ピコレーザの間隔は何週間ですか？／部分シミ（トレチ）の後にADM/ピコレーザはどのくらい空けますか？／部分シミ（トレチ）とADM/ピコレーザはどのくらい間隔をあけますか？／部分シミ（トレチ）してからADM/ピコレーザまではどのくらい期間をあけたらいいですか？／部分シミ（トレチ）の後にADM/ピコレーザはいつ受けられますか？／部分シミ（トレチ）とADM/ピコレーザは同日にできますか？,部分シミ（トレチ）とADM/ピコレーザは、別の部位であれば原則として同日に受けられます。同じ部位にADM/ピコレーザを受ける場合は4週間あけてください。施術内容やお肌の状態によって前後することがあります。また回答の施術間隔は当院で治療をした方の目安であり、他院で治療をされている場合は直接お電話にてお問い合わせくださいませ。,"部分シミ（トレチ）,ADM/ピコレーザ,部分シミ,トレチ,ADMレーザー,ピコレーザー,ADM,間隔,空ける,あける,期間,どのくらい,どれくらい,何週間,何日あける,同日,してから,次の施術"
部分シミ（トレチ）,ADM/ナノレーザー,4週間,部分シミ（トレチ）とADM/ナノレーザーの間隔／部分シミ（トレチ）とADM/ナノレーザーの間隔は何週間ですか？／部分シミ（トレチ）の後にADM/ナノレーザーはどのくらい空けますか？／部分シミ（トレチ）とADM/ナノレーザーはどのくらい間隔をあけますか？／部分シミ（トレチ）してからADM/ナノレーザーまではどのくらい期間をあけたらいいですか？／部分シミ（トレチ）の後にADM/ナノレーザーはいつ受けられますか？／部分シミ（トレチ）とADM/ナノレーザーは同日にできますか？,部分シミ（トレチ）とADM/ナノレーザーは、別の部位であれば原則として同日に受けられます。同じ部位にADM/ナノレーザーを受ける場合は4週間あけてください。施術内容やお肌の状態によって前後することがあります。また回答の施術間隔は当院で治療をした方の目安であり、他院で治療をされている場合は直接お電話にてお問い合わせくださいませ。,"部分シミ（トレチ）,ADM/ナノレーザー,部分シミ,トレチ,ADMレーザー,ナノレーザー,ADM,間隔,空ける,あける,期間,どのくらい,どれくらい,何週間,何日あける,同日,してから,次の施術"
部分シミ（トレチ）,レーザートーニング,4週間,部分シミ（トレチ）とレーザートーニングの間隔／部分シミ（トレチ）とレーザートーニングの間隔は何週間ですか？／部分シミ（トレチ）の後にレーザートーニングはどのくらい空けますか？／部分シミ（トレチ）とレーザートーニングはどのくらい間隔をあけますか？／部分シミ（トレチ）してからレーザートーニングまではどのくらい期間をあけたらいいですか？／部分シミ（トレチ）の後にレーザートーニングはいつ受けられますか？／部分シミ（トレチ）とレーザートーニングは同日にできますか？,部分シミ（トレチ）とレーザートーニングは、別の部位であれば原則として同日に受けられます。同じ部位にレーザートーニングを受ける場合は4週間あけてください。施術内容やお肌の状態によって前後することがあります。また回答の施術間隔は当院で治療をした方の目安であり、他院で治療をされている場合は直接お電話にてお問い合わせくださいませ。,"部分シミ（トレチ）,レーザートーニング,部分シミ,トレチ,トーニング,間隔,空ける,あける,期間,どのくらい,どれくらい,何週間,何日あける,同日,してから,次の施術"
部分シミ（トレチ）,ピコトーニング,4週間,部分シミ（トレチ）とピコトーニングの間隔／部分シミ（トレチ）とピコトーニングの間隔は何週間ですか？／部分シミ（トレチ）の後にピコトーニングはどのくらい空けますか？／部分シミ（トレチ）とピコトーニングはどのくらい間隔をあけますか？／部分シミ（トレチ）してからピコトーニングまではどのくらい期間をあけたらいいですか？／部分シミ（トレチ）の後にピコトーニングはいつ受けられますか？／部分シミ（トレチ）とピコトーニングは同日にできますか？,部分シミ（トレチ）とピコトーニングは、別の部位であれば原則として同日に受けられます。同じ部位にピコトーニングを受ける場合は4週間あけてください。施術内容やお肌の状態によって前後することがあります。また回答の施術間隔は当院で治療をした方の目安であり、他院で治療をされている場合は直接お電話にてお問い合わせくださいませ。,"部分シミ（トレチ）,ピコトーニング,部分シミ,トレチ,トーニング,ピコ,間隔,空ける,あける,期間,どのくらい,どれくらい,何週間,何日あける,同日,してから,次の施術"
部分シミ（トレチ）,ピコフラクショナル,4週間,部分シミ（トレチ）とピコフラクショナルの間隔／部分シミ（トレチ）とピコフラクショナルの間隔は何週間ですか？／部分シミ（トレチ）の後にピコフラクショナルはどのくらい空けますか？／部分シミ（トレチ）とピコフラクショナルはどのくらい間隔をあけますか？／部分シミ（トレチ）してからピコフラクショナルまではどのくらい期間をあけたらいいですか？／部分シミ（トレチ）の後にピコフラクショナルはいつ受けられますか？／部分シミ（トレチ）とピコフラクショナルは同日にできますか？,部分シミ（トレチ）とピコフラクショナルは、別の部位であれば原則として同日に受けられます。同じ部位にピコフラクショナルを受ける場合は4週間あけてください。施術内容やお肌の状態によって前後することがあります。また回答の施術間隔は当院で治療をした方の目安であり、他院で治療をされている場合は直接お電話にてお問い合わせくださいませ。,"部分シミ（トレチ）,ピコフラクショナル,部分シミ,トレチ,フラクショナル,間隔,空ける,あける,期間,どのくらい,どれくらい,何週間,何日あける,同日,してから,次の施術"
部分シミ（トレチ）,そばかすシャワー,4週間,部分シミ（トレチ）とそばかすシャワーの間隔／部分シミ（トレチ）とそばかすシャワーの間隔は何週間ですか？／部分シミ（トレチ）の後にそばかすシャワーはどのくらい空けますか？／部分シミ（トレチ）とそばかすシャワーはどのくらい間隔をあけますか？／部分シミ（トレチ）してからそばかすシャワーまではどのくらい期間をあけたらいいですか？／部分シミ（トレチ）の後にそばかすシャワーはいつ受けられますか？／部分シミ（トレチ）とそばかすシャワーは同日にできますか？,部分シミ（トレチ）とそばかすシャワーは、別の部位であれば原則として同日に受けられます。同じ部位にそばかすシャワーを受ける場合は4週間あけてください。施術内容やお肌の状態によって前後することがあります。また回答の施術間隔は当院で治療をした方の目安であり、他院で治療をされている場合は直接お電話にてお問い合わせくださいませ。,"部分シミ（トレチ）,そばかすシャワー,部分シミ,トレチ,そばかす,間隔,空ける,あける,期間,どのくらい,どれくらい,何週間,何日あける,同日,してから,次の施術"
部分シミ（トレチ）,そばかすスポット,4週間,部分シミ（トレチ）とそばかすスポットの間隔／部分シミ（トレチ）とそばかすスポットの間隔は何週間ですか？／部分シミ（トレチ）の後にそばかすスポットはどのくらい空けますか？／部分シミ（トレチ）とそばかすスポットはどのくらい間隔をあけますか？／部分シミ（トレチ）してからそばかすスポットまではどのくらい期間をあけたらいいですか？／部分シミ（トレチ）の後にそばかすスポットはいつ受けられますか？／部分シミ（トレチ）とそばかすスポットは同日にできますか？,部分シミ（トレチ）とそばかすスポットは、別の部位であれば原則として同日に受けられます。同じ部位にそばかすスポットを受ける場合は4週間あけてください。施術内容やお肌の状態によって前後することがあります。また回答の施術間隔は当院で治療をした方の目安であり、他院で治療をされている場合は直接お電話にてお問い合わせくださいませ。,"部分シミ（トレチ）,そばかすスポット,部分シミ,トレチ,そばかす,間隔,空ける,あける,期間,どのくらい,どれくらい,何週間,何日あける,同日,してから,次の施術"
部分シミ（トレチ）,フォト/光治療,4週間,部分シミ（トレチ）とフォト/光治療の間隔／部分シミ（トレチ）とフォト/光治療の間隔は何週間ですか？／部分シミ（トレチ）の後にフォト/光治療はどのくらい空けますか？／部分シミ（トレチ）とフォト/光治療はどのくらい間隔をあけますか？／部分シミ（トレチ）してからフォト/光治療まではどのくらい期間をあけたらいいですか？／部分シミ（トレチ）の後にフォト/光治療はいつ受けられますか？／部分シミ（トレチ）とフォト/光治療は同日にできますか？,部分シミ（トレチ）とフォト/光治療は、別の部位であれば原則として同日に受けられます。同じ部位にフォト/光治療を受ける場合は4週間あけてください。施術内容やお肌の状態によって前後することがあります。また回答の施術間隔は当院で治療をした方の目安であり、他院で治療をされている場合は直接お電話にてお問い合わせくださいませ。,"部分シミ（トレチ）,フォト/光治療,部分シミ,トレチ,フォトフェイシャル,フォト,光治療,IPL,間隔,空ける,あける,期間,どのくらい,どれくらい,何週間,何日あける,同日,してから,次の施術"
部分シミ（トレチ）,赤み治療,4週間,部分シミ（トレチ）と赤み治療の間隔／部分シミ（トレチ）と赤み治療の間隔は何週間ですか？／部分シミ（トレチ）の後に赤み治療はどのくらい空けますか？／部分シミ（トレチ）と赤み治療はどのくらい間隔をあけますか？／部分シミ（トレチ）してから赤み治療まではどのくらい期間をあけたらいいですか？／部分シミ（トレチ）の後に赤み治療はいつ受けられますか？／部分シミ（トレチ）と赤み治療は同日にできますか？,部分シミ（トレチ）と赤み治療は、別の部位であれば原則として同日に受けられます。同じ部位に赤み治療を受ける場合は4週間あけてください。施術内容やお肌の状態によって前後することがあります。また回答の施術間隔は当院で治療をした方の目安であり、他院で治療をされている場合は直接お電話にてお問い合わせくださいませ。,"部分シミ（トレチ）,赤み治療,部分シミ,トレチ,血管腫レーザー,赤ら顔,間隔,空ける,あける,期間,どのくらい,どれくらい,何週間,何日あける,同日,してから,次の施術"
部分シミ（トレチ）,ボトックス,同日可,部分シミ（トレチ）とボトックスの間隔／部分シミ（トレチ）とボトックスの間隔は何週間ですか？／部分シミ（トレチ）の後にボトックスはどのくらい空けますか？／部分シミ（トレチ）とボトックスはどのくらい間隔をあけますか？／部分シミ（トレチ）してからボトックスまではどのくらい期間をあけたらいいですか？／部分シミ（トレチ）の後にボトックスはいつ受けられますか？／部分シミ（トレチ）とボトックスは同日にできますか？,部分シミ（トレチ）とボトックスは同日に受けられます。施術内容やお肌の状態によって前後することがあります。また回答の施術間隔は当院で治療をした方の目安であり、他院で治療をされている場合は直接お電話にてお問い合わせくださいませ。,"部分シミ（トレチ）,ボトックス,部分シミ,トレチ,ボトックス注射,間隔,空ける,あける,期間,どのくらい,どれくらい,何週間,何日あける,同日,してから,次の施術"
部分シミ（トレチ）,ボトックス（マイクロ）,同日可,部分シミ（トレチ）とボトックス（マイクロ）の間隔／部分シミ（トレチ）とボトックス（マイクロ）の間隔は何週間ですか？／部分シミ（トレチ）の後にボトックス（マイクロ）はどのくらい空けますか？／部分シミ（トレチ）とボトックス（マイクロ）はどのくらい間隔をあけますか？／部分シミ（トレチ）してからボトックス（マイクロ）まではどのくらい期間をあけたらいいですか？／部分シミ（トレチ）の後にボトックス（マイクロ）はいつ受けられますか？／部分シミ（トレチ）とボトックス（マイクロ）は同日にできますか？,部分シミ（トレチ）とボトックス（マイクロ）は同日に受けられます。施術内容やお肌の状態によって前後することがあります。また回答の施術間隔は当院で治療をした方の目安であり、他院で治療をされている場合は直接お電話にてお問い合わせくださいませ。,"部分シミ（トレチ）,ボトックス（マイクロ）,部分シミ,トレチ,マイクロボトックス,間隔,空ける,あける,期間,どのくらい,どれくらい,何週間,何日あける,同日,してから,次の施術"
部分シミ（トレチ）,テノールネオ,4週間,部分シミ（トレチ）とテノールネオの間隔／部分シミ（トレチ）とテノールネオの間隔は何週間ですか？／部分シミ（トレチ）の後にテノールネオはどのくらい空けますか？／部分シミ（トレチ）とテノールネオはどのくらい間隔をあけますか？／部分シミ（トレチ）してからテノールネオまではどのくらい期間をあけたらいいですか？／部分シミ（トレチ）の後にテノールネオはいつ受けられますか？／部分シミ（トレチ）とテノールネオは同日にできますか？,部分シミ（トレチ）とテノールネオは、別の部位であれば原則として同日に受けられます。同じ部位にテノールネオを受ける場合は4週間あけてください。施術内容やお肌の状態によって前後することがあります。また回答の施術間隔は当院で治療をした方の目安であり、他院で治療をされている場合は直接お電話にてお問い合わせくださいませ。,"部分シミ（トレチ）,テノールネオ,部分シミ,トレチ,テノールNEO,テノール,間隔,空ける,あける,期間,どのくらい,どれくらい,何週間,何日あける,同日,してから,次の施術"
部分シミ（トレチ）,mikoメソッド,4週間,部分シミ（トレチ）とmikoメソッドの間隔／部分シミ（トレチ）とmikoメソッドの間隔は何週間ですか？／部分シミ（トレチ）の後にmikoメソッドはどのくらい空けますか？／部分シミ（トレチ）とmikoメソッドはどのくらい間隔をあけますか？／部分シミ（トレチ）してからmikoメソッドまではどのくらい期間をあけたらいいですか？／部分シミ（トレチ）の後にmikoメソッドはいつ受けられますか？／部分シミ（トレチ）とmikoメソッドは同日にできますか？,部分シミ（トレチ）とmikoメソッドは、別の部位であれば原則として同日に受けられます。同じ部位にmikoメソッドを受ける場合は4週間あけてください。施術内容やお肌の状態によって前後することがあります。また回答の施術間隔は当院で治療をした方の目安であり、他院で治療をされている場合は直接お電話にてお問い合わせくださいませ。,"部分シミ（トレチ）,mikoメソッド,部分シミ,トレチ,miko,ミコメソッド,首イボ,間隔,空ける,あける,期間,どのくらい,どれくらい,何週間,何日あける,同日,してから,次の施術"
部分シミ（トレチ）,ほくろ切除/ほくろ除去,4週間(翌日),部分シミ（トレチ）とほくろ切除/ほくろ除去の間隔／部分シミ（トレチ）とほくろ切除/ほくろ除去の間隔は何週間ですか？／部分シミ（トレチ）の後にほくろ切除/ほくろ除去はどのくらい空けますか？／部分シミ（トレチ）とほくろ切除/ほくろ除去はどのくらい間隔をあけますか？／部分シミ（トレチ）してからほくろ切除/ほくろ除去まではどのくらい期間をあけたらいいですか？／部分シミ（トレチ）の後にほくろ切除/ほくろ除去はいつ受けられますか？／部分シミ（トレチ）とほくろ切除/ほくろ除去は同日にできますか？,部分シミ（トレチ）の後にほくろ切除/ほくろ除去は、同じ部位の場合4週間、別の部位なら翌日以降に受けられます。施術内容やお肌の状態によって前後することがあります。また回答の施術間隔は当院で治療をした方の目安であり、他院で治療をされている場合は直接お電話にてお問い合わせくださいませ。,"部分シミ（トレチ）,ほくろ切除/ほくろ除去,部分シミ,トレチ,ほくろ除去,ほくろ,間隔,空ける,あける,期間,どのくらい,どれくらい,何週間,何日あける,同日,してから,次の施術"
部分シミ（トレチ）,ボライト,4週間,部分シミ（トレチ）とボライトの間隔／部分シミ（トレチ）とボライトの間隔は何週間ですか？／部分シミ（トレチ）の後にボライトはどのくらい空けますか？／部分シミ（トレチ）とボライトはどのくらい間隔をあけますか？／部分シミ（トレチ）してからボライトまではどのくらい期間をあけたらいいですか？／部分シミ（トレチ）の後にボライトはいつ受けられますか？／部分シミ（トレチ）とボライトは同日にできますか？,部分シミ（トレチ）とボライトは、別の部位であれば原則として同日に受けられます。同じ部位にボライトを受ける場合は4週間あけてください。施術内容やお肌の状態によって前後することがあります。また回答の施術間隔は当院で治療をした方の目安であり、他院で治療をされている場合は直接お電話にてお問い合わせくださいませ。,"部分シミ（トレチ）,ボライト,部分シミ,トレチ,間隔,空ける,あける,期間,どのくらい,どれくらい,何週間,何日あける,同日,してから,次の施術"
部分シミ（トレチ）,稗粒腫,4週間,部分シミ（トレチ）と稗粒腫の間隔／部分シミ（トレチ）と稗粒腫の間隔は何週間ですか？／部分シミ（トレチ）の後に稗粒腫はどのくらい空けますか？／部分シミ（トレチ）と稗粒腫はどのくらい間隔をあけますか？／部分シミ（トレチ）してから稗粒腫まではどのくらい期間をあけたらいいですか？／部分シミ（トレチ）の後に稗粒腫はいつ受けられますか？／部分シミ（トレチ）と稗粒腫は同日にできますか？,部分シミ（トレチ）と稗粒腫は、別の部位であれば原則として同日に受けられます。同じ部位に稗粒腫を受ける場合は4週間あけてください。施術内容やお肌の状態によって前後することがあります。また回答の施術間隔は当院で治療をした方の目安であり、他院で治療をされている場合は直接お電話にてお問い合わせくださいませ。,"部分シミ（トレチ）,稗粒腫,部分シミ,トレチ,間隔,空ける,あける,期間,どのくらい,どれくらい,何週間,何日あける,同日,してから,次の施術"
部分シミ（トレチ）,ヴェルヴェットスキン,4週間,部分シミ（トレチ）とヴェルヴェットスキンの間隔／部分シミ（トレチ）とヴェルヴェットスキンの間隔は何週間ですか？／部分シミ（トレチ）の後にヴェルヴェットスキンはどのくらい空けますか？／部分シミ（トレチ）とヴェルヴェットスキンはどのくらい間隔をあけますか？／部分シミ（トレチ）してからヴェルヴェットスキンまではどのくらい期間をあけたらいいですか？／部分シミ（トレチ）の後にヴェルヴェットスキンはいつ受けられますか？／部分シミ（トレチ）とヴェルヴェットスキンは同日にできますか？,部分シミ（トレチ）とヴェルヴェットスキンは、別の部位であれば原則として同日に受けられます。同じ部位にヴェルヴェットスキンを受ける場合は4週間あけてください。施術内容やお肌の状態によって前後することがあります。また回答の施術間隔は当院で治療をした方の目安であり、他院で治療をされている場合は直接お電話にてお問い合わせくださいませ。,"部分シミ（トレチ）,ヴェルヴェットスキン,部分シミ,トレチ,ヴェルヴェット,ベルベットスキン,間隔,空ける,あける,期間,どのくらい,どれくらい,何週間,何日あける,同日,してから,次の施術"
部分シミ（トレチ）,ダーマペン,4週間,部分シミ（トレチ）とダーマペンの間隔／部分シミ（トレチ）とダーマペンの間隔は何週間ですか？／部分シミ（トレチ）の後にダーマペンはどのくらい空けますか？／部分シミ（トレチ）とダーマペンはどのくらい間隔をあけますか？／部分シミ（トレチ）してからダーマペンまではどのくらい期間をあけたらいいですか？／部分シミ（トレチ）の後にダーマペンはいつ受けられますか？／部分シミ（トレチ）とダーマペンは同日にできますか？,部分シミ（トレチ）とダーマペンは、別の部位であれば原則として同日に受けられます。同じ部位にダーマペンを受ける場合は4週間あけてください。施術内容やお肌の状態によって前後することがあります。また回答の施術間隔は当院で治療をした方の目安であり、他院で治療をされている場合は直接お電話にてお問い合わせくださいませ。,"部分シミ（トレチ）,ダーマペン,部分シミ,トレチ,ダーマペン4,間隔,空ける,あける,期間,どのくらい,どれくらい,何週間,何日あける,同日,してから,次の施術"
部分シミ（トレチ）,HARG,（翌日）,部分シミ（トレチ）とHARGの間隔／部分シミ（トレチ）とHARGの間隔は何週間ですか？／部分シミ（トレチ）の後にHARGはどのくらい空けますか？／部分シミ（トレチ）とHARGはどのくらい間隔をあけますか？／部分シミ（トレチ）してからHARGまではどのくらい期間をあけたらいいですか？／部分シミ（トレチ）の後にHARGはいつ受けられますか？／部分シミ（トレチ）とHARGは同日にできますか？,部分シミ（トレチ）の後にHARG（部位が異なります）は翌日以降であれば受けられます。施術内容やお肌の状態によって前後することがあります。また回答の施術間隔は当院で治療をした方の目安であり、他院で治療をされている場合は直接お電話にてお問い合わせくださいませ。,"部分シミ（トレチ）,HARG,部分シミ,トレチ,ハーグ,HARG療法,間隔,空ける,あける,期間,どのくらい,どれくらい,何週間,何日あける,同日,してから,次の施術"
部分シミ（トレチ）,スカルプ・プラセンタエッセンス,（翌日）,部分シミ（トレチ）とスカルプ・プラセンタエッセンスの間隔／部分シミ（トレチ）とスカルプ・プラセンタエッセンスの間隔は何週間ですか？／部分シミ（トレチ）の後にスカルプ・プラセンタエッセンスはどのくらい空けますか？／部分シミ（トレチ）とスカルプ・プラセンタエッセンスはどのくらい間隔をあけますか？／部分シミ（トレチ）してからスカルプ・プラセンタエッセンスまではどのくらい期間をあけたらいいですか？／部分シミ（トレチ）の後にスカルプ・プラセンタエッセンスはいつ受けられますか？／部分シミ（トレチ）とスカルプ・プラセンタエッセンスは同日にできますか？,部分シミ（トレチ）の後にスカルプ・プラセンタエッセンス（部位が異なります）は翌日以降であれば受けられます。施術内容やお肌の状態によって前後することがあります。また回答の施術間隔は当院で治療をした方の目安であり、他院で治療をされている場合は直接お電話にてお問い合わせくださいませ。,"部分シミ（トレチ）,スカルプ・プラセンタエッセンス,部分シミ,トレチ,スカルプ,プラセンタ,間隔,空ける,あける,期間,どのくらい,どれくらい,何週間,何日あける,同日,してから,次の施術"
部分シミ（トレチ）,コラーゲンピール,4週間,部分シミ（トレチ）とコラーゲンピールの間隔／部分シミ（トレチ）とコラーゲンピールの間隔は何週間ですか？／部分シミ（トレチ）の後にコラーゲンピールはどのくらい空けますか？／部分シミ（トレチ）とコラーゲンピールはどのくらい間隔をあけますか？／部分シミ（トレチ）してからコラーゲンピールまではどのくらい期間をあけたらいいですか？／部分シミ（トレチ）の後にコラーゲンピールはいつ受けられますか？／部分シミ（トレチ）とコラーゲンピールは同日にできますか？,部分シミ（トレチ）とコラーゲンピールは、別の部位であれば原則として同日に受けられます。同じ部位にコラーゲンピールを受ける場合は4週間あけてください。施術内容やお肌の状態によって前後することがあります。また回答の施術間隔は当院で治療をした方の目安であり、他院で治療をされている場合は直接お電話にてお問い合わせくださいませ。,"部分シミ（トレチ）,コラーゲンピール,部分シミ,トレチ,マッサージピール,間隔,空ける,あける,期間,どのくらい,どれくらい,何週間,何日あける,同日,してから,次の施術"
部分シミ（トレチ）,サーマクール,4週間,部分シミ（トレチ）とサーマクールの間隔／部分シミ（トレチ）とサーマクールの間隔は何週間ですか？／部分シミ（トレチ）の後にサーマクールはどのくらい空けますか？／部分シミ（トレチ）とサーマクールはどのくらい間隔をあけますか？／部分シミ（トレチ）してからサーマクールまではどのくらい期間をあけたらいいですか？／部分シミ（トレチ）の後にサーマクールはいつ受けられますか？／部分シミ（トレチ）とサーマクールは同日にできますか？,部分シミ（トレチ）とサーマクールは、別の部位であれば原則として同日に受けられます。同じ部位にサーマクールを受ける場合は4週間あけてください。施術内容やお肌の状態によって前後することがあります。また回答の施術間隔は当院で治療をした方の目安であり、他院で治療をされている場合は直接お電話にてお問い合わせくださいませ。,"部分シミ（トレチ）,サーマクール,部分シミ,トレチ,サーマ,間隔,空ける,あける,期間,どのくらい,どれくらい,何週間,何日あける,同日,してから,次の施術"
部分シミ（トレチ）,脱毛,4週間,部分シミ（トレチ）と脱毛の間隔／部分シミ（トレチ）と脱毛の間隔は何週間ですか？／部分シミ（トレチ）の後に脱毛はどのくらい空けますか？／部分シミ（トレチ）と脱毛はどのくらい間隔をあけますか？／部分シミ（トレチ）してから脱毛まではどのくらい期間をあけたらいいですか？／部分シミ（トレチ）の後に脱毛はいつ受けられますか？／部分シミ（トレチ）と脱毛は同日にできますか？,部分シミ（トレチ）と脱毛は、別の部位であれば原則として同日に受けられます。同じ部位に脱毛を受ける場合は4週間あけてください。施術内容やお肌の状態によって前後することがあります。また回答の施術間隔は当院で治療をした方の目安であり、他院で治療をされている場合は直接お電話にてお問い合わせくださいませ。,"部分シミ（トレチ）,脱毛,部分シミ,トレチ,医療脱毛,顔脱毛,全身脱毛,VIO脱毛,ひげ脱毛,レーザー脱毛,間隔,空ける,あける,期間,どのくらい,どれくらい,何週間,何日あける,同日,してから,次の施術"
部分シミ（トレチ）,タトゥー,4週間,部分シミ（トレチ）とタトゥーの間隔／部分シミ（トレチ）とタトゥーの間隔は何週間ですか？／部分シミ（トレチ）の後にタトゥーはどのくらい空けますか？／部分シミ（トレチ）とタトゥーはどのくらい間隔をあけますか？／部分シミ（トレチ）してからタトゥーまではどのくらい期間をあけたらいいですか？／部分シミ（トレチ）の後にタトゥーはいつ受けられますか？／部分シミ（トレチ）とタトゥーは同日にできますか？,部分シミ（トレチ）とタトゥーは、別の部位であれば原則として同日に受けられます。同じ部位にタトゥーを受ける場合は4週間あけてください。施術内容やお肌の状態によって前後することがあります。また回答の施術間隔は当院で治療をした方の目安であり、他院で治療をされている場合は直接お電話にてお問い合わせくださいませ。,"部分シミ（トレチ）,タトゥー,部分シミ,トレチ,刺青,タトゥー除去,間隔,空ける,あける,期間,どのくらい,どれくらい,何週間,何日あける,同日,してから,次の施術"
部分シミ（トレチ）,アートメイク,同日可,部分シミ（トレチ）とアートメイクの間隔／部分シミ（トレチ）とアートメイクの間隔は何週間ですか？／部分シミ（トレチ）の後にアートメイクはどのくらい空けますか？／部分シミ（トレチ）とアートメイクはどのくらい間隔をあけますか？／部分シミ（トレチ）してからアートメイクまではどのくらい期間をあけたらいいですか？／部分シミ（トレチ）の後にアートメイクはいつ受けられますか？／部分シミ（トレチ）とアートメイクは同日にできますか？,部分シミ（トレチ）とアートメイクは同日に受けられます。施術内容やお肌の状態によって前後することがあります。また回答の施術間隔は当院で治療をした方の目安であり、他院で治療をされている場合は直接お電話にてお問い合わせくださいませ。,"部分シミ（トレチ）,アートメイク,部分シミ,トレチ,間隔,空ける,あける,期間,どのくらい,どれくらい,何週間,何日あける,同日,してから,次の施術"
mikoメソッド,ケミカルピーリング,4週間,mikoメソッドとケミカルピーリングの間隔／mikoメソッドとケミカルピーリングの間隔は何週間ですか？／mikoメソッドの後にケミカルピーリングはどのくらい空けますか？／mikoメソッドとケミカルピーリングはどのくらい間隔をあけますか？／mikoメソッドしてからケミカルピーリングまではどのくらい期間をあけたらいいですか？／mikoメソッドの後にケミカルピーリングはいつ受けられますか？／mikoメソッドとケミカルピーリングは同日にできますか？,mikoメソッドとケミカルピーリングは、別の部位であれば原則として同日に受けられます。同じ部位にケミカルピーリングを受ける場合は4週間あけてください。施術内容やお肌の状態によって前後することがあります。また回答の施術間隔は当院で治療をした方の目安であり、他院で治療をされている場合は直接お電話にてお問い合わせくださいませ。,"mikoメソッド,ケミカルピーリング,miko,ミコメソッド,首イボ,ピーリング,間隔,空ける,あける,期間,どのくらい,どれくらい,何週間,何日あける,同日,してから,次の施術"
mikoメソッド,スマートサイドドット（2回目以降）,4週間,mikoメソッドとスマートサイドドット（2回目以降）の間隔／mikoメソッドとスマートサイドドット（2回目以降）の間隔は何週間ですか？／mikoメソッドの後にスマートサイドドット（2回目以降）はどのくらい空けますか？／mikoメソッドとスマートサイドドット（2回目以降）はどのくらい間隔をあけますか？／mikoメソッドしてからスマートサイドドット（2回目以降）まではどのくらい期間をあけたらいいですか？／mikoメソッドの後にスマートサイドドット（2回目以降）はいつ受けられますか？／mikoメソッドとスマートサイドドット（2回目以降）は同日にできますか？,mikoメソッドとスマートサイドドット（2回目以降）は、別の部位であれば原則として同日に受けられます。同じ部位にスマートサイドドット（2回目以降）を受ける場合は4週間あけてください。施術内容やお肌の状態によって前後することがあります。また回答の施術間隔は当院で治療をした方の目安であり、他院で治療をされている場合は直接お電話にてお問い合わせくださいませ。,"mikoメソッド,スマートサイドドット（2回目以降）,miko,ミコメソッド,首イボ,スマサイ,スマートサイドドット,間隔,空ける,あける,期間,どのくらい,どれくらい,何週間,何日あける,同日,してから,次の施術"
mikoメソッド,スマートサイドドット（初回）,4週間,mikoメソッドとスマートサイドドット（初回）の間隔／mikoメソッドとスマートサイドドット（初回）の間隔は何週間ですか？／mikoメソッドの後にスマートサイドドット（初回）はどのくらい空けますか？／mikoメソッドとスマートサイドドット（初回）はどのくらい間隔をあけますか？／mikoメソッドしてからスマートサイドドット（初回）まではどのくらい期間をあけたらいいですか？／mikoメソッドの後にスマートサイドドット（初回）はいつ受けられますか？／mikoメソッドとスマートサイドドット（初回）は同日にできますか？,mikoメソッドとスマートサイドドット（初回）は、別の部位であれば原則として同日に受けられます。同じ部位にスマートサイドドット（初回）を受ける場合は4週間あけてください。施術内容やお肌の状態によって前後することがあります。また回答の施術間隔は当院で治療をした方の目安であり、他院で治療をされている場合は直接お電話にてお問い合わせくださいませ。,"mikoメソッド,スマートサイドドット（初回）,miko,ミコメソッド,首イボ,スマサイ,スマートサイドドット,間隔,空ける,あける,期間,どのくらい,どれくらい,何週間,何日あける,同日,してから,次の施術"
mikoメソッド,イボレーザー/CO2レーザー,4週間,mikoメソッドとイボレーザー/CO2レーザーの間隔／mikoメソッドとイボレーザー/CO2レーザーの間隔は何週間ですか？／mikoメソッドの後にイボレーザー/CO2レーザーはどのくらい空けますか？／mikoメソッドとイボレーザー/CO2レーザーはどのくらい間隔をあけますか？／mikoメソッドしてからイボレーザー/CO2レーザーまではどのくらい期間をあけたらいいですか？／mikoメソッドの後にイボレーザー/CO2レーザーはいつ受けられますか？／mikoメソッドとイボレーザー/CO2レーザーは同日にできますか？,mikoメソッドとイボレーザー/CO2レーザーは、別の部位であれば原則として同日に受けられます。同じ部位にイボレーザー/CO2レーザーを受ける場合は4週間あけてください。施術内容やお肌の状態によって前後することがあります。また回答の施術間隔は当院で治療をした方の目安であり、他院で治療をされている場合は直接お電話にてお問い合わせくださいませ。,"mikoメソッド,イボレーザー/CO2レーザー,miko,ミコメソッド,首イボ,炭酸ガスレーザー,CO2レーザー,イボ取り,いぼレーザー,間隔,空ける,あける,期間,どのくらい,どれくらい,何週間,何日あける,同日,してから,次の施術"
mikoメソッド,シミ取りレーザー,4週間,mikoメソッドとシミ取りレーザーの間隔／mikoメソッドとシミ取りレーザーの間隔は何週間ですか？／mikoメソッドの後にシミ取りレーザーはどのくらい空けますか？／mikoメソッドとシミ取りレーザーはどのくらい間隔をあけますか？／mikoメソッドしてからシミ取りレーザーまではどのくらい期間をあけたらいいですか？／mikoメソッドの後にシミ取りレーザーはいつ受けられますか？／mikoメソッドとシミ取りレーザーは同日にできますか？,mikoメソッドとシミ取りレーザーは、別の部位であれば原則として同日に受けられます。同じ部位にシミ取りレーザーを受ける場合は4週間あけてください。施術内容やお肌の状態によって前後することがあります。また回答の施術間隔は当院で治療をした方の目安であり、他院で治療をされている場合は直接お電話にてお問い合わせくださいませ。,"mikoメソッド,シミ取りレーザー,miko,ミコメソッド,首イボ,シミレーザー,シミ取り,間隔,空ける,あける,期間,どのくらい,どれくらい,何週間,何日あける,同日,してから,次の施術"
mikoメソッド,ADM/ピコレーザ,4週間,mikoメソッドとADM/ピコレーザの間隔／mikoメソッドとADM/ピコレーザの間隔は何週間ですか？／mikoメソッドの後にADM/ピコレーザはどのくらい空けますか？／mikoメソッドとADM/ピコレーザはどのくらい間隔をあけますか？／mikoメソッドしてからADM/ピコレーザまではどのくらい期間をあけたらいいですか？／mikoメソッドの後にADM/ピコレーザはいつ受けられますか？／mikoメソッドとADM/ピコレーザは同日にできますか？,mikoメソッドとADM/ピコレーザは、別の部位であれば原則として同日に受けられます。同じ部位にADM/ピコレーザを受ける場合は4週間あけてください。施術内容やお肌の状態によって前後することがあります。また回答の施術間隔は当院で治療をした方の目安であり、他院で治療をされている場合は直接お電話にてお問い合わせくださいませ。,"mikoメソッド,ADM/ピコレーザ,miko,ミコメソッド,首イボ,ADMレーザー,ピコレーザー,ADM,間隔,空ける,あける,期間,どのくらい,どれくらい,何週間,何日あける,同日,してから,次の施術"
mikoメソッド,ADM/ナノレーザー,4週間,mikoメソッドとADM/ナノレーザーの間隔／mikoメソッドとADM/ナノレーザーの間隔は何週間ですか？／mikoメソッドの後にADM/ナノレーザーはどのくらい空けますか？／mikoメソッドとADM/ナノレーザーはどのくらい間隔をあけますか？／mikoメソッドしてからADM/ナノレーザーまではどのくらい期間をあけたらいいですか？／mikoメソッドの後にADM/ナノレーザーはいつ受けられますか？／mikoメソッドとADM/ナノレーザーは同日にできますか？,mikoメソッドとADM/ナノレーザーは、別の部位であれば原則として同日に受けられます。同じ部位にADM/ナノレーザーを受ける場合は4週間あけてください。施術内容やお肌の状態によって前後することがあります。また回答の施術間隔は当院で治療をした方の目安であり、他院で治療をされている場合は直接お電話にてお問い合わせくださいませ。,"mikoメソッド,ADM/ナノレーザー,miko,ミコメソッド,首イボ,ADMレーザー,ナノレーザー,ADM,間隔,空ける,あける,期間,どのくらい,どれくらい,何週間,何日あける,同日,してから,次の施術"
mikoメソッド,レーザートーニング,4週間,mikoメソッドとレーザートーニングの間隔／mikoメソッドとレーザートーニングの間隔は何週間ですか？／mikoメソッドの後にレーザートーニングはどのくらい空けますか？／mikoメソッドとレーザートーニングはどのくらい間隔をあけますか？／mikoメソッドしてからレーザートーニングまではどのくらい期間をあけたらいいですか？／mikoメソッドの後にレーザートーニングはいつ受けられますか？／mikoメソッドとレーザートーニングは同日にできますか？,mikoメソッドとレーザートーニングは、別の部位であれば原則として同日に受けられます。同じ部位にレーザートーニングを受ける場合は4週間あけてください。施術内容やお肌の状態によって前後することがあります。また回答の施術間隔は当院で治療をした方の目安であり、他院で治療をされている場合は直接お電話にてお問い合わせくださいませ。,"mikoメソッド,レーザートーニング,miko,ミコメソッド,首イボ,トーニング,間隔,空ける,あける,期間,どのくらい,どれくらい,何週間,何日あける,同日,してから,次の施術"
mikoメソッド,ピコトーニング,4週間,mikoメソッドとピコトーニングの間隔／mikoメソッドとピコトーニングの間隔は何週間ですか？／mikoメソッドの後にピコトーニングはどのくらい空けますか？／mikoメソッドとピコトーニングはどのくらい間隔をあけますか？／mikoメソッドしてからピコトーニングまではどのくらい期間をあけたらいいですか？／mikoメソッドの後にピコトーニングはいつ受けられますか？／mikoメソッドとピコトーニングは同日にできますか？,mikoメソッドとピコトーニングは、別の部位であれば原則として同日に受けられます。同じ部位にピコトーニングを受ける場合は4週間あけてください。施術内容やお肌の状態によって前後することがあります。また回答の施術間隔は当院で治療をした方の目安であり、他院で治療をされている場合は直接お電話にてお問い合わせくださいませ。,"mikoメソッド,ピコトーニング,miko,ミコメソッド,首イボ,トーニング,ピコ,間隔,空ける,あける,期間,どのくらい,どれくらい,何週間,何日あける,同日,してから,次の施術"
mikoメソッド,ピコフラクショナル,4週間,mikoメソッドとピコフラクショナルの間隔／mikoメソッドとピコフラクショナルの間隔は何週間ですか？／mikoメソッドの後にピコフラクショナルはどのくらい空けますか？／mikoメソッドとピコフラクショナルはどのくらい間隔をあけますか？／mikoメソッドしてからピコフラクショナルまではどのくらい期間をあけたらいいですか？／mikoメソッドの後にピコフラクショナルはいつ受けられますか？／mikoメソッドとピコフラクショナルは同日にできますか？,mikoメソッドとピコフラクショナルは、別の部位であれば原則として同日に受けられます。同じ部位にピコフラクショナルを受ける場合は4週間あけてください。施術内容やお肌の状態によって前後することがあります。また回答の施術間隔は当院で治療をした方の目安であり、他院で治療をされている場合は直接お電話にてお問い合わせくださいませ。,"mikoメソッド,ピコフラクショナル,miko,ミコメソッド,首イボ,フラクショナル,間隔,空ける,あける,期間,どのくらい,どれくらい,何週間,何日あける,同日,してから,次の施術"
mikoメソッド,そばかすシャワー,4週間,mikoメソッドとそばかすシャワーの間隔／mikoメソッドとそばかすシャワーの間隔は何週間ですか？／mikoメソッドの後にそばかすシャワーはどのくらい空けますか？／mikoメソッドとそばかすシャワーはどのくらい間隔をあけますか？／mikoメソッドしてからそばかすシャワーまではどのくらい期間をあけたらいいですか？／mikoメソッドの後にそばかすシャワーはいつ受けられますか？／mikoメソッドとそばかすシャワーは同日にできますか？,mikoメソッドとそばかすシャワーは、別の部位であれば原則として同日に受けられます。同じ部位にそばかすシャワーを受ける場合は4週間あけてください。施術内容やお肌の状態によって前後することがあります。また回答の施術間隔は当院で治療をした方の目安であり、他院で治療をされている場合は直接お電話にてお問い合わせくださいませ。,"mikoメソッド,そばかすシャワー,miko,ミコメソッド,首イボ,そばかす,間隔,空ける,あける,期間,どのくらい,どれくらい,何週間,何日あける,同日,してから,次の施術"
mikoメソッド,そばかすスポット,4週間,mikoメソッドとそばかすスポットの間隔／mikoメソッドとそばかすスポットの間隔は何週間ですか？／mikoメソッドの後にそばかすスポットはどのくらい空けますか？／mikoメソッドとそばかすスポットはどのくらい間隔をあけますか？／mikoメソッドしてからそばかすスポットまではどのくらい期間をあけたらいいですか？／mikoメソッドの後にそばかすスポットはいつ受けられますか？／mikoメソッドとそばかすスポットは同日にできますか？,mikoメソッドとそばかすスポットは、別の部位であれば原則として同日に受けられます。同じ部位にそばかすスポットを受ける場合は4週間あけてください。施術内容やお肌の状態によって前後することがあります。また回答の施術間隔は当院で治療をした方の目安であり、他院で治療をされている場合は直接お電話にてお問い合わせくださいませ。,"mikoメソッド,そばかすスポット,miko,ミコメソッド,首イボ,そばかす,間隔,空ける,あける,期間,どのくらい,どれくらい,何週間,何日あける,同日,してから,次の施術"
mikoメソッド,フォト/光治療,4週間,mikoメソッドとフォト/光治療の間隔／mikoメソッドとフォト/光治療の間隔は何週間ですか？／mikoメソッドの後にフォト/光治療はどのくらい空けますか？／mikoメソッドとフォト/光治療はどのくらい間隔をあけますか？／mikoメソッドしてからフォト/光治療まではどのくらい期間をあけたらいいですか？／mikoメソッドの後にフォト/光治療はいつ受けられますか？／mikoメソッドとフォト/光治療は同日にできますか？,mikoメソッドとフォト/光治療は、別の部位であれば原則として同日に受けられます。同じ部位にフォト/光治療を受ける場合は4週間あけてください。施術内容やお肌の状態によって前後することがあります。また回答の施術間隔は当院で治療をした方の目安であり、他院で治療をされている場合は直接お電話にてお問い合わせくださいませ。,"mikoメソッド,フォト/光治療,miko,ミコメソッド,首イボ,フォトフェイシャル,フォト,光治療,IPL,間隔,空ける,あける,期間,どのくらい,どれくらい,何週間,何日あける,同日,してから,次の施術"
mikoメソッド,赤み治療,4週間,mikoメソッドと赤み治療の間隔／mikoメソッドと赤み治療の間隔は何週間ですか？／mikoメソッドの後に赤み治療はどのくらい空けますか？／mikoメソッドと赤み治療はどのくらい間隔をあけますか？／mikoメソッドしてから赤み治療まではどのくらい期間をあけたらいいですか？／mikoメソッドの後に赤み治療はいつ受けられますか？／mikoメソッドと赤み治療は同日にできますか？,mikoメソッドと赤み治療は、別の部位であれば原則として同日に受けられます。同じ部位に赤み治療を受ける場合は4週間あけてください。施術内容やお肌の状態によって前後することがあります。また回答の施術間隔は当院で治療をした方の目安であり、他院で治療をされている場合は直接お電話にてお問い合わせくださいませ。,"mikoメソッド,赤み治療,miko,ミコメソッド,首イボ,血管腫レーザー,赤ら顔,間隔,空ける,あける,期間,どのくらい,どれくらい,何週間,何日あける,同日,してから,次の施術"
mikoメソッド,ボトックス,4週間,mikoメソッドとボトックスの間隔／mikoメソッドとボトックスの間隔は何週間ですか？／mikoメソッドの後にボトックスはどのくらい空けますか？／mikoメソッドとボトックスはどのくらい間隔をあけますか？／mikoメソッドしてからボトックスまではどのくらい期間をあけたらいいですか？／mikoメソッドの後にボトックスはいつ受けられますか？／mikoメソッドとボトックスは同日にできますか？,mikoメソッドとボトックスは、別の部位であれば原則として同日に受けられます。同じ部位にボトックスを受ける場合は4週間あけてください。施術内容やお肌の状態によって前後することがあります。また回答の施術間隔は当院で治療をした方の目安であり、他院で治療をされている場合は直接お電話にてお問い合わせくださいませ。,"mikoメソッド,ボトックス,miko,ミコメソッド,首イボ,ボトックス注射,間隔,空ける,あける,期間,どのくらい,どれくらい,何週間,何日あける,同日,してから,次の施術"
mikoメソッド,ボトックス（マイクロ）,4週間,mikoメソッドとボトックス（マイクロ）の間隔／mikoメソッドとボトックス（マイクロ）の間隔は何週間ですか？／mikoメソッドの後にボトックス（マイクロ）はどのくらい空けますか？／mikoメソッドとボトックス（マイクロ）はどのくらい間隔をあけますか？／mikoメソッドしてからボトックス（マイクロ）まではどのくらい期間をあけたらいいですか？／mikoメソッドの後にボトックス（マイクロ）はいつ受けられますか？／mikoメソッドとボトックス（マイクロ）は同日にできますか？,mikoメソッドとボトックス（マイクロ）は、別の部位であれば原則として同日に受けられます。同じ部位にボトックス（マイクロ）を受ける場合は4週間あけてください。施術内容やお肌の状態によって前後することがあります。また回答の施術間隔は当院で治療をした方の目安であり、他院で治療をされている場合は直接お電話にてお問い合わせくださいませ。,"mikoメソッド,ボトックス（マイクロ）,miko,ミコメソッド,首イボ,マイクロボトックス,間隔,空ける,あける,期間,どのくらい,どれくらい,何週間,何日あける,同日,してから,次の施術"
mikoメソッド,フラルスキン部分シミ,2週間,mikoメソッドとフラルスキン部分シミの間隔／mikoメソッドとフラルスキン部分シミの間隔は何週間ですか？／mikoメソッドの後にフラルスキン部分シミはどのくらい空けますか？／mikoメソッドとフラルスキン部分シミはどのくらい間隔をあけますか？／mikoメソッドしてからフラルスキン部分シミまではどのくらい期間をあけたらいいですか？／mikoメソッドの後にフラルスキン部分シミはいつ受けられますか？／mikoメソッドとフラルスキン部分シミは同日にできますか？,mikoメソッドとフラルスキン部分シミは、別の部位であれば原則として同日に受けられます。同じ部位にフラルスキン部分シミを受ける場合は2週間あけてください。施術内容やお肌の状態によって前後することがあります。また回答の施術間隔は当院で治療をした方の目安であり、他院で治療をされている場合は直接お電話にてお問い合わせくださいませ。,"mikoメソッド,フラルスキン部分シミ,miko,ミコメソッド,首イボ,間隔,空ける,あける,期間,どのくらい,どれくらい,何週間,何日あける,同日,してから,次の施術"
mikoメソッド,テノールネオ,2週間,mikoメソッドとテノールネオの間隔／mikoメソッドとテノールネオの間隔は何週間ですか？／mikoメソッドの後にテノールネオはどのくらい空けますか？／mikoメソッドとテノールネオはどのくらい間隔をあけますか？／mikoメソッドしてからテノールネオまではどのくらい期間をあけたらいいですか？／mikoメソッドの後にテノールネオはいつ受けられますか？／mikoメソッドとテノールネオは同日にできますか？,mikoメソッドとテノールネオは、別の部位であれば原則として同日に受けられます。同じ部位にテノールネオを受ける場合は2週間あけてください。施術内容やお肌の状態によって前後することがあります。また回答の施術間隔は当院で治療をした方の目安であり、他院で治療をされている場合は直接お電話にてお問い合わせくださいませ。,"mikoメソッド,テノールネオ,miko,ミコメソッド,首イボ,テノールNEO,テノール,間隔,空ける,あける,期間,どのくらい,どれくらい,何週間,何日あける,同日,してから,次の施術"
mikoメソッド,mikoメソッド,2週間,mikoメソッドとmikoメソッドの間隔／mikoメソッドとmikoメソッドの間隔は何週間ですか？／mikoメソッドの後にmikoメソッドはどのくらい空けますか？／mikoメソッドとmikoメソッドはどのくらい間隔をあけますか？／mikoメソッドしてからmikoメソッドまではどのくらい期間をあけたらいいですか？／mikoメソッドの後にmikoメソッドはいつ受けられますか？／mikoメソッドとmikoメソッドは同日にできますか？,mikoメソッドを続けて（同じ部位に）受ける場合は2週間あけてください。施術内容やお肌の状態によって前後することがあります。また回答の施術間隔は当院で治療をした方の目安であり、他院で治療をされている場合は直接お電話にてお問い合わせくださいませ。,"mikoメソッド,miko,ミコメソッド,首イボ,間隔,空ける,あける,期間,どのくらい,どれくらい,何週間,何日あける,同日,してから,次の施術"
mikoメソッド,ボライト,4週間,mikoメソッドとボライトの間隔／mikoメソッドとボライトの間隔は何週間ですか？／mikoメソッドの後にボライトはどのくらい空けますか？／mikoメソッドとボライトはどのくらい間隔をあけますか？／mikoメソッドしてからボライトまではどのくらい期間をあけたらいいですか？／mikoメソッドの後にボライトはいつ受けられますか？／mikoメソッドとボライトは同日にできますか？,mikoメソッドとボライトは、別の部位であれば原則として同日に受けられます。同じ部位にボライトを受ける場合は4週間あけてください。施術内容やお肌の状態によって前後することがあります。また回答の施術間隔は当院で治療をした方の目安であり、他院で治療をされている場合は直接お電話にてお問い合わせくださいませ。,"mikoメソッド,ボライト,miko,ミコメソッド,首イボ,間隔,空ける,あける,期間,どのくらい,どれくらい,何週間,何日あける,同日,してから,次の施術"
mikoメソッド,ヴェルヴェットスキン,（2週間）,mikoメソッドとヴェルヴェットスキンの間隔／mikoメソッドとヴェルヴェットスキンの間隔は何週間ですか？／mikoメソッドの後にヴェルヴェットスキンはどのくらい空けますか？／mikoメソッドとヴェルヴェットスキンはどのくらい間隔をあけますか？／mikoメソッドしてからヴェルヴェットスキンまではどのくらい期間をあけたらいいですか？／mikoメソッドの後にヴェルヴェットスキンはいつ受けられますか？／mikoメソッドとヴェルヴェットスキンは同日にできますか？,mikoメソッドの後にヴェルヴェットスキン（別の部位）を受ける場合は2週間あけてください。施術内容やお肌の状態によって前後することがあります。また回答の施術間隔は当院で治療をした方の目安であり、他院で治療をされている場合は直接お電話にてお問い合わせくださいませ。,"mikoメソッド,ヴェルヴェットスキン,miko,ミコメソッド,首イボ,ヴェルヴェット,ベルベットスキン,間隔,空ける,あける,期間,どのくらい,どれくらい,何週間,何日あける,同日,してから,次の施術"
mikoメソッド,ダーマペン,（2週間）,mikoメソッドとダーマペンの間隔／mikoメソッドとダーマペンの間隔は何週間ですか？／mikoメソッドの後にダーマペンはどのくらい空けますか？／mikoメソッドとダーマペンはどのくらい間隔をあけますか？／mikoメソッドしてからダーマペンまではどのくらい期間をあけたらいいですか？／mikoメソッドの後にダーマペンはいつ受けられますか？／mikoメソッドとダーマペンは同日にできますか？,mikoメソッドの後にダーマペン（別の部位）を受ける場合は2週間あけてください。施術内容やお肌の状態によって前後することがあります。また回答の施術間隔は当院で治療をした方の目安であり、他院で治療をされている場合は直接お電話にてお問い合わせくださいませ。,"mikoメソッド,ダーマペン,miko,ミコメソッド,首イボ,ダーマペン4,間隔,空ける,あける,期間,どのくらい,どれくらい,何週間,何日あける,同日,してから,次の施術"
mikoメソッド,HARG,（翌日）,mikoメソッドとHARGの間隔／mikoメソッドとHARGの間隔は何週間ですか？／mikoメソッドの後にHARGはどのくらい空けますか？／mikoメソッドとHARGはどのくらい間隔をあけますか？／mikoメソッドしてからHARGまではどのくらい期間をあけたらいいですか？／mikoメソッドの後にHARGはいつ受けられますか？／mikoメソッドとHARGは同日にできますか？,mikoメソッドの後にHARG（部位が異なります）は翌日以降であれば受けられます。施術内容やお肌の状態によって前後することがあります。また回答の施術間隔は当院で治療をした方の目安であり、他院で治療をされている場合は直接お電話にてお問い合わせくださいませ。,"mikoメソッド,HARG,miko,ミコメソッド,首イボ,ハーグ,HARG療法,間隔,空ける,あける,期間,どのくらい,どれくらい,何週間,何日あける,同日,してから,次の施術"
mikoメソッド,スカルプ・プラセンタエッセンス,（翌日）,mikoメソッドとスカルプ・プラセンタエッセンスの間隔／mikoメソッドとスカルプ・プラセンタエッセンスの間隔は何週間ですか？／mikoメソッドの後にスカルプ・プラセンタエッセンスはどのくらい空けますか？／mikoメソッドとスカルプ・プラセンタエッセンスはどのくらい間隔をあけますか？／mikoメソッドしてからスカルプ・プラセンタエッセンスまではどのくらい期間をあけたらいいですか？／mikoメソッドの後にスカルプ・プラセンタエッセンスはいつ受けられますか？／mikoメソッドとスカルプ・プラセンタエッセンスは同日にできますか？,mikoメソッドの後にスカルプ・プラセンタエッセンス（部位が異なります）は翌日以降であれば受けられます。施術内容やお肌の状態によって前後することがあります。また回答の施術間隔は当院で治療をした方の目安であり、他院で治療をされている場合は直接お電話にてお問い合わせくださいませ。,"mikoメソッド,スカルプ・プラセンタエッセンス,miko,ミコメソッド,首イボ,スカルプ,プラセンタ,間隔,空ける,あける,期間,どのくらい,どれくらい,何週間,何日あける,同日,してから,次の施術"
mikoメソッド,コラーゲンピール,4週間,mikoメソッドとコラーゲンピールの間隔／mikoメソッドとコラーゲンピールの間隔は何週間ですか？／mikoメソッドの後にコラーゲンピールはどのくらい空けますか？／mikoメソッドとコラーゲンピールはどのくらい間隔をあけますか？／mikoメソッドしてからコラーゲンピールまではどのくらい期間をあけたらいいですか？／mikoメソッドの後にコラーゲンピールはいつ受けられますか？／mikoメソッドとコラーゲンピールは同日にできますか？,mikoメソッドとコラーゲンピールは、別の部位であれば原則として同日に受けられます。同じ部位にコラーゲンピールを受ける場合は4週間あけてください。施術内容やお肌の状態によって前後することがあります。また回答の施術間隔は当院で治療をした方の目安であり、他院で治療をされている場合は直接お電話にてお問い合わせくださいませ。,"mikoメソッド,コラーゲンピール,miko,ミコメソッド,首イボ,マッサージピール,間隔,空ける,あける,期間,どのくらい,どれくらい,何週間,何日あける,同日,してから,次の施術"
mikoメソッド,サーマクール,4週間,mikoメソッドとサーマクールの間隔／mikoメソッドとサーマクールの間隔は何週間ですか？／mikoメソッドの後にサーマクールはどのくらい空けますか？／mikoメソッドとサーマクールはどのくらい間隔をあけますか？／mikoメソッドしてからサーマクールまではどのくらい期間をあけたらいいですか？／mikoメソッドの後にサーマクールはいつ受けられますか？／mikoメソッドとサーマクールは同日にできますか？,mikoメソッドとサーマクールは、別の部位であれば原則として同日に受けられます。同じ部位にサーマクールを受ける場合は4週間あけてください。施術内容やお肌の状態によって前後することがあります。また回答の施術間隔は当院で治療をした方の目安であり、他院で治療をされている場合は直接お電話にてお問い合わせくださいませ。,"mikoメソッド,サーマクール,miko,ミコメソッド,首イボ,サーマ,間隔,空ける,あける,期間,どのくらい,どれくらい,何週間,何日あける,同日,してから,次の施術"
mikoメソッド,脱毛,4週間,mikoメソッドと脱毛の間隔／mikoメソッドと脱毛の間隔は何週間ですか？／mikoメソッドの後に脱毛はどのくらい空けますか？／mikoメソッドと脱毛はどのくらい間隔をあけますか？／mikoメソッドしてから脱毛まではどのくらい期間をあけたらいいですか？／mikoメソッドの後に脱毛はいつ受けられますか？／mikoメソッドと脱毛は同日にできますか？,mikoメソッドと脱毛は、別の部位であれば原則として同日に受けられます。同じ部位に脱毛を受ける場合は4週間あけてください。施術内容やお肌の状態によって前後することがあります。また回答の施術間隔は当院で治療をした方の目安であり、他院で治療をされている場合は直接お電話にてお問い合わせくださいませ。,"mikoメソッド,脱毛,miko,ミコメソッド,首イボ,医療脱毛,顔脱毛,全身脱毛,VIO脱毛,ひげ脱毛,レーザー脱毛,間隔,空ける,あける,期間,どのくらい,どれくらい,何週間,何日あける,同日,してから,次の施術"
mikoメソッド,タトゥー,4週間,mikoメソッドとタトゥーの間隔／mikoメソッドとタトゥーの間隔は何週間ですか？／mikoメソッドの後にタトゥーはどのくらい空けますか？／mikoメソッドとタトゥーはどのくらい間隔をあけますか？／mikoメソッドしてからタトゥーまではどのくらい期間をあけたらいいですか？／mikoメソッドの後にタトゥーはいつ受けられますか？／mikoメソッドとタトゥーは同日にできますか？,mikoメソッドとタトゥーは、別の部位であれば原則として同日に受けられます。同じ部位にタトゥーを受ける場合は4週間あけてください。施術内容やお肌の状態によって前後することがあります。また回答の施術間隔は当院で治療をした方の目安であり、他院で治療をされている場合は直接お電話にてお問い合わせくださいませ。,"mikoメソッド,タトゥー,miko,ミコメソッド,首イボ,刺青,タトゥー除去,間隔,空ける,あける,期間,どのくらい,どれくらい,何週間,何日あける,同日,してから,次の施術"
mikoメソッド,アートメイク,同日可,mikoメソッドとアートメイクの間隔／mikoメソッドとアートメイクの間隔は何週間ですか？／mikoメソッドの後にアートメイクはどのくらい空けますか？／mikoメソッドとアートメイクはどのくらい間隔をあけますか？／mikoメソッドしてからアートメイクまではどのくらい期間をあけたらいいですか？／mikoメソッドの後にアートメイクはいつ受けられますか？／mikoメソッドとアートメイクは同日にできますか？,mikoメソッドとアートメイクは同日に受けられます。施術内容やお肌の状態によって前後することがあります。また回答の施術間隔は当院で治療をした方の目安であり、他院で治療をされている場合は直接お電話にてお問い合わせくださいませ。,"mikoメソッド,アートメイク,miko,ミコメソッド,首イボ,間隔,空ける,あける,期間,どのくらい,どれくらい,何週間,何日あける,同日,してから,次の施術"
ほくろ切除/ほくろ除去,ハイドラジェントル,上皮化後4週間,ほくろ切除/ほくろ除去とハイドラジェントルの間隔／ほくろ切除/ほくろ除去とハイドラジェントルの間隔は何週間ですか？／ほくろ切除/ほくろ除去の後にハイドラジェントルはどのくらい空けますか？／ほくろ切除/ほくろ除去とハイドラジェントルはどのくらい間隔をあけますか？／ほくろ切除/ほくろ除去してからハイドラジェントルまではどのくらい期間をあけたらいいですか？／ほくろ切除/ほくろ除去の後にハイドラジェントルはいつ受けられますか？／ほくろ切除/ほくろ除去とハイドラジェントルは同日にできますか？,ほくろ切除/ほくろ除去の傷が上皮化してから4週間あけてハイドラジェントルを受けてください。施術内容やお肌の状態によって前後することがあります。また回答の施術間隔は当院で治療をした方の目安であり、他院で治療をされている場合は直接お電話にてお問い合わせくださいませ。,"ほくろ切除/ほくろ除去,ハイドラジェントル,ほくろ除去,ほくろ,ハイドラ,間隔,空ける,あける,期間,どのくらい,どれくらい,何週間,何日あける,同日,してから,次の施術"
ほくろ切除/ほくろ除去,ケミカルピーリング,上皮化後4週間,ほくろ切除/ほくろ除去とケミカルピーリングの間隔／ほくろ切除/ほくろ除去とケミカルピーリングの間隔は何週間ですか？／ほくろ切除/ほくろ除去の後にケミカルピーリングはどのくらい空けますか？／ほくろ切除/ほくろ除去とケミカルピーリングはどのくらい間隔をあけますか？／ほくろ切除/ほくろ除去してからケミカルピーリングまではどのくらい期間をあけたらいいですか？／ほくろ切除/ほくろ除去の後にケミカルピーリングはいつ受けられますか？／ほくろ切除/ほくろ除去とケミカルピーリングは同日にできますか？,ほくろ切除/ほくろ除去の傷が上皮化してから4週間あけてケミカルピーリングを受けてください。施術内容やお肌の状態によって前後することがあります。また回答の施術間隔は当院で治療をした方の目安であり、他院で治療をされている場合は直接お電話にてお問い合わせくださいませ。,"ほくろ切除/ほくろ除去,ケミカルピーリング,ほくろ除去,ほくろ,ピーリング,間隔,空ける,あける,期間,どのくらい,どれくらい,何週間,何日あける,同日,してから,次の施術"
ほくろ切除/ほくろ除去,スマートサイドドット（2回目以降）,上皮化後4週間,ほくろ切除/ほくろ除去とスマートサイドドット（2回目以降）の間隔／ほくろ切除/ほくろ除去とスマートサイドドット（2回目以降）の間隔は何週間ですか？／ほくろ切除/ほくろ除去の後にスマートサイドドット（2回目以降）はどのくらい空けますか？／ほくろ切除/ほくろ除去とスマートサイドドット（2回目以降）はどのくらい間隔をあけますか？／ほくろ切除/ほくろ除去してからスマートサイドドット（2回目以降）まではどのくらい期間をあけたらいいですか？／ほくろ切除/ほくろ除去の後にスマートサイドドット（2回目以降）はいつ受けられますか？／ほくろ切除/ほくろ除去とスマートサイドドット（2回目以降）は同日にできますか？,ほくろ切除/ほくろ除去の傷が上皮化してから4週間あけてスマートサイドドット（2回目以降）を受けてください。施術内容やお肌の状態によって前後することがあります。また回答の施術間隔は当院で治療をした方の目安であり、他院で治療をされている場合は直接お電話にてお問い合わせくださいませ。,"ほくろ切除/ほくろ除去,スマートサイドドット（2回目以降）,ほくろ除去,ほくろ,スマサイ,スマートサイドドット,間隔,空ける,あける,期間,どのくらい,どれくらい,何週間,何日あける,同日,してから,次の施術"
ほくろ切除/ほくろ除去,スマートサイドドット（初回）,上皮化後4週間,ほくろ切除/ほくろ除去とスマートサイドドット（初回）の間隔／ほくろ切除/ほくろ除去とスマートサイドドット（初回）の間隔は何週間ですか？／ほくろ切除/ほくろ除去の後にスマートサイドドット（初回）はどのくらい空けますか？／ほくろ切除/ほくろ除去とスマートサイドドット（初回）はどのくらい間隔をあけますか？／ほくろ切除/ほくろ除去してからスマートサイドドット（初回）まではどのくらい期間をあけたらいいですか？／ほくろ切除/ほくろ除去の後にスマートサイドドット（初回）はいつ受けられますか？／ほくろ切除/ほくろ除去とスマートサイドドット（初回）は同日にできますか？,ほくろ切除/ほくろ除去の傷が上皮化してから4週間あけてスマートサイドドット（初回）を受けてください。施術内容やお肌の状態によって前後することがあります。また回答の施術間隔は当院で治療をした方の目安であり、他院で治療をされている場合は直接お電話にてお問い合わせくださいませ。,"ほくろ切除/ほくろ除去,スマートサイドドット（初回）,ほくろ除去,ほくろ,スマサイ,スマートサイドドット,間隔,空ける,あける,期間,どのくらい,どれくらい,何週間,何日あける,同日,してから,次の施術"
ほくろ切除/ほくろ除去,イボレーザー/CO2レーザー,上皮化後4週間,ほくろ切除/ほくろ除去とイボレーザー/CO2レーザーの間隔／ほくろ切除/ほくろ除去とイボレーザー/CO2レーザーの間隔は何週間ですか？／ほくろ切除/ほくろ除去の後にイボレーザー/CO2レーザーはどのくらい空けますか？／ほくろ切除/ほくろ除去とイボレーザー/CO2レーザーはどのくらい間隔をあけますか？／ほくろ切除/ほくろ除去してからイボレーザー/CO2レーザーまではどのくらい期間をあけたらいいですか？／ほくろ切除/ほくろ除去の後にイボレーザー/CO2レーザーはいつ受けられますか？／ほくろ切除/ほくろ除去とイボレーザー/CO2レーザーは同日にできますか？,ほくろ切除/ほくろ除去の傷が上皮化してから4週間あけてイボレーザー/CO2レーザーを受けてください。施術内容やお肌の状態によって前後することがあります。また回答の施術間隔は当院で治療をした方の目安であり、他院で治療をされている場合は直接お電話にてお問い合わせくださいませ。,"ほくろ切除/ほくろ除去,イボレーザー/CO2レーザー,ほくろ除去,ほくろ,炭酸ガスレーザー,CO2レーザー,イボ取り,いぼレーザー,間隔,空ける,あける,期間,どのくらい,どれくらい,何週間,何日あける,同日,してから,次の施術"
ほくろ切除/ほくろ除去,シミ取りレーザー,上皮化後4週間,ほくろ切除/ほくろ除去とシミ取りレーザーの間隔／ほくろ切除/ほくろ除去とシミ取りレーザーの間隔は何週間ですか？／ほくろ切除/ほくろ除去の後にシミ取りレーザーはどのくらい空けますか？／ほくろ切除/ほくろ除去とシミ取りレーザーはどのくらい間隔をあけますか？／ほくろ切除/ほくろ除去してからシミ取りレーザーまではどのくらい期間をあけたらいいですか？／ほくろ切除/ほくろ除去の後にシミ取りレーザーはいつ受けられますか？／ほくろ切除/ほくろ除去とシミ取りレーザーは同日にできますか？,ほくろ切除/ほくろ除去の傷が上皮化してから4週間あけてシミ取りレーザーを受けてください。施術内容やお肌の状態によって前後することがあります。また回答の施術間隔は当院で治療をした方の目安であり、他院で治療をされている場合は直接お電話にてお問い合わせくださいませ。,"ほくろ切除/ほくろ除去,シミ取りレーザー,ほくろ除去,ほくろ,シミレーザー,シミ取り,間隔,空ける,あける,期間,どのくらい,どれくらい,何週間,何日あける,同日,してから,次の施術"
ほくろ切除/ほくろ除去,ADM/ピコレーザ,上皮化後4週間,ほくろ切除/ほくろ除去とADM/ピコレーザの間隔／ほくろ切除/ほくろ除去とADM/ピコレーザの間隔は何週間ですか？／ほくろ切除/ほくろ除去の後にADM/ピコレーザはどのくらい空けますか？／ほくろ切除/ほくろ除去とADM/ピコレーザはどのくらい間隔をあけますか？／ほくろ切除/ほくろ除去してからADM/ピコレーザまではどのくらい期間をあけたらいいですか？／ほくろ切除/ほくろ除去の後にADM/ピコレーザはいつ受けられますか？／ほくろ切除/ほくろ除去とADM/ピコレーザは同日にできますか？,ほくろ切除/ほくろ除去の傷が上皮化してから4週間あけてADM/ピコレーザを受けてください。施術内容やお肌の状態によって前後することがあります。また回答の施術間隔は当院で治療をした方の目安であり、他院で治療をされている場合は直接お電話にてお問い合わせくださいませ。,"ほくろ切除/ほくろ除去,ADM/ピコレーザ,ほくろ除去,ほくろ,ADMレーザー,ピコレーザー,ADM,間隔,空ける,あける,期間,どのくらい,どれくらい,何週間,何日あける,同日,してから,次の施術"
ほくろ切除/ほくろ除去,ADM/ナノレーザー,上皮化後4週間,ほくろ切除/ほくろ除去とADM/ナノレーザーの間隔／ほくろ切除/ほくろ除去とADM/ナノレーザーの間隔は何週間ですか？／ほくろ切除/ほくろ除去の後にADM/ナノレーザーはどのくらい空けますか？／ほくろ切除/ほくろ除去とADM/ナノレーザーはどのくらい間隔をあけますか？／ほくろ切除/ほくろ除去してからADM/ナノレーザーまではどのくらい期間をあけたらいいですか？／ほくろ切除/ほくろ除去の後にADM/ナノレーザーはいつ受けられますか？／ほくろ切除/ほくろ除去とADM/ナノレーザーは同日にできますか？,ほくろ切除/ほくろ除去の傷が上皮化してから4週間あけてADM/ナノレーザーを受けてください。施術内容やお肌の状態によって前後することがあります。また回答の施術間隔は当院で治療をした方の目安であり、他院で治療をされている場合は直接お電話にてお問い合わせくださいませ。,"ほくろ切除/ほくろ除去,ADM/ナノレーザー,ほくろ除去,ほくろ,ADMレーザー,ナノレーザー,ADM,間隔,空ける,あける,期間,どのくらい,どれくらい,何週間,何日あける,同日,してから,次の施術"
ほくろ切除/ほくろ除去,レーザートーニング,上皮化後4週間,ほくろ切除/ほくろ除去とレーザートーニングの間隔／ほくろ切除/ほくろ除去とレーザートーニングの間隔は何週間ですか？／ほくろ切除/ほくろ除去の後にレーザートーニングはどのくらい空けますか？／ほくろ切除/ほくろ除去とレーザートーニングはどのくらい間隔をあけますか？／ほくろ切除/ほくろ除去してからレーザートーニングまではどのくらい期間をあけたらいいですか？／ほくろ切除/ほくろ除去の後にレーザートーニングはいつ受けられますか？／ほくろ切除/ほくろ除去とレーザートーニングは同日にできますか？,ほくろ切除/ほくろ除去の傷が上皮化してから4週間あけてレーザートーニングを受けてください。施術内容やお肌の状態によって前後することがあります。また回答の施術間隔は当院で治療をした方の目安であり、他院で治療をされている場合は直接お電話にてお問い合わせくださいませ。,"ほくろ切除/ほくろ除去,レーザートーニング,ほくろ除去,ほくろ,トーニング,間隔,空ける,あける,期間,どのくらい,どれくらい,何週間,何日あける,同日,してから,次の施術"
ほくろ切除/ほくろ除去,ピコトーニング,上皮化後4週間,ほくろ切除/ほくろ除去とピコトーニングの間隔／ほくろ切除/ほくろ除去とピコトーニングの間隔は何週間ですか？／ほくろ切除/ほくろ除去の後にピコトーニングはどのくらい空けますか？／ほくろ切除/ほくろ除去とピコトーニングはどのくらい間隔をあけますか？／ほくろ切除/ほくろ除去してからピコトーニングまではどのくらい期間をあけたらいいですか？／ほくろ切除/ほくろ除去の後にピコトーニングはいつ受けられますか？／ほくろ切除/ほくろ除去とピコトーニングは同日にできますか？,ほくろ切除/ほくろ除去の傷が上皮化してから4週間あけてピコトーニングを受けてください。施術内容やお肌の状態によって前後することがあります。また回答の施術間隔は当院で治療をした方の目安であり、他院で治療をされている場合は直接お電話にてお問い合わせくださいませ。,"ほくろ切除/ほくろ除去,ピコトーニング,ほくろ除去,ほくろ,トーニング,ピコ,間隔,空ける,あける,期間,どのくらい,どれくらい,何週間,何日あける,同日,してから,次の施術"
ほくろ切除/ほくろ除去,ピコフラクショナル,上皮化後4週間,ほくろ切除/ほくろ除去とピコフラクショナルの間隔／ほくろ切除/ほくろ除去とピコフラクショナルの間隔は何週間ですか？／ほくろ切除/ほくろ除去の後にピコフラクショナルはどのくらい空けますか？／ほくろ切除/ほくろ除去とピコフラクショナルはどのくらい間隔をあけますか？／ほくろ切除/ほくろ除去してからピコフラクショナルまではどのくらい期間をあけたらいいですか？／ほくろ切除/ほくろ除去の後にピコフラクショナルはいつ受けられますか？／ほくろ切除/ほくろ除去とピコフラクショナルは同日にできますか？,ほくろ切除/ほくろ除去の傷が上皮化してから4週間あけてピコフラクショナルを受けてください。施術内容やお肌の状態によって前後することがあります。また回答の施術間隔は当院で治療をした方の目安であり、他院で治療をされている場合は直接お電話にてお問い合わせくださいませ。,"ほくろ切除/ほくろ除去,ピコフラクショナル,ほくろ除去,ほくろ,フラクショナル,間隔,空ける,あける,期間,どのくらい,どれくらい,何週間,何日あける,同日,してから,次の施術"
ほくろ切除/ほくろ除去,そばかすシャワー,上皮化後4週間,ほくろ切除/ほくろ除去とそばかすシャワーの間隔／ほくろ切除/ほくろ除去とそばかすシャワーの間隔は何週間ですか？／ほくろ切除/ほくろ除去の後にそばかすシャワーはどのくらい空けますか？／ほくろ切除/ほくろ除去とそばかすシャワーはどのくらい間隔をあけますか？／ほくろ切除/ほくろ除去してからそばかすシャワーまではどのくらい期間をあけたらいいですか？／ほくろ切除/ほくろ除去の後にそばかすシャワーはいつ受けられますか？／ほくろ切除/ほくろ除去とそばかすシャワーは同日にできますか？,ほくろ切除/ほくろ除去の傷が上皮化してから4週間あけてそばかすシャワーを受けてください。施術内容やお肌の状態によって前後することがあります。また回答の施術間隔は当院で治療をした方の目安であり、他院で治療をされている場合は直接お電話にてお問い合わせくださいませ。,"ほくろ切除/ほくろ除去,そばかすシャワー,ほくろ除去,ほくろ,そばかす,間隔,空ける,あける,期間,どのくらい,どれくらい,何週間,何日あける,同日,してから,次の施術"
ほくろ切除/ほくろ除去,そばかすスポット,上皮化後4週間,ほくろ切除/ほくろ除去とそばかすスポットの間隔／ほくろ切除/ほくろ除去とそばかすスポットの間隔は何週間ですか？／ほくろ切除/ほくろ除去の後にそばかすスポットはどのくらい空けますか？／ほくろ切除/ほくろ除去とそばかすスポットはどのくらい間隔をあけますか？／ほくろ切除/ほくろ除去してからそばかすスポットまではどのくらい期間をあけたらいいですか？／ほくろ切除/ほくろ除去の後にそばかすスポットはいつ受けられますか？／ほくろ切除/ほくろ除去とそばかすスポットは同日にできますか？,ほくろ切除/ほくろ除去の傷が上皮化してから4週間あけてそばかすスポットを受けてください。施術内容やお肌の状態によって前後することがあります。また回答の施術間隔は当院で治療をした方の目安であり、他院で治療をされている場合は直接お電話にてお問い合わせくださいませ。,"ほくろ切除/ほくろ除去,そばかすスポット,ほくろ除去,ほくろ,そばかす,間隔,空ける,あける,期間,どのくらい,どれくらい,何週間,何日あける,同日,してから,次の施術"
ほくろ切除/ほくろ除去,フォト/光治療,上皮化後4週間,ほくろ切除/ほくろ除去とフォト/光治療の間隔／ほくろ切除/ほくろ除去とフォト/光治療の間隔は何週間ですか？／ほくろ切除/ほくろ除去の後にフォト/光治療はどのくらい空けますか？／ほくろ切除/ほくろ除去とフォト/光治療はどのくらい間隔をあけますか？／ほくろ切除/ほくろ除去してからフォト/光治療まではどのくらい期間をあけたらいいですか？／ほくろ切除/ほくろ除去の後にフォト/光治療はいつ受けられますか？／ほくろ切除/ほくろ除去とフォト/光治療は同日にできますか？,ほくろ切除/ほくろ除去の傷が上皮化してから4週間あけてフォト/光治療を受けてください。施術内容やお肌の状態によって前後することがあります。また回答の施術間隔は当院で治療をした方の目安であり、他院で治療をされている場合は直接お電話にてお問い合わせくださいませ。,"ほくろ切除/ほくろ除去,フォト/光治療,ほくろ除去,ほくろ,フォトフェイシャル,フォト,光治療,IPL,間隔,空ける,あける,期間,どのくらい,どれくらい,何週間,何日あける,同日,してから,次の施術"
ほくろ切除/ほくろ除去,赤み治療,上皮化後4週間,ほくろ切除/ほくろ除去と赤み治療の間隔／ほくろ切除/ほくろ除去と赤み治療の間隔は何週間ですか？／ほくろ切除/ほくろ除去の後に赤み治療はどのくらい空けますか？／ほくろ切除/ほくろ除去と赤み治療はどのくらい間隔をあけますか？／ほくろ切除/ほくろ除去してから赤み治療まではどのくらい期間をあけたらいいですか？／ほくろ切除/ほくろ除去の後に赤み治療はいつ受けられますか？／ほくろ切除/ほくろ除去と赤み治療は同日にできますか？,ほくろ切除/ほくろ除去の傷が上皮化してから4週間あけて赤み治療を受けてください。施術内容やお肌の状態によって前後することがあります。また回答の施術間隔は当院で治療をした方の目安であり、他院で治療をされている場合は直接お電話にてお問い合わせくださいませ。,"ほくろ切除/ほくろ除去,赤み治療,ほくろ除去,ほくろ,血管腫レーザー,赤ら顔,間隔,空ける,あける,期間,どのくらい,どれくらい,何週間,何日あける,同日,してから,次の施術"
ほくろ切除/ほくろ除去,ボトックス,上皮化後4週間,ほくろ切除/ほくろ除去とボトックスの間隔／ほくろ切除/ほくろ除去とボトックスの間隔は何週間ですか？／ほくろ切除/ほくろ除去の後にボトックスはどのくらい空けますか？／ほくろ切除/ほくろ除去とボトックスはどのくらい間隔をあけますか？／ほくろ切除/ほくろ除去してからボトックスまではどのくらい期間をあけたらいいですか？／ほくろ切除/ほくろ除去の後にボトックスはいつ受けられますか？／ほくろ切除/ほくろ除去とボトックスは同日にできますか？,ほくろ切除/ほくろ除去の傷が上皮化してから4週間あけてボトックスを受けてください。施術内容やお肌の状態によって前後することがあります。また回答の施術間隔は当院で治療をした方の目安であり、他院で治療をされている場合は直接お電話にてお問い合わせくださいませ。,"ほくろ切除/ほくろ除去,ボトックス,ほくろ除去,ほくろ,ボトックス注射,間隔,空ける,あける,期間,どのくらい,どれくらい,何週間,何日あける,同日,してから,次の施術"
ほくろ切除/ほくろ除去,ボトックス（マイクロ）,上皮化後4週間,ほくろ切除/ほくろ除去とボトックス（マイクロ）の間隔／ほくろ切除/ほくろ除去とボトックス（マイクロ）の間隔は何週間ですか？／ほくろ切除/ほくろ除去の後にボトックス（マイクロ）はどのくらい空けますか？／ほくろ切除/ほくろ除去とボトックス（マイクロ）はどのくらい間隔をあけますか？／ほくろ切除/ほくろ除去してからボトックス（マイクロ）まではどのくらい期間をあけたらいいですか？／ほくろ切除/ほくろ除去の後にボトックス（マイクロ）はいつ受けられますか？／ほくろ切除/ほくろ除去とボトックス（マイクロ）は同日にできますか？,ほくろ切除/ほくろ除去の傷が上皮化してから4週間あけてボトックス（マイクロ）を受けてください。施術内容やお肌の状態によって前後することがあります。また回答の施術間隔は当院で治療をした方の目安であり、他院で治療をされている場合は直接お電話にてお問い合わせくださいませ。,"ほくろ切除/ほくろ除去,ボトックス（マイクロ）,ほくろ除去,ほくろ,マイクロボトックス,間隔,空ける,あける,期間,どのくらい,どれくらい,何週間,何日あける,同日,してから,次の施術"
ほくろ切除/ほくろ除去,フラルスキン部分シミ,上皮化後4週間,ほくろ切除/ほくろ除去とフラルスキン部分シミの間隔／ほくろ切除/ほくろ除去とフラルスキン部分シミの間隔は何週間ですか？／ほくろ切除/ほくろ除去の後にフラルスキン部分シミはどのくらい空けますか？／ほくろ切除/ほくろ除去とフラルスキン部分シミはどのくらい間隔をあけますか？／ほくろ切除/ほくろ除去してからフラルスキン部分シミまではどのくらい期間をあけたらいいですか？／ほくろ切除/ほくろ除去の後にフラルスキン部分シミはいつ受けられますか？／ほくろ切除/ほくろ除去とフラルスキン部分シミは同日にできますか？,ほくろ切除/ほくろ除去の傷が上皮化してから4週間あけてフラルスキン部分シミを受けてください。施術内容やお肌の状態によって前後することがあります。また回答の施術間隔は当院で治療をした方の目安であり、他院で治療をされている場合は直接お電話にてお問い合わせくださいませ。,"ほくろ切除/ほくろ除去,フラルスキン部分シミ,ほくろ除去,ほくろ,間隔,空ける,あける,期間,どのくらい,どれくらい,何週間,何日あける,同日,してから,次の施術"
ほくろ切除/ほくろ除去,テノールネオ,上皮化後4週間,ほくろ切除/ほくろ除去とテノールネオの間隔／ほくろ切除/ほくろ除去とテノールネオの間隔は何週間ですか？／ほくろ切除/ほくろ除去の後にテノールネオはどのくらい空けますか？／ほくろ切除/ほくろ除去とテノールネオはどのくらい間隔をあけますか？／ほくろ切除/ほくろ除去してからテノールネオまではどのくらい期間をあけたらいいですか？／ほくろ切除/ほくろ除去の後にテノールネオはいつ受けられますか？／ほくろ切除/ほくろ除去とテノールネオは同日にできますか？,ほくろ切除/ほくろ除去の傷が上皮化してから4週間あけてテノールネオを受けてください。施術内容やお肌の状態によって前後することがあります。また回答の施術間隔は当院で治療をした方の目安であり、他院で治療をされている場合は直接お電話にてお問い合わせくださいませ。,"ほくろ切除/ほくろ除去,テノールネオ,ほくろ除去,ほくろ,テノールNEO,テノール,間隔,空ける,あける,期間,どのくらい,どれくらい,何週間,何日あける,同日,してから,次の施術"
ほくろ切除/ほくろ除去,mikoメソッド,上皮化後4週間,ほくろ切除/ほくろ除去とmikoメソッドの間隔／ほくろ切除/ほくろ除去とmikoメソッドの間隔は何週間ですか？／ほくろ切除/ほくろ除去の後にmikoメソッドはどのくらい空けますか？／ほくろ切除/ほくろ除去とmikoメソッドはどのくらい間隔をあけますか？／ほくろ切除/ほくろ除去してからmikoメソッドまではどのくらい期間をあけたらいいですか？／ほくろ切除/ほくろ除去の後にmikoメソッドはいつ受けられますか？／ほくろ切除/ほくろ除去とmikoメソッドは同日にできますか？,ほくろ切除/ほくろ除去の傷が上皮化してから4週間あけてmikoメソッドを受けてください。施術内容やお肌の状態によって前後することがあります。また回答の施術間隔は当院で治療をした方の目安であり、他院で治療をされている場合は直接お電話にてお問い合わせくださいませ。,"ほくろ切除/ほくろ除去,mikoメソッド,ほくろ除去,ほくろ,miko,ミコメソッド,首イボ,間隔,空ける,あける,期間,どのくらい,どれくらい,何週間,何日あける,同日,してから,次の施術"
ほくろ切除/ほくろ除去,ほくろ切除/ほくろ除去,3ヶ月,ほくろ切除/ほくろ除去とほくろ切除/ほくろ除去の間隔／ほくろ切除/ほくろ除去とほくろ切除/ほくろ除去の間隔は何週間ですか？／ほくろ切除/ほくろ除去の後にほくろ切除/ほくろ除去はどのくらい空けますか？／ほくろ切除/ほくろ除去とほくろ切除/ほくろ除去はどのくらい間隔をあけますか？／ほくろ切除/ほくろ除去してからほくろ切除/ほくろ除去まではどのくらい期間をあけたらいいですか？／ほくろ切除/ほくろ除去の後にほくろ切除/ほくろ除去はいつ受けられますか？／ほくろ切除/ほくろ除去とほくろ切除/ほくろ除去は同日にできますか？,ほくろ切除/ほくろ除去を続けて（同じ部位に）受ける場合は3ヶ月あけてください。施術内容やお肌の状態によって前後することがあります。また回答の施術間隔は当院で治療をした方の目安であり、他院で治療をされている場合は直接お電話にてお問い合わせくださいませ。,"ほくろ切除/ほくろ除去,ほくろ除去,ほくろ,間隔,空ける,あける,期間,どのくらい,どれくらい,何週間,何日あける,同日,してから,次の施術"
ほくろ切除/ほくろ除去,ボライト,上皮化後4週間,ほくろ切除/ほくろ除去とボライトの間隔／ほくろ切除/ほくろ除去とボライトの間隔は何週間ですか？／ほくろ切除/ほくろ除去の後にボライトはどのくらい空けますか？／ほくろ切除/ほくろ除去とボライトはどのくらい間隔をあけますか？／ほくろ切除/ほくろ除去してからボライトまではどのくらい期間をあけたらいいですか？／ほくろ切除/ほくろ除去の後にボライトはいつ受けられますか？／ほくろ切除/ほくろ除去とボライトは同日にできますか？,ほくろ切除/ほくろ除去の傷が上皮化してから4週間あけてボライトを受けてください。施術内容やお肌の状態によって前後することがあります。また回答の施術間隔は当院で治療をした方の目安であり、他院で治療をされている場合は直接お電話にてお問い合わせくださいませ。,"ほくろ切除/ほくろ除去,ボライト,ほくろ除去,ほくろ,間隔,空ける,あける,期間,どのくらい,どれくらい,何週間,何日あける,同日,してから,次の施術"
ほくろ切除/ほくろ除去,ヴェルヴェットスキン,上皮化後4週間,ほくろ切除/ほくろ除去とヴェルヴェットスキンの間隔／ほくろ切除/ほくろ除去とヴェルヴェットスキンの間隔は何週間ですか？／ほくろ切除/ほくろ除去の後にヴェルヴェットスキンはどのくらい空けますか？／ほくろ切除/ほくろ除去とヴェルヴェットスキンはどのくらい間隔をあけますか？／ほくろ切除/ほくろ除去してからヴェルヴェットスキンまではどのくらい期間をあけたらいいですか？／ほくろ切除/ほくろ除去の後にヴェルヴェットスキンはいつ受けられますか？／ほくろ切除/ほくろ除去とヴェルヴェットスキンは同日にできますか？,ほくろ切除/ほくろ除去の傷が上皮化してから4週間あけてヴェルヴェットスキンを受けてください。施術内容やお肌の状態によって前後することがあります。また回答の施術間隔は当院で治療をした方の目安であり、他院で治療をされている場合は直接お電話にてお問い合わせくださいませ。,"ほくろ切除/ほくろ除去,ヴェルヴェットスキン,ほくろ除去,ほくろ,ヴェルヴェット,ベルベットスキン,間隔,空ける,あける,期間,どのくらい,どれくらい,何週間,何日あける,同日,してから,次の施術"
ほくろ切除/ほくろ除去,ダーマペン,上皮化後4週間,ほくろ切除/ほくろ除去とダーマペンの間隔／ほくろ切除/ほくろ除去とダーマペンの間隔は何週間ですか？／ほくろ切除/ほくろ除去の後にダーマペンはどのくらい空けますか？／ほくろ切除/ほくろ除去とダーマペンはどのくらい間隔をあけますか？／ほくろ切除/ほくろ除去してからダーマペンまではどのくらい期間をあけたらいいですか？／ほくろ切除/ほくろ除去の後にダーマペンはいつ受けられますか？／ほくろ切除/ほくろ除去とダーマペンは同日にできますか？,ほくろ切除/ほくろ除去の傷が上皮化してから4週間あけてダーマペンを受けてください。施術内容やお肌の状態によって前後することがあります。また回答の施術間隔は当院で治療をした方の目安であり、他院で治療をされている場合は直接お電話にてお問い合わせくださいませ。,"ほくろ切除/ほくろ除去,ダーマペン,ほくろ除去,ほくろ,ダーマペン4,間隔,空ける,あける,期間,どのくらい,どれくらい,何週間,何日あける,同日,してから,次の施術"
ほくろ切除/ほくろ除去,HARG,（翌日）,ほくろ切除/ほくろ除去とHARGの間隔／ほくろ切除/ほくろ除去とHARGの間隔は何週間ですか？／ほくろ切除/ほくろ除去の後にHARGはどのくらい空けますか？／ほくろ切除/ほくろ除去とHARGはどのくらい間隔をあけますか？／ほくろ切除/ほくろ除去してからHARGまではどのくらい期間をあけたらいいですか？／ほくろ切除/ほくろ除去の後にHARGはいつ受けられますか？／ほくろ切除/ほくろ除去とHARGは同日にできますか？,ほくろ切除/ほくろ除去の後にHARG（部位が異なります）は翌日以降であれば受けられます。施術内容やお肌の状態によって前後することがあります。また回答の施術間隔は当院で治療をした方の目安であり、他院で治療をされている場合は直接お電話にてお問い合わせくださいませ。,"ほくろ切除/ほくろ除去,HARG,ほくろ除去,ほくろ,ハーグ,HARG療法,間隔,空ける,あける,期間,どのくらい,どれくらい,何週間,何日あける,同日,してから,次の施術"
ほくろ切除/ほくろ除去,スカルプ・プラセンタエッセンス,（翌日）,ほくろ切除/ほくろ除去とスカルプ・プラセンタエッセンスの間隔／ほくろ切除/ほくろ除去とスカルプ・プラセンタエッセンスの間隔は何週間ですか？／ほくろ切除/ほくろ除去の後にスカルプ・プラセンタエッセンスはどのくらい空けますか？／ほくろ切除/ほくろ除去とスカルプ・プラセンタエッセンスはどのくらい間隔をあけますか？／ほくろ切除/ほくろ除去してからスカルプ・プラセンタエッセンスまではどのくらい期間をあけたらいいですか？／ほくろ切除/ほくろ除去の後にスカルプ・プラセンタエッセンスはいつ受けられますか？／ほくろ切除/ほくろ除去とスカルプ・プラセンタエッセンスは同日にできますか？,ほくろ切除/ほくろ除去の後にスカルプ・プラセンタエッセンス（部位が異なります）は翌日以降であれば受けられます。施術内容やお肌の状態によって前後することがあります。また回答の施術間隔は当院で治療をした方の目安であり、他院で治療をされている場合は直接お電話にてお問い合わせくださいませ。,"ほくろ切除/ほくろ除去,スカルプ・プラセンタエッセンス,ほくろ除去,ほくろ,スカルプ,プラセンタ,間隔,空ける,あける,期間,どのくらい,どれくらい,何週間,何日あける,同日,してから,次の施術"
ほくろ切除/ほくろ除去,コラーゲンピール,上皮化後4週間,ほくろ切除/ほくろ除去とコラーゲンピールの間隔／ほくろ切除/ほくろ除去とコラーゲンピールの間隔は何週間ですか？／ほくろ切除/ほくろ除去の後にコラーゲンピールはどのくらい空けますか？／ほくろ切除/ほくろ除去とコラーゲンピールはどのくらい間隔をあけますか？／ほくろ切除/ほくろ除去してからコラーゲンピールまではどのくらい期間をあけたらいいですか？／ほくろ切除/ほくろ除去の後にコラーゲンピールはいつ受けられますか？／ほくろ切除/ほくろ除去とコラーゲンピールは同日にできますか？,ほくろ切除/ほくろ除去の傷が上皮化してから4週間あけてコラーゲンピールを受けてください。施術内容やお肌の状態によって前後することがあります。また回答の施術間隔は当院で治療をした方の目安であり、他院で治療をされている場合は直接お電話にてお問い合わせくださいませ。,"ほくろ切除/ほくろ除去,コラーゲンピール,ほくろ除去,ほくろ,マッサージピール,間隔,空ける,あける,期間,どのくらい,どれくらい,何週間,何日あける,同日,してから,次の施術"
ほくろ切除/ほくろ除去,サーマクール,上皮化後4週間,ほくろ切除/ほくろ除去とサーマクールの間隔／ほくろ切除/ほくろ除去とサーマクールの間隔は何週間ですか？／ほくろ切除/ほくろ除去の後にサーマクールはどのくらい空けますか？／ほくろ切除/ほくろ除去とサーマクールはどのくらい間隔をあけますか？／ほくろ切除/ほくろ除去してからサーマクールまではどのくらい期間をあけたらいいですか？／ほくろ切除/ほくろ除去の後にサーマクールはいつ受けられますか？／ほくろ切除/ほくろ除去とサーマクールは同日にできますか？,ほくろ切除/ほくろ除去の傷が上皮化してから4週間あけてサーマクールを受けてください。施術内容やお肌の状態によって前後することがあります。また回答の施術間隔は当院で治療をした方の目安であり、他院で治療をされている場合は直接お電話にてお問い合わせくださいませ。,"ほくろ切除/ほくろ除去,サーマクール,ほくろ除去,ほくろ,サーマ,間隔,空ける,あける,期間,どのくらい,どれくらい,何週間,何日あける,同日,してから,次の施術"
ほくろ切除/ほくろ除去,脱毛,上皮化後4週間,ほくろ切除/ほくろ除去と脱毛の間隔／ほくろ切除/ほくろ除去と脱毛の間隔は何週間ですか？／ほくろ切除/ほくろ除去の後に脱毛はどのくらい空けますか？／ほくろ切除/ほくろ除去と脱毛はどのくらい間隔をあけますか？／ほくろ切除/ほくろ除去してから脱毛まではどのくらい期間をあけたらいいですか？／ほくろ切除/ほくろ除去の後に脱毛はいつ受けられますか？／ほくろ切除/ほくろ除去と脱毛は同日にできますか？,ほくろ切除/ほくろ除去の傷が上皮化してから4週間あけて脱毛を受けてください。施術内容やお肌の状態によって前後することがあります。また回答の施術間隔は当院で治療をした方の目安であり、他院で治療をされている場合は直接お電話にてお問い合わせくださいませ。,"ほくろ切除/ほくろ除去,脱毛,ほくろ除去,ほくろ,医療脱毛,顔脱毛,全身脱毛,VIO脱毛,ひげ脱毛,レーザー脱毛,間隔,空ける,あける,期間,どのくらい,どれくらい,何週間,何日あける,同日,してから,次の施術"
ほくろ切除/ほくろ除去,タトゥー,上皮化後4週間,ほくろ切除/ほくろ除去とタトゥーの間隔／ほくろ切除/ほくろ除去とタトゥーの間隔は何週間ですか？／ほくろ切除/ほくろ除去の後にタトゥーはどのくらい空けますか？／ほくろ切除/ほくろ除去とタトゥーはどのくらい間隔をあけますか？／ほくろ切除/ほくろ除去してからタトゥーまではどのくらい期間をあけたらいいですか？／ほくろ切除/ほくろ除去の後にタトゥーはいつ受けられますか？／ほくろ切除/ほくろ除去とタトゥーは同日にできますか？,ほくろ切除/ほくろ除去の傷が上皮化してから4週間あけてタトゥーを受けてください。施術内容やお肌の状態によって前後することがあります。また回答の施術間隔は当院で治療をした方の目安であり、他院で治療をされている場合は直接お電話にてお問い合わせくださいませ。,"ほくろ切除/ほくろ除去,タトゥー,ほくろ除去,ほくろ,刺青,タトゥー除去,間隔,空ける,あける,期間,どのくらい,どれくらい,何週間,何日あける,同日,してから,次の施術"
ほくろ切除/ほくろ除去,アートメイク,同日可,ほくろ切除/ほくろ除去とアートメイクの間隔／ほくろ切除/ほくろ除去とアートメイクの間隔は何週間ですか？／ほくろ切除/ほくろ除去の後にアートメイクはどのくらい空けますか？／ほくろ切除/ほくろ除去とアートメイクはどのくらい間隔をあけますか？／ほくろ切除/ほくろ除去してからアートメイクまではどのくらい期間をあけたらいいですか？／ほくろ切除/ほくろ除去の後にアートメイクはいつ受けられますか？／ほくろ切除/ほくろ除去とアートメイクは同日にできますか？,ほくろ切除/ほくろ除去とアートメイクは同日に受けられます。施術内容やお肌の状態によって前後することがあります。また回答の施術間隔は当院で治療をした方の目安であり、他院で治療をされている場合は直接お電話にてお問い合わせくださいませ。,"ほくろ切除/ほくろ除去,アートメイク,ほくろ除去,ほくろ,間隔,空ける,あける,期間,どのくらい,どれくらい,何週間,何日あける,同日,してから,次の施術"
ボライト,ハイドラジェントル,2週間,ボライトとハイドラジェントルの間隔／ボライトとハイドラジェントルの間隔は何週間ですか？／ボライトの後にハイドラジェントルはどのくらい空けますか？／ボライトとハイドラジェントルはどのくらい間隔をあけますか？／ボライトしてからハイドラジェントルまではどのくらい期間をあけたらいいですか？／ボライトの後にハイドラジェントルはいつ受けられますか？／ボライトとハイドラジェントルは同日にできますか？,ボライトとハイドラジェントルは、別の部位であれば原則として同日に受けられます。同じ部位にハイドラジェントルを受ける場合は2週間あけてください。施術内容やお肌の状態によって前後することがあります。また回答の施術間隔は当院で治療をした方の目安であり、他院で治療をされている場合は直接お電話にてお問い合わせくださいませ。,"ボライト,ハイドラジェントル,ハイドラ,間隔,空ける,あける,期間,どのくらい,どれくらい,何週間,何日あける,同日,してから,次の施術"
ボライト,ケミカルピーリング,4週間,ボライトとケミカルピーリングの間隔／ボライトとケミカルピーリングの間隔は何週間ですか？／ボライトの後にケミカルピーリングはどのくらい空けますか？／ボライトとケミカルピーリングはどのくらい間隔をあけますか？／ボライトしてからケミカルピーリングまではどのくらい期間をあけたらいいですか？／ボライトの後にケミカルピーリングはいつ受けられますか？／ボライトとケミカルピーリングは同日にできますか？,ボライトとケミカルピーリングは、別の部位であれば原則として同日に受けられます。同じ部位にケミカルピーリングを受ける場合は4週間あけてください。施術内容やお肌の状態によって前後することがあります。また回答の施術間隔は当院で治療をした方の目安であり、他院で治療をされている場合は直接お電話にてお問い合わせくださいませ。,"ボライト,ケミカルピーリング,ピーリング,間隔,空ける,あける,期間,どのくらい,どれくらい,何週間,何日あける,同日,してから,次の施術"
ボライト,スマートサイドドット（2回目以降）,4週間,ボライトとスマートサイドドット（2回目以降）の間隔／ボライトとスマートサイドドット（2回目以降）の間隔は何週間ですか？／ボライトの後にスマートサイドドット（2回目以降）はどのくらい空けますか？／ボライトとスマートサイドドット（2回目以降）はどのくらい間隔をあけますか？／ボライトしてからスマートサイドドット（2回目以降）まではどのくらい期間をあけたらいいですか？／ボライトの後にスマートサイドドット（2回目以降）はいつ受けられますか？／ボライトとスマートサイドドット（2回目以降）は同日にできますか？,ボライトとスマートサイドドット（2回目以降）は、別の部位であれば原則として同日に受けられます。同じ部位にスマートサイドドット（2回目以降）を受ける場合は4週間あけてください。施術内容やお肌の状態によって前後することがあります。また回答の施術間隔は当院で治療をした方の目安であり、他院で治療をされている場合は直接お電話にてお問い合わせくださいませ。,"ボライト,スマートサイドドット（2回目以降）,スマサイ,スマートサイドドット,間隔,空ける,あける,期間,どのくらい,どれくらい,何週間,何日あける,同日,してから,次の施術"
ボライト,スマートサイドドット（初回）,4週間,ボライトとスマートサイドドット（初回）の間隔／ボライトとスマートサイドドット（初回）の間隔は何週間ですか？／ボライトの後にスマートサイドドット（初回）はどのくらい空けますか？／ボライトとスマートサイドドット（初回）はどのくらい間隔をあけますか？／ボライトしてからスマートサイドドット（初回）まではどのくらい期間をあけたらいいですか？／ボライトの後にスマートサイドドット（初回）はいつ受けられますか？／ボライトとスマートサイドドット（初回）は同日にできますか？,ボライトとスマートサイドドット（初回）は、別の部位であれば原則として同日に受けられます。同じ部位にスマートサイドドット（初回）を受ける場合は4週間あけてください。施術内容やお肌の状態によって前後することがあります。また回答の施術間隔は当院で治療をした方の目安であり、他院で治療をされている場合は直接お電話にてお問い合わせくださいませ。,"ボライト,スマートサイドドット（初回）,スマサイ,スマートサイドドット,間隔,空ける,あける,期間,どのくらい,どれくらい,何週間,何日あける,同日,してから,次の施術"
ボライト,イボレーザー/CO2レーザー,4週間,ボライトとイボレーザー/CO2レーザーの間隔／ボライトとイボレーザー/CO2レーザーの間隔は何週間ですか？／ボライトの後にイボレーザー/CO2レーザーはどのくらい空けますか？／ボライトとイボレーザー/CO2レーザーはどのくらい間隔をあけますか？／ボライトしてからイボレーザー/CO2レーザーまではどのくらい期間をあけたらいいですか？／ボライトの後にイボレーザー/CO2レーザーはいつ受けられますか？／ボライトとイボレーザー/CO2レーザーは同日にできますか？,ボライトとイボレーザー/CO2レーザーは、別の部位であれば原則として同日に受けられます。同じ部位にイボレーザー/CO2レーザーを受ける場合は4週間あけてください。施術内容やお肌の状態によって前後することがあります。また回答の施術間隔は当院で治療をした方の目安であり、他院で治療をされている場合は直接お電話にてお問い合わせくださいませ。,"ボライト,イボレーザー/CO2レーザー,炭酸ガスレーザー,CO2レーザー,イボ取り,いぼレーザー,間隔,空ける,あける,期間,どのくらい,どれくらい,何週間,何日あける,同日,してから,次の施術"
ボライト,シミ取りレーザー,4週間,ボライトとシミ取りレーザーの間隔／ボライトとシミ取りレーザーの間隔は何週間ですか？／ボライトの後にシミ取りレーザーはどのくらい空けますか？／ボライトとシミ取りレーザーはどのくらい間隔をあけますか？／ボライトしてからシミ取りレーザーまではどのくらい期間をあけたらいいですか？／ボライトの後にシミ取りレーザーはいつ受けられますか？／ボライトとシミ取りレーザーは同日にできますか？,ボライトとシミ取りレーザーは、別の部位であれば原則として同日に受けられます。同じ部位にシミ取りレーザーを受ける場合は4週間あけてください。施術内容やお肌の状態によって前後することがあります。また回答の施術間隔は当院で治療をした方の目安であり、他院で治療をされている場合は直接お電話にてお問い合わせくださいませ。,"ボライト,シミ取りレーザー,シミレーザー,シミ取り,間隔,空ける,あける,期間,どのくらい,どれくらい,何週間,何日あける,同日,してから,次の施術"
ボライト,ADM/ピコレーザ,4週間,ボライトとADM/ピコレーザの間隔／ボライトとADM/ピコレーザの間隔は何週間ですか？／ボライトの後にADM/ピコレーザはどのくらい空けますか？／ボライトとADM/ピコレーザはどのくらい間隔をあけますか？／ボライトしてからADM/ピコレーザまではどのくらい期間をあけたらいいですか？／ボライトの後にADM/ピコレーザはいつ受けられますか？／ボライトとADM/ピコレーザは同日にできますか？,ボライトとADM/ピコレーザは、別の部位であれば原則として同日に受けられます。同じ部位にADM/ピコレーザを受ける場合は4週間あけてください。施術内容やお肌の状態によって前後することがあります。また回答の施術間隔は当院で治療をした方の目安であり、他院で治療をされている場合は直接お電話にてお問い合わせくださいませ。,"ボライト,ADM/ピコレーザ,ADMレーザー,ピコレーザー,ADM,間隔,空ける,あける,期間,どのくらい,どれくらい,何週間,何日あける,同日,してから,次の施術"
ボライト,ADM/ナノレーザー,4週間,ボライトとADM/ナノレーザーの間隔／ボライトとADM/ナノレーザーの間隔は何週間ですか？／ボライトの後にADM/ナノレーザーはどのくらい空けますか？／ボライトとADM/ナノレーザーはどのくらい間隔をあけますか？／ボライトしてからADM/ナノレーザーまではどのくらい期間をあけたらいいですか？／ボライトの後にADM/ナノレーザーはいつ受けられますか？／ボライトとADM/ナノレーザーは同日にできますか？,ボライトとADM/ナノレーザーは、別の部位であれば原則として同日に受けられます。同じ部位にADM/ナノレーザーを受ける場合は4週間あけてください。施術内容やお肌の状態によって前後することがあります。また回答の施術間隔は当院で治療をした方の目安であり、他院で治療をされている場合は直接お電話にてお問い合わせくださいませ。,"ボライト,ADM/ナノレーザー,ADMレーザー,ナノレーザー,ADM,間隔,空ける,あける,期間,どのくらい,どれくらい,何週間,何日あける,同日,してから,次の施術"
ボライト,レーザートーニング,2週間,ボライトとレーザートーニングの間隔／ボライトとレーザートーニングの間隔は何週間ですか？／ボライトの後にレーザートーニングはどのくらい空けますか？／ボライトとレーザートーニングはどのくらい間隔をあけますか？／ボライトしてからレーザートーニングまではどのくらい期間をあけたらいいですか？／ボライトの後にレーザートーニングはいつ受けられますか？／ボライトとレーザートーニングは同日にできますか？,ボライトとレーザートーニングは、別の部位であれば原則として同日に受けられます。同じ部位にレーザートーニングを受ける場合は2週間あけてください。施術内容やお肌の状態によって前後することがあります。また回答の施術間隔は当院で治療をした方の目安であり、他院で治療をされている場合は直接お電話にてお問い合わせくださいませ。,"ボライト,レーザートーニング,トーニング,間隔,空ける,あける,期間,どのくらい,どれくらい,何週間,何日あける,同日,してから,次の施術"
ボライト,ピコトーニング,4週間,ボライトとピコトーニングの間隔／ボライトとピコトーニングの間隔は何週間ですか？／ボライトの後にピコトーニングはどのくらい空けますか？／ボライトとピコトーニングはどのくらい間隔をあけますか？／ボライトしてからピコトーニングまではどのくらい期間をあけたらいいですか？／ボライトの後にピコトーニングはいつ受けられますか？／ボライトとピコトーニングは同日にできますか？,ボライトとピコトーニングは、別の部位であれば原則として同日に受けられます。同じ部位にピコトーニングを受ける場合は4週間あけてください。施術内容やお肌の状態によって前後することがあります。また回答の施術間隔は当院で治療をした方の目安であり、他院で治療をされている場合は直接お電話にてお問い合わせくださいませ。,"ボライト,ピコトーニング,トーニング,ピコ,間隔,空ける,あける,期間,どのくらい,どれくらい,何週間,何日あける,同日,してから,次の施術"
ボライト,ピコフラクショナル,2週間,ボライトとピコフラクショナルの間隔／ボライトとピコフラクショナルの間隔は何週間ですか？／ボライトの後にピコフラクショナルはどのくらい空けますか？／ボライトとピコフラクショナルはどのくらい間隔をあけますか？／ボライトしてからピコフラクショナルまではどのくらい期間をあけたらいいですか？／ボライトの後にピコフラクショナルはいつ受けられますか？／ボライトとピコフラクショナルは同日にできますか？,ボライトとピコフラクショナルは、別の部位であれば原則として同日に受けられます。同じ部位にピコフラクショナルを受ける場合は2週間あけてください。施術内容やお肌の状態によって前後することがあります。また回答の施術間隔は当院で治療をした方の目安であり、他院で治療をされている場合は直接お電話にてお問い合わせくださいませ。,"ボライト,ピコフラクショナル,フラクショナル,間隔,空ける,あける,期間,どのくらい,どれくらい,何週間,何日あける,同日,してから,次の施術"
ボライト,そばかすシャワー,2週間,ボライトとそばかすシャワーの間隔／ボライトとそばかすシャワーの間隔は何週間ですか？／ボライトの後にそばかすシャワーはどのくらい空けますか？／ボライトとそばかすシャワーはどのくらい間隔をあけますか？／ボライトしてからそばかすシャワーまではどのくらい期間をあけたらいいですか？／ボライトの後にそばかすシャワーはいつ受けられますか？／ボライトとそばかすシャワーは同日にできますか？,ボライトとそばかすシャワーは、別の部位であれば原則として同日に受けられます。同じ部位にそばかすシャワーを受ける場合は2週間あけてください。施術内容やお肌の状態によって前後することがあります。また回答の施術間隔は当院で治療をした方の目安であり、他院で治療をされている場合は直接お電話にてお問い合わせくださいませ。,"ボライト,そばかすシャワー,そばかす,間隔,空ける,あける,期間,どのくらい,どれくらい,何週間,何日あける,同日,してから,次の施術"
ボライト,そばかすスポット,2週間,ボライトとそばかすスポットの間隔／ボライトとそばかすスポットの間隔は何週間ですか？／ボライトの後にそばかすスポットはどのくらい空けますか？／ボライトとそばかすスポットはどのくらい間隔をあけますか？／ボライトしてからそばかすスポットまではどのくらい期間をあけたらいいですか？／ボライトの後にそばかすスポットはいつ受けられますか？／ボライトとそばかすスポットは同日にできますか？,ボライトとそばかすスポットは、別の部位であれば原則として同日に受けられます。同じ部位にそばかすスポットを受ける場合は2週間あけてください。施術内容やお肌の状態によって前後することがあります。また回答の施術間隔は当院で治療をした方の目安であり、他院で治療をされている場合は直接お電話にてお問い合わせくださいませ。,"ボライト,そばかすスポット,そばかす,間隔,空ける,あける,期間,どのくらい,どれくらい,何週間,何日あける,同日,してから,次の施術"
ボライト,フォト/光治療,4週間,ボライトとフォト/光治療の間隔／ボライトとフォト/光治療の間隔は何週間ですか？／ボライトの後にフォト/光治療はどのくらい空けますか？／ボライトとフォト/光治療はどのくらい間隔をあけますか？／ボライトしてからフォト/光治療まではどのくらい期間をあけたらいいですか？／ボライトの後にフォト/光治療はいつ受けられますか？／ボライトとフォト/光治療は同日にできますか？,ボライトとフォト/光治療は、別の部位であれば原則として同日に受けられます。同じ部位にフォト/光治療を受ける場合は4週間あけてください。施術内容やお肌の状態によって前後することがあります。また回答の施術間隔は当院で治療をした方の目安であり、他院で治療をされている場合は直接お電話にてお問い合わせくださいませ。,"ボライト,フォト/光治療,フォトフェイシャル,フォト,光治療,IPL,間隔,空ける,あける,期間,どのくらい,どれくらい,何週間,何日あける,同日,してから,次の施術"
ボライト,赤み治療,4週間,ボライトと赤み治療の間隔／ボライトと赤み治療の間隔は何週間ですか？／ボライトの後に赤み治療はどのくらい空けますか？／ボライトと赤み治療はどのくらい間隔をあけますか？／ボライトしてから赤み治療まではどのくらい期間をあけたらいいですか？／ボライトの後に赤み治療はいつ受けられますか？／ボライトと赤み治療は同日にできますか？,ボライトと赤み治療は、別の部位であれば原則として同日に受けられます。同じ部位に赤み治療を受ける場合は4週間あけてください。施術内容やお肌の状態によって前後することがあります。また回答の施術間隔は当院で治療をした方の目安であり、他院で治療をされている場合は直接お電話にてお問い合わせくださいませ。,"ボライト,赤み治療,血管腫レーザー,赤ら顔,間隔,空ける,あける,期間,どのくらい,どれくらい,何週間,何日あける,同日,してから,次の施術"
ボライト,ボトックス,4週間,ボライトとボトックスの間隔／ボライトとボトックスの間隔は何週間ですか？／ボライトの後にボトックスはどのくらい空けますか？／ボライトとボトックスはどのくらい間隔をあけますか？／ボライトしてからボトックスまではどのくらい期間をあけたらいいですか？／ボライトの後にボトックスはいつ受けられますか？／ボライトとボトックスは同日にできますか？,ボライトとボトックスは、別の部位であれば原則として同日に受けられます。同じ部位にボトックスを受ける場合は4週間あけてください。施術内容やお肌の状態によって前後することがあります。また回答の施術間隔は当院で治療をした方の目安であり、他院で治療をされている場合は直接お電話にてお問い合わせくださいませ。,"ボライト,ボトックス,ボトックス注射,間隔,空ける,あける,期間,どのくらい,どれくらい,何週間,何日あける,同日,してから,次の施術"
ボライト,ボトックス（マイクロ）,4週間,ボライトとボトックス（マイクロ）の間隔／ボライトとボトックス（マイクロ）の間隔は何週間ですか？／ボライトの後にボトックス（マイクロ）はどのくらい空けますか？／ボライトとボトックス（マイクロ）はどのくらい間隔をあけますか？／ボライトしてからボトックス（マイクロ）まではどのくらい期間をあけたらいいですか？／ボライトの後にボトックス（マイクロ）はいつ受けられますか？／ボライトとボトックス（マイクロ）は同日にできますか？,ボライトとボトックス（マイクロ）は、別の部位であれば原則として同日に受けられます。同じ部位にボトックス（マイクロ）を受ける場合は4週間あけてください。施術内容やお肌の状態によって前後することがあります。また回答の施術間隔は当院で治療をした方の目安であり、他院で治療をされている場合は直接お電話にてお問い合わせくださいませ。,"ボライト,ボトックス（マイクロ）,マイクロボトックス,間隔,空ける,あける,期間,どのくらい,どれくらい,何週間,何日あける,同日,してから,次の施術"
ボライト,フラルスキン部分シミ,4週間,ボライトとフラルスキン部分シミの間隔／ボライトとフラルスキン部分シミの間隔は何週間ですか？／ボライトの後にフラルスキン部分シミはどのくらい空けますか？／ボライトとフラルスキン部分シミはどのくらい間隔をあけますか？／ボライトしてからフラルスキン部分シミまではどのくらい期間をあけたらいいですか？／ボライトの後にフラルスキン部分シミはいつ受けられますか？／ボライトとフラルスキン部分シミは同日にできますか？,ボライトとフラルスキン部分シミは、別の部位であれば原則として同日に受けられます。同じ部位にフラルスキン部分シミを受ける場合は4週間あけてください。施術内容やお肌の状態によって前後することがあります。また回答の施術間隔は当院で治療をした方の目安であり、他院で治療をされている場合は直接お電話にてお問い合わせくださいませ。,"ボライト,フラルスキン部分シミ,間隔,空ける,あける,期間,どのくらい,どれくらい,何週間,何日あける,同日,してから,次の施術"
ボライト,テノールネオ,4週間,ボライトとテノールネオの間隔／ボライトとテノールネオの間隔は何週間ですか？／ボライトの後にテノールネオはどのくらい空けますか？／ボライトとテノールネオはどのくらい間隔をあけますか？／ボライトしてからテノールネオまではどのくらい期間をあけたらいいですか？／ボライトの後にテノールネオはいつ受けられますか？／ボライトとテノールネオは同日にできますか？,ボライトとテノールネオは、別の部位であれば原則として同日に受けられます。同じ部位にテノールネオを受ける場合は4週間あけてください。施術内容やお肌の状態によって前後することがあります。また回答の施術間隔は当院で治療をした方の目安であり、他院で治療をされている場合は直接お電話にてお問い合わせくださいませ。,"ボライト,テノールネオ,テノールNEO,テノール,間隔,空ける,あける,期間,どのくらい,どれくらい,何週間,何日あける,同日,してから,次の施術"
ボライト,mikoメソッド,4週間,ボライトとmikoメソッドの間隔／ボライトとmikoメソッドの間隔は何週間ですか？／ボライトの後にmikoメソッドはどのくらい空けますか？／ボライトとmikoメソッドはどのくらい間隔をあけますか？／ボライトしてからmikoメソッドまではどのくらい期間をあけたらいいですか？／ボライトの後にmikoメソッドはいつ受けられますか？／ボライトとmikoメソッドは同日にできますか？,ボライトとmikoメソッドは、別の部位であれば原則として同日に受けられます。同じ部位にmikoメソッドを受ける場合は4週間あけてください。施術内容やお肌の状態によって前後することがあります。また回答の施術間隔は当院で治療をした方の目安であり、他院で治療をされている場合は直接お電話にてお問い合わせくださいませ。,"ボライト,mikoメソッド,miko,ミコメソッド,首イボ,間隔,空ける,あける,期間,どのくらい,どれくらい,何週間,何日あける,同日,してから,次の施術"
ボライト,ほくろ切除/ほくろ除去,4週間,ボライトとほくろ切除/ほくろ除去の間隔／ボライトとほくろ切除/ほくろ除去の間隔は何週間ですか？／ボライトの後にほくろ切除/ほくろ除去はどのくらい空けますか？／ボライトとほくろ切除/ほくろ除去はどのくらい間隔をあけますか？／ボライトしてからほくろ切除/ほくろ除去まではどのくらい期間をあけたらいいですか？／ボライトの後にほくろ切除/ほくろ除去はいつ受けられますか？／ボライトとほくろ切除/ほくろ除去は同日にできますか？,ボライトとほくろ切除/ほくろ除去は、別の部位であれば原則として同日に受けられます。同じ部位にほくろ切除/ほくろ除去を受ける場合は4週間あけてください。施術内容やお肌の状態によって前後することがあります。また回答の施術間隔は当院で治療をした方の目安であり、他院で治療をされている場合は直接お電話にてお問い合わせくださいませ。,"ボライト,ほくろ切除/ほくろ除去,ほくろ除去,ほくろ,間隔,空ける,あける,期間,どのくらい,どれくらい,何週間,何日あける,同日,してから,次の施術"
ボライト,ボライト,4週間,ボライトとボライトの間隔／ボライトとボライトの間隔は何週間ですか？／ボライトの後にボライトはどのくらい空けますか？／ボライトとボライトはどのくらい間隔をあけますか？／ボライトしてからボライトまではどのくらい期間をあけたらいいですか？／ボライトの後にボライトはいつ受けられますか？／ボライトとボライトは同日にできますか？,ボライトを続けて（同じ部位に）受ける場合は4週間あけてください。施術内容やお肌の状態によって前後することがあります。また回答の施術間隔は当院で治療をした方の目安であり、他院で治療をされている場合は直接お電話にてお問い合わせくださいませ。,"ボライト,間隔,空ける,あける,期間,どのくらい,どれくらい,何週間,何日あける,同日,してから,次の施術"
ボライト,稗粒腫,4週間,ボライトと稗粒腫の間隔／ボライトと稗粒腫の間隔は何週間ですか？／ボライトの後に稗粒腫はどのくらい空けますか？／ボライトと稗粒腫はどのくらい間隔をあけますか？／ボライトしてから稗粒腫まではどのくらい期間をあけたらいいですか？／ボライトの後に稗粒腫はいつ受けられますか？／ボライトと稗粒腫は同日にできますか？,ボライトと稗粒腫は、別の部位であれば原則として同日に受けられます。同じ部位に稗粒腫を受ける場合は4週間あけてください。施術内容やお肌の状態によって前後することがあります。また回答の施術間隔は当院で治療をした方の目安であり、他院で治療をされている場合は直接お電話にてお問い合わせくださいませ。,"ボライト,稗粒腫,間隔,空ける,あける,期間,どのくらい,どれくらい,何週間,何日あける,同日,してから,次の施術"
ボライト,HARG,（翌日）,ボライトとHARGの間隔／ボライトとHARGの間隔は何週間ですか？／ボライトの後にHARGはどのくらい空けますか？／ボライトとHARGはどのくらい間隔をあけますか？／ボライトしてからHARGまではどのくらい期間をあけたらいいですか？／ボライトの後にHARGはいつ受けられますか？／ボライトとHARGは同日にできますか？,ボライトの後にHARG（部位が異なります）は翌日以降であれば受けられます。施術内容やお肌の状態によって前後することがあります。また回答の施術間隔は当院で治療をした方の目安であり、他院で治療をされている場合は直接お電話にてお問い合わせくださいませ。,"ボライト,HARG,ハーグ,HARG療法,間隔,空ける,あける,期間,どのくらい,どれくらい,何週間,何日あける,同日,してから,次の施術"
ボライト,スカルプ・プラセンタエッセンス,（翌日）,ボライトとスカルプ・プラセンタエッセンスの間隔／ボライトとスカルプ・プラセンタエッセンスの間隔は何週間ですか？／ボライトの後にスカルプ・プラセンタエッセンスはどのくらい空けますか？／ボライトとスカルプ・プラセンタエッセンスはどのくらい間隔をあけますか？／ボライトしてからスカルプ・プラセンタエッセンスまではどのくらい期間をあけたらいいですか？／ボライトの後にスカルプ・プラセンタエッセンスはいつ受けられますか？／ボライトとスカルプ・プラセンタエッセンスは同日にできますか？,ボライトの後にスカルプ・プラセンタエッセンス（部位が異なります）は翌日以降であれば受けられます。施術内容やお肌の状態によって前後することがあります。また回答の施術間隔は当院で治療をした方の目安であり、他院で治療をされている場合は直接お電話にてお問い合わせくださいませ。,"ボライト,スカルプ・プラセンタエッセンス,スカルプ,プラセンタ,間隔,空ける,あける,期間,どのくらい,どれくらい,何週間,何日あける,同日,してから,次の施術"
ボライト,コラーゲンピール,4週間,ボライトとコラーゲンピールの間隔／ボライトとコラーゲンピールの間隔は何週間ですか？／ボライトの後にコラーゲンピールはどのくらい空けますか？／ボライトとコラーゲンピールはどのくらい間隔をあけますか？／ボライトしてからコラーゲンピールまではどのくらい期間をあけたらいいですか？／ボライトの後にコラーゲンピールはいつ受けられますか？／ボライトとコラーゲンピールは同日にできますか？,ボライトとコラーゲンピールは、別の部位であれば原則として同日に受けられます。同じ部位にコラーゲンピールを受ける場合は4週間あけてください。施術内容やお肌の状態によって前後することがあります。また回答の施術間隔は当院で治療をした方の目安であり、他院で治療をされている場合は直接お電話にてお問い合わせくださいませ。,"ボライト,コラーゲンピール,マッサージピール,間隔,空ける,あける,期間,どのくらい,どれくらい,何週間,何日あける,同日,してから,次の施術"
ボライト,サーマクール,4週間,ボライトとサーマクールの間隔／ボライトとサーマクールの間隔は何週間ですか？／ボライトの後にサーマクールはどのくらい空けますか？／ボライトとサーマクールはどのくらい間隔をあけますか？／ボライトしてからサーマクールまではどのくらい期間をあけたらいいですか？／ボライトの後にサーマクールはいつ受けられますか？／ボライトとサーマクールは同日にできますか？,ボライトとサーマクールは、別の部位であれば原則として同日に受けられます。同じ部位にサーマクールを受ける場合は4週間あけてください。施術内容やお肌の状態によって前後することがあります。また回答の施術間隔は当院で治療をした方の目安であり、他院で治療をされている場合は直接お電話にてお問い合わせくださいませ。,"ボライト,サーマクール,サーマ,間隔,空ける,あける,期間,どのくらい,どれくらい,何週間,何日あける,同日,してから,次の施術"
ボライト,脱毛,4週間,ボライトと脱毛の間隔／ボライトと脱毛の間隔は何週間ですか？／ボライトの後に脱毛はどのくらい空けますか？／ボライトと脱毛はどのくらい間隔をあけますか？／ボライトしてから脱毛まではどのくらい期間をあけたらいいですか？／ボライトの後に脱毛はいつ受けられますか？／ボライトと脱毛は同日にできますか？,ボライトと脱毛は、別の部位であれば原則として同日に受けられます。同じ部位に脱毛を受ける場合は4週間あけてください。施術内容やお肌の状態によって前後することがあります。また回答の施術間隔は当院で治療をした方の目安であり、他院で治療をされている場合は直接お電話にてお問い合わせくださいませ。,"ボライト,脱毛,医療脱毛,顔脱毛,全身脱毛,VIO脱毛,ひげ脱毛,レーザー脱毛,間隔,空ける,あける,期間,どのくらい,どれくらい,何週間,何日あける,同日,してから,次の施術"
ボライト,タトゥー,4週間,ボライトとタトゥーの間隔／ボライトとタトゥーの間隔は何週間ですか？／ボライトの後にタトゥーはどのくらい空けますか？／ボライトとタトゥーはどのくらい間隔をあけますか？／ボライトしてからタトゥーまではどのくらい期間をあけたらいいですか？／ボライトの後にタトゥーはいつ受けられますか？／ボライトとタトゥーは同日にできますか？,ボライトとタトゥーは、別の部位であれば原則として同日に受けられます。同じ部位にタトゥーを受ける場合は4週間あけてください。施術内容やお肌の状態によって前後することがあります。また回答の施術間隔は当院で治療をした方の目安であり、他院で治療をされている場合は直接お電話にてお問い合わせくださいませ。,"ボライト,タトゥー,刺青,タトゥー除去,間隔,空ける,あける,期間,どのくらい,どれくらい,何週間,何日あける,同日,してから,次の施術"
ボライト,アートメイク,同日可,ボライトとアートメイクの間隔／ボライトとアートメイクの間隔は何週間ですか？／ボライトの後にアートメイクはどのくらい空けますか？／ボライトとアートメイクはどのくらい間隔をあけますか？／ボライトしてからアートメイクまではどのくらい期間をあけたらいいですか？／ボライトの後にアートメイクはいつ受けられますか？／ボライトとアートメイクは同日にできますか？,ボライトとアートメイクは同日に受けられます。施術内容やお肌の状態によって前後することがあります。また回答の施術間隔は当院で治療をした方の目安であり、他院で治療をされている場合は直接お電話にてお問い合わせくださいませ。,"ボライト,アートメイク,間隔,空ける,あける,期間,どのくらい,どれくらい,何週間,何日あける,同日,してから,次の施術"
稗粒腫,ハイドラジェントル,1週間,稗粒腫とハイドラジェントルの間隔／稗粒腫とハイドラジェントルの間隔は何週間ですか？／稗粒腫の後にハイドラジェントルはどのくらい空けますか？／稗粒腫とハイドラジェントルはどのくらい間隔をあけますか？／稗粒腫してからハイドラジェントルまではどのくらい期間をあけたらいいですか？／稗粒腫の後にハイドラジェントルはいつ受けられますか？／稗粒腫とハイドラジェントルは同日にできますか？,稗粒腫とハイドラジェントルは、別の部位であれば原則として同日に受けられます。同じ部位にハイドラジェントルを受ける場合は1週間あけてください。施術内容やお肌の状態によって前後することがあります。また回答の施術間隔は当院で治療をした方の目安であり、他院で治療をされている場合は直接お電話にてお問い合わせくださいませ。,"稗粒腫,ハイドラジェントル,ハイドラ,間隔,空ける,あける,期間,どのくらい,どれくらい,何週間,何日あける,同日,してから,次の施術"
稗粒腫,ケミカルピーリング,1週間,稗粒腫とケミカルピーリングの間隔／稗粒腫とケミカルピーリングの間隔は何週間ですか？／稗粒腫の後にケミカルピーリングはどのくらい空けますか？／稗粒腫とケミカルピーリングはどのくらい間隔をあけますか？／稗粒腫してからケミカルピーリングまではどのくらい期間をあけたらいいですか？／稗粒腫の後にケミカルピーリングはいつ受けられますか？／稗粒腫とケミカルピーリングは同日にできますか？,稗粒腫とケミカルピーリングは、別の部位であれば原則として同日に受けられます。同じ部位にケミカルピーリングを受ける場合は1週間あけてください。施術内容やお肌の状態によって前後することがあります。また回答の施術間隔は当院で治療をした方の目安であり、他院で治療をされている場合は直接お電話にてお問い合わせくださいませ。,"稗粒腫,ケミカルピーリング,ピーリング,間隔,空ける,あける,期間,どのくらい,どれくらい,何週間,何日あける,同日,してから,次の施術"
稗粒腫,スマートサイドドット（2回目以降）,1週間,稗粒腫とスマートサイドドット（2回目以降）の間隔／稗粒腫とスマートサイドドット（2回目以降）の間隔は何週間ですか？／稗粒腫の後にスマートサイドドット（2回目以降）はどのくらい空けますか？／稗粒腫とスマートサイドドット（2回目以降）はどのくらい間隔をあけますか？／稗粒腫してからスマートサイドドット（2回目以降）まではどのくらい期間をあけたらいいですか？／稗粒腫の後にスマートサイドドット（2回目以降）はいつ受けられますか？／稗粒腫とスマートサイドドット（2回目以降）は同日にできますか？,稗粒腫とスマートサイドドット（2回目以降）は、別の部位であれば原則として同日に受けられます。同じ部位にスマートサイドドット（2回目以降）を受ける場合は1週間あけてください。施術内容やお肌の状態によって前後することがあります。また回答の施術間隔は当院で治療をした方の目安であり、他院で治療をされている場合は直接お電話にてお問い合わせくださいませ。,"稗粒腫,スマートサイドドット（2回目以降）,スマサイ,スマートサイドドット,間隔,空ける,あける,期間,どのくらい,どれくらい,何週間,何日あける,同日,してから,次の施術"
稗粒腫,スマートサイドドット（初回）,1週間,稗粒腫とスマートサイドドット（初回）の間隔／稗粒腫とスマートサイドドット（初回）の間隔は何週間ですか？／稗粒腫の後にスマートサイドドット（初回）はどのくらい空けますか？／稗粒腫とスマートサイドドット（初回）はどのくらい間隔をあけますか？／稗粒腫してからスマートサイドドット（初回）まではどのくらい期間をあけたらいいですか？／稗粒腫の後にスマートサイドドット（初回）はいつ受けられますか？／稗粒腫とスマートサイドドット（初回）は同日にできますか？,稗粒腫とスマートサイドドット（初回）は、別の部位であれば原則として同日に受けられます。同じ部位にスマートサイドドット（初回）を受ける場合は1週間あけてください。施術内容やお肌の状態によって前後することがあります。また回答の施術間隔は当院で治療をした方の目安であり、他院で治療をされている場合は直接お電話にてお問い合わせくださいませ。,"稗粒腫,スマートサイドドット（初回）,スマサイ,スマートサイドドット,間隔,空ける,あける,期間,どのくらい,どれくらい,何週間,何日あける,同日,してから,次の施術"
稗粒腫,イボレーザー/CO2レーザー,1週間,稗粒腫とイボレーザー/CO2レーザーの間隔／稗粒腫とイボレーザー/CO2レーザーの間隔は何週間ですか？／稗粒腫の後にイボレーザー/CO2レーザーはどのくらい空けますか？／稗粒腫とイボレーザー/CO2レーザーはどのくらい間隔をあけますか？／稗粒腫してからイボレーザー/CO2レーザーまではどのくらい期間をあけたらいいですか？／稗粒腫の後にイボレーザー/CO2レーザーはいつ受けられますか？／稗粒腫とイボレーザー/CO2レーザーは同日にできますか？,稗粒腫とイボレーザー/CO2レーザーは、別の部位であれば原則として同日に受けられます。同じ部位にイボレーザー/CO2レーザーを受ける場合は1週間あけてください。施術内容やお肌の状態によって前後することがあります。また回答の施術間隔は当院で治療をした方の目安であり、他院で治療をされている場合は直接お電話にてお問い合わせくださいませ。,"稗粒腫,イボレーザー/CO2レーザー,炭酸ガスレーザー,CO2レーザー,イボ取り,いぼレーザー,間隔,空ける,あける,期間,どのくらい,どれくらい,何週間,何日あける,同日,してから,次の施術"
稗粒腫,シミ取りレーザー,1週間,稗粒腫とシミ取りレーザーの間隔／稗粒腫とシミ取りレーザーの間隔は何週間ですか？／稗粒腫の後にシミ取りレーザーはどのくらい空けますか？／稗粒腫とシミ取りレーザーはどのくらい間隔をあけますか？／稗粒腫してからシミ取りレーザーまではどのくらい期間をあけたらいいですか？／稗粒腫の後にシミ取りレーザーはいつ受けられますか？／稗粒腫とシミ取りレーザーは同日にできますか？,稗粒腫とシミ取りレーザーは、別の部位であれば原則として同日に受けられます。同じ部位にシミ取りレーザーを受ける場合は1週間あけてください。施術内容やお肌の状態によって前後することがあります。また回答の施術間隔は当院で治療をした方の目安であり、他院で治療をされている場合は直接お電話にてお問い合わせくださいませ。,"稗粒腫,シミ取りレーザー,シミレーザー,シミ取り,間隔,空ける,あける,期間,どのくらい,どれくらい,何週間,何日あける,同日,してから,次の施術"
稗粒腫,ADM/ピコレーザ,1週間,稗粒腫とADM/ピコレーザの間隔／稗粒腫とADM/ピコレーザの間隔は何週間ですか？／稗粒腫の後にADM/ピコレーザはどのくらい空けますか？／稗粒腫とADM/ピコレーザはどのくらい間隔をあけますか？／稗粒腫してからADM/ピコレーザまではどのくらい期間をあけたらいいですか？／稗粒腫の後にADM/ピコレーザはいつ受けられますか？／稗粒腫とADM/ピコレーザは同日にできますか？,稗粒腫とADM/ピコレーザは、別の部位であれば原則として同日に受けられます。同じ部位にADM/ピコレーザを受ける場合は1週間あけてください。施術内容やお肌の状態によって前後することがあります。また回答の施術間隔は当院で治療をした方の目安であり、他院で治療をされている場合は直接お電話にてお問い合わせくださいませ。,"稗粒腫,ADM/ピコレーザ,ADMレーザー,ピコレーザー,ADM,間隔,空ける,あける,期間,どのくらい,どれくらい,何週間,何日あける,同日,してから,次の施術"
稗粒腫,ADM/ナノレーザー,1週間,稗粒腫とADM/ナノレーザーの間隔／稗粒腫とADM/ナノレーザーの間隔は何週間ですか？／稗粒腫の後にADM/ナノレーザーはどのくらい空けますか？／稗粒腫とADM/ナノレーザーはどのくらい間隔をあけますか？／稗粒腫してからADM/ナノレーザーまではどのくらい期間をあけたらいいですか？／稗粒腫の後にADM/ナノレーザーはいつ受けられますか？／稗粒腫とADM/ナノレーザーは同日にできますか？,稗粒腫とADM/ナノレーザーは、別の部位であれば原則として同日に受けられます。同じ部位にADM/ナノレーザーを受ける場合は1週間あけてください。施術内容やお肌の状態によって前後することがあります。また回答の施術間隔は当院で治療をした方の目安であり、他院で治療をされている場合は直接お電話にてお問い合わせくださいませ。,"稗粒腫,ADM/ナノレーザー,ADMレーザー,ナノレーザー,ADM,間隔,空ける,あける,期間,どのくらい,どれくらい,何週間,何日あける,同日,してから,次の施術"
稗粒腫,レーザートーニング,1週間,稗粒腫とレーザートーニングの間隔／稗粒腫とレーザートーニングの間隔は何週間ですか？／稗粒腫の後にレーザートーニングはどのくらい空けますか？／稗粒腫とレーザートーニングはどのくらい間隔をあけますか？／稗粒腫してからレーザートーニングまではどのくらい期間をあけたらいいですか？／稗粒腫の後にレーザートーニングはいつ受けられますか？／稗粒腫とレーザートーニングは同日にできますか？,稗粒腫とレーザートーニングは、別の部位であれば原則として同日に受けられます。同じ部位にレーザートーニングを受ける場合は1週間あけてください。施術内容やお肌の状態によって前後することがあります。また回答の施術間隔は当院で治療をした方の目安であり、他院で治療をされている場合は直接お電話にてお問い合わせくださいませ。,"稗粒腫,レーザートーニング,トーニング,間隔,空ける,あける,期間,どのくらい,どれくらい,何週間,何日あける,同日,してから,次の施術"
稗粒腫,ピコトーニング,1週間,稗粒腫とピコトーニングの間隔／稗粒腫とピコトーニングの間隔は何週間ですか？／稗粒腫の後にピコトーニングはどのくらい空けますか？／稗粒腫とピコトーニングはどのくらい間隔をあけますか？／稗粒腫してからピコトーニングまではどのくらい期間をあけたらいいですか？／稗粒腫の後にピコトーニングはいつ受けられますか？／稗粒腫とピコトーニングは同日にできますか？,稗粒腫とピコトーニングは、別の部位であれば原則として同日に受けられます。同じ部位にピコトーニングを受ける場合は1週間あけてください。施術内容やお肌の状態によって前後することがあります。また回答の施術間隔は当院で治療をした方の目安であり、他院で治療をされている場合は直接お電話にてお問い合わせくださいませ。,"稗粒腫,ピコトーニング,トーニング,ピコ,間隔,空ける,あける,期間,どのくらい,どれくらい,何週間,何日あける,同日,してから,次の施術"
稗粒腫,ピコフラクショナル,1週間,稗粒腫とピコフラクショナルの間隔／稗粒腫とピコフラクショナルの間隔は何週間ですか？／稗粒腫の後にピコフラクショナルはどのくらい空けますか？／稗粒腫とピコフラクショナルはどのくらい間隔をあけますか？／稗粒腫してからピコフラクショナルまではどのくらい期間をあけたらいいですか？／稗粒腫の後にピコフラクショナルはいつ受けられますか？／稗粒腫とピコフラクショナルは同日にできますか？,稗粒腫とピコフラクショナルは、別の部位であれば原則として同日に受けられます。同じ部位にピコフラクショナルを受ける場合は1週間あけてください。施術内容やお肌の状態によって前後することがあります。また回答の施術間隔は当院で治療をした方の目安であり、他院で治療をされている場合は直接お電話にてお問い合わせくださいませ。,"稗粒腫,ピコフラクショナル,フラクショナル,間隔,空ける,あける,期間,どのくらい,どれくらい,何週間,何日あける,同日,してから,次の施術"
稗粒腫,そばかすシャワー,1週間,稗粒腫とそばかすシャワーの間隔／稗粒腫とそばかすシャワーの間隔は何週間ですか？／稗粒腫の後にそばかすシャワーはどのくらい空けますか？／稗粒腫とそばかすシャワーはどのくらい間隔をあけますか？／稗粒腫してからそばかすシャワーまではどのくらい期間をあけたらいいですか？／稗粒腫の後にそばかすシャワーはいつ受けられますか？／稗粒腫とそばかすシャワーは同日にできますか？,稗粒腫とそばかすシャワーは、別の部位であれば原則として同日に受けられます。同じ部位にそばかすシャワーを受ける場合は1週間あけてください。施術内容やお肌の状態によって前後することがあります。また回答の施術間隔は当院で治療をした方の目安であり、他院で治療をされている場合は直接お電話にてお問い合わせくださいませ。,"稗粒腫,そばかすシャワー,そばかす,間隔,空ける,あける,期間,どのくらい,どれくらい,何週間,何日あける,同日,してから,次の施術"
稗粒腫,そばかすスポット,1週間,稗粒腫とそばかすスポットの間隔／稗粒腫とそばかすスポットの間隔は何週間ですか？／稗粒腫の後にそばかすスポットはどのくらい空けますか？／稗粒腫とそばかすスポットはどのくらい間隔をあけますか？／稗粒腫してからそばかすスポットまではどのくらい期間をあけたらいいですか？／稗粒腫の後にそばかすスポットはいつ受けられますか？／稗粒腫とそばかすスポットは同日にできますか？,稗粒腫とそばかすスポットは、別の部位であれば原則として同日に受けられます。同じ部位にそばかすスポットを受ける場合は1週間あけてください。施術内容やお肌の状態によって前後することがあります。また回答の施術間隔は当院で治療をした方の目安であり、他院で治療をされている場合は直接お電話にてお問い合わせくださいませ。,"稗粒腫,そばかすスポット,そばかす,間隔,空ける,あける,期間,どのくらい,どれくらい,何週間,何日あける,同日,してから,次の施術"
稗粒腫,フォト/光治療,1週間,稗粒腫とフォト/光治療の間隔／稗粒腫とフォト/光治療の間隔は何週間ですか？／稗粒腫の後にフォト/光治療はどのくらい空けますか？／稗粒腫とフォト/光治療はどのくらい間隔をあけますか？／稗粒腫してからフォト/光治療まではどのくらい期間をあけたらいいですか？／稗粒腫の後にフォト/光治療はいつ受けられますか？／稗粒腫とフォト/光治療は同日にできますか？,稗粒腫とフォト/光治療は、別の部位であれば原則として同日に受けられます。同じ部位にフォト/光治療を受ける場合は1週間あけてください。施術内容やお肌の状態によって前後することがあります。また回答の施術間隔は当院で治療をした方の目安であり、他院で治療をされている場合は直接お電話にてお問い合わせくださいませ。,"稗粒腫,フォト/光治療,フォトフェイシャル,フォト,光治療,IPL,間隔,空ける,あける,期間,どのくらい,どれくらい,何週間,何日あける,同日,してから,次の施術"
稗粒腫,赤み治療,1週間,稗粒腫と赤み治療の間隔／稗粒腫と赤み治療の間隔は何週間ですか？／稗粒腫の後に赤み治療はどのくらい空けますか？／稗粒腫と赤み治療はどのくらい間隔をあけますか？／稗粒腫してから赤み治療まではどのくらい期間をあけたらいいですか？／稗粒腫の後に赤み治療はいつ受けられますか？／稗粒腫と赤み治療は同日にできますか？,稗粒腫と赤み治療は、別の部位であれば原則として同日に受けられます。同じ部位に赤み治療を受ける場合は1週間あけてください。施術内容やお肌の状態によって前後することがあります。また回答の施術間隔は当院で治療をした方の目安であり、他院で治療をされている場合は直接お電話にてお問い合わせくださいませ。,"稗粒腫,赤み治療,血管腫レーザー,赤ら顔,間隔,空ける,あける,期間,どのくらい,どれくらい,何週間,何日あける,同日,してから,次の施術"
稗粒腫,ボトックス,1週間,稗粒腫とボトックスの間隔／稗粒腫とボトックスの間隔は何週間ですか？／稗粒腫の後にボトックスはどのくらい空けますか？／稗粒腫とボトックスはどのくらい間隔をあけますか？／稗粒腫してからボトックスまではどのくらい期間をあけたらいいですか？／稗粒腫の後にボトックスはいつ受けられますか？／稗粒腫とボトックスは同日にできますか？,稗粒腫とボトックスは、別の部位であれば原則として同日に受けられます。同じ部位にボトックスを受ける場合は1週間あけてください。施術内容やお肌の状態によって前後することがあります。また回答の施術間隔は当院で治療をした方の目安であり、他院で治療をされている場合は直接お電話にてお問い合わせくださいませ。,"稗粒腫,ボトックス,ボトックス注射,間隔,空ける,あける,期間,どのくらい,どれくらい,何週間,何日あける,同日,してから,次の施術"
稗粒腫,ボトックス（マイクロ）,1週間,稗粒腫とボトックス（マイクロ）の間隔／稗粒腫とボトックス（マイクロ）の間隔は何週間ですか？／稗粒腫の後にボトックス（マイクロ）はどのくらい空けますか？／稗粒腫とボトックス（マイクロ）はどのくらい間隔をあけますか？／稗粒腫してからボトックス（マイクロ）まではどのくらい期間をあけたらいいですか？／稗粒腫の後にボトックス（マイクロ）はいつ受けられますか？／稗粒腫とボトックス（マイクロ）は同日にできますか？,稗粒腫とボトックス（マイクロ）は、別の部位であれば原則として同日に受けられます。同じ部位にボトックス（マイクロ）を受ける場合は1週間あけてください。施術内容やお肌の状態によって前後することがあります。また回答の施術間隔は当院で治療をした方の目安であり、他院で治療をされている場合は直接お電話にてお問い合わせくださいませ。,"稗粒腫,ボトックス（マイクロ）,マイクロボトックス,間隔,空ける,あける,期間,どのくらい,どれくらい,何週間,何日あける,同日,してから,次の施術"
稗粒腫,フラルスキン部分シミ,1週間,稗粒腫とフラルスキン部分シミの間隔／稗粒腫とフラルスキン部分シミの間隔は何週間ですか？／稗粒腫の後にフラルスキン部分シミはどのくらい空けますか？／稗粒腫とフラルスキン部分シミはどのくらい間隔をあけますか？／稗粒腫してからフラルスキン部分シミまではどのくらい期間をあけたらいいですか？／稗粒腫の後にフラルスキン部分シミはいつ受けられますか？／稗粒腫とフラルスキン部分シミは同日にできますか？,稗粒腫とフラルスキン部分シミは、別の部位であれば原則として同日に受けられます。同じ部位にフラルスキン部分シミを受ける場合は1週間あけてください。施術内容やお肌の状態によって前後することがあります。また回答の施術間隔は当院で治療をした方の目安であり、他院で治療をされている場合は直接お電話にてお問い合わせくださいませ。,"稗粒腫,フラルスキン部分シミ,間隔,空ける,あける,期間,どのくらい,どれくらい,何週間,何日あける,同日,してから,次の施術"
稗粒腫,テノールネオ,1週間,稗粒腫とテノールネオの間隔／稗粒腫とテノールネオの間隔は何週間ですか？／稗粒腫の後にテノールネオはどのくらい空けますか？／稗粒腫とテノールネオはどのくらい間隔をあけますか？／稗粒腫してからテノールネオまではどのくらい期間をあけたらいいですか？／稗粒腫の後にテノールネオはいつ受けられますか？／稗粒腫とテノールネオは同日にできますか？,稗粒腫とテノールネオは、別の部位であれば原則として同日に受けられます。同じ部位にテノールネオを受ける場合は1週間あけてください。施術内容やお肌の状態によって前後することがあります。また回答の施術間隔は当院で治療をした方の目安であり、他院で治療をされている場合は直接お電話にてお問い合わせくださいませ。,"稗粒腫,テノールネオ,テノールNEO,テノール,間隔,空ける,あける,期間,どのくらい,どれくらい,何週間,何日あける,同日,してから,次の施術"
稗粒腫,mikoメソッド,1週間,稗粒腫とmikoメソッドの間隔／稗粒腫とmikoメソッドの間隔は何週間ですか？／稗粒腫の後にmikoメソッドはどのくらい空けますか？／稗粒腫とmikoメソッドはどのくらい間隔をあけますか？／稗粒腫してからmikoメソッドまではどのくらい期間をあけたらいいですか？／稗粒腫の後にmikoメソッドはいつ受けられますか？／稗粒腫とmikoメソッドは同日にできますか？,稗粒腫とmikoメソッドは、別の部位であれば原則として同日に受けられます。同じ部位にmikoメソッドを受ける場合は1週間あけてください。施術内容やお肌の状態によって前後することがあります。また回答の施術間隔は当院で治療をした方の目安であり、他院で治療をされている場合は直接お電話にてお問い合わせくださいませ。,"稗粒腫,mikoメソッド,miko,ミコメソッド,首イボ,間隔,空ける,あける,期間,どのくらい,どれくらい,何週間,何日あける,同日,してから,次の施術"
稗粒腫,ボライト,1週間,稗粒腫とボライトの間隔／稗粒腫とボライトの間隔は何週間ですか？／稗粒腫の後にボライトはどのくらい空けますか？／稗粒腫とボライトはどのくらい間隔をあけますか？／稗粒腫してからボライトまではどのくらい期間をあけたらいいですか？／稗粒腫の後にボライトはいつ受けられますか？／稗粒腫とボライトは同日にできますか？,稗粒腫とボライトは、別の部位であれば原則として同日に受けられます。同じ部位にボライトを受ける場合は1週間あけてください。施術内容やお肌の状態によって前後することがあります。また回答の施術間隔は当院で治療をした方の目安であり、他院で治療をされている場合は直接お電話にてお問い合わせくださいませ。,"稗粒腫,ボライト,間隔,空ける,あける,期間,どのくらい,どれくらい,何週間,何日あける,同日,してから,次の施術"
稗粒腫,稗粒腫,1週間,稗粒腫と稗粒腫の間隔／稗粒腫と稗粒腫の間隔は何週間ですか？／稗粒腫の後に稗粒腫はどのくらい空けますか？／稗粒腫と稗粒腫はどのくらい間隔をあけますか？／稗粒腫してから稗粒腫まではどのくらい期間をあけたらいいですか？／稗粒腫の後に稗粒腫はいつ受けられますか？／稗粒腫と稗粒腫は同日にできますか？,稗粒腫を続けて（同じ部位に）受ける場合は1週間あけてください。施術内容やお肌の状態によって前後することがあります。また回答の施術間隔は当院で治療をした方の目安であり、他院で治療をされている場合は直接お電話にてお問い合わせくださいませ。,"稗粒腫,間隔,空ける,あける,期間,どのくらい,どれくらい,何週間,何日あける,同日,してから,次の施術"
稗粒腫,ヴェルヴェットスキン,1週間,稗粒腫とヴェルヴェットスキンの間隔／稗粒腫とヴェルヴェットスキンの間隔は何週間ですか？／稗粒腫の後にヴェルヴェットスキンはどのくらい空けますか？／稗粒腫とヴェルヴェットスキンはどのくらい間隔をあけますか？／稗粒腫してからヴェルヴェットスキンまではどのくらい期間をあけたらいいですか？／稗粒腫の後にヴェルヴェットスキンはいつ受けられますか？／稗粒腫とヴェルヴェットスキンは同日にできますか？,稗粒腫とヴェルヴェットスキンは、別の部位であれば原則として同日に受けられます。同じ部位にヴェルヴェットスキンを受ける場合は1週間あけてください。施術内容やお肌の状態によって前後することがあります。また回答の施術間隔は当院で治療をした方の目安であり、他院で治療をされている場合は直接お電話にてお問い合わせくださいませ。,"稗粒腫,ヴェルヴェットスキン,ヴェルヴェット,ベルベットスキン,間隔,空ける,あける,期間,どのくらい,どれくらい,何週間,何日あける,同日,してから,次の施術"
稗粒腫,ダーマペン,1週間,稗粒腫とダーマペンの間隔／稗粒腫とダーマペンの間隔は何週間ですか？／稗粒腫の後にダーマペンはどのくらい空けますか？／稗粒腫とダーマペンはどのくらい間隔をあけますか？／稗粒腫してからダーマペンまではどのくらい期間をあけたらいいですか？／稗粒腫の後にダーマペンはいつ受けられますか？／稗粒腫とダーマペンは同日にできますか？,稗粒腫とダーマペンは、別の部位であれば原則として同日に受けられます。同じ部位にダーマペンを受ける場合は1週間あけてください。施術内容やお肌の状態によって前後することがあります。また回答の施術間隔は当院で治療をした方の目安であり、他院で治療をされている場合は直接お電話にてお問い合わせくださいませ。,"稗粒腫,ダーマペン,ダーマペン4,間隔,空ける,あける,期間,どのくらい,どれくらい,何週間,何日あける,同日,してから,次の施術"
稗粒腫,HARG,1週間,稗粒腫とHARGの間隔／稗粒腫とHARGの間隔は何週間ですか？／稗粒腫の後にHARGはどのくらい空けますか？／稗粒腫とHARGはどのくらい間隔をあけますか？／稗粒腫してからHARGまではどのくらい期間をあけたらいいですか？／稗粒腫の後にHARGはいつ受けられますか？／稗粒腫とHARGは同日にできますか？,稗粒腫とHARGは、別の部位であれば原則として同日に受けられます。同じ部位にHARGを受ける場合は1週間あけてください。施術内容やお肌の状態によって前後することがあります。また回答の施術間隔は当院で治療をした方の目安であり、他院で治療をされている場合は直接お電話にてお問い合わせくださいませ。,"稗粒腫,HARG,ハーグ,HARG療法,間隔,空ける,あける,期間,どのくらい,どれくらい,何週間,何日あける,同日,してから,次の施術"
稗粒腫,スカルプ・プラセンタエッセンス,1週間,稗粒腫とスカルプ・プラセンタエッセンスの間隔／稗粒腫とスカルプ・プラセンタエッセンスの間隔は何週間ですか？／稗粒腫の後にスカルプ・プラセンタエッセンスはどのくらい空けますか？／稗粒腫とスカルプ・プラセンタエッセンスはどのくらい間隔をあけますか？／稗粒腫してからスカルプ・プラセンタエッセンスまではどのくらい期間をあけたらいいですか？／稗粒腫の後にスカルプ・プラセンタエッセンスはいつ受けられますか？／稗粒腫とスカルプ・プラセンタエッセンスは同日にできますか？,稗粒腫とスカルプ・プラセンタエッセンスは、別の部位であれば原則として同日に受けられます。同じ部位にスカルプ・プラセンタエッセンスを受ける場合は1週間あけてください。施術内容やお肌の状態によって前後することがあります。また回答の施術間隔は当院で治療をした方の目安であり、他院で治療をされている場合は直接お電話にてお問い合わせくださいませ。,"稗粒腫,スカルプ・プラセンタエッセンス,スカルプ,プラセンタ,間隔,空ける,あける,期間,どのくらい,どれくらい,何週間,何日あける,同日,してから,次の施術"
稗粒腫,コラーゲンピール,1週間,稗粒腫とコラーゲンピールの間隔／稗粒腫とコラーゲンピールの間隔は何週間ですか？／稗粒腫の後にコラーゲンピールはどのくらい空けますか？／稗粒腫とコラーゲンピールはどのくらい間隔をあけますか？／稗粒腫してからコラーゲンピールまではどのくらい期間をあけたらいいですか？／稗粒腫の後にコラーゲンピールはいつ受けられますか？／稗粒腫とコラーゲンピールは同日にできますか？,稗粒腫とコラーゲンピールは、別の部位であれば原則として同日に受けられます。同じ部位にコラーゲンピールを受ける場合は1週間あけてください。施術内容やお肌の状態によって前後することがあります。また回答の施術間隔は当院で治療をした方の目安であり、他院で治療をされている場合は直接お電話にてお問い合わせくださいませ。,"稗粒腫,コラーゲンピール,マッサージピール,間隔,空ける,あける,期間,どのくらい,どれくらい,何週間,何日あける,同日,してから,次の施術"
稗粒腫,サーマクール,1週間,稗粒腫とサーマクールの間隔／稗粒腫とサーマクールの間隔は何週間ですか？／稗粒腫の後にサーマクールはどのくらい空けますか？／稗粒腫とサーマクールはどのくらい間隔をあけますか？／稗粒腫してからサーマクールまではどのくらい期間をあけたらいいですか？／稗粒腫の後にサーマクールはいつ受けられますか？／稗粒腫とサーマクールは同日にできますか？,稗粒腫とサーマクールは、別の部位であれば原則として同日に受けられます。同じ部位にサーマクールを受ける場合は1週間あけてください。施術内容やお肌の状態によって前後することがあります。また回答の施術間隔は当院で治療をした方の目安であり、他院で治療をされている場合は直接お電話にてお問い合わせくださいませ。,"稗粒腫,サーマクール,サーマ,間隔,空ける,あける,期間,どのくらい,どれくらい,何週間,何日あける,同日,してから,次の施術"
稗粒腫,脱毛,1週間,稗粒腫と脱毛の間隔／稗粒腫と脱毛の間隔は何週間ですか？／稗粒腫の後に脱毛はどのくらい空けますか？／稗粒腫と脱毛はどのくらい間隔をあけますか？／稗粒腫してから脱毛まではどのくらい期間をあけたらいいですか？／稗粒腫の後に脱毛はいつ受けられますか？／稗粒腫と脱毛は同日にできますか？,稗粒腫と脱毛は、別の部位であれば原則として同日に受けられます。同じ部位に脱毛を受ける場合は1週間あけてください。施術内容やお肌の状態によって前後することがあります。また回答の施術間隔は当院で治療をした方の目安であり、他院で治療をされている場合は直接お電話にてお問い合わせくださいませ。,"稗粒腫,脱毛,医療脱毛,顔脱毛,全身脱毛,VIO脱毛,ひげ脱毛,レーザー脱毛,間隔,空ける,あける,期間,どのくらい,どれくらい,何週間,何日あける,同日,してから,次の施術"
稗粒腫,タトゥー,1週間,稗粒腫とタトゥーの間隔／稗粒腫とタトゥーの間隔は何週間ですか？／稗粒腫の後にタトゥーはどのくらい空けますか？／稗粒腫とタトゥーはどのくらい間隔をあけますか？／稗粒腫してからタトゥーまではどのくらい期間をあけたらいいですか？／稗粒腫の後にタトゥーはいつ受けられますか？／稗粒腫とタトゥーは同日にできますか？,稗粒腫とタトゥーは、別の部位であれば原則として同日に受けられます。同じ部位にタトゥーを受ける場合は1週間あけてください。施術内容やお肌の状態によって前後することがあります。また回答の施術間隔は当院で治療をした方の目安であり、他院で治療をされている場合は直接お電話にてお問い合わせくださいませ。,"稗粒腫,タトゥー,刺青,タトゥー除去,間隔,空ける,あける,期間,どのくらい,どれくらい,何週間,何日あける,同日,してから,次の施術"
稗粒腫,アートメイク,同日可,稗粒腫とアートメイクの間隔／稗粒腫とアートメイクの間隔は何週間ですか？／稗粒腫の後にアートメイクはどのくらい空けますか？／稗粒腫とアートメイクはどのくらい間隔をあけますか？／稗粒腫してからアートメイクまではどのくらい期間をあけたらいいですか？／稗粒腫の後にアートメイクはいつ受けられますか？／稗粒腫とアートメイクは同日にできますか？,稗粒腫とアートメイクは同日に受けられます。施術内容やお肌の状態によって前後することがあります。また回答の施術間隔は当院で治療をした方の目安であり、他院で治療をされている場合は直接お電話にてお問い合わせくださいませ。,"稗粒腫,アートメイク,間隔,空ける,あける,期間,どのくらい,どれくらい,何週間,何日あける,同日,してから,次の施術"
ヴェルヴェットスキン,ハイドラジェントル,4週間,ヴェルヴェットスキンとハイドラジェントルの間隔／ヴェルヴェットスキンとハイドラジェントルの間隔は何週間ですか？／ヴェルヴェットスキンの後にハイドラジェントルはどのくらい空けますか？／ヴェルヴェットスキンとハイドラジェントルはどのくらい間隔をあけますか？／ヴェルヴェットスキンしてからハイドラジェントルまではどのくらい期間をあけたらいいですか？／ヴェルヴェットスキンの後にハイドラジェントルはいつ受けられますか？／ヴェルヴェットスキンとハイドラジェントルは同日にできますか？,ヴェルヴェットスキンとハイドラジェントルは、別の部位であれば原則として同日に受けられます。同じ部位にハイドラジェントルを受ける場合は4週間あけてください。施術内容やお肌の状態によって前後することがあります。また回答の施術間隔は当院で治療をした方の目安であり、他院で治療をされている場合は直接お電話にてお問い合わせくださいませ。,"ヴェルヴェットスキン,ハイドラジェントル,ヴェルヴェット,ベルベットスキン,ハイドラ,間隔,空ける,あける,期間,どのくらい,どれくらい,何週間,何日あける,同日,してから,次の施術"
ヴェルヴェットスキン,ケミカルピーリング,4週間,ヴェルヴェットスキンとケミカルピーリングの間隔／ヴェルヴェットスキンとケミカルピーリングの間隔は何週間ですか？／ヴェルヴェットスキンの後にケミカルピーリングはどのくらい空けますか？／ヴェルヴェットスキンとケミカルピーリングはどのくらい間隔をあけますか？／ヴェルヴェットスキンしてからケミカルピーリングまではどのくらい期間をあけたらいいですか？／ヴェルヴェットスキンの後にケミカルピーリングはいつ受けられますか？／ヴェルヴェットスキンとケミカルピーリングは同日にできますか？,ヴェルヴェットスキンとケミカルピーリングは、別の部位であれば原則として同日に受けられます。同じ部位にケミカルピーリングを受ける場合は4週間あけてください。施術内容やお肌の状態によって前後することがあります。また回答の施術間隔は当院で治療をした方の目安であり、他院で治療をされている場合は直接お電話にてお問い合わせくださいませ。,"ヴェルヴェットスキン,ケミカルピーリング,ヴェルヴェット,ベルベットスキン,ピーリング,間隔,空ける,あける,期間,どのくらい,どれくらい,何週間,何日あける,同日,してから,次の施術"
ヴェルヴェットスキン,スマートサイドドット（2回目以降）,4週間,ヴェルヴェットスキンとスマートサイドドット（2回目以降）の間隔／ヴェルヴェットスキンとスマートサイドドット（2回目以降）の間隔は何週間ですか？／ヴェルヴェットスキンの後にスマートサイドドット（2回目以降）はどのくらい空けますか？／ヴェルヴェットスキンとスマートサイドドット（2回目以降）はどのくらい間隔をあけますか？／ヴェルヴェットスキンしてからスマートサイドドット（2回目以降）まではどのくらい期間をあけたらいいですか？／ヴェルヴェットスキンの後にスマートサイドドット（2回目以降）はいつ受けられますか？／ヴェルヴェットスキンとスマートサイドドット（2回目以降）は同日にできますか？,ヴェルヴェットスキンとスマートサイドドット（2回目以降）は、別の部位であれば原則として同日に受けられます。同じ部位にスマートサイドドット（2回目以降）を受ける場合は4週間あけてください。施術内容やお肌の状態によって前後することがあります。また回答の施術間隔は当院で治療をした方の目安であり、他院で治療をされている場合は直接お電話にてお問い合わせくださいませ。,"ヴェルヴェットスキン,スマートサイドドット（2回目以降）,ヴェルヴェット,ベルベットスキン,スマサイ,スマートサイドドット,間隔,空ける,あける,期間,どのくらい,どれくらい,何週間,何日あける,同日,してから,次の施術"
ヴェルヴェットスキン,スマートサイドドット（初回）,4週間,ヴェルヴェットスキンとスマートサイドドット（初回）の間隔／ヴェルヴェットスキンとスマートサイドドット（初回）の間隔は何週間ですか？／ヴェルヴェットスキンの後にスマートサイドドット（初回）はどのくらい空けますか？／ヴェルヴェットスキンとスマートサイドドット（初回）はどのくらい間隔をあけますか？／ヴェルヴェットスキンしてからスマートサイドドット（初回）まではどのくらい期間をあけたらいいですか？／ヴェルヴェットスキンの後にスマートサイドドット（初回）はいつ受けられますか？／ヴェルヴェットスキンとスマートサイドドット（初回）は同日にできますか？,ヴェルヴェットスキンとスマートサイドドット（初回）は、別の部位であれば原則として同日に受けられます。同じ部位にスマートサイドドット（初回）を受ける場合は4週間あけてください。施術内容やお肌の状態によって前後することがあります。また回答の施術間隔は当院で治療をした方の目安であり、他院で治療をされている場合は直接お電話にてお問い合わせくださいませ。,"ヴェルヴェットスキン,スマートサイドドット（初回）,ヴェルヴェット,ベルベットスキン,スマサイ,スマートサイドドット,間隔,空ける,あける,期間,どのくらい,どれくらい,何週間,何日あける,同日,してから,次の施術"
ヴェルヴェットスキン,イボレーザー/CO2レーザー,4週間,ヴェルヴェットスキンとイボレーザー/CO2レーザーの間隔／ヴェルヴェットスキンとイボレーザー/CO2レーザーの間隔は何週間ですか？／ヴェルヴェットスキンの後にイボレーザー/CO2レーザーはどのくらい空けますか？／ヴェルヴェットスキンとイボレーザー/CO2レーザーはどのくらい間隔をあけますか？／ヴェルヴェットスキンしてからイボレーザー/CO2レーザーまではどのくらい期間をあけたらいいですか？／ヴェルヴェットスキンの後にイボレーザー/CO2レーザーはいつ受けられますか？／ヴェルヴェットスキンとイボレーザー/CO2レーザーは同日にできますか？,ヴェルヴェットスキンとイボレーザー/CO2レーザーは、別の部位であれば原則として同日に受けられます。同じ部位にイボレーザー/CO2レーザーを受ける場合は4週間あけてください。施術内容やお肌の状態によって前後することがあります。また回答の施術間隔は当院で治療をした方の目安であり、他院で治療をされている場合は直接お電話にてお問い合わせくださいませ。,"ヴェルヴェットスキン,イボレーザー/CO2レーザー,ヴェルヴェット,ベルベットスキン,炭酸ガスレーザー,CO2レーザー,イボ取り,いぼレーザー,間隔,空ける,あける,期間,どのくらい,どれくらい,何週間,何日あける,同日,してから,次の施術"
ヴェルヴェットスキン,シミ取りレーザー,4週間,ヴェルヴェットスキンとシミ取りレーザーの間隔／ヴェルヴェットスキンとシミ取りレーザーの間隔は何週間ですか？／ヴェルヴェットスキンの後にシミ取りレーザーはどのくらい空けますか？／ヴェルヴェットスキンとシミ取りレーザーはどのくらい間隔をあけますか？／ヴェルヴェットスキンしてからシミ取りレーザーまではどのくらい期間をあけたらいいですか？／ヴェルヴェットスキンの後にシミ取りレーザーはいつ受けられますか？／ヴェルヴェットスキンとシミ取りレーザーは同日にできますか？,ヴェルヴェットスキンとシミ取りレーザーは、別の部位であれば原則として同日に受けられます。同じ部位にシミ取りレーザーを受ける場合は4週間あけてください。施術内容やお肌の状態によって前後することがあります。また回答の施術間隔は当院で治療をした方の目安であり、他院で治療をされている場合は直接お電話にてお問い合わせくださいませ。,"ヴェルヴェットスキン,シミ取りレーザー,ヴェルヴェット,ベルベットスキン,シミレーザー,シミ取り,間隔,空ける,あける,期間,どのくらい,どれくらい,何週間,何日あける,同日,してから,次の施術"
ヴェルヴェットスキン,ADM/ピコレーザ,4週間,ヴェルヴェットスキンとADM/ピコレーザの間隔／ヴェルヴェットスキンとADM/ピコレーザの間隔は何週間ですか？／ヴェルヴェットスキンの後にADM/ピコレーザはどのくらい空けますか？／ヴェルヴェットスキンとADM/ピコレーザはどのくらい間隔をあけますか？／ヴェルヴェットスキンしてからADM/ピコレーザまではどのくらい期間をあけたらいいですか？／ヴェルヴェットスキンの後にADM/ピコレーザはいつ受けられますか？／ヴェルヴェットスキンとADM/ピコレーザは同日にできますか？,ヴェルヴェットスキンとADM/ピコレーザは、別の部位であれば原則として同日に受けられます。同じ部位にADM/ピコレーザを受ける場合は4週間あけてください。施術内容やお肌の状態によって前後することがあります。また回答の施術間隔は当院で治療をした方の目安であり、他院で治療をされている場合は直接お電話にてお問い合わせくださいませ。,"ヴェルヴェットスキン,ADM/ピコレーザ,ヴェルヴェット,ベルベットスキン,ADMレーザー,ピコレーザー,ADM,間隔,空ける,あける,期間,どのくらい,どれくらい,何週間,何日あける,同日,してから,次の施術"
ヴェルヴェットスキン,ADM/ナノレーザー,4週間,ヴェルヴェットスキンとADM/ナノレーザーの間隔／ヴェルヴェットスキンとADM/ナノレーザーの間隔は何週間ですか？／ヴェルヴェットスキンの後にADM/ナノレーザーはどのくらい空けますか？／ヴェルヴェットスキンとADM/ナノレーザーはどのくらい間隔をあけますか？／ヴェルヴェットスキンしてからADM/ナノレーザーまではどのくらい期間をあけたらいいですか？／ヴェルヴェットスキンの後にADM/ナノレーザーはいつ受けられますか？／ヴェルヴェットスキンとADM/ナノレーザーは同日にできますか？,ヴェルヴェットスキンとADM/ナノレーザーは、別の部位であれば原則として同日に受けられます。同じ部位にADM/ナノレーザーを受ける場合は4週間あけてください。施術内容やお肌の状態によって前後することがあります。また回答の施術間隔は当院で治療をした方の目安であり、他院で治療をされている場合は直接お電話にてお問い合わせくださいませ。,"ヴェルヴェットスキン,ADM/ナノレーザー,ヴェルヴェット,ベルベットスキン,ADMレーザー,ナノレーザー,ADM,間隔,空ける,あける,期間,どのくらい,どれくらい,何週間,何日あける,同日,してから,次の施術"
ヴェルヴェットスキン,レーザートーニング,4週間,ヴェルヴェットスキンとレーザートーニングの間隔／ヴェルヴェットスキンとレーザートーニングの間隔は何週間ですか？／ヴェルヴェットスキンの後にレーザートーニングはどのくらい空けますか？／ヴェルヴェットスキンとレーザートーニングはどのくらい間隔をあけますか？／ヴェルヴェットスキンしてからレーザートーニングまではどのくらい期間をあけたらいいですか？／ヴェルヴェットスキンの後にレーザートーニングはいつ受けられますか？／ヴェルヴェットスキンとレーザートーニングは同日にできますか？,ヴェルヴェットスキンとレーザートーニングは、別の部位であれば原則として同日に受けられます。同じ部位にレーザートーニングを受ける場合は4週間あけてください。施術内容やお肌の状態によって前後することがあります。また回答の施術間隔は当院で治療をした方の目安であり、他院で治療をされている場合は直接お電話にてお問い合わせくださいませ。,"ヴェルヴェットスキン,レーザートーニング,ヴェルヴェット,ベルベットスキン,トーニング,間隔,空ける,あける,期間,どのくらい,どれくらい,何週間,何日あける,同日,してから,次の施術"
ヴェルヴェットスキン,ピコトーニング,4週間,ヴェルヴェットスキンとピコトーニングの間隔／ヴェルヴェットスキンとピコトーニングの間隔は何週間ですか？／ヴェルヴェットスキンの後にピコトーニングはどのくらい空けますか？／ヴェルヴェットスキンとピコトーニングはどのくらい間隔をあけますか？／ヴェルヴェットスキンしてからピコトーニングまではどのくらい期間をあけたらいいですか？／ヴェルヴェットスキンの後にピコトーニングはいつ受けられますか？／ヴェルヴェットスキンとピコトーニングは同日にできますか？,ヴェルヴェットスキンとピコトーニングは、別の部位であれば原則として同日に受けられます。同じ部位にピコトーニングを受ける場合は4週間あけてください。施術内容やお肌の状態によって前後することがあります。また回答の施術間隔は当院で治療をした方の目安であり、他院で治療をされている場合は直接お電話にてお問い合わせくださいませ。,"ヴェルヴェットスキン,ピコトーニング,ヴェルヴェット,ベルベットスキン,トーニング,ピコ,間隔,空ける,あける,期間,どのくらい,どれくらい,何週間,何日あける,同日,してから,次の施術"
ヴェルヴェットスキン,ピコフラクショナル,4週間,ヴェルヴェットスキンとピコフラクショナルの間隔／ヴェルヴェットスキンとピコフラクショナルの間隔は何週間ですか？／ヴェルヴェットスキンの後にピコフラクショナルはどのくらい空けますか？／ヴェルヴェットスキンとピコフラクショナルはどのくらい間隔をあけますか？／ヴェルヴェットスキンしてからピコフラクショナルまではどのくらい期間をあけたらいいですか？／ヴェルヴェットスキンの後にピコフラクショナルはいつ受けられますか？／ヴェルヴェットスキンとピコフラクショナルは同日にできますか？,ヴェルヴェットスキンとピコフラクショナルは、別の部位であれば原則として同日に受けられます。同じ部位にピコフラクショナルを受ける場合は4週間あけてください。施術内容やお肌の状態によって前後することがあります。また回答の施術間隔は当院で治療をした方の目安であり、他院で治療をされている場合は直接お電話にてお問い合わせくださいませ。,"ヴェルヴェットスキン,ピコフラクショナル,ヴェルヴェット,ベルベットスキン,フラクショナル,間隔,空ける,あける,期間,どのくらい,どれくらい,何週間,何日あける,同日,してから,次の施術"
ヴェルヴェットスキン,そばかすシャワー,4週間,ヴェルヴェットスキンとそばかすシャワーの間隔／ヴェルヴェットスキンとそばかすシャワーの間隔は何週間ですか？／ヴェルヴェットスキンの後にそばかすシャワーはどのくらい空けますか？／ヴェルヴェットスキンとそばかすシャワーはどのくらい間隔をあけますか？／ヴェルヴェットスキンしてからそばかすシャワーまではどのくらい期間をあけたらいいですか？／ヴェルヴェットスキンの後にそばかすシャワーはいつ受けられますか？／ヴェルヴェットスキンとそばかすシャワーは同日にできますか？,ヴェルヴェットスキンとそばかすシャワーは、別の部位であれば原則として同日に受けられます。同じ部位にそばかすシャワーを受ける場合は4週間あけてください。施術内容やお肌の状態によって前後することがあります。また回答の施術間隔は当院で治療をした方の目安であり、他院で治療をされている場合は直接お電話にてお問い合わせくださいませ。,"ヴェルヴェットスキン,そばかすシャワー,ヴェルヴェット,ベルベットスキン,そばかす,間隔,空ける,あける,期間,どのくらい,どれくらい,何週間,何日あける,同日,してから,次の施術"
ヴェルヴェットスキン,そばかすスポット,4週間,ヴェルヴェットスキンとそばかすスポットの間隔／ヴェルヴェットスキンとそばかすスポットの間隔は何週間ですか？／ヴェルヴェットスキンの後にそばかすスポットはどのくらい空けますか？／ヴェルヴェットスキンとそばかすスポットはどのくらい間隔をあけますか？／ヴェルヴェットスキンしてからそばかすスポットまではどのくらい期間をあけたらいいですか？／ヴェルヴェットスキンの後にそばかすスポットはいつ受けられますか？／ヴェルヴェットスキンとそばかすスポットは同日にできますか？,ヴェルヴェットスキンとそばかすスポットは、別の部位であれば原則として同日に受けられます。同じ部位にそばかすスポットを受ける場合は4週間あけてください。施術内容やお肌の状態によって前後することがあります。また回答の施術間隔は当院で治療をした方の目安であり、他院で治療をされている場合は直接お電話にてお問い合わせくださいませ。,"ヴェルヴェットスキン,そばかすスポット,ヴェルヴェット,ベルベットスキン,そばかす,間隔,空ける,あける,期間,どのくらい,どれくらい,何週間,何日あける,同日,してから,次の施術"
ヴェルヴェットスキン,フォト/光治療,4週間,ヴェルヴェットスキンとフォト/光治療の間隔／ヴェルヴェットスキンとフォト/光治療の間隔は何週間ですか？／ヴェルヴェットスキンの後にフォト/光治療はどのくらい空けますか？／ヴェルヴェットスキンとフォト/光治療はどのくらい間隔をあけますか？／ヴェルヴェットスキンしてからフォト/光治療まではどのくらい期間をあけたらいいですか？／ヴェルヴェットスキンの後にフォト/光治療はいつ受けられますか？／ヴェルヴェットスキンとフォト/光治療は同日にできますか？,ヴェルヴェットスキンとフォト/光治療は、別の部位であれば原則として同日に受けられます。同じ部位にフォト/光治療を受ける場合は4週間あけてください。施術内容やお肌の状態によって前後することがあります。また回答の施術間隔は当院で治療をした方の目安であり、他院で治療をされている場合は直接お電話にてお問い合わせくださいませ。,"ヴェルヴェットスキン,フォト/光治療,ヴェルヴェット,ベルベットスキン,フォトフェイシャル,フォト,光治療,IPL,間隔,空ける,あける,期間,どのくらい,どれくらい,何週間,何日あける,同日,してから,次の施術"
ヴェルヴェットスキン,赤み治療,4週間,ヴェルヴェットスキンと赤み治療の間隔／ヴェルヴェットスキンと赤み治療の間隔は何週間ですか？／ヴェルヴェットスキンの後に赤み治療はどのくらい空けますか？／ヴェルヴェットスキンと赤み治療はどのくらい間隔をあけますか？／ヴェルヴェットスキンしてから赤み治療まではどのくらい期間をあけたらいいですか？／ヴェルヴェットスキンの後に赤み治療はいつ受けられますか？／ヴェルヴェットスキンと赤み治療は同日にできますか？,ヴェルヴェットスキンと赤み治療は、別の部位であれば原則として同日に受けられます。同じ部位に赤み治療を受ける場合は4週間あけてください。施術内容やお肌の状態によって前後することがあります。また回答の施術間隔は当院で治療をした方の目安であり、他院で治療をされている場合は直接お電話にてお問い合わせくださいませ。,"ヴェルヴェットスキン,赤み治療,ヴェルヴェット,ベルベットスキン,血管腫レーザー,赤ら顔,間隔,空ける,あける,期間,どのくらい,どれくらい,何週間,何日あける,同日,してから,次の施術"
ヴェルヴェットスキン,ボトックス,2週間,ヴェルヴェットスキンとボトックスの間隔／ヴェルヴェットスキンとボトックスの間隔は何週間ですか？／ヴェルヴェットスキンの後にボトックスはどのくらい空けますか？／ヴェルヴェットスキンとボトックスはどのくらい間隔をあけますか？／ヴェルヴェットスキンしてからボトックスまではどのくらい期間をあけたらいいですか？／ヴェルヴェットスキンの後にボトックスはいつ受けられますか？／ヴェルヴェットスキンとボトックスは同日にできますか？,ヴェルヴェットスキンとボトックスは、別の部位であれば原則として同日に受けられます。同じ部位にボトックスを受ける場合は2週間あけてください。施術内容やお肌の状態によって前後することがあります。また回答の施術間隔は当院で治療をした方の目安であり、他院で治療をされている場合は直接お電話にてお問い合わせくださいませ。,"ヴェルヴェットスキン,ボトックス,ヴェルヴェット,ベルベットスキン,ボトックス注射,間隔,空ける,あける,期間,どのくらい,どれくらい,何週間,何日あける,同日,してから,次の施術"
ヴェルヴェットスキン,ボトックス（マイクロ）,2週間,ヴェルヴェットスキンとボトックス（マイクロ）の間隔／ヴェルヴェットスキンとボトックス（マイクロ）の間隔は何週間ですか？／ヴェルヴェットスキンの後にボトックス（マイクロ）はどのくらい空けますか？／ヴェルヴェットスキンとボトックス（マイクロ）はどのくらい間隔をあけますか？／ヴェルヴェットスキンしてからボトックス（マイクロ）まではどのくらい期間をあけたらいいですか？／ヴェルヴェットスキンの後にボトックス（マイクロ）はいつ受けられますか？／ヴェルヴェットスキンとボトックス（マイクロ）は同日にできますか？,ヴェルヴェットスキンとボトックス（マイクロ）は、別の部位であれば原則として同日に受けられます。同じ部位にボトックス（マイクロ）を受ける場合は2週間あけてください。施術内容やお肌の状態によって前後することがあります。また回答の施術間隔は当院で治療をした方の目安であり、他院で治療をされている場合は直接お電話にてお問い合わせくださいませ。,"ヴェルヴェットスキン,ボトックス（マイクロ）,ヴェルヴェット,ベルベットスキン,マイクロボトックス,間隔,空ける,あける,期間,どのくらい,どれくらい,何週間,何日あける,同日,してから,次の施術"
ヴェルヴェットスキン,フラルスキン部分シミ,4週間,ヴェルヴェットスキンとフラルスキン部分シミの間隔／ヴェルヴェットスキンとフラルスキン部分シミの間隔は何週間ですか？／ヴェルヴェットスキンの後にフラルスキン部分シミはどのくらい空けますか？／ヴェルヴェットスキンとフラルスキン部分シミはどのくらい間隔をあけますか？／ヴェルヴェットスキンしてからフラルスキン部分シミまではどのくらい期間をあけたらいいですか？／ヴェルヴェットスキンの後にフラルスキン部分シミはいつ受けられますか？／ヴェルヴェットスキンとフラルスキン部分シミは同日にできますか？,ヴェルヴェットスキンとフラルスキン部分シミは、別の部位であれば原則として同日に受けられます。同じ部位にフラルスキン部分シミを受ける場合は4週間あけてください。施術内容やお肌の状態によって前後することがあります。また回答の施術間隔は当院で治療をした方の目安であり、他院で治療をされている場合は直接お電話にてお問い合わせくださいませ。,"ヴェルヴェットスキン,フラルスキン部分シミ,ヴェルヴェット,ベルベットスキン,間隔,空ける,あける,期間,どのくらい,どれくらい,何週間,何日あける,同日,してから,次の施術"
ヴェルヴェットスキン,テノールネオ,4週間,ヴェルヴェットスキンとテノールネオの間隔／ヴェルヴェットスキンとテノールネオの間隔は何週間ですか？／ヴェルヴェットスキンの後にテノールネオはどのくらい空けますか？／ヴェルヴェットスキンとテノールネオはどのくらい間隔をあけますか？／ヴェルヴェットスキンしてからテノールネオまではどのくらい期間をあけたらいいですか？／ヴェルヴェットスキンの後にテノールネオはいつ受けられますか？／ヴェルヴェットスキンとテノールネオは同日にできますか？,ヴェルヴェットスキンとテノールネオは、別の部位であれば原則として同日に受けられます。同じ部位にテノールネオを受ける場合は4週間あけてください。施術内容やお肌の状態によって前後することがあります。また回答の施術間隔は当院で治療をした方の目安であり、他院で治療をされている場合は直接お電話にてお問い合わせくださいませ。,"ヴェルヴェットスキン,テノールネオ,ヴェルヴェット,ベルベットスキン,テノールNEO,テノール,間隔,空ける,あける,期間,どのくらい,どれくらい,何週間,何日あける,同日,してから,次の施術"
ヴェルヴェットスキン,mikoメソッド,（翌日）,ヴェルヴェットスキンとmikoメソッドの間隔／ヴェルヴェットスキンとmikoメソッドの間隔は何週間ですか？／ヴェルヴェットスキンの後にmikoメソッドはどのくらい空けますか？／ヴェルヴェットスキンとmikoメソッドはどのくらい間隔をあけますか？／ヴェルヴェットスキンしてからmikoメソッドまではどのくらい期間をあけたらいいですか？／ヴェルヴェットスキンの後にmikoメソッドはいつ受けられますか？／ヴェルヴェットスキンとmikoメソッドは同日にできますか？,ヴェルヴェットスキンの後にmikoメソッド（部位が異なります）は翌日以降であれば受けられます。施術内容やお肌の状態によって前後することがあります。また回答の施術間隔は当院で治療をした方の目安であり、他院で治療をされている場合は直接お電話にてお問い合わせくださいませ。,"ヴェルヴェットスキン,mikoメソッド,ヴェルヴェット,ベルベットスキン,miko,ミコメソッド,首イボ,間隔,空ける,あける,期間,どのくらい,どれくらい,何週間,何日あける,同日,してから,次の施術"
ヴェルヴェットスキン,ほくろ切除/ほくろ除去,4週間,ヴェルヴェットスキンとほくろ切除/ほくろ除去の間隔／ヴェルヴェットスキンとほくろ切除/ほくろ除去の間隔は何週間ですか？／ヴェルヴェットスキンの後にほくろ切除/ほくろ除去はどのくらい空けますか？／ヴェルヴェットスキンとほくろ切除/ほくろ除去はどのくらい間隔をあけますか？／ヴェルヴェットスキンしてからほくろ切除/ほくろ除去まではどのくらい期間をあけたらいいですか？／ヴェルヴェットスキンの後にほくろ切除/ほくろ除去はいつ受けられますか？／ヴェルヴェットスキンとほくろ切除/ほくろ除去は同日にできますか？,ヴェルヴェットスキンとほくろ切除/ほくろ除去は、別の部位であれば原則として同日に受けられます。同じ部位にほくろ切除/ほくろ除去を受ける場合は4週間あけてください。施術内容やお肌の状態によって前後することがあります。また回答の施術間隔は当院で治療をした方の目安であり、他院で治療をされている場合は直接お電話にてお問い合わせくださいませ。,"ヴェルヴェットスキン,ほくろ切除/ほくろ除去,ヴェルヴェット,ベルベットスキン,ほくろ除去,ほくろ,間隔,空ける,あける,期間,どのくらい,どれくらい,何週間,何日あける,同日,してから,次の施術"
ヴェルヴェットスキン,ボライト,4週間,ヴェルヴェットスキンとボライトの間隔／ヴェルヴェットスキンとボライトの間隔は何週間ですか？／ヴェルヴェットスキンの後にボライトはどのくらい空けますか？／ヴェルヴェットスキンとボライトはどのくらい間隔をあけますか？／ヴェルヴェットスキンしてからボライトまではどのくらい期間をあけたらいいですか？／ヴェルヴェットスキンの後にボライトはいつ受けられますか？／ヴェルヴェットスキンとボライトは同日にできますか？,ヴェルヴェットスキンとボライトは、別の部位であれば原則として同日に受けられます。同じ部位にボライトを受ける場合は4週間あけてください。施術内容やお肌の状態によって前後することがあります。また回答の施術間隔は当院で治療をした方の目安であり、他院で治療をされている場合は直接お電話にてお問い合わせくださいませ。,"ヴェルヴェットスキン,ボライト,ヴェルヴェット,ベルベットスキン,間隔,空ける,あける,期間,どのくらい,どれくらい,何週間,何日あける,同日,してから,次の施術"
ヴェルヴェットスキン,稗粒腫,4週間,ヴェルヴェットスキンと稗粒腫の間隔／ヴェルヴェットスキンと稗粒腫の間隔は何週間ですか？／ヴェルヴェットスキンの後に稗粒腫はどのくらい空けますか？／ヴェルヴェットスキンと稗粒腫はどのくらい間隔をあけますか？／ヴェルヴェットスキンしてから稗粒腫まではどのくらい期間をあけたらいいですか？／ヴェルヴェットスキンの後に稗粒腫はいつ受けられますか？／ヴェルヴェットスキンと稗粒腫は同日にできますか？,ヴェルヴェットスキンと稗粒腫は、別の部位であれば原則として同日に受けられます。同じ部位に稗粒腫を受ける場合は4週間あけてください。施術内容やお肌の状態によって前後することがあります。また回答の施術間隔は当院で治療をした方の目安であり、他院で治療をされている場合は直接お電話にてお問い合わせくださいませ。,"ヴェルヴェットスキン,稗粒腫,ヴェルヴェット,ベルベットスキン,間隔,空ける,あける,期間,どのくらい,どれくらい,何週間,何日あける,同日,してから,次の施術"
ヴェルヴェットスキン,ヴェルヴェットスキン,4週間,ヴェルヴェットスキンとヴェルヴェットスキンの間隔／ヴェルヴェットスキンとヴェルヴェットスキンの間隔は何週間ですか？／ヴェルヴェットスキンの後にヴェルヴェットスキンはどのくらい空けますか？／ヴェルヴェットスキンとヴェルヴェットスキンはどのくらい間隔をあけますか？／ヴェルヴェットスキンしてからヴェルヴェットスキンまではどのくらい期間をあけたらいいですか？／ヴェルヴェットスキンの後にヴェルヴェットスキンはいつ受けられますか？／ヴェルヴェットスキンとヴェルヴェットスキンは同日にできますか？,ヴェルヴェットスキンを続けて（同じ部位に）受ける場合は4週間あけてください。施術内容やお肌の状態によって前後することがあります。また回答の施術間隔は当院で治療をした方の目安であり、他院で治療をされている場合は直接お電話にてお問い合わせくださいませ。,"ヴェルヴェットスキン,ヴェルヴェット,ベルベットスキン,間隔,空ける,あける,期間,どのくらい,どれくらい,何週間,何日あける,同日,してから,次の施術"
ヴェルヴェットスキン,ダーマペン,4週間,ヴェルヴェットスキンとダーマペンの間隔／ヴェルヴェットスキンとダーマペンの間隔は何週間ですか？／ヴェルヴェットスキンの後にダーマペンはどのくらい空けますか？／ヴェルヴェットスキンとダーマペンはどのくらい間隔をあけますか？／ヴェルヴェットスキンしてからダーマペンまではどのくらい期間をあけたらいいですか？／ヴェルヴェットスキンの後にダーマペンはいつ受けられますか？／ヴェルヴェットスキンとダーマペンは同日にできますか？,ヴェルヴェットスキンとダーマペンは、別の部位であれば原則として同日に受けられます。同じ部位にダーマペンを受ける場合は4週間あけてください。施術内容やお肌の状態によって前後することがあります。また回答の施術間隔は当院で治療をした方の目安であり、他院で治療をされている場合は直接お電話にてお問い合わせくださいませ。,"ヴェルヴェットスキン,ダーマペン,ヴェルヴェット,ベルベットスキン,ダーマペン4,間隔,空ける,あける,期間,どのくらい,どれくらい,何週間,何日あける,同日,してから,次の施術"
ヴェルヴェットスキン,HARG,（翌日）,ヴェルヴェットスキンとHARGの間隔／ヴェルヴェットスキンとHARGの間隔は何週間ですか？／ヴェルヴェットスキンの後にHARGはどのくらい空けますか？／ヴェルヴェットスキンとHARGはどのくらい間隔をあけますか？／ヴェルヴェットスキンしてからHARGまではどのくらい期間をあけたらいいですか？／ヴェルヴェットスキンの後にHARGはいつ受けられますか？／ヴェルヴェットスキンとHARGは同日にできますか？,ヴェルヴェットスキンの後にHARG（部位が異なります）は翌日以降であれば受けられます。施術内容やお肌の状態によって前後することがあります。また回答の施術間隔は当院で治療をした方の目安であり、他院で治療をされている場合は直接お電話にてお問い合わせくださいませ。,"ヴェルヴェットスキン,HARG,ヴェルヴェット,ベルベットスキン,ハーグ,HARG療法,間隔,空ける,あける,期間,どのくらい,どれくらい,何週間,何日あける,同日,してから,次の施術"
ヴェルヴェットスキン,スカルプ・プラセンタエッセンス,（翌日）,ヴェルヴェットスキンとスカルプ・プラセンタエッセンスの間隔／ヴェルヴェットスキンとスカルプ・プラセンタエッセンスの間隔は何週間ですか？／ヴェルヴェットスキンの後にスカルプ・プラセンタエッセンスはどのくらい空けますか？／ヴェルヴェットスキンとスカルプ・プラセンタエッセンスはどのくらい間隔をあけますか？／ヴェルヴェットスキンしてからスカルプ・プラセンタエッセンスまではどのくらい期間をあけたらいいですか？／ヴェルヴェットスキンの後にスカルプ・プラセンタエッセンスはいつ受けられますか？／ヴェルヴェットスキンとスカルプ・プラセンタエッセンスは同日にできますか？,ヴェルヴェットスキンの後にスカルプ・プラセンタエッセンス（部位が異なります）は翌日以降であれば受けられます。施術内容やお肌の状態によって前後することがあります。また回答の施術間隔は当院で治療をした方の目安であり、他院で治療をされている場合は直接お電話にてお問い合わせくださいませ。,"ヴェルヴェットスキン,スカルプ・プラセンタエッセンス,ヴェルヴェット,ベルベットスキン,スカルプ,プラセンタ,間隔,空ける,あける,期間,どのくらい,どれくらい,何週間,何日あける,同日,してから,次の施術"
ヴェルヴェットスキン,コラーゲンピール,4週間,ヴェルヴェットスキンとコラーゲンピールの間隔／ヴェルヴェットスキンとコラーゲンピールの間隔は何週間ですか？／ヴェルヴェットスキンの後にコラーゲンピールはどのくらい空けますか？／ヴェルヴェットスキンとコラーゲンピールはどのくらい間隔をあけますか？／ヴェルヴェットスキンしてからコラーゲンピールまではどのくらい期間をあけたらいいですか？／ヴェルヴェットスキンの後にコラーゲンピールはいつ受けられますか？／ヴェルヴェットスキンとコラーゲンピールは同日にできますか？,ヴェルヴェットスキンとコラーゲンピールは、別の部位であれば原則として同日に受けられます。同じ部位にコラーゲンピールを受ける場合は4週間あけてください。施術内容やお肌の状態によって前後することがあります。また回答の施術間隔は当院で治療をした方の目安であり、他院で治療をされている場合は直接お電話にてお問い合わせくださいませ。,"ヴェルヴェットスキン,コラーゲンピール,ヴェルヴェット,ベルベットスキン,マッサージピール,間隔,空ける,あける,期間,どのくらい,どれくらい,何週間,何日あける,同日,してから,次の施術"
ヴェルヴェットスキン,サーマクール,4週間,ヴェルヴェットスキンとサーマクールの間隔／ヴェルヴェットスキンとサーマクールの間隔は何週間ですか？／ヴェルヴェットスキンの後にサーマクールはどのくらい空けますか？／ヴェルヴェットスキンとサーマクールはどのくらい間隔をあけますか？／ヴェルヴェットスキンしてからサーマクールまではどのくらい期間をあけたらいいですか？／ヴェルヴェットスキンの後にサーマクールはいつ受けられますか？／ヴェルヴェットスキンとサーマクールは同日にできますか？,ヴェルヴェットスキンとサーマクールは、別の部位であれば原則として同日に受けられます。同じ部位にサーマクールを受ける場合は4週間あけてください。施術内容やお肌の状態によって前後することがあります。また回答の施術間隔は当院で治療をした方の目安であり、他院で治療をされている場合は直接お電話にてお問い合わせくださいませ。,"ヴェルヴェットスキン,サーマクール,ヴェルヴェット,ベルベットスキン,サーマ,間隔,空ける,あける,期間,どのくらい,どれくらい,何週間,何日あける,同日,してから,次の施術"
ヴェルヴェットスキン,ミラドライ,翌日,ヴェルヴェットスキンとミラドライの間隔／ヴェルヴェットスキンとミラドライの間隔は何週間ですか？／ヴェルヴェットスキンの後にミラドライはどのくらい空けますか？／ヴェルヴェットスキンとミラドライはどのくらい間隔をあけますか？／ヴェルヴェットスキンしてからミラドライまではどのくらい期間をあけたらいいですか？／ヴェルヴェットスキンの後にミラドライはいつ受けられますか？／ヴェルヴェットスキンとミラドライは同日にできますか？,ヴェルヴェットスキンの後にミラドライは翌日以降であれば受けられます。施術内容やお肌の状態によって前後することがあります。また回答の施術間隔は当院で治療をした方の目安であり、他院で治療をされている場合は直接お電話にてお問い合わせくださいませ。,"ヴェルヴェットスキン,ミラドライ,ヴェルヴェット,ベルベットスキン,ワキガ,間隔,空ける,あける,期間,どのくらい,どれくらい,何週間,何日あける,同日,してから,次の施術"
ヴェルヴェットスキン,脱毛,4週間,ヴェルヴェットスキンと脱毛の間隔／ヴェルヴェットスキンと脱毛の間隔は何週間ですか？／ヴェルヴェットスキンの後に脱毛はどのくらい空けますか？／ヴェルヴェットスキンと脱毛はどのくらい間隔をあけますか？／ヴェルヴェットスキンしてから脱毛まではどのくらい期間をあけたらいいですか？／ヴェルヴェットスキンの後に脱毛はいつ受けられますか？／ヴェルヴェットスキンと脱毛は同日にできますか？,ヴェルヴェットスキンと脱毛は、別の部位であれば原則として同日に受けられます。同じ部位に脱毛を受ける場合は4週間あけてください。施術内容やお肌の状態によって前後することがあります。また回答の施術間隔は当院で治療をした方の目安であり、他院で治療をされている場合は直接お電話にてお問い合わせくださいませ。,"ヴェルヴェットスキン,脱毛,ヴェルヴェット,ベルベットスキン,医療脱毛,顔脱毛,全身脱毛,VIO脱毛,ひげ脱毛,レーザー脱毛,間隔,空ける,あける,期間,どのくらい,どれくらい,何週間,何日あける,同日,してから,次の施術"
ヴェルヴェットスキン,タトゥー,4週間,ヴェルヴェットスキンとタトゥーの間隔／ヴェルヴェットスキンとタトゥーの間隔は何週間ですか？／ヴェルヴェットスキンの後にタトゥーはどのくらい空けますか？／ヴェルヴェットスキンとタトゥーはどのくらい間隔をあけますか？／ヴェルヴェットスキンしてからタトゥーまではどのくらい期間をあけたらいいですか？／ヴェルヴェットスキンの後にタトゥーはいつ受けられますか？／ヴェルヴェットスキンとタトゥーは同日にできますか？,ヴェルヴェットスキンとタトゥーは、別の部位であれば原則として同日に受けられます。同じ部位にタトゥーを受ける場合は4週間あけてください。施術内容やお肌の状態によって前後することがあります。また回答の施術間隔は当院で治療をした方の目安であり、他院で治療をされている場合は直接お電話にてお問い合わせくださいませ。,"ヴェルヴェットスキン,タトゥー,ヴェルヴェット,ベルベットスキン,刺青,タトゥー除去,間隔,空ける,あける,期間,どのくらい,どれくらい,何週間,何日あける,同日,してから,次の施術"
ヴェルヴェットスキン,アートメイク,2週間,ヴェルヴェットスキンとアートメイクの間隔／ヴェルヴェットスキンとアートメイクの間隔は何週間ですか？／ヴェルヴェットスキンの後にアートメイクはどのくらい空けますか？／ヴェルヴェットスキンとアートメイクはどのくらい間隔をあけますか？／ヴェルヴェットスキンしてからアートメイクまではどのくらい期間をあけたらいいですか？／ヴェルヴェットスキンの後にアートメイクはいつ受けられますか？／ヴェルヴェットスキンとアートメイクは同日にできますか？,ヴェルヴェットスキンとアートメイクは、別の部位であれば原則として同日に受けられます。同じ部位にアートメイクを受ける場合は2週間あけてください。施術内容やお肌の状態によって前後することがあります。また回答の施術間隔は当院で治療をした方の目安であり、他院で治療をされている場合は直接お電話にてお問い合わせくださいませ。,"ヴェルヴェットスキン,アートメイク,ヴェルヴェット,ベルベットスキン,間隔,空ける,あける,期間,どのくらい,どれくらい,何週間,何日あける,同日,してから,次の施術"
ダーマペン,ハイドラジェントル,4週間,ダーマペンとハイドラジェントルの間隔／ダーマペンとハイドラジェントルの間隔は何週間ですか？／ダーマペンの後にハイドラジェントルはどのくらい空けますか？／ダーマペンとハイドラジェントルはどのくらい間隔をあけますか？／ダーマペンしてからハイドラジェントルまではどのくらい期間をあけたらいいですか？／ダーマペンの後にハイドラジェントルはいつ受けられますか？／ダーマペンとハイドラジェントルは同日にできますか？,ダーマペンとハイドラジェントルは、別の部位であれば原則として同日に受けられます。同じ部位にハイドラジェントルを受ける場合は4週間あけてください。施術内容やお肌の状態によって前後することがあります。また回答の施術間隔は当院で治療をした方の目安であり、他院で治療をされている場合は直接お電話にてお問い合わせくださいませ。,"ダーマペン,ハイドラジェントル,ダーマペン4,ハイドラ,間隔,空ける,あける,期間,どのくらい,どれくらい,何週間,何日あける,同日,してから,次の施術"
ダーマペン,ケミカルピーリング,4週間,ダーマペンとケミカルピーリングの間隔／ダーマペンとケミカルピーリングの間隔は何週間ですか？／ダーマペンの後にケミカルピーリングはどのくらい空けますか？／ダーマペンとケミカルピーリングはどのくらい間隔をあけますか？／ダーマペンしてからケミカルピーリングまではどのくらい期間をあけたらいいですか？／ダーマペンの後にケミカルピーリングはいつ受けられますか？／ダーマペンとケミカルピーリングは同日にできますか？,ダーマペンとケミカルピーリングは、別の部位であれば原則として同日に受けられます。同じ部位にケミカルピーリングを受ける場合は4週間あけてください。施術内容やお肌の状態によって前後することがあります。また回答の施術間隔は当院で治療をした方の目安であり、他院で治療をされている場合は直接お電話にてお問い合わせくださいませ。,"ダーマペン,ケミカルピーリング,ダーマペン4,ピーリング,間隔,空ける,あける,期間,どのくらい,どれくらい,何週間,何日あける,同日,してから,次の施術"
ダーマペン,スマートサイドドット（2回目以降）,4週間,ダーマペンとスマートサイドドット（2回目以降）の間隔／ダーマペンとスマートサイドドット（2回目以降）の間隔は何週間ですか？／ダーマペンの後にスマートサイドドット（2回目以降）はどのくらい空けますか？／ダーマペンとスマートサイドドット（2回目以降）はどのくらい間隔をあけますか？／ダーマペンしてからスマートサイドドット（2回目以降）まではどのくらい期間をあけたらいいですか？／ダーマペンの後にスマートサイドドット（2回目以降）はいつ受けられますか？／ダーマペンとスマートサイドドット（2回目以降）は同日にできますか？,ダーマペンとスマートサイドドット（2回目以降）は、別の部位であれば原則として同日に受けられます。同じ部位にスマートサイドドット（2回目以降）を受ける場合は4週間あけてください。施術内容やお肌の状態によって前後することがあります。また回答の施術間隔は当院で治療をした方の目安であり、他院で治療をされている場合は直接お電話にてお問い合わせくださいませ。,"ダーマペン,スマートサイドドット（2回目以降）,ダーマペン4,スマサイ,スマートサイドドット,間隔,空ける,あける,期間,どのくらい,どれくらい,何週間,何日あける,同日,してから,次の施術"
ダーマペン,スマートサイドドット（初回）,4週間,ダーマペンとスマートサイドドット（初回）の間隔／ダーマペンとスマートサイドドット（初回）の間隔は何週間ですか？／ダーマペンの後にスマートサイドドット（初回）はどのくらい空けますか？／ダーマペンとスマートサイドドット（初回）はどのくらい間隔をあけますか？／ダーマペンしてからスマートサイドドット（初回）まではどのくらい期間をあけたらいいですか？／ダーマペンの後にスマートサイドドット（初回）はいつ受けられますか？／ダーマペンとスマートサイドドット（初回）は同日にできますか？,ダーマペンとスマートサイドドット（初回）は、別の部位であれば原則として同日に受けられます。同じ部位にスマートサイドドット（初回）を受ける場合は4週間あけてください。施術内容やお肌の状態によって前後することがあります。また回答の施術間隔は当院で治療をした方の目安であり、他院で治療をされている場合は直接お電話にてお問い合わせくださいませ。,"ダーマペン,スマートサイドドット（初回）,ダーマペン4,スマサイ,スマートサイドドット,間隔,空ける,あける,期間,どのくらい,どれくらい,何週間,何日あける,同日,してから,次の施術"
ダーマペン,イボレーザー/CO2レーザー,4週間,ダーマペンとイボレーザー/CO2レーザーの間隔／ダーマペンとイボレーザー/CO2レーザーの間隔は何週間ですか？／ダーマペンの後にイボレーザー/CO2レーザーはどのくらい空けますか？／ダーマペンとイボレーザー/CO2レーザーはどのくらい間隔をあけますか？／ダーマペンしてからイボレーザー/CO2レーザーまではどのくらい期間をあけたらいいですか？／ダーマペンの後にイボレーザー/CO2レーザーはいつ受けられますか？／ダーマペンとイボレーザー/CO2レーザーは同日にできますか？,ダーマペンとイボレーザー/CO2レーザーは、別の部位であれば原則として同日に受けられます。同じ部位にイボレーザー/CO2レーザーを受ける場合は4週間あけてください。施術内容やお肌の状態によって前後することがあります。また回答の施術間隔は当院で治療をした方の目安であり、他院で治療をされている場合は直接お電話にてお問い合わせくださいませ。,"ダーマペン,イボレーザー/CO2レーザー,ダーマペン4,炭酸ガスレーザー,CO2レーザー,イボ取り,いぼレーザー,間隔,空ける,あける,期間,どのくらい,どれくらい,何週間,何日あける,同日,してから,次の施術"
ダーマペン,シミ取りレーザー,4週間,ダーマペンとシミ取りレーザーの間隔／ダーマペンとシミ取りレーザーの間隔は何週間ですか？／ダーマペンの後にシミ取りレーザーはどのくらい空けますか？／ダーマペンとシミ取りレーザーはどのくらい間隔をあけますか？／ダーマペンしてからシミ取りレーザーまではどのくらい期間をあけたらいいですか？／ダーマペンの後にシミ取りレーザーはいつ受けられますか？／ダーマペンとシミ取りレーザーは同日にできますか？,ダーマペンとシミ取りレーザーは、別の部位であれば原則として同日に受けられます。同じ部位にシミ取りレーザーを受ける場合は4週間あけてください。施術内容やお肌の状態によって前後することがあります。また回答の施術間隔は当院で治療をした方の目安であり、他院で治療をされている場合は直接お電話にてお問い合わせくださいませ。,"ダーマペン,シミ取りレーザー,ダーマペン4,シミレーザー,シミ取り,間隔,空ける,あける,期間,どのくらい,どれくらい,何週間,何日あける,同日,してから,次の施術"
ダーマペン,ADM/ピコレーザ,4週間,ダーマペンとADM/ピコレーザの間隔／ダーマペンとADM/ピコレーザの間隔は何週間ですか？／ダーマペンの後にADM/ピコレーザはどのくらい空けますか？／ダーマペンとADM/ピコレーザはどのくらい間隔をあけますか？／ダーマペンしてからADM/ピコレーザまではどのくらい期間をあけたらいいですか？／ダーマペンの後にADM/ピコレーザはいつ受けられますか？／ダーマペンとADM/ピコレーザは同日にできますか？,ダーマペンとADM/ピコレーザは、別の部位であれば原則として同日に受けられます。同じ部位にADM/ピコレーザを受ける場合は4週間あけてください。施術内容やお肌の状態によって前後することがあります。また回答の施術間隔は当院で治療をした方の目安であり、他院で治療をされている場合は直接お電話にてお問い合わせくださいませ。,"ダーマペン,ADM/ピコレーザ,ダーマペン4,ADMレーザー,ピコレーザー,ADM,間隔,空ける,あける,期間,どのくらい,どれくらい,何週間,何日あける,同日,してから,次の施術"
ダーマペン,ADM/ナノレーザー,4週間,ダーマペンとADM/ナノレーザーの間隔／ダーマペンとADM/ナノレーザーの間隔は何週間ですか？／ダーマペンの後にADM/ナノレーザーはどのくらい空けますか？／ダーマペンとADM/ナノレーザーはどのくらい間隔をあけますか？／ダーマペンしてからADM/ナノレーザーまではどのくらい期間をあけたらいいですか？／ダーマペンの後にADM/ナノレーザーはいつ受けられますか？／ダーマペンとADM/ナノレーザーは同日にできますか？,ダーマペンとADM/ナノレーザーは、別の部位であれば原則として同日に受けられます。同じ部位にADM/ナノレーザーを受ける場合は4週間あけてください。施術内容やお肌の状態によって前後することがあります。また回答の施術間隔は当院で治療をした方の目安であり、他院で治療をされている場合は直接お電話にてお問い合わせくださいませ。,"ダーマペン,ADM/ナノレーザー,ダーマペン4,ADMレーザー,ナノレーザー,ADM,間隔,空ける,あける,期間,どのくらい,どれくらい,何週間,何日あける,同日,してから,次の施術"
ダーマペン,レーザートーニング,4週間,ダーマペンとレーザートーニングの間隔／ダーマペンとレーザートーニングの間隔は何週間ですか？／ダーマペンの後にレーザートーニングはどのくらい空けますか？／ダーマペンとレーザートーニングはどのくらい間隔をあけますか？／ダーマペンしてからレーザートーニングまではどのくらい期間をあけたらいいですか？／ダーマペンの後にレーザートーニングはいつ受けられますか？／ダーマペンとレーザートーニングは同日にできますか？,ダーマペンとレーザートーニングは、別の部位であれば原則として同日に受けられます。同じ部位にレーザートーニングを受ける場合は4週間あけてください。施術内容やお肌の状態によって前後することがあります。また回答の施術間隔は当院で治療をした方の目安であり、他院で治療をされている場合は直接お電話にてお問い合わせくださいませ。,"ダーマペン,レーザートーニング,ダーマペン4,トーニング,間隔,空ける,あける,期間,どのくらい,どれくらい,何週間,何日あける,同日,してから,次の施術"
ダーマペン,ピコトーニング,4週間,ダーマペンとピコトーニングの間隔／ダーマペンとピコトーニングの間隔は何週間ですか？／ダーマペンの後にピコトーニングはどのくらい空けますか？／ダーマペンとピコトーニングはどのくらい間隔をあけますか？／ダーマペンしてからピコトーニングまではどのくらい期間をあけたらいいですか？／ダーマペンの後にピコトーニングはいつ受けられますか？／ダーマペンとピコトーニングは同日にできますか？,ダーマペンとピコトーニングは、別の部位であれば原則として同日に受けられます。同じ部位にピコトーニングを受ける場合は4週間あけてください。施術内容やお肌の状態によって前後することがあります。また回答の施術間隔は当院で治療をした方の目安であり、他院で治療をされている場合は直接お電話にてお問い合わせくださいませ。,"ダーマペン,ピコトーニング,ダーマペン4,トーニング,ピコ,間隔,空ける,あける,期間,どのくらい,どれくらい,何週間,何日あける,同日,してから,次の施術"
ダーマペン,ピコフラクショナル,4週間,ダーマペンとピコフラクショナルの間隔／ダーマペンとピコフラクショナルの間隔は何週間ですか？／ダーマペンの後にピコフラクショナルはどのくらい空けますか？／ダーマペンとピコフラクショナルはどのくらい間隔をあけますか？／ダーマペンしてからピコフラクショナルまではどのくらい期間をあけたらいいですか？／ダーマペンの後にピコフラクショナルはいつ受けられますか？／ダーマペンとピコフラクショナルは同日にできますか？,ダーマペンとピコフラクショナルは、別の部位であれば原則として同日に受けられます。同じ部位にピコフラクショナルを受ける場合は4週間あけてください。施術内容やお肌の状態によって前後することがあります。また回答の施術間隔は当院で治療をした方の目安であり、他院で治療をされている場合は直接お電話にてお問い合わせくださいませ。,"ダーマペン,ピコフラクショナル,ダーマペン4,フラクショナル,間隔,空ける,あける,期間,どのくらい,どれくらい,何週間,何日あける,同日,してから,次の施術"
ダーマペン,そばかすシャワー,4週間,ダーマペンとそばかすシャワーの間隔／ダーマペンとそばかすシャワーの間隔は何週間ですか？／ダーマペンの後にそばかすシャワーはどのくらい空けますか？／ダーマペンとそばかすシャワーはどのくらい間隔をあけますか？／ダーマペンしてからそばかすシャワーまではどのくらい期間をあけたらいいですか？／ダーマペンの後にそばかすシャワーはいつ受けられますか？／ダーマペンとそばかすシャワーは同日にできますか？,ダーマペンとそばかすシャワーは、別の部位であれば原則として同日に受けられます。同じ部位にそばかすシャワーを受ける場合は4週間あけてください。施術内容やお肌の状態によって前後することがあります。また回答の施術間隔は当院で治療をした方の目安であり、他院で治療をされている場合は直接お電話にてお問い合わせくださいませ。,"ダーマペン,そばかすシャワー,ダーマペン4,そばかす,間隔,空ける,あける,期間,どのくらい,どれくらい,何週間,何日あける,同日,してから,次の施術"
ダーマペン,そばかすスポット,4週間,ダーマペンとそばかすスポットの間隔／ダーマペンとそばかすスポットの間隔は何週間ですか？／ダーマペンの後にそばかすスポットはどのくらい空けますか？／ダーマペンとそばかすスポットはどのくらい間隔をあけますか？／ダーマペンしてからそばかすスポットまではどのくらい期間をあけたらいいですか？／ダーマペンの後にそばかすスポットはいつ受けられますか？／ダーマペンとそばかすスポットは同日にできますか？,ダーマペンとそばかすスポットは、別の部位であれば原則として同日に受けられます。同じ部位にそばかすスポットを受ける場合は4週間あけてください。施術内容やお肌の状態によって前後することがあります。また回答の施術間隔は当院で治療をした方の目安であり、他院で治療をされている場合は直接お電話にてお問い合わせくださいませ。,"ダーマペン,そばかすスポット,ダーマペン4,そばかす,間隔,空ける,あける,期間,どのくらい,どれくらい,何週間,何日あける,同日,してから,次の施術"
ダーマペン,フォト/光治療,4週間,ダーマペンとフォト/光治療の間隔／ダーマペンとフォト/光治療の間隔は何週間ですか？／ダーマペンの後にフォト/光治療はどのくらい空けますか？／ダーマペンとフォト/光治療はどのくらい間隔をあけますか？／ダーマペンしてからフォト/光治療まではどのくらい期間をあけたらいいですか？／ダーマペンの後にフォト/光治療はいつ受けられますか？／ダーマペンとフォト/光治療は同日にできますか？,ダーマペンとフォト/光治療は、別の部位であれば原則として同日に受けられます。同じ部位にフォト/光治療を受ける場合は4週間あけてください。施術内容やお肌の状態によって前後することがあります。また回答の施術間隔は当院で治療をした方の目安であり、他院で治療をされている場合は直接お電話にてお問い合わせくださいませ。,"ダーマペン,フォト/光治療,ダーマペン4,フォトフェイシャル,フォト,光治療,IPL,間隔,空ける,あける,期間,どのくらい,どれくらい,何週間,何日あける,同日,してから,次の施術"
ダーマペン,赤み治療,4週間,ダーマペンと赤み治療の間隔／ダーマペンと赤み治療の間隔は何週間ですか？／ダーマペンの後に赤み治療はどのくらい空けますか？／ダーマペンと赤み治療はどのくらい間隔をあけますか？／ダーマペンしてから赤み治療まではどのくらい期間をあけたらいいですか？／ダーマペンの後に赤み治療はいつ受けられますか？／ダーマペンと赤み治療は同日にできますか？,ダーマペンと赤み治療は、別の部位であれば原則として同日に受けられます。同じ部位に赤み治療を受ける場合は4週間あけてください。施術内容やお肌の状態によって前後することがあります。また回答の施術間隔は当院で治療をした方の目安であり、他院で治療をされている場合は直接お電話にてお問い合わせくださいませ。,"ダーマペン,赤み治療,ダーマペン4,血管腫レーザー,赤ら顔,間隔,空ける,あける,期間,どのくらい,どれくらい,何週間,何日あける,同日,してから,次の施術"
ダーマペン,ボトックス,2週間,ダーマペンとボトックスの間隔／ダーマペンとボトックスの間隔は何週間ですか？／ダーマペンの後にボトックスはどのくらい空けますか？／ダーマペンとボトックスはどのくらい間隔をあけますか？／ダーマペンしてからボトックスまではどのくらい期間をあけたらいいですか？／ダーマペンの後にボトックスはいつ受けられますか？／ダーマペンとボトックスは同日にできますか？,ダーマペンとボトックスは、別の部位であれば原則として同日に受けられます。同じ部位にボトックスを受ける場合は2週間あけてください。施術内容やお肌の状態によって前後することがあります。また回答の施術間隔は当院で治療をした方の目安であり、他院で治療をされている場合は直接お電話にてお問い合わせくださいませ。,"ダーマペン,ボトックス,ダーマペン4,ボトックス注射,間隔,空ける,あける,期間,どのくらい,どれくらい,何週間,何日あける,同日,してから,次の施術"
ダーマペン,ボトックス（マイクロ）,2週間,ダーマペンとボトックス（マイクロ）の間隔／ダーマペンとボトックス（マイクロ）の間隔は何週間ですか？／ダーマペンの後にボトックス（マイクロ）はどのくらい空けますか？／ダーマペンとボトックス（マイクロ）はどのくらい間隔をあけますか？／ダーマペンしてからボトックス（マイクロ）まではどのくらい期間をあけたらいいですか？／ダーマペンの後にボトックス（マイクロ）はいつ受けられますか？／ダーマペンとボトックス（マイクロ）は同日にできますか？,ダーマペンとボトックス（マイクロ）は、別の部位であれば原則として同日に受けられます。同じ部位にボトックス（マイクロ）を受ける場合は2週間あけてください。施術内容やお肌の状態によって前後することがあります。また回答の施術間隔は当院で治療をした方の目安であり、他院で治療をされている場合は直接お電話にてお問い合わせくださいませ。,"ダーマペン,ボトックス（マイクロ）,ダーマペン4,マイクロボトックス,間隔,空ける,あける,期間,どのくらい,どれくらい,何週間,何日あける,同日,してから,次の施術"
ダーマペン,フラルスキン部分シミ,4週間,ダーマペンとフラルスキン部分シミの間隔／ダーマペンとフラルスキン部分シミの間隔は何週間ですか？／ダーマペンの後にフラルスキン部分シミはどのくらい空けますか？／ダーマペンとフラルスキン部分シミはどのくらい間隔をあけますか？／ダーマペンしてからフラルスキン部分シミまではどのくらい期間をあけたらいいですか？／ダーマペンの後にフラルスキン部分シミはいつ受けられますか？／ダーマペンとフラルスキン部分シミは同日にできますか？,ダーマペンとフラルスキン部分シミは、別の部位であれば原則として同日に受けられます。同じ部位にフラルスキン部分シミを受ける場合は4週間あけてください。施術内容やお肌の状態によって前後することがあります。また回答の施術間隔は当院で治療をした方の目安であり、他院で治療をされている場合は直接お電話にてお問い合わせくださいませ。,"ダーマペン,フラルスキン部分シミ,ダーマペン4,間隔,空ける,あける,期間,どのくらい,どれくらい,何週間,何日あける,同日,してから,次の施術"
ダーマペン,テノールネオ,4週間,ダーマペンとテノールネオの間隔／ダーマペンとテノールネオの間隔は何週間ですか？／ダーマペンの後にテノールネオはどのくらい空けますか？／ダーマペンとテノールネオはどのくらい間隔をあけますか？／ダーマペンしてからテノールネオまではどのくらい期間をあけたらいいですか？／ダーマペンの後にテノールネオはいつ受けられますか？／ダーマペンとテノールネオは同日にできますか？,ダーマペンとテノールネオは、別の部位であれば原則として同日に受けられます。同じ部位にテノールネオを受ける場合は4週間あけてください。施術内容やお肌の状態によって前後することがあります。また回答の施術間隔は当院で治療をした方の目安であり、他院で治療をされている場合は直接お電話にてお問い合わせくださいませ。,"ダーマペン,テノールネオ,ダーマペン4,テノールNEO,テノール,間隔,空ける,あける,期間,どのくらい,どれくらい,何週間,何日あける,同日,してから,次の施術"
ダーマペン,mikoメソッド,（翌日）,ダーマペンとmikoメソッドの間隔／ダーマペンとmikoメソッドの間隔は何週間ですか？／ダーマペンの後にmikoメソッドはどのくらい空けますか？／ダーマペンとmikoメソッドはどのくらい間隔をあけますか？／ダーマペンしてからmikoメソッドまではどのくらい期間をあけたらいいですか？／ダーマペンの後にmikoメソッドはいつ受けられますか？／ダーマペンとmikoメソッドは同日にできますか？,ダーマペンの後にmikoメソッド（部位が異なります）は翌日以降であれば受けられます。施術内容やお肌の状態によって前後することがあります。また回答の施術間隔は当院で治療をした方の目安であり、他院で治療をされている場合は直接お電話にてお問い合わせくださいませ。,"ダーマペン,mikoメソッド,ダーマペン4,miko,ミコメソッド,首イボ,間隔,空ける,あける,期間,どのくらい,どれくらい,何週間,何日あける,同日,してから,次の施術"
ダーマペン,ほくろ切除/ほくろ除去,4週間,ダーマペンとほくろ切除/ほくろ除去の間隔／ダーマペンとほくろ切除/ほくろ除去の間隔は何週間ですか？／ダーマペンの後にほくろ切除/ほくろ除去はどのくらい空けますか？／ダーマペンとほくろ切除/ほくろ除去はどのくらい間隔をあけますか？／ダーマペンしてからほくろ切除/ほくろ除去まではどのくらい期間をあけたらいいですか？／ダーマペンの後にほくろ切除/ほくろ除去はいつ受けられますか？／ダーマペンとほくろ切除/ほくろ除去は同日にできますか？,ダーマペンとほくろ切除/ほくろ除去は、別の部位であれば原則として同日に受けられます。同じ部位にほくろ切除/ほくろ除去を受ける場合は4週間あけてください。施術内容やお肌の状態によって前後することがあります。また回答の施術間隔は当院で治療をした方の目安であり、他院で治療をされている場合は直接お電話にてお問い合わせくださいませ。,"ダーマペン,ほくろ切除/ほくろ除去,ダーマペン4,ほくろ除去,ほくろ,間隔,空ける,あける,期間,どのくらい,どれくらい,何週間,何日あける,同日,してから,次の施術"
ダーマペン,ボライト,4週間,ダーマペンとボライトの間隔／ダーマペンとボライトの間隔は何週間ですか？／ダーマペンの後にボライトはどのくらい空けますか？／ダーマペンとボライトはどのくらい間隔をあけますか？／ダーマペンしてからボライトまではどのくらい期間をあけたらいいですか？／ダーマペンの後にボライトはいつ受けられますか？／ダーマペンとボライトは同日にできますか？,ダーマペンとボライトは、別の部位であれば原則として同日に受けられます。同じ部位にボライトを受ける場合は4週間あけてください。施術内容やお肌の状態によって前後することがあります。また回答の施術間隔は当院で治療をした方の目安であり、他院で治療をされている場合は直接お電話にてお問い合わせくださいませ。,"ダーマペン,ボライト,ダーマペン4,間隔,空ける,あける,期間,どのくらい,どれくらい,何週間,何日あける,同日,してから,次の施術"
ダーマペン,稗粒腫,4週間,ダーマペンと稗粒腫の間隔／ダーマペンと稗粒腫の間隔は何週間ですか？／ダーマペンの後に稗粒腫はどのくらい空けますか？／ダーマペンと稗粒腫はどのくらい間隔をあけますか？／ダーマペンしてから稗粒腫まではどのくらい期間をあけたらいいですか？／ダーマペンの後に稗粒腫はいつ受けられますか？／ダーマペンと稗粒腫は同日にできますか？,ダーマペンと稗粒腫は、別の部位であれば原則として同日に受けられます。同じ部位に稗粒腫を受ける場合は4週間あけてください。施術内容やお肌の状態によって前後することがあります。また回答の施術間隔は当院で治療をした方の目安であり、他院で治療をされている場合は直接お電話にてお問い合わせくださいませ。,"ダーマペン,稗粒腫,ダーマペン4,間隔,空ける,あける,期間,どのくらい,どれくらい,何週間,何日あける,同日,してから,次の施術"
ダーマペン,ヴェルヴェットスキン,※4週間,ダーマペンとヴェルヴェットスキンの間隔／ダーマペンとヴェルヴェットスキンの間隔は何週間ですか？／ダーマペンの後にヴェルヴェットスキンはどのくらい空けますか？／ダーマペンとヴェルヴェットスキンはどのくらい間隔をあけますか？／ダーマペンしてからヴェルヴェットスキンまではどのくらい期間をあけたらいいですか？／ダーマペンの後にヴェルヴェットスキンはいつ受けられますか？／ダーマペンとヴェルヴェットスキンは同日にできますか？,ダーマペンとヴェルヴェットスキンは、別の部位であれば原則として同日に受けられます。同じ部位にヴェルヴェットスキンを受ける場合は4週間あけてください。施術内容やお肌の状態によって前後することがあります。また回答の施術間隔は当院で治療をした方の目安であり、他院で治療をされている場合は直接お電話にてお問い合わせくださいませ。,"ダーマペン,ヴェルヴェットスキン,ダーマペン4,ヴェルヴェット,ベルベットスキン,間隔,空ける,あける,期間,どのくらい,どれくらい,何週間,何日あける,同日,してから,次の施術"
ダーマペン,ダーマペン,※4週間,ダーマペンとダーマペンの間隔／ダーマペンとダーマペンの間隔は何週間ですか？／ダーマペンの後にダーマペンはどのくらい空けますか？／ダーマペンとダーマペンはどのくらい間隔をあけますか？／ダーマペンしてからダーマペンまではどのくらい期間をあけたらいいですか？／ダーマペンの後にダーマペンはいつ受けられますか？／ダーマペンとダーマペンは同日にできますか？,ダーマペンを続けて（同じ部位に）受ける場合は4週間あけてください。施術内容やお肌の状態によって前後することがあります。また回答の施術間隔は当院で治療をした方の目安であり、他院で治療をされている場合は直接お電話にてお問い合わせくださいませ。,"ダーマペン,ダーマペン4,間隔,空ける,あける,期間,どのくらい,どれくらい,何週間,何日あける,同日,してから,次の施術"
ダーマペン,HARG,（翌日）,ダーマペンとHARGの間隔／ダーマペンとHARGの間隔は何週間ですか？／ダーマペンの後にHARGはどのくらい空けますか？／ダーマペンとHARGはどのくらい間隔をあけますか？／ダーマペンしてからHARGまではどのくらい期間をあけたらいいですか？／ダーマペンの後にHARGはいつ受けられますか？／ダーマペンとHARGは同日にできますか？,ダーマペンの後にHARG（部位が異なります）は翌日以降であれば受けられます。施術内容やお肌の状態によって前後することがあります。また回答の施術間隔は当院で治療をした方の目安であり、他院で治療をされている場合は直接お電話にてお問い合わせくださいませ。,"ダーマペン,HARG,ダーマペン4,ハーグ,HARG療法,間隔,空ける,あける,期間,どのくらい,どれくらい,何週間,何日あける,同日,してから,次の施術"
ダーマペン,スカルプ・プラセンタエッセンス,（翌日）,ダーマペンとスカルプ・プラセンタエッセンスの間隔／ダーマペンとスカルプ・プラセンタエッセンスの間隔は何週間ですか？／ダーマペンの後にスカルプ・プラセンタエッセンスはどのくらい空けますか？／ダーマペンとスカルプ・プラセンタエッセンスはどのくらい間隔をあけますか？／ダーマペンしてからスカルプ・プラセンタエッセンスまではどのくらい期間をあけたらいいですか？／ダーマペンの後にスカルプ・プラセンタエッセンスはいつ受けられますか？／ダーマペンとスカルプ・プラセンタエッセンスは同日にできますか？,ダーマペンの後にスカルプ・プラセンタエッセンス（部位が異なります）は翌日以降であれば受けられます。施術内容やお肌の状態によって前後することがあります。また回答の施術間隔は当院で治療をした方の目安であり、他院で治療をされている場合は直接お電話にてお問い合わせくださいませ。,"ダーマペン,スカルプ・プラセンタエッセンス,ダーマペン4,スカルプ,プラセンタ,間隔,空ける,あける,期間,どのくらい,どれくらい,何週間,何日あける,同日,してから,次の施術"
ダーマペン,コラーゲンピール,4週間,ダーマペンとコラーゲンピールの間隔／ダーマペンとコラーゲンピールの間隔は何週間ですか？／ダーマペンの後にコラーゲンピールはどのくらい空けますか？／ダーマペンとコラーゲンピールはどのくらい間隔をあけますか？／ダーマペンしてからコラーゲンピールまではどのくらい期間をあけたらいいですか？／ダーマペンの後にコラーゲンピールはいつ受けられますか？／ダーマペンとコラーゲンピールは同日にできますか？,ダーマペンとコラーゲンピールは、別の部位であれば原則として同日に受けられます。同じ部位にコラーゲンピールを受ける場合は4週間あけてください。施術内容やお肌の状態によって前後することがあります。また回答の施術間隔は当院で治療をした方の目安であり、他院で治療をされている場合は直接お電話にてお問い合わせくださいませ。,"ダーマペン,コラーゲンピール,ダーマペン4,マッサージピール,間隔,空ける,あける,期間,どのくらい,どれくらい,何週間,何日あける,同日,してから,次の施術"
ダーマペン,サーマクール,4週間,ダーマペンとサーマクールの間隔／ダーマペンとサーマクールの間隔は何週間ですか？／ダーマペンの後にサーマクールはどのくらい空けますか？／ダーマペンとサーマクールはどのくらい間隔をあけますか？／ダーマペンしてからサーマクールまではどのくらい期間をあけたらいいですか？／ダーマペンの後にサーマクールはいつ受けられますか？／ダーマペンとサーマクールは同日にできますか？,ダーマペンとサーマクールは、別の部位であれば原則として同日に受けられます。同じ部位にサーマクールを受ける場合は4週間あけてください。施術内容やお肌の状態によって前後することがあります。また回答の施術間隔は当院で治療をした方の目安であり、他院で治療をされている場合は直接お電話にてお問い合わせくださいませ。,"ダーマペン,サーマクール,ダーマペン4,サーマ,間隔,空ける,あける,期間,どのくらい,どれくらい,何週間,何日あける,同日,してから,次の施術"
ダーマペン,脱毛,4週間,ダーマペンと脱毛の間隔／ダーマペンと脱毛の間隔は何週間ですか？／ダーマペンの後に脱毛はどのくらい空けますか？／ダーマペンと脱毛はどのくらい間隔をあけますか？／ダーマペンしてから脱毛まではどのくらい期間をあけたらいいですか？／ダーマペンの後に脱毛はいつ受けられますか？／ダーマペンと脱毛は同日にできますか？,ダーマペンと脱毛は、別の部位であれば原則として同日に受けられます。同じ部位に脱毛を受ける場合は4週間あけてください。施術内容やお肌の状態によって前後することがあります。また回答の施術間隔は当院で治療をした方の目安であり、他院で治療をされている場合は直接お電話にてお問い合わせくださいませ。,"ダーマペン,脱毛,ダーマペン4,医療脱毛,顔脱毛,全身脱毛,VIO脱毛,ひげ脱毛,レーザー脱毛,間隔,空ける,あける,期間,どのくらい,どれくらい,何週間,何日あける,同日,してから,次の施術"
ダーマペン,タトゥー,4週間,ダーマペンとタトゥーの間隔／ダーマペンとタトゥーの間隔は何週間ですか？／ダーマペンの後にタトゥーはどのくらい空けますか？／ダーマペンとタトゥーはどのくらい間隔をあけますか？／ダーマペンしてからタトゥーまではどのくらい期間をあけたらいいですか？／ダーマペンの後にタトゥーはいつ受けられますか？／ダーマペンとタトゥーは同日にできますか？,ダーマペンとタトゥーは、別の部位であれば原則として同日に受けられます。同じ部位にタトゥーを受ける場合は4週間あけてください。施術内容やお肌の状態によって前後することがあります。また回答の施術間隔は当院で治療をした方の目安であり、他院で治療をされている場合は直接お電話にてお問い合わせくださいませ。,"ダーマペン,タトゥー,ダーマペン4,刺青,タトゥー除去,間隔,空ける,あける,期間,どのくらい,どれくらい,何週間,何日あける,同日,してから,次の施術"
ダーマペン,アートメイク,2週間,ダーマペンとアートメイクの間隔／ダーマペンとアートメイクの間隔は何週間ですか？／ダーマペンの後にアートメイクはどのくらい空けますか？／ダーマペンとアートメイクはどのくらい間隔をあけますか？／ダーマペンしてからアートメイクまではどのくらい期間をあけたらいいですか？／ダーマペンの後にアートメイクはいつ受けられますか？／ダーマペンとアートメイクは同日にできますか？,ダーマペンとアートメイクは、別の部位であれば原則として同日に受けられます。同じ部位にアートメイクを受ける場合は2週間あけてください。施術内容やお肌の状態によって前後することがあります。また回答の施術間隔は当院で治療をした方の目安であり、他院で治療をされている場合は直接お電話にてお問い合わせくださいませ。,"ダーマペン,アートメイク,ダーマペン4,間隔,空ける,あける,期間,どのくらい,どれくらい,何週間,何日あける,同日,してから,次の施術"
HARG,ハイドラジェントル,同日可,HARGとハイドラジェントルの間隔／HARGとハイドラジェントルの間隔は何週間ですか？／HARGの後にハイドラジェントルはどのくらい空けますか？／HARGとハイドラジェントルはどのくらい間隔をあけますか？／HARGしてからハイドラジェントルまではどのくらい期間をあけたらいいですか？／HARGの後にハイドラジェントルはいつ受けられますか？／HARGとハイドラジェントルは同日にできますか？,HARGとハイドラジェントルは同日に受けられます。施術内容やお肌の状態によって前後することがあります。また回答の施術間隔は当院で治療をした方の目安であり、他院で治療をされている場合は直接お電話にてお問い合わせくださいませ。,"HARG,ハイドラジェントル,ハーグ,HARG療法,ハイドラ,間隔,空ける,あける,期間,どのくらい,どれくらい,何週間,何日あける,同日,してから,次の施術"
HARG,ケミカルピーリング,（翌日）,HARGとケミカルピーリングの間隔／HARGとケミカルピーリングの間隔は何週間ですか？／HARGの後にケミカルピーリングはどのくらい空けますか？／HARGとケミカルピーリングはどのくらい間隔をあけますか？／HARGしてからケミカルピーリングまではどのくらい期間をあけたらいいですか？／HARGの後にケミカルピーリングはいつ受けられますか？／HARGとケミカルピーリングは同日にできますか？,HARGの後にケミカルピーリング（部位が異なります）は翌日以降であれば受けられます。施術内容やお肌の状態によって前後することがあります。また回答の施術間隔は当院で治療をした方の目安であり、他院で治療をされている場合は直接お電話にてお問い合わせくださいませ。,"HARG,ケミカルピーリング,ハーグ,HARG療法,ピーリング,間隔,空ける,あける,期間,どのくらい,どれくらい,何週間,何日あける,同日,してから,次の施術"
HARG,スマートサイドドット（2回目以降）,（翌日）,HARGとスマートサイドドット（2回目以降）の間隔／HARGとスマートサイドドット（2回目以降）の間隔は何週間ですか？／HARGの後にスマートサイドドット（2回目以降）はどのくらい空けますか？／HARGとスマートサイドドット（2回目以降）はどのくらい間隔をあけますか？／HARGしてからスマートサイドドット（2回目以降）まではどのくらい期間をあけたらいいですか？／HARGの後にスマートサイドドット（2回目以降）はいつ受けられますか？／HARGとスマートサイドドット（2回目以降）は同日にできますか？,HARGの後にスマートサイドドット（2回目以降）（部位が異なります）は翌日以降であれば受けられます。施術内容やお肌の状態によって前後することがあります。また回答の施術間隔は当院で治療をした方の目安であり、他院で治療をされている場合は直接お電話にてお問い合わせくださいませ。,"HARG,スマートサイドドット（2回目以降）,ハーグ,HARG療法,スマサイ,スマートサイドドット,間隔,空ける,あける,期間,どのくらい,どれくらい,何週間,何日あける,同日,してから,次の施術"
HARG,スマートサイドドット（初回）,（翌日）,HARGとスマートサイドドット（初回）の間隔／HARGとスマートサイドドット（初回）の間隔は何週間ですか？／HARGの後にスマートサイドドット（初回）はどのくらい空けますか？／HARGとスマートサイドドット（初回）はどのくらい間隔をあけますか？／HARGしてからスマートサイドドット（初回）まではどのくらい期間をあけたらいいですか？／HARGの後にスマートサイドドット（初回）はいつ受けられますか？／HARGとスマートサイドドット（初回）は同日にできますか？,HARGの後にスマートサイドドット（初回）（部位が異なります）は翌日以降であれば受けられます。施術内容やお肌の状態によって前後することがあります。また回答の施術間隔は当院で治療をした方の目安であり、他院で治療をされている場合は直接お電話にてお問い合わせくださいませ。,"HARG,スマートサイドドット（初回）,ハーグ,HARG療法,スマサイ,スマートサイドドット,間隔,空ける,あける,期間,どのくらい,どれくらい,何週間,何日あける,同日,してから,次の施術"
HARG,イボレーザー/CO2レーザー,（翌日）,HARGとイボレーザー/CO2レーザーの間隔／HARGとイボレーザー/CO2レーザーの間隔は何週間ですか？／HARGの後にイボレーザー/CO2レーザーはどのくらい空けますか？／HARGとイボレーザー/CO2レーザーはどのくらい間隔をあけますか？／HARGしてからイボレーザー/CO2レーザーまではどのくらい期間をあけたらいいですか？／HARGの後にイボレーザー/CO2レーザーはいつ受けられますか？／HARGとイボレーザー/CO2レーザーは同日にできますか？,HARGの後にイボレーザー/CO2レーザー（部位が異なります）は翌日以降であれば受けられます。施術内容やお肌の状態によって前後することがあります。また回答の施術間隔は当院で治療をした方の目安であり、他院で治療をされている場合は直接お電話にてお問い合わせくださいませ。,"HARG,イボレーザー/CO2レーザー,ハーグ,HARG療法,炭酸ガスレーザー,CO2レーザー,イボ取り,いぼレーザー,間隔,空ける,あける,期間,どのくらい,どれくらい,何週間,何日あける,同日,してから,次の施術"
HARG,シミ取りレーザー,（翌日）,HARGとシミ取りレーザーの間隔／HARGとシミ取りレーザーの間隔は何週間ですか？／HARGの後にシミ取りレーザーはどのくらい空けますか？／HARGとシミ取りレーザーはどのくらい間隔をあけますか？／HARGしてからシミ取りレーザーまではどのくらい期間をあけたらいいですか？／HARGの後にシミ取りレーザーはいつ受けられますか？／HARGとシミ取りレーザーは同日にできますか？,HARGの後にシミ取りレーザー（部位が異なります）は翌日以降であれば受けられます。施術内容やお肌の状態によって前後することがあります。また回答の施術間隔は当院で治療をした方の目安であり、他院で治療をされている場合は直接お電話にてお問い合わせくださいませ。,"HARG,シミ取りレーザー,ハーグ,HARG療法,シミレーザー,シミ取り,間隔,空ける,あける,期間,どのくらい,どれくらい,何週間,何日あける,同日,してから,次の施術"
HARG,ADM/ピコレーザ,（翌日）,HARGとADM/ピコレーザの間隔／HARGとADM/ピコレーザの間隔は何週間ですか？／HARGの後にADM/ピコレーザはどのくらい空けますか？／HARGとADM/ピコレーザはどのくらい間隔をあけますか？／HARGしてからADM/ピコレーザまではどのくらい期間をあけたらいいですか？／HARGの後にADM/ピコレーザはいつ受けられますか？／HARGとADM/ピコレーザは同日にできますか？,HARGの後にADM/ピコレーザ（部位が異なります）は翌日以降であれば受けられます。施術内容やお肌の状態によって前後することがあります。また回答の施術間隔は当院で治療をした方の目安であり、他院で治療をされている場合は直接お電話にてお問い合わせくださいませ。,"HARG,ADM/ピコレーザ,ハーグ,HARG療法,ADMレーザー,ピコレーザー,ADM,間隔,空ける,あける,期間,どのくらい,どれくらい,何週間,何日あける,同日,してから,次の施術"
HARG,ADM/ナノレーザー,（翌日）,HARGとADM/ナノレーザーの間隔／HARGとADM/ナノレーザーの間隔は何週間ですか？／HARGの後にADM/ナノレーザーはどのくらい空けますか？／HARGとADM/ナノレーザーはどのくらい間隔をあけますか？／HARGしてからADM/ナノレーザーまではどのくらい期間をあけたらいいですか？／HARGの後にADM/ナノレーザーはいつ受けられますか？／HARGとADM/ナノレーザーは同日にできますか？,HARGの後にADM/ナノレーザー（部位が異なります）は翌日以降であれば受けられます。施術内容やお肌の状態によって前後することがあります。また回答の施術間隔は当院で治療をした方の目安であり、他院で治療をされている場合は直接お電話にてお問い合わせくださいませ。,"HARG,ADM/ナノレーザー,ハーグ,HARG療法,ADMレーザー,ナノレーザー,ADM,間隔,空ける,あける,期間,どのくらい,どれくらい,何週間,何日あける,同日,してから,次の施術"
HARG,レーザートーニング,（翌日）,HARGとレーザートーニングの間隔／HARGとレーザートーニングの間隔は何週間ですか？／HARGの後にレーザートーニングはどのくらい空けますか？／HARGとレーザートーニングはどのくらい間隔をあけますか？／HARGしてからレーザートーニングまではどのくらい期間をあけたらいいですか？／HARGの後にレーザートーニングはいつ受けられますか？／HARGとレーザートーニングは同日にできますか？,HARGの後にレーザートーニング（部位が異なります）は翌日以降であれば受けられます。施術内容やお肌の状態によって前後することがあります。また回答の施術間隔は当院で治療をした方の目安であり、他院で治療をされている場合は直接お電話にてお問い合わせくださいませ。,"HARG,レーザートーニング,ハーグ,HARG療法,トーニング,間隔,空ける,あける,期間,どのくらい,どれくらい,何週間,何日あける,同日,してから,次の施術"
HARG,ピコトーニング,（翌日）,HARGとピコトーニングの間隔／HARGとピコトーニングの間隔は何週間ですか？／HARGの後にピコトーニングはどのくらい空けますか？／HARGとピコトーニングはどのくらい間隔をあけますか？／HARGしてからピコトーニングまではどのくらい期間をあけたらいいですか？／HARGの後にピコトーニングはいつ受けられますか？／HARGとピコトーニングは同日にできますか？,HARGの後にピコトーニング（部位が異なります）は翌日以降であれば受けられます。施術内容やお肌の状態によって前後することがあります。また回答の施術間隔は当院で治療をした方の目安であり、他院で治療をされている場合は直接お電話にてお問い合わせくださいませ。,"HARG,ピコトーニング,ハーグ,HARG療法,トーニング,ピコ,間隔,空ける,あける,期間,どのくらい,どれくらい,何週間,何日あける,同日,してから,次の施術"
HARG,ピコフラクショナル,（翌日）,HARGとピコフラクショナルの間隔／HARGとピコフラクショナルの間隔は何週間ですか？／HARGの後にピコフラクショナルはどのくらい空けますか？／HARGとピコフラクショナルはどのくらい間隔をあけますか？／HARGしてからピコフラクショナルまではどのくらい期間をあけたらいいですか？／HARGの後にピコフラクショナルはいつ受けられますか？／HARGとピコフラクショナルは同日にできますか？,HARGの後にピコフラクショナル（部位が異なります）は翌日以降であれば受けられます。施術内容やお肌の状態によって前後することがあります。また回答の施術間隔は当院で治療をした方の目安であり、他院で治療をされている場合は直接お電話にてお問い合わせくださいませ。,"HARG,ピコフラクショナル,ハーグ,HARG療法,フラクショナル,間隔,空ける,あける,期間,どのくらい,どれくらい,何週間,何日あける,同日,してから,次の施術"
HARG,そばかすシャワー,（翌日）,HARGとそばかすシャワーの間隔／HARGとそばかすシャワーの間隔は何週間ですか？／HARGの後にそばかすシャワーはどのくらい空けますか？／HARGとそばかすシャワーはどのくらい間隔をあけますか？／HARGしてからそばかすシャワーまではどのくらい期間をあけたらいいですか？／HARGの後にそばかすシャワーはいつ受けられますか？／HARGとそばかすシャワーは同日にできますか？,HARGの後にそばかすシャワー（部位が異なります）は翌日以降であれば受けられます。施術内容やお肌の状態によって前後することがあります。また回答の施術間隔は当院で治療をした方の目安であり、他院で治療をされている場合は直接お電話にてお問い合わせくださいませ。,"HARG,そばかすシャワー,ハーグ,HARG療法,そばかす,間隔,空ける,あける,期間,どのくらい,どれくらい,何週間,何日あける,同日,してから,次の施術"
HARG,そばかすスポット,（翌日）,HARGとそばかすスポットの間隔／HARGとそばかすスポットの間隔は何週間ですか？／HARGの後にそばかすスポットはどのくらい空けますか？／HARGとそばかすスポットはどのくらい間隔をあけますか？／HARGしてからそばかすスポットまではどのくらい期間をあけたらいいですか？／HARGの後にそばかすスポットはいつ受けられますか？／HARGとそばかすスポットは同日にできますか？,HARGの後にそばかすスポット（部位が異なります）は翌日以降であれば受けられます。施術内容やお肌の状態によって前後することがあります。また回答の施術間隔は当院で治療をした方の目安であり、他院で治療をされている場合は直接お電話にてお問い合わせくださいませ。,"HARG,そばかすスポット,ハーグ,HARG療法,そばかす,間隔,空ける,あける,期間,どのくらい,どれくらい,何週間,何日あける,同日,してから,次の施術"
HARG,フォト/光治療,（翌日）,HARGとフォト/光治療の間隔／HARGとフォト/光治療の間隔は何週間ですか？／HARGの後にフォト/光治療はどのくらい空けますか？／HARGとフォト/光治療はどのくらい間隔をあけますか？／HARGしてからフォト/光治療まではどのくらい期間をあけたらいいですか？／HARGの後にフォト/光治療はいつ受けられますか？／HARGとフォト/光治療は同日にできますか？,HARGの後にフォト/光治療（部位が異なります）は翌日以降であれば受けられます。施術内容やお肌の状態によって前後することがあります。また回答の施術間隔は当院で治療をした方の目安であり、他院で治療をされている場合は直接お電話にてお問い合わせくださいませ。,"HARG,フォト/光治療,ハーグ,HARG療法,フォトフェイシャル,フォト,光治療,IPL,間隔,空ける,あける,期間,どのくらい,どれくらい,何週間,何日あける,同日,してから,次の施術"
HARG,赤み治療,（翌日）,HARGと赤み治療の間隔／HARGと赤み治療の間隔は何週間ですか？／HARGの後に赤み治療はどのくらい空けますか？／HARGと赤み治療はどのくらい間隔をあけますか？／HARGしてから赤み治療まではどのくらい期間をあけたらいいですか？／HARGの後に赤み治療はいつ受けられますか？／HARGと赤み治療は同日にできますか？,HARGの後に赤み治療（部位が異なります）は翌日以降であれば受けられます。施術内容やお肌の状態によって前後することがあります。また回答の施術間隔は当院で治療をした方の目安であり、他院で治療をされている場合は直接お電話にてお問い合わせくださいませ。,"HARG,赤み治療,ハーグ,HARG療法,血管腫レーザー,赤ら顔,間隔,空ける,あける,期間,どのくらい,どれくらい,何週間,何日あける,同日,してから,次の施術"
HARG,ボトックス,（翌日）,HARGとボトックスの間隔／HARGとボトックスの間隔は何週間ですか？／HARGの後にボトックスはどのくらい空けますか？／HARGとボトックスはどのくらい間隔をあけますか？／HARGしてからボトックスまではどのくらい期間をあけたらいいですか？／HARGの後にボトックスはいつ受けられますか？／HARGとボトックスは同日にできますか？,HARGの後にボトックス（部位が異なります）は翌日以降であれば受けられます。施術内容やお肌の状態によって前後することがあります。また回答の施術間隔は当院で治療をした方の目安であり、他院で治療をされている場合は直接お電話にてお問い合わせくださいませ。,"HARG,ボトックス,ハーグ,HARG療法,ボトックス注射,間隔,空ける,あける,期間,どのくらい,どれくらい,何週間,何日あける,同日,してから,次の施術"
HARG,ボトックス（マイクロ）,（翌日）,HARGとボトックス（マイクロ）の間隔／HARGとボトックス（マイクロ）の間隔は何週間ですか？／HARGの後にボトックス（マイクロ）はどのくらい空けますか？／HARGとボトックス（マイクロ）はどのくらい間隔をあけますか？／HARGしてからボトックス（マイクロ）まではどのくらい期間をあけたらいいですか？／HARGの後にボトックス（マイクロ）はいつ受けられますか？／HARGとボトックス（マイクロ）は同日にできますか？,HARGの後にボトックス（マイクロ）（部位が異なります）は翌日以降であれば受けられます。施術内容やお肌の状態によって前後することがあります。また回答の施術間隔は当院で治療をした方の目安であり、他院で治療をされている場合は直接お電話にてお問い合わせくださいませ。,"HARG,ボトックス（マイクロ）,ハーグ,HARG療法,マイクロボトックス,間隔,空ける,あける,期間,どのくらい,どれくらい,何週間,何日あける,同日,してから,次の施術"
HARG,フラルスキン部分シミ,（翌日）,HARGとフラルスキン部分シミの間隔／HARGとフラルスキン部分シミの間隔は何週間ですか？／HARGの後にフラルスキン部分シミはどのくらい空けますか？／HARGとフラルスキン部分シミはどのくらい間隔をあけますか？／HARGしてからフラルスキン部分シミまではどのくらい期間をあけたらいいですか？／HARGの後にフラルスキン部分シミはいつ受けられますか？／HARGとフラルスキン部分シミは同日にできますか？,HARGの後にフラルスキン部分シミ（部位が異なります）は翌日以降であれば受けられます。施術内容やお肌の状態によって前後することがあります。また回答の施術間隔は当院で治療をした方の目安であり、他院で治療をされている場合は直接お電話にてお問い合わせくださいませ。,"HARG,フラルスキン部分シミ,ハーグ,HARG療法,間隔,空ける,あける,期間,どのくらい,どれくらい,何週間,何日あける,同日,してから,次の施術"
HARG,テノールネオ,（翌日）,HARGとテノールネオの間隔／HARGとテノールネオの間隔は何週間ですか？／HARGの後にテノールネオはどのくらい空けますか？／HARGとテノールネオはどのくらい間隔をあけますか？／HARGしてからテノールネオまではどのくらい期間をあけたらいいですか？／HARGの後にテノールネオはいつ受けられますか？／HARGとテノールネオは同日にできますか？,HARGの後にテノールネオ（部位が異なります）は翌日以降であれば受けられます。施術内容やお肌の状態によって前後することがあります。また回答の施術間隔は当院で治療をした方の目安であり、他院で治療をされている場合は直接お電話にてお問い合わせくださいませ。,"HARG,テノールネオ,ハーグ,HARG療法,テノールNEO,テノール,間隔,空ける,あける,期間,どのくらい,どれくらい,何週間,何日あける,同日,してから,次の施術"
HARG,mikoメソッド,（翌日）,HARGとmikoメソッドの間隔／HARGとmikoメソッドの間隔は何週間ですか？／HARGの後にmikoメソッドはどのくらい空けますか？／HARGとmikoメソッドはどのくらい間隔をあけますか？／HARGしてからmikoメソッドまではどのくらい期間をあけたらいいですか？／HARGの後にmikoメソッドはいつ受けられますか？／HARGとmikoメソッドは同日にできますか？,HARGの後にmikoメソッド（部位が異なります）は翌日以降であれば受けられます。施術内容やお肌の状態によって前後することがあります。また回答の施術間隔は当院で治療をした方の目安であり、他院で治療をされている場合は直接お電話にてお問い合わせくださいませ。,"HARG,mikoメソッド,ハーグ,HARG療法,miko,ミコメソッド,首イボ,間隔,空ける,あける,期間,どのくらい,どれくらい,何週間,何日あける,同日,してから,次の施術"
HARG,ほくろ切除/ほくろ除去,（翌日）,HARGとほくろ切除/ほくろ除去の間隔／HARGとほくろ切除/ほくろ除去の間隔は何週間ですか？／HARGの後にほくろ切除/ほくろ除去はどのくらい空けますか？／HARGとほくろ切除/ほくろ除去はどのくらい間隔をあけますか？／HARGしてからほくろ切除/ほくろ除去まではどのくらい期間をあけたらいいですか？／HARGの後にほくろ切除/ほくろ除去はいつ受けられますか？／HARGとほくろ切除/ほくろ除去は同日にできますか？,HARGの後にほくろ切除/ほくろ除去（部位が異なります）は翌日以降であれば受けられます。施術内容やお肌の状態によって前後することがあります。また回答の施術間隔は当院で治療をした方の目安であり、他院で治療をされている場合は直接お電話にてお問い合わせくださいませ。,"HARG,ほくろ切除/ほくろ除去,ハーグ,HARG療法,ほくろ除去,ほくろ,間隔,空ける,あける,期間,どのくらい,どれくらい,何週間,何日あける,同日,してから,次の施術"
HARG,ボライト,（翌日）,HARGとボライトの間隔／HARGとボライトの間隔は何週間ですか？／HARGの後にボライトはどのくらい空けますか？／HARGとボライトはどのくらい間隔をあけますか？／HARGしてからボライトまではどのくらい期間をあけたらいいですか？／HARGの後にボライトはいつ受けられますか？／HARGとボライトは同日にできますか？,HARGの後にボライト（部位が異なります）は翌日以降であれば受けられます。施術内容やお肌の状態によって前後することがあります。また回答の施術間隔は当院で治療をした方の目安であり、他院で治療をされている場合は直接お電話にてお問い合わせくださいませ。,"HARG,ボライト,ハーグ,HARG療法,間隔,空ける,あける,期間,どのくらい,どれくらい,何週間,何日あける,同日,してから,次の施術"
HARG,稗粒腫,（翌日）,HARGと稗粒腫の間隔／HARGと稗粒腫の間隔は何週間ですか？／HARGの後に稗粒腫はどのくらい空けますか？／HARGと稗粒腫はどのくらい間隔をあけますか？／HARGしてから稗粒腫まではどのくらい期間をあけたらいいですか？／HARGの後に稗粒腫はいつ受けられますか？／HARGと稗粒腫は同日にできますか？,HARGの後に稗粒腫（部位が異なります）は翌日以降であれば受けられます。施術内容やお肌の状態によって前後することがあります。また回答の施術間隔は当院で治療をした方の目安であり、他院で治療をされている場合は直接お電話にてお問い合わせくださいませ。,"HARG,稗粒腫,ハーグ,HARG療法,間隔,空ける,あける,期間,どのくらい,どれくらい,何週間,何日あける,同日,してから,次の施術"
HARG,ヴェルヴェットスキン,翌日,HARGとヴェルヴェットスキンの間隔／HARGとヴェルヴェットスキンの間隔は何週間ですか？／HARGの後にヴェルヴェットスキンはどのくらい空けますか？／HARGとヴェルヴェットスキンはどのくらい間隔をあけますか？／HARGしてからヴェルヴェットスキンまではどのくらい期間をあけたらいいですか？／HARGの後にヴェルヴェットスキンはいつ受けられますか？／HARGとヴェルヴェットスキンは同日にできますか？,HARGの後にヴェルヴェットスキンは翌日以降であれば受けられます。施術内容やお肌の状態によって前後することがあります。また回答の施術間隔は当院で治療をした方の目安であり、他院で治療をされている場合は直接お電話にてお問い合わせくださいませ。,"HARG,ヴェルヴェットスキン,ハーグ,HARG療法,ヴェルヴェット,ベルベットスキン,間隔,空ける,あける,期間,どのくらい,どれくらい,何週間,何日あける,同日,してから,次の施術"
HARG,ダーマペン,翌日,HARGとダーマペンの間隔／HARGとダーマペンの間隔は何週間ですか？／HARGの後にダーマペンはどのくらい空けますか？／HARGとダーマペンはどのくらい間隔をあけますか？／HARGしてからダーマペンまではどのくらい期間をあけたらいいですか？／HARGの後にダーマペンはいつ受けられますか？／HARGとダーマペンは同日にできますか？,HARGの後にダーマペンは翌日以降であれば受けられます。施術内容やお肌の状態によって前後することがあります。また回答の施術間隔は当院で治療をした方の目安であり、他院で治療をされている場合は直接お電話にてお問い合わせくださいませ。,"HARG,ダーマペン,ハーグ,HARG療法,ダーマペン4,間隔,空ける,あける,期間,どのくらい,どれくらい,何週間,何日あける,同日,してから,次の施術"
HARG,HARG,4週間,HARGとHARGの間隔／HARGとHARGの間隔は何週間ですか？／HARGの後にHARGはどのくらい空けますか？／HARGとHARGはどのくらい間隔をあけますか？／HARGしてからHARGまではどのくらい期間をあけたらいいですか？／HARGの後にHARGはいつ受けられますか？／HARGとHARGは同日にできますか？,HARGを続けて（同じ部位に）受ける場合は4週間あけてください。施術内容やお肌の状態によって前後することがあります。また回答の施術間隔は当院で治療をした方の目安であり、他院で治療をされている場合は直接お電話にてお問い合わせくださいませ。,"HARG,ハーグ,HARG療法,間隔,空ける,あける,期間,どのくらい,どれくらい,何週間,何日あける,同日,してから,次の施術"
HARG,スカルプ・プラセンタエッセンス,1週間,HARGとスカルプ・プラセンタエッセンスの間隔／HARGとスカルプ・プラセンタエッセンスの間隔は何週間ですか？／HARGの後にスカルプ・プラセンタエッセンスはどのくらい空けますか？／HARGとスカルプ・プラセンタエッセンスはどのくらい間隔をあけますか？／HARGしてからスカルプ・プラセンタエッセンスまではどのくらい期間をあけたらいいですか？／HARGの後にスカルプ・プラセンタエッセンスはいつ受けられますか？／HARGとスカルプ・プラセンタエッセンスは同日にできますか？,HARGとスカルプ・プラセンタエッセンスは、別の部位であれば原則として同日に受けられます。同じ部位にスカルプ・プラセンタエッセンスを受ける場合は1週間あけてください。施術内容やお肌の状態によって前後することがあります。また回答の施術間隔は当院で治療をした方の目安であり、他院で治療をされている場合は直接お電話にてお問い合わせくださいませ。,"HARG,スカルプ・プラセンタエッセンス,ハーグ,HARG療法,スカルプ,プラセンタ,間隔,空ける,あける,期間,どのくらい,どれくらい,何週間,何日あける,同日,してから,次の施術"
HARG,コラーゲンピール,（翌日）,HARGとコラーゲンピールの間隔／HARGとコラーゲンピールの間隔は何週間ですか？／HARGの後にコラーゲンピールはどのくらい空けますか？／HARGとコラーゲンピールはどのくらい間隔をあけますか？／HARGしてからコラーゲンピールまではどのくらい期間をあけたらいいですか？／HARGの後にコラーゲンピールはいつ受けられますか？／HARGとコラーゲンピールは同日にできますか？,HARGの後にコラーゲンピール（部位が異なります）は翌日以降であれば受けられます。施術内容やお肌の状態によって前後することがあります。また回答の施術間隔は当院で治療をした方の目安であり、他院で治療をされている場合は直接お電話にてお問い合わせくださいませ。,"HARG,コラーゲンピール,ハーグ,HARG療法,マッサージピール,間隔,空ける,あける,期間,どのくらい,どれくらい,何週間,何日あける,同日,してから,次の施術"
HARG,サーマクール,（翌日）,HARGとサーマクールの間隔／HARGとサーマクールの間隔は何週間ですか？／HARGの後にサーマクールはどのくらい空けますか？／HARGとサーマクールはどのくらい間隔をあけますか？／HARGしてからサーマクールまではどのくらい期間をあけたらいいですか？／HARGの後にサーマクールはいつ受けられますか？／HARGとサーマクールは同日にできますか？,HARGの後にサーマクール（部位が異なります）は翌日以降であれば受けられます。施術内容やお肌の状態によって前後することがあります。また回答の施術間隔は当院で治療をした方の目安であり、他院で治療をされている場合は直接お電話にてお問い合わせくださいませ。,"HARG,サーマクール,ハーグ,HARG療法,サーマ,間隔,空ける,あける,期間,どのくらい,どれくらい,何週間,何日あける,同日,してから,次の施術"
HARG,ミラドライ,（翌日）,HARGとミラドライの間隔／HARGとミラドライの間隔は何週間ですか？／HARGの後にミラドライはどのくらい空けますか？／HARGとミラドライはどのくらい間隔をあけますか？／HARGしてからミラドライまではどのくらい期間をあけたらいいですか？／HARGの後にミラドライはいつ受けられますか？／HARGとミラドライは同日にできますか？,HARGの後にミラドライ（部位が異なります）は翌日以降であれば受けられます。施術内容やお肌の状態によって前後することがあります。また回答の施術間隔は当院で治療をした方の目安であり、他院で治療をされている場合は直接お電話にてお問い合わせくださいませ。,"HARG,ミラドライ,ハーグ,HARG療法,ワキガ,間隔,空ける,あける,期間,どのくらい,どれくらい,何週間,何日あける,同日,してから,次の施術"
HARG,脱毛,（翌日）,HARGと脱毛の間隔／HARGと脱毛の間隔は何週間ですか？／HARGの後に脱毛はどのくらい空けますか？／HARGと脱毛はどのくらい間隔をあけますか？／HARGしてから脱毛まではどのくらい期間をあけたらいいですか？／HARGの後に脱毛はいつ受けられますか？／HARGと脱毛は同日にできますか？,HARGの後に脱毛（部位が異なります）は翌日以降であれば受けられます。施術内容やお肌の状態によって前後することがあります。また回答の施術間隔は当院で治療をした方の目安であり、他院で治療をされている場合は直接お電話にてお問い合わせくださいませ。,"HARG,脱毛,ハーグ,HARG療法,医療脱毛,顔脱毛,全身脱毛,VIO脱毛,ひげ脱毛,レーザー脱毛,間隔,空ける,あける,期間,どのくらい,どれくらい,何週間,何日あける,同日,してから,次の施術"
HARG,タトゥー,（翌日）,HARGとタトゥーの間隔／HARGとタトゥーの間隔は何週間ですか？／HARGの後にタトゥーはどのくらい空けますか？／HARGとタトゥーはどのくらい間隔をあけますか？／HARGしてからタトゥーまではどのくらい期間をあけたらいいですか？／HARGの後にタトゥーはいつ受けられますか？／HARGとタトゥーは同日にできますか？,HARGの後にタトゥー（部位が異なります）は翌日以降であれば受けられます。施術内容やお肌の状態によって前後することがあります。また回答の施術間隔は当院で治療をした方の目安であり、他院で治療をされている場合は直接お電話にてお問い合わせくださいませ。,"HARG,タトゥー,ハーグ,HARG療法,刺青,タトゥー除去,間隔,空ける,あける,期間,どのくらい,どれくらい,何週間,何日あける,同日,してから,次の施術"
HARG,アートメイク,同日可,HARGとアートメイクの間隔／HARGとアートメイクの間隔は何週間ですか？／HARGの後にアートメイクはどのくらい空けますか？／HARGとアートメイクはどのくらい間隔をあけますか？／HARGしてからアートメイクまではどのくらい期間をあけたらいいですか？／HARGの後にアートメイクはいつ受けられますか？／HARGとアートメイクは同日にできますか？,HARGとアートメイクは同日に受けられます。施術内容やお肌の状態によって前後することがあります。また回答の施術間隔は当院で治療をした方の目安であり、他院で治療をされている場合は直接お電話にてお問い合わせくださいませ。,"HARG,アートメイク,ハーグ,HARG療法,間隔,空ける,あける,期間,どのくらい,どれくらい,何週間,何日あける,同日,してから,次の施術"
スカルプ・プラセンタエッセンス,ハイドラジェントル,同日可,スカルプ・プラセンタエッセンスとハイドラジェントルの間隔／スカルプ・プラセンタエッセンスとハイドラジェントルの間隔は何週間ですか？／スカルプ・プラセンタエッセンスの後にハイドラジェントルはどのくらい空けますか？／スカルプ・プラセンタエッセンスとハイドラジェントルはどのくらい間隔をあけますか？／スカルプ・プラセンタエッセンスしてからハイドラジェントルまではどのくらい期間をあけたらいいですか？／スカルプ・プラセンタエッセンスの後にハイドラジェントルはいつ受けられますか？／スカルプ・プラセンタエッセンスとハイドラジェントルは同日にできますか？,スカルプ・プラセンタエッセンスとハイドラジェントルは同日に受けられます。施術内容やお肌の状態によって前後することがあります。また回答の施術間隔は当院で治療をした方の目安であり、他院で治療をされている場合は直接お電話にてお問い合わせくださいませ。,"スカルプ・プラセンタエッセンス,ハイドラジェントル,スカルプ,プラセンタ,ハイドラ,間隔,空ける,あける,期間,どのくらい,どれくらい,何週間,何日あける,同日,してから,次の施術"
スカルプ・プラセンタエッセンス,ケミカルピーリング,（翌日）,スカルプ・プラセンタエッセンスとケミカルピーリングの間隔／スカルプ・プラセンタエッセンスとケミカルピーリングの間隔は何週間ですか？／スカルプ・プラセンタエッセンスの後にケミカルピーリングはどのくらい空けますか？／スカルプ・プラセンタエッセンスとケミカルピーリングはどのくらい間隔をあけますか？／スカルプ・プラセンタエッセンスしてからケミカルピーリングまではどのくらい期間をあけたらいいですか？／スカルプ・プラセンタエッセンスの後にケミカルピーリングはいつ受けられますか？／スカルプ・プラセンタエッセンスとケミカルピーリングは同日にできますか？,スカルプ・プラセンタエッセンスの後にケミカルピーリング（部位が異なります）は翌日以降であれば受けられます。施術内容やお肌の状態によって前後することがあります。また回答の施術間隔は当院で治療をした方の目安であり、他院で治療をされている場合は直接お電話にてお問い合わせくださいませ。,"スカルプ・プラセンタエッセンス,ケミカルピーリング,スカルプ,プラセンタ,ピーリング,間隔,空ける,あける,期間,どのくらい,どれくらい,何週間,何日あける,同日,してから,次の施術"
スカルプ・プラセンタエッセンス,スマートサイドドット（2回目以降）,（翌日）,スカルプ・プラセンタエッセンスとスマートサイドドット（2回目以降）の間隔／スカルプ・プラセンタエッセンスとスマートサイドドット（2回目以降）の間隔は何週間ですか？／スカルプ・プラセンタエッセンスの後にスマートサイドドット（2回目以降）はどのくらい空けますか？／スカルプ・プラセンタエッセンスとスマートサイドドット（2回目以降）はどのくらい間隔をあけますか？／スカルプ・プラセンタエッセンスしてからスマートサイドドット（2回目以降）まではどのくらい期間をあけたらいいですか？／スカルプ・プラセンタエッセンスの後にスマートサイドドット（2回目以降）はいつ受けられますか？／スカルプ・プラセンタエッセンスとスマートサイドドット（2回目以降）は同日にできますか？,スカルプ・プラセンタエッセンスの後にスマートサイドドット（2回目以降）（部位が異なります）は翌日以降であれば受けられます。施術内容やお肌の状態によって前後することがあります。また回答の施術間隔は当院で治療をした方の目安であり、他院で治療をされている場合は直接お電話にてお問い合わせくださいませ。,"スカルプ・プラセンタエッセンス,スマートサイドドット（2回目以降）,スカルプ,プラセンタ,スマサイ,スマートサイドドット,間隔,空ける,あける,期間,どのくらい,どれくらい,何週間,何日あける,同日,してから,次の施術"
スカルプ・プラセンタエッセンス,スマートサイドドット（初回）,（翌日）,スカルプ・プラセンタエッセンスとスマートサイドドット（初回）の間隔／スカルプ・プラセンタエッセンスとスマートサイドドット（初回）の間隔は何週間ですか？／スカルプ・プラセンタエッセンスの後にスマートサイドドット（初回）はどのくらい空けますか？／スカルプ・プラセンタエッセンスとスマートサイドドット（初回）はどのくらい間隔をあけますか？／スカルプ・プラセンタエッセンスしてからスマートサイドドット（初回）まではどのくらい期間をあけたらいいですか？／スカルプ・プラセンタエッセンスの後にスマートサイドドット（初回）はいつ受けられますか？／スカルプ・プラセンタエッセンスとスマートサイドドット（初回）は同日にできますか？,スカルプ・プラセンタエッセンスの後にスマートサイドドット（初回）（部位が異なります）は翌日以降であれば受けられます。施術内容やお肌の状態によって前後することがあります。また回答の施術間隔は当院で治療をした方の目安であり、他院で治療をされている場合は直接お電話にてお問い合わせくださいませ。,"スカルプ・プラセンタエッセンス,スマートサイドドット（初回）,スカルプ,プラセンタ,スマサイ,スマートサイドドット,間隔,空ける,あける,期間,どのくらい,どれくらい,何週間,何日あける,同日,してから,次の施術"
スカルプ・プラセンタエッセンス,イボレーザー/CO2レーザー,（翌日）,スカルプ・プラセンタエッセンスとイボレーザー/CO2レーザーの間隔／スカルプ・プラセンタエッセンスとイボレーザー/CO2レーザーの間隔は何週間ですか？／スカルプ・プラセンタエッセンスの後にイボレーザー/CO2レーザーはどのくらい空けますか？／スカルプ・プラセンタエッセンスとイボレーザー/CO2レーザーはどのくらい間隔をあけますか？／スカルプ・プラセンタエッセンスしてからイボレーザー/CO2レーザーまではどのくらい期間をあけたらいいですか？／スカルプ・プラセンタエッセンスの後にイボレーザー/CO2レーザーはいつ受けられますか？／スカルプ・プラセンタエッセンスとイボレーザー/CO2レーザーは同日にできますか？,スカルプ・プラセンタエッセンスの後にイボレーザー/CO2レーザー（部位が異なります）は翌日以降であれば受けられます。施術内容やお肌の状態によって前後することがあります。また回答の施術間隔は当院で治療をした方の目安であり、他院で治療をされている場合は直接お電話にてお問い合わせくださいませ。,"スカルプ・プラセンタエッセンス,イボレーザー/CO2レーザー,スカルプ,プラセンタ,炭酸ガスレーザー,CO2レーザー,イボ取り,いぼレーザー,間隔,空ける,あける,期間,どのくらい,どれくらい,何週間,何日あける,同日,してから,次の施術"
スカルプ・プラセンタエッセンス,シミ取りレーザー,（翌日）,スカルプ・プラセンタエッセンスとシミ取りレーザーの間隔／スカルプ・プラセンタエッセンスとシミ取りレーザーの間隔は何週間ですか？／スカルプ・プラセンタエッセンスの後にシミ取りレーザーはどのくらい空けますか？／スカルプ・プラセンタエッセンスとシミ取りレーザーはどのくらい間隔をあけますか？／スカルプ・プラセンタエッセンスしてからシミ取りレーザーまではどのくらい期間をあけたらいいですか？／スカルプ・プラセンタエッセンスの後にシミ取りレーザーはいつ受けられますか？／スカルプ・プラセンタエッセンスとシミ取りレーザーは同日にできますか？,スカルプ・プラセンタエッセンスの後にシミ取りレーザー（部位が異なります）は翌日以降であれば受けられます。施術内容やお肌の状態によって前後することがあります。また回答の施術間隔は当院で治療をした方の目安であり、他院で治療をされている場合は直接お電話にてお問い合わせくださいませ。,"スカルプ・プラセンタエッセンス,シミ取りレーザー,スカルプ,プラセンタ,シミレーザー,シミ取り,間隔,空ける,あける,期間,どのくらい,どれくらい,何週間,何日あける,同日,してから,次の施術"
スカルプ・プラセンタエッセンス,ADM/ピコレーザ,（翌日）,スカルプ・プラセンタエッセンスとADM/ピコレーザの間隔／スカルプ・プラセンタエッセンスとADM/ピコレーザの間隔は何週間ですか？／スカルプ・プラセンタエッセンスの後にADM/ピコレーザはどのくらい空けますか？／スカルプ・プラセンタエッセンスとADM/ピコレーザはどのくらい間隔をあけますか？／スカルプ・プラセンタエッセンスしてからADM/ピコレーザまではどのくらい期間をあけたらいいですか？／スカルプ・プラセンタエッセンスの後にADM/ピコレーザはいつ受けられますか？／スカルプ・プラセンタエッセンスとADM/ピコレーザは同日にできますか？,スカルプ・プラセンタエッセンスの後にADM/ピコレーザ（部位が異なります）は翌日以降であれば受けられます。施術内容やお肌の状態によって前後することがあります。また回答の施術間隔は当院で治療をした方の目安であり、他院で治療をされている場合は直接お電話にてお問い合わせくださいませ。,"スカルプ・プラセンタエッセンス,ADM/ピコレーザ,スカルプ,プラセンタ,ADMレーザー,ピコレーザー,ADM,間隔,空ける,あける,期間,どのくらい,どれくらい,何週間,何日あける,同日,してから,次の施術"
スカルプ・プラセンタエッセンス,ADM/ナノレーザー,（翌日）,スカルプ・プラセンタエッセンスとADM/ナノレーザーの間隔／スカルプ・プラセンタエッセンスとADM/ナノレーザーの間隔は何週間ですか？／スカルプ・プラセンタエッセンスの後にADM/ナノレーザーはどのくらい空けますか？／スカルプ・プラセンタエッセンスとADM/ナノレーザーはどのくらい間隔をあけますか？／スカルプ・プラセンタエッセンスしてからADM/ナノレーザーまではどのくらい期間をあけたらいいですか？／スカルプ・プラセンタエッセンスの後にADM/ナノレーザーはいつ受けられますか？／スカルプ・プラセンタエッセンスとADM/ナノレーザーは同日にできますか？,スカルプ・プラセンタエッセンスの後にADM/ナノレーザー（部位が異なります）は翌日以降であれば受けられます。施術内容やお肌の状態によって前後することがあります。また回答の施術間隔は当院で治療をした方の目安であり、他院で治療をされている場合は直接お電話にてお問い合わせくださいませ。,"スカルプ・プラセンタエッセンス,ADM/ナノレーザー,スカルプ,プラセンタ,ADMレーザー,ナノレーザー,ADM,間隔,空ける,あける,期間,どのくらい,どれくらい,何週間,何日あける,同日,してから,次の施術"
スカルプ・プラセンタエッセンス,レーザートーニング,（翌日）,スカルプ・プラセンタエッセンスとレーザートーニングの間隔／スカルプ・プラセンタエッセンスとレーザートーニングの間隔は何週間ですか？／スカルプ・プラセンタエッセンスの後にレーザートーニングはどのくらい空けますか？／スカルプ・プラセンタエッセンスとレーザートーニングはどのくらい間隔をあけますか？／スカルプ・プラセンタエッセンスしてからレーザートーニングまではどのくらい期間をあけたらいいですか？／スカルプ・プラセンタエッセンスの後にレーザートーニングはいつ受けられますか？／スカルプ・プラセンタエッセンスとレーザートーニングは同日にできますか？,スカルプ・プラセンタエッセンスの後にレーザートーニング（部位が異なります）は翌日以降であれば受けられます。施術内容やお肌の状態によって前後することがあります。また回答の施術間隔は当院で治療をした方の目安であり、他院で治療をされている場合は直接お電話にてお問い合わせくださいませ。,"スカルプ・プラセンタエッセンス,レーザートーニング,スカルプ,プラセンタ,トーニング,間隔,空ける,あける,期間,どのくらい,どれくらい,何週間,何日あける,同日,してから,次の施術"
スカルプ・プラセンタエッセンス,ピコトーニング,（翌日）,スカルプ・プラセンタエッセンスとピコトーニングの間隔／スカルプ・プラセンタエッセンスとピコトーニングの間隔は何週間ですか？／スカルプ・プラセンタエッセンスの後にピコトーニングはどのくらい空けますか？／スカルプ・プラセンタエッセンスとピコトーニングはどのくらい間隔をあけますか？／スカルプ・プラセンタエッセンスしてからピコトーニングまではどのくらい期間をあけたらいいですか？／スカルプ・プラセンタエッセンスの後にピコトーニングはいつ受けられますか？／スカルプ・プラセンタエッセンスとピコトーニングは同日にできますか？,スカルプ・プラセンタエッセンスの後にピコトーニング（部位が異なります）は翌日以降であれば受けられます。施術内容やお肌の状態によって前後することがあります。また回答の施術間隔は当院で治療をした方の目安であり、他院で治療をされている場合は直接お電話にてお問い合わせくださいませ。,"スカルプ・プラセンタエッセンス,ピコトーニング,スカルプ,プラセンタ,トーニング,ピコ,間隔,空ける,あける,期間,どのくらい,どれくらい,何週間,何日あける,同日,してから,次の施術"
スカルプ・プラセンタエッセンス,ピコフラクショナル,（翌日）,スカルプ・プラセンタエッセンスとピコフラクショナルの間隔／スカルプ・プラセンタエッセンスとピコフラクショナルの間隔は何週間ですか？／スカルプ・プラセンタエッセンスの後にピコフラクショナルはどのくらい空けますか？／スカルプ・プラセンタエッセンスとピコフラクショナルはどのくらい間隔をあけますか？／スカルプ・プラセンタエッセンスしてからピコフラクショナルまではどのくらい期間をあけたらいいですか？／スカルプ・プラセンタエッセンスの後にピコフラクショナルはいつ受けられますか？／スカルプ・プラセンタエッセンスとピコフラクショナルは同日にできますか？,スカルプ・プラセンタエッセンスの後にピコフラクショナル（部位が異なります）は翌日以降であれば受けられます。施術内容やお肌の状態によって前後することがあります。また回答の施術間隔は当院で治療をした方の目安であり、他院で治療をされている場合は直接お電話にてお問い合わせくださいませ。,"スカルプ・プラセンタエッセンス,ピコフラクショナル,スカルプ,プラセンタ,フラクショナル,間隔,空ける,あける,期間,どのくらい,どれくらい,何週間,何日あける,同日,してから,次の施術"
スカルプ・プラセンタエッセンス,そばかすシャワー,（翌日）,スカルプ・プラセンタエッセンスとそばかすシャワーの間隔／スカルプ・プラセンタエッセンスとそばかすシャワーの間隔は何週間ですか？／スカルプ・プラセンタエッセンスの後にそばかすシャワーはどのくらい空けますか？／スカルプ・プラセンタエッセンスとそばかすシャワーはどのくらい間隔をあけますか？／スカルプ・プラセンタエッセンスしてからそばかすシャワーまではどのくらい期間をあけたらいいですか？／スカルプ・プラセンタエッセンスの後にそばかすシャワーはいつ受けられますか？／スカルプ・プラセンタエッセンスとそばかすシャワーは同日にできますか？,スカルプ・プラセンタエッセンスの後にそばかすシャワー（部位が異なります）は翌日以降であれば受けられます。施術内容やお肌の状態によって前後することがあります。また回答の施術間隔は当院で治療をした方の目安であり、他院で治療をされている場合は直接お電話にてお問い合わせくださいませ。,"スカルプ・プラセンタエッセンス,そばかすシャワー,スカルプ,プラセンタ,そばかす,間隔,空ける,あける,期間,どのくらい,どれくらい,何週間,何日あける,同日,してから,次の施術"
スカルプ・プラセンタエッセンス,そばかすスポット,（翌日）,スカルプ・プラセンタエッセンスとそばかすスポットの間隔／スカルプ・プラセンタエッセンスとそばかすスポットの間隔は何週間ですか？／スカルプ・プラセンタエッセンスの後にそばかすスポットはどのくらい空けますか？／スカルプ・プラセンタエッセンスとそばかすスポットはどのくらい間隔をあけますか？／スカルプ・プラセンタエッセンスしてからそばかすスポットまではどのくらい期間をあけたらいいですか？／スカルプ・プラセンタエッセンスの後にそばかすスポットはいつ受けられますか？／スカルプ・プラセンタエッセンスとそばかすスポットは同日にできますか？,スカルプ・プラセンタエッセンスの後にそばかすスポット（部位が異なります）は翌日以降であれば受けられます。施術内容やお肌の状態によって前後することがあります。また回答の施術間隔は当院で治療をした方の目安であり、他院で治療をされている場合は直接お電話にてお問い合わせくださいませ。,"スカルプ・プラセンタエッセンス,そばかすスポット,スカルプ,プラセンタ,そばかす,間隔,空ける,あける,期間,どのくらい,どれくらい,何週間,何日あける,同日,してから,次の施術"
スカルプ・プラセンタエッセンス,フォト/光治療,（翌日）,スカルプ・プラセンタエッセンスとフォト/光治療の間隔／スカルプ・プラセンタエッセンスとフォト/光治療の間隔は何週間ですか？／スカルプ・プラセンタエッセンスの後にフォト/光治療はどのくらい空けますか？／スカルプ・プラセンタエッセンスとフォト/光治療はどのくらい間隔をあけますか？／スカルプ・プラセンタエッセンスしてからフォト/光治療まではどのくらい期間をあけたらいいですか？／スカルプ・プラセンタエッセンスの後にフォト/光治療はいつ受けられますか？／スカルプ・プラセンタエッセンスとフォト/光治療は同日にできますか？,スカルプ・プラセンタエッセンスの後にフォト/光治療（部位が異なります）は翌日以降であれば受けられます。施術内容やお肌の状態によって前後することがあります。また回答の施術間隔は当院で治療をした方の目安であり、他院で治療をされている場合は直接お電話にてお問い合わせくださいませ。,"スカルプ・プラセンタエッセンス,フォト/光治療,スカルプ,プラセンタ,フォトフェイシャル,フォト,光治療,IPL,間隔,空ける,あける,期間,どのくらい,どれくらい,何週間,何日あける,同日,してから,次の施術"
スカルプ・プラセンタエッセンス,赤み治療,（翌日）,スカルプ・プラセンタエッセンスと赤み治療の間隔／スカルプ・プラセンタエッセンスと赤み治療の間隔は何週間ですか？／スカルプ・プラセンタエッセンスの後に赤み治療はどのくらい空けますか？／スカルプ・プラセンタエッセンスと赤み治療はどのくらい間隔をあけますか？／スカルプ・プラセンタエッセンスしてから赤み治療まではどのくらい期間をあけたらいいですか？／スカルプ・プラセンタエッセンスの後に赤み治療はいつ受けられますか？／スカルプ・プラセンタエッセンスと赤み治療は同日にできますか？,スカルプ・プラセンタエッセンスの後に赤み治療（部位が異なります）は翌日以降であれば受けられます。施術内容やお肌の状態によって前後することがあります。また回答の施術間隔は当院で治療をした方の目安であり、他院で治療をされている場合は直接お電話にてお問い合わせくださいませ。,"スカルプ・プラセンタエッセンス,赤み治療,スカルプ,プラセンタ,血管腫レーザー,赤ら顔,間隔,空ける,あける,期間,どのくらい,どれくらい,何週間,何日あける,同日,してから,次の施術"
スカルプ・プラセンタエッセンス,ボトックス,（翌日）,スカルプ・プラセンタエッセンスとボトックスの間隔／スカルプ・プラセンタエッセンスとボトックスの間隔は何週間ですか？／スカルプ・プラセンタエッセンスの後にボトックスはどのくらい空けますか？／スカルプ・プラセンタエッセンスとボトックスはどのくらい間隔をあけますか？／スカルプ・プラセンタエッセンスしてからボトックスまではどのくらい期間をあけたらいいですか？／スカルプ・プラセンタエッセンスの後にボトックスはいつ受けられますか？／スカルプ・プラセンタエッセンスとボトックスは同日にできますか？,スカルプ・プラセンタエッセンスの後にボトックス（部位が異なります）は翌日以降であれば受けられます。施術内容やお肌の状態によって前後することがあります。また回答の施術間隔は当院で治療をした方の目安であり、他院で治療をされている場合は直接お電話にてお問い合わせくださいませ。,"スカルプ・プラセンタエッセンス,ボトックス,スカルプ,プラセンタ,ボトックス注射,間隔,空ける,あける,期間,どのくらい,どれくらい,何週間,何日あける,同日,してから,次の施術"
スカルプ・プラセンタエッセンス,ボトックス（マイクロ）,（翌日）,スカルプ・プラセンタエッセンスとボトックス（マイクロ）の間隔／スカルプ・プラセンタエッセンスとボトックス（マイクロ）の間隔は何週間ですか？／スカルプ・プラセンタエッセンスの後にボトックス（マイクロ）はどのくらい空けますか？／スカルプ・プラセンタエッセンスとボトックス（マイクロ）はどのくらい間隔をあけますか？／スカルプ・プラセンタエッセンスしてからボトックス（マイクロ）まではどのくらい期間をあけたらいいですか？／スカルプ・プラセンタエッセンスの後にボトックス（マイクロ）はいつ受けられますか？／スカルプ・プラセンタエッセンスとボトックス（マイクロ）は同日にできますか？,スカルプ・プラセンタエッセンスの後にボトックス（マイクロ）（部位が異なります）は翌日以降であれば受けられます。施術内容やお肌の状態によって前後することがあります。また回答の施術間隔は当院で治療をした方の目安であり、他院で治療をされている場合は直接お電話にてお問い合わせくださいませ。,"スカルプ・プラセンタエッセンス,ボトックス（マイクロ）,スカルプ,プラセンタ,マイクロボトックス,間隔,空ける,あける,期間,どのくらい,どれくらい,何週間,何日あける,同日,してから,次の施術"
スカルプ・プラセンタエッセンス,フラルスキン部分シミ,（翌日）,スカルプ・プラセンタエッセンスとフラルスキン部分シミの間隔／スカルプ・プラセンタエッセンスとフラルスキン部分シミの間隔は何週間ですか？／スカルプ・プラセンタエッセンスの後にフラルスキン部分シミはどのくらい空けますか？／スカルプ・プラセンタエッセンスとフラルスキン部分シミはどのくらい間隔をあけますか？／スカルプ・プラセンタエッセンスしてからフラルスキン部分シミまではどのくらい期間をあけたらいいですか？／スカルプ・プラセンタエッセンスの後にフラルスキン部分シミはいつ受けられますか？／スカルプ・プラセンタエッセンスとフラルスキン部分シミは同日にできますか？,スカルプ・プラセンタエッセンスの後にフラルスキン部分シミ（部位が異なります）は翌日以降であれば受けられます。施術内容やお肌の状態によって前後することがあります。また回答の施術間隔は当院で治療をした方の目安であり、他院で治療をされている場合は直接お電話にてお問い合わせくださいませ。,"スカルプ・プラセンタエッセンス,フラルスキン部分シミ,スカルプ,プラセンタ,間隔,空ける,あける,期間,どのくらい,どれくらい,何週間,何日あける,同日,してから,次の施術"
スカルプ・プラセンタエッセンス,テノールネオ,（翌日）,スカルプ・プラセンタエッセンスとテノールネオの間隔／スカルプ・プラセンタエッセンスとテノールネオの間隔は何週間ですか？／スカルプ・プラセンタエッセンスの後にテノールネオはどのくらい空けますか？／スカルプ・プラセンタエッセンスとテノールネオはどのくらい間隔をあけますか？／スカルプ・プラセンタエッセンスしてからテノールネオまではどのくらい期間をあけたらいいですか？／スカルプ・プラセンタエッセンスの後にテノールネオはいつ受けられますか？／スカルプ・プラセンタエッセンスとテノールネオは同日にできますか？,スカルプ・プラセンタエッセンスの後にテノールネオ（部位が異なります）は翌日以降であれば受けられます。施術内容やお肌の状態によって前後することがあります。また回答の施術間隔は当院で治療をした方の目安であり、他院で治療をされている場合は直接お電話にてお問い合わせくださいませ。,"スカルプ・プラセンタエッセンス,テノールネオ,スカルプ,プラセンタ,テノールNEO,テノール,間隔,空ける,あける,期間,どのくらい,どれくらい,何週間,何日あける,同日,してから,次の施術"
スカルプ・プラセンタエッセンス,mikoメソッド,（翌日）,スカルプ・プラセンタエッセンスとmikoメソッドの間隔／スカルプ・プラセンタエッセンスとmikoメソッドの間隔は何週間ですか？／スカルプ・プラセンタエッセンスの後にmikoメソッドはどのくらい空けますか？／スカルプ・プラセンタエッセンスとmikoメソッドはどのくらい間隔をあけますか？／スカルプ・プラセンタエッセンスしてからmikoメソッドまではどのくらい期間をあけたらいいですか？／スカルプ・プラセンタエッセンスの後にmikoメソッドはいつ受けられますか？／スカルプ・プラセンタエッセンスとmikoメソッドは同日にできますか？,スカルプ・プラセンタエッセンスの後にmikoメソッド（部位が異なります）は翌日以降であれば受けられます。施術内容やお肌の状態によって前後することがあります。また回答の施術間隔は当院で治療をした方の目安であり、他院で治療をされている場合は直接お電話にてお問い合わせくださいませ。,"スカルプ・プラセンタエッセンス,mikoメソッド,スカルプ,プラセンタ,miko,ミコメソッド,首イボ,間隔,空ける,あける,期間,どのくらい,どれくらい,何週間,何日あける,同日,してから,次の施術"
スカルプ・プラセンタエッセンス,ほくろ切除/ほくろ除去,（翌日）,スカルプ・プラセンタエッセンスとほくろ切除/ほくろ除去の間隔／スカルプ・プラセンタエッセンスとほくろ切除/ほくろ除去の間隔は何週間ですか？／スカルプ・プラセンタエッセンスの後にほくろ切除/ほくろ除去はどのくらい空けますか？／スカルプ・プラセンタエッセンスとほくろ切除/ほくろ除去はどのくらい間隔をあけますか？／スカルプ・プラセンタエッセンスしてからほくろ切除/ほくろ除去まではどのくらい期間をあけたらいいですか？／スカルプ・プラセンタエッセンスの後にほくろ切除/ほくろ除去はいつ受けられますか？／スカルプ・プラセンタエッセンスとほくろ切除/ほくろ除去は同日にできますか？,スカルプ・プラセンタエッセンスの後にほくろ切除/ほくろ除去（部位が異なります）は翌日以降であれば受けられます。施術内容やお肌の状態によって前後することがあります。また回答の施術間隔は当院で治療をした方の目安であり、他院で治療をされている場合は直接お電話にてお問い合わせくださいませ。,"スカルプ・プラセンタエッセンス,ほくろ切除/ほくろ除去,スカルプ,プラセンタ,ほくろ除去,ほくろ,間隔,空ける,あける,期間,どのくらい,どれくらい,何週間,何日あける,同日,してから,次の施術"
スカルプ・プラセンタエッセンス,ボライト,（翌日）,スカルプ・プラセンタエッセンスとボライトの間隔／スカルプ・プラセンタエッセンスとボライトの間隔は何週間ですか？／スカルプ・プラセンタエッセンスの後にボライトはどのくらい空けますか？／スカルプ・プラセンタエッセンスとボライトはどのくらい間隔をあけますか？／スカルプ・プラセンタエッセンスしてからボライトまではどのくらい期間をあけたらいいですか？／スカルプ・プラセンタエッセンスの後にボライトはいつ受けられますか？／スカルプ・プラセンタエッセンスとボライトは同日にできますか？,スカルプ・プラセンタエッセンスの後にボライト（部位が異なります）は翌日以降であれば受けられます。施術内容やお肌の状態によって前後することがあります。また回答の施術間隔は当院で治療をした方の目安であり、他院で治療をされている場合は直接お電話にてお問い合わせくださいませ。,"スカルプ・プラセンタエッセンス,ボライト,スカルプ,プラセンタ,間隔,空ける,あける,期間,どのくらい,どれくらい,何週間,何日あける,同日,してから,次の施術"
スカルプ・プラセンタエッセンス,稗粒腫,（翌日）,スカルプ・プラセンタエッセンスと稗粒腫の間隔／スカルプ・プラセンタエッセンスと稗粒腫の間隔は何週間ですか？／スカルプ・プラセンタエッセンスの後に稗粒腫はどのくらい空けますか？／スカルプ・プラセンタエッセンスと稗粒腫はどのくらい間隔をあけますか？／スカルプ・プラセンタエッセンスしてから稗粒腫まではどのくらい期間をあけたらいいですか？／スカルプ・プラセンタエッセンスの後に稗粒腫はいつ受けられますか？／スカルプ・プラセンタエッセンスと稗粒腫は同日にできますか？,スカルプ・プラセンタエッセンスの後に稗粒腫（部位が異なります）は翌日以降であれば受けられます。施術内容やお肌の状態によって前後することがあります。また回答の施術間隔は当院で治療をした方の目安であり、他院で治療をされている場合は直接お電話にてお問い合わせくださいませ。,"スカルプ・プラセンタエッセンス,稗粒腫,スカルプ,プラセンタ,間隔,空ける,あける,期間,どのくらい,どれくらい,何週間,何日あける,同日,してから,次の施術"
スカルプ・プラセンタエッセンス,ヴェルヴェットスキン,翌日,スカルプ・プラセンタエッセンスとヴェルヴェットスキンの間隔／スカルプ・プラセンタエッセンスとヴェルヴェットスキンの間隔は何週間ですか？／スカルプ・プラセンタエッセンスの後にヴェルヴェットスキンはどのくらい空けますか？／スカルプ・プラセンタエッセンスとヴェルヴェットスキンはどのくらい間隔をあけますか？／スカルプ・プラセンタエッセンスしてからヴェルヴェットスキンまではどのくらい期間をあけたらいいですか？／スカルプ・プラセンタエッセンスの後にヴェルヴェットスキンはいつ受けられますか？／スカルプ・プラセンタエッセンスとヴェルヴェットスキンは同日にできますか？,スカルプ・プラセンタエッセンスの後にヴェルヴェットスキンは翌日以降であれば受けられます。施術内容やお肌の状態によって前後することがあります。また回答の施術間隔は当院で治療をした方の目安であり、他院で治療をされている場合は直接お電話にてお問い合わせくださいませ。,"スカルプ・プラセンタエッセンス,ヴェルヴェットスキン,スカルプ,プラセンタ,ヴェルヴェット,ベルベットスキン,間隔,空ける,あける,期間,どのくらい,どれくらい,何週間,何日あける,同日,してから,次の施術"
スカルプ・プラセンタエッセンス,ダーマペン,翌日,スカルプ・プラセンタエッセンスとダーマペンの間隔／スカルプ・プラセンタエッセンスとダーマペンの間隔は何週間ですか？／スカルプ・プラセンタエッセンスの後にダーマペンはどのくらい空けますか？／スカルプ・プラセンタエッセンスとダーマペンはどのくらい間隔をあけますか？／スカルプ・プラセンタエッセンスしてからダーマペンまではどのくらい期間をあけたらいいですか？／スカルプ・プラセンタエッセンスの後にダーマペンはいつ受けられますか？／スカルプ・プラセンタエッセンスとダーマペンは同日にできますか？,スカルプ・プラセンタエッセンスの後にダーマペンは翌日以降であれば受けられます。施術内容やお肌の状態によって前後することがあります。また回答の施術間隔は当院で治療をした方の目安であり、他院で治療をされている場合は直接お電話にてお問い合わせくださいませ。,"スカルプ・プラセンタエッセンス,ダーマペン,スカルプ,プラセンタ,ダーマペン4,間隔,空ける,あける,期間,どのくらい,どれくらい,何週間,何日あける,同日,してから,次の施術"
スカルプ・プラセンタエッセンス,HARG,1週間,スカルプ・プラセンタエッセンスとHARGの間隔／スカルプ・プラセンタエッセンスとHARGの間隔は何週間ですか？／スカルプ・プラセンタエッセンスの後にHARGはどのくらい空けますか？／スカルプ・プラセンタエッセンスとHARGはどのくらい間隔をあけますか？／スカルプ・プラセンタエッセンスしてからHARGまではどのくらい期間をあけたらいいですか？／スカルプ・プラセンタエッセンスの後にHARGはいつ受けられますか？／スカルプ・プラセンタエッセンスとHARGは同日にできますか？,スカルプ・プラセンタエッセンスとHARGは、別の部位であれば原則として同日に受けられます。同じ部位にHARGを受ける場合は1週間あけてください。施術内容やお肌の状態によって前後することがあります。また回答の施術間隔は当院で治療をした方の目安であり、他院で治療をされている場合は直接お電話にてお問い合わせくださいませ。,"スカルプ・プラセンタエッセンス,HARG,スカルプ,プラセンタ,ハーグ,HARG療法,間隔,空ける,あける,期間,どのくらい,どれくらい,何週間,何日あける,同日,してから,次の施術"
スカルプ・プラセンタエッセンス,スカルプ・プラセンタエッセンス,1週間,スカルプ・プラセンタエッセンスとスカルプ・プラセンタエッセンスの間隔／スカルプ・プラセンタエッセンスとスカルプ・プラセンタエッセンスの間隔は何週間ですか？／スカルプ・プラセンタエッセンスの後にスカルプ・プラセンタエッセンスはどのくらい空けますか？／スカルプ・プラセンタエッセンスとスカルプ・プラセンタエッセンスはどのくらい間隔をあけますか？／スカルプ・プラセンタエッセンスしてからスカルプ・プラセンタエッセンスまではどのくらい期間をあけたらいいですか？／スカルプ・プラセンタエッセンスの後にスカルプ・プラセンタエッセンスはいつ受けられますか？／スカルプ・プラセンタエッセンスとスカルプ・プラセンタエッセンスは同日にできますか？,スカルプ・プラセンタエッセンスを続けて（同じ部位に）受ける場合は1週間あけてください。施術内容やお肌の状態によって前後することがあります。また回答の施術間隔は当院で治療をした方の目安であり、他院で治療をされている場合は直接お電話にてお問い合わせくださいませ。,"スカルプ・プラセンタエッセンス,スカルプ,プラセンタ,間隔,空ける,あける,期間,どのくらい,どれくらい,何週間,何日あける,同日,してから,次の施術"
スカルプ・プラセンタエッセンス,コラーゲンピール,（翌日）,スカルプ・プラセンタエッセンスとコラーゲンピールの間隔／スカルプ・プラセンタエッセンスとコラーゲンピールの間隔は何週間ですか？／スカルプ・プラセンタエッセンスの後にコラーゲンピールはどのくらい空けますか？／スカルプ・プラセンタエッセンスとコラーゲンピールはどのくらい間隔をあけますか？／スカルプ・プラセンタエッセンスしてからコラーゲンピールまではどのくらい期間をあけたらいいですか？／スカルプ・プラセンタエッセンスの後にコラーゲンピールはいつ受けられますか？／スカルプ・プラセンタエッセンスとコラーゲンピールは同日にできますか？,スカルプ・プラセンタエッセンスの後にコラーゲンピール（部位が異なります）は翌日以降であれば受けられます。施術内容やお肌の状態によって前後することがあります。また回答の施術間隔は当院で治療をした方の目安であり、他院で治療をされている場合は直接お電話にてお問い合わせくださいませ。,"スカルプ・プラセンタエッセンス,コラーゲンピール,スカルプ,プラセンタ,マッサージピール,間隔,空ける,あける,期間,どのくらい,どれくらい,何週間,何日あける,同日,してから,次の施術"
スカルプ・プラセンタエッセンス,サーマクール,（翌日）,スカルプ・プラセンタエッセンスとサーマクールの間隔／スカルプ・プラセンタエッセンスとサーマクールの間隔は何週間ですか？／スカルプ・プラセンタエッセンスの後にサーマクールはどのくらい空けますか？／スカルプ・プラセンタエッセンスとサーマクールはどのくらい間隔をあけますか？／スカルプ・プラセンタエッセンスしてからサーマクールまではどのくらい期間をあけたらいいですか？／スカルプ・プラセンタエッセンスの後にサーマクールはいつ受けられますか？／スカルプ・プラセンタエッセンスとサーマクールは同日にできますか？,スカルプ・プラセンタエッセンスの後にサーマクール（部位が異なります）は翌日以降であれば受けられます。施術内容やお肌の状態によって前後することがあります。また回答の施術間隔は当院で治療をした方の目安であり、他院で治療をされている場合は直接お電話にてお問い合わせくださいませ。,"スカルプ・プラセンタエッセンス,サーマクール,スカルプ,プラセンタ,サーマ,間隔,空ける,あける,期間,どのくらい,どれくらい,何週間,何日あける,同日,してから,次の施術"
スカルプ・プラセンタエッセンス,ミラドライ,（翌日）,スカルプ・プラセンタエッセンスとミラドライの間隔／スカルプ・プラセンタエッセンスとミラドライの間隔は何週間ですか？／スカルプ・プラセンタエッセンスの後にミラドライはどのくらい空けますか？／スカルプ・プラセンタエッセンスとミラドライはどのくらい間隔をあけますか？／スカルプ・プラセンタエッセンスしてからミラドライまではどのくらい期間をあけたらいいですか？／スカルプ・プラセンタエッセンスの後にミラドライはいつ受けられますか？／スカルプ・プラセンタエッセンスとミラドライは同日にできますか？,スカルプ・プラセンタエッセンスの後にミラドライ（部位が異なります）は翌日以降であれば受けられます。施術内容やお肌の状態によって前後することがあります。また回答の施術間隔は当院で治療をした方の目安であり、他院で治療をされている場合は直接お電話にてお問い合わせくださいませ。,"スカルプ・プラセンタエッセンス,ミラドライ,スカルプ,プラセンタ,ワキガ,間隔,空ける,あける,期間,どのくらい,どれくらい,何週間,何日あける,同日,してから,次の施術"
スカルプ・プラセンタエッセンス,脱毛,（翌日）,スカルプ・プラセンタエッセンスと脱毛の間隔／スカルプ・プラセンタエッセンスと脱毛の間隔は何週間ですか？／スカルプ・プラセンタエッセンスの後に脱毛はどのくらい空けますか？／スカルプ・プラセンタエッセンスと脱毛はどのくらい間隔をあけますか？／スカルプ・プラセンタエッセンスしてから脱毛まではどのくらい期間をあけたらいいですか？／スカルプ・プラセンタエッセンスの後に脱毛はいつ受けられますか？／スカルプ・プラセンタエッセンスと脱毛は同日にできますか？,スカルプ・プラセンタエッセンスの後に脱毛（部位が異なります）は翌日以降であれば受けられます。施術内容やお肌の状態によって前後することがあります。また回答の施術間隔は当院で治療をした方の目安であり、他院で治療をされている場合は直接お電話にてお問い合わせくださいませ。,"スカルプ・プラセンタエッセンス,脱毛,スカルプ,プラセンタ,医療脱毛,顔脱毛,全身脱毛,VIO脱毛,ひげ脱毛,レーザー脱毛,間隔,空ける,あける,期間,どのくらい,どれくらい,何週間,何日あける,同日,してから,次の施術"
スカルプ・プラセンタエッセンス,タトゥー,（翌日）,スカルプ・プラセンタエッセンスとタトゥーの間隔／スカルプ・プラセンタエッセンスとタトゥーの間隔は何週間ですか？／スカルプ・プラセンタエッセンスの後にタトゥーはどのくらい空けますか？／スカルプ・プラセンタエッセンスとタトゥーはどのくらい間隔をあけますか？／スカルプ・プラセンタエッセンスしてからタトゥーまではどのくらい期間をあけたらいいですか？／スカルプ・プラセンタエッセンスの後にタトゥーはいつ受けられますか？／スカルプ・プラセンタエッセンスとタトゥーは同日にできますか？,スカルプ・プラセンタエッセンスの後にタトゥー（部位が異なります）は翌日以降であれば受けられます。施術内容やお肌の状態によって前後することがあります。また回答の施術間隔は当院で治療をした方の目安であり、他院で治療をされている場合は直接お電話にてお問い合わせくださいませ。,"スカルプ・プラセンタエッセンス,タトゥー,スカルプ,プラセンタ,刺青,タトゥー除去,間隔,空ける,あける,期間,どのくらい,どれくらい,何週間,何日あける,同日,してから,次の施術"
スカルプ・プラセンタエッセンス,アートメイク,同日可,スカルプ・プラセンタエッセンスとアートメイクの間隔／スカルプ・プラセンタエッセンスとアートメイクの間隔は何週間ですか？／スカルプ・プラセンタエッセンスの後にアートメイクはどのくらい空けますか？／スカルプ・プラセンタエッセンスとアートメイクはどのくらい間隔をあけますか？／スカルプ・プラセンタエッセンスしてからアートメイクまではどのくらい期間をあけたらいいですか？／スカルプ・プラセンタエッセンスの後にアートメイクはいつ受けられますか？／スカルプ・プラセンタエッセンスとアートメイクは同日にできますか？,スカルプ・プラセンタエッセンスとアートメイクは同日に受けられます。施術内容やお肌の状態によって前後することがあります。また回答の施術間隔は当院で治療をした方の目安であり、他院で治療をされている場合は直接お電話にてお問い合わせくださいませ。,"スカルプ・プラセンタエッセンス,アートメイク,スカルプ,プラセンタ,間隔,空ける,あける,期間,どのくらい,どれくらい,何週間,何日あける,同日,してから,次の施術"
コラーゲンピール,ハイドラジェントル,2週間,コラーゲンピールとハイドラジェントルの間隔／コラーゲンピールとハイドラジェントルの間隔は何週間ですか？／コラーゲンピールの後にハイドラジェントルはどのくらい空けますか？／コラーゲンピールとハイドラジェントルはどのくらい間隔をあけますか？／コラーゲンピールしてからハイドラジェントルまではどのくらい期間をあけたらいいですか？／コラーゲンピールの後にハイドラジェントルはいつ受けられますか？／コラーゲンピールとハイドラジェントルは同日にできますか？,コラーゲンピールとハイドラジェントルは、別の部位であれば原則として同日に受けられます。同じ部位にハイドラジェントルを受ける場合は2週間あけてください。施術内容やお肌の状態によって前後することがあります。また回答の施術間隔は当院で治療をした方の目安であり、他院で治療をされている場合は直接お電話にてお問い合わせくださいませ。,"コラーゲンピール,ハイドラジェントル,マッサージピール,ハイドラ,間隔,空ける,あける,期間,どのくらい,どれくらい,何週間,何日あける,同日,してから,次の施術"
コラーゲンピール,ケミカルピーリング,3週間,コラーゲンピールとケミカルピーリングの間隔／コラーゲンピールとケミカルピーリングの間隔は何週間ですか？／コラーゲンピールの後にケミカルピーリングはどのくらい空けますか？／コラーゲンピールとケミカルピーリングはどのくらい間隔をあけますか？／コラーゲンピールしてからケミカルピーリングまではどのくらい期間をあけたらいいですか？／コラーゲンピールの後にケミカルピーリングはいつ受けられますか？／コラーゲンピールとケミカルピーリングは同日にできますか？,コラーゲンピールとケミカルピーリングは、別の部位であれば原則として同日に受けられます。同じ部位にケミカルピーリングを受ける場合は3週間あけてください。施術内容やお肌の状態によって前後することがあります。また回答の施術間隔は当院で治療をした方の目安であり、他院で治療をされている場合は直接お電話にてお問い合わせくださいませ。,"コラーゲンピール,ケミカルピーリング,マッサージピール,ピーリング,間隔,空ける,あける,期間,どのくらい,どれくらい,何週間,何日あける,同日,してから,次の施術"
コラーゲンピール,スマートサイドドット（2回目以降）,2週間,コラーゲンピールとスマートサイドドット（2回目以降）の間隔／コラーゲンピールとスマートサイドドット（2回目以降）の間隔は何週間ですか？／コラーゲンピールの後にスマートサイドドット（2回目以降）はどのくらい空けますか？／コラーゲンピールとスマートサイドドット（2回目以降）はどのくらい間隔をあけますか？／コラーゲンピールしてからスマートサイドドット（2回目以降）まではどのくらい期間をあけたらいいですか？／コラーゲンピールの後にスマートサイドドット（2回目以降）はいつ受けられますか？／コラーゲンピールとスマートサイドドット（2回目以降）は同日にできますか？,コラーゲンピールとスマートサイドドット（2回目以降）は、別の部位であれば原則として同日に受けられます。同じ部位にスマートサイドドット（2回目以降）を受ける場合は2週間あけてください。施術内容やお肌の状態によって前後することがあります。また回答の施術間隔は当院で治療をした方の目安であり、他院で治療をされている場合は直接お電話にてお問い合わせくださいませ。,"コラーゲンピール,スマートサイドドット（2回目以降）,マッサージピール,スマサイ,スマートサイドドット,間隔,空ける,あける,期間,どのくらい,どれくらい,何週間,何日あける,同日,してから,次の施術"
コラーゲンピール,スマートサイドドット（初回）,2週間,コラーゲンピールとスマートサイドドット（初回）の間隔／コラーゲンピールとスマートサイドドット（初回）の間隔は何週間ですか？／コラーゲンピールの後にスマートサイドドット（初回）はどのくらい空けますか？／コラーゲンピールとスマートサイドドット（初回）はどのくらい間隔をあけますか？／コラーゲンピールしてからスマートサイドドット（初回）まではどのくらい期間をあけたらいいですか？／コラーゲンピールの後にスマートサイドドット（初回）はいつ受けられますか？／コラーゲンピールとスマートサイドドット（初回）は同日にできますか？,コラーゲンピールとスマートサイドドット（初回）は、別の部位であれば原則として同日に受けられます。同じ部位にスマートサイドドット（初回）を受ける場合は2週間あけてください。施術内容やお肌の状態によって前後することがあります。また回答の施術間隔は当院で治療をした方の目安であり、他院で治療をされている場合は直接お電話にてお問い合わせくださいませ。,"コラーゲンピール,スマートサイドドット（初回）,マッサージピール,スマサイ,スマートサイドドット,間隔,空ける,あける,期間,どのくらい,どれくらい,何週間,何日あける,同日,してから,次の施術"
コラーゲンピール,イボレーザー/CO2レーザー,2週間,コラーゲンピールとイボレーザー/CO2レーザーの間隔／コラーゲンピールとイボレーザー/CO2レーザーの間隔は何週間ですか？／コラーゲンピールの後にイボレーザー/CO2レーザーはどのくらい空けますか？／コラーゲンピールとイボレーザー/CO2レーザーはどのくらい間隔をあけますか？／コラーゲンピールしてからイボレーザー/CO2レーザーまではどのくらい期間をあけたらいいですか？／コラーゲンピールの後にイボレーザー/CO2レーザーはいつ受けられますか？／コラーゲンピールとイボレーザー/CO2レーザーは同日にできますか？,コラーゲンピールとイボレーザー/CO2レーザーは、別の部位であれば原則として同日に受けられます。同じ部位にイボレーザー/CO2レーザーを受ける場合は2週間あけてください。施術内容やお肌の状態によって前後することがあります。また回答の施術間隔は当院で治療をした方の目安であり、他院で治療をされている場合は直接お電話にてお問い合わせくださいませ。,"コラーゲンピール,イボレーザー/CO2レーザー,マッサージピール,炭酸ガスレーザー,CO2レーザー,イボ取り,いぼレーザー,間隔,空ける,あける,期間,どのくらい,どれくらい,何週間,何日あける,同日,してから,次の施術"
コラーゲンピール,シミ取りレーザー,2週間,コラーゲンピールとシミ取りレーザーの間隔／コラーゲンピールとシミ取りレーザーの間隔は何週間ですか？／コラーゲンピールの後にシミ取りレーザーはどのくらい空けますか？／コラーゲンピールとシミ取りレーザーはどのくらい間隔をあけますか？／コラーゲンピールしてからシミ取りレーザーまではどのくらい期間をあけたらいいですか？／コラーゲンピールの後にシミ取りレーザーはいつ受けられますか？／コラーゲンピールとシミ取りレーザーは同日にできますか？,コラーゲンピールとシミ取りレーザーは、別の部位であれば原則として同日に受けられます。同じ部位にシミ取りレーザーを受ける場合は2週間あけてください。施術内容やお肌の状態によって前後することがあります。また回答の施術間隔は当院で治療をした方の目安であり、他院で治療をされている場合は直接お電話にてお問い合わせくださいませ。,"コラーゲンピール,シミ取りレーザー,マッサージピール,シミレーザー,シミ取り,間隔,空ける,あける,期間,どのくらい,どれくらい,何週間,何日あける,同日,してから,次の施術"
コラーゲンピール,ADM/ピコレーザ,2週間,コラーゲンピールとADM/ピコレーザの間隔／コラーゲンピールとADM/ピコレーザの間隔は何週間ですか？／コラーゲンピールの後にADM/ピコレーザはどのくらい空けますか？／コラーゲンピールとADM/ピコレーザはどのくらい間隔をあけますか？／コラーゲンピールしてからADM/ピコレーザまではどのくらい期間をあけたらいいですか？／コラーゲンピールの後にADM/ピコレーザはいつ受けられますか？／コラーゲンピールとADM/ピコレーザは同日にできますか？,コラーゲンピールとADM/ピコレーザは、別の部位であれば原則として同日に受けられます。同じ部位にADM/ピコレーザを受ける場合は2週間あけてください。施術内容やお肌の状態によって前後することがあります。また回答の施術間隔は当院で治療をした方の目安であり、他院で治療をされている場合は直接お電話にてお問い合わせくださいませ。,"コラーゲンピール,ADM/ピコレーザ,マッサージピール,ADMレーザー,ピコレーザー,ADM,間隔,空ける,あける,期間,どのくらい,どれくらい,何週間,何日あける,同日,してから,次の施術"
コラーゲンピール,ADM/ナノレーザー,2週間,コラーゲンピールとADM/ナノレーザーの間隔／コラーゲンピールとADM/ナノレーザーの間隔は何週間ですか？／コラーゲンピールの後にADM/ナノレーザーはどのくらい空けますか？／コラーゲンピールとADM/ナノレーザーはどのくらい間隔をあけますか？／コラーゲンピールしてからADM/ナノレーザーまではどのくらい期間をあけたらいいですか？／コラーゲンピールの後にADM/ナノレーザーはいつ受けられますか？／コラーゲンピールとADM/ナノレーザーは同日にできますか？,コラーゲンピールとADM/ナノレーザーは、別の部位であれば原則として同日に受けられます。同じ部位にADM/ナノレーザーを受ける場合は2週間あけてください。施術内容やお肌の状態によって前後することがあります。また回答の施術間隔は当院で治療をした方の目安であり、他院で治療をされている場合は直接お電話にてお問い合わせくださいませ。,"コラーゲンピール,ADM/ナノレーザー,マッサージピール,ADMレーザー,ナノレーザー,ADM,間隔,空ける,あける,期間,どのくらい,どれくらい,何週間,何日あける,同日,してから,次の施術"
コラーゲンピール,レーザートーニング,2週間,コラーゲンピールとレーザートーニングの間隔／コラーゲンピールとレーザートーニングの間隔は何週間ですか？／コラーゲンピールの後にレーザートーニングはどのくらい空けますか？／コラーゲンピールとレーザートーニングはどのくらい間隔をあけますか？／コラーゲンピールしてからレーザートーニングまではどのくらい期間をあけたらいいですか？／コラーゲンピールの後にレーザートーニングはいつ受けられますか？／コラーゲンピールとレーザートーニングは同日にできますか？,コラーゲンピールとレーザートーニングは、別の部位であれば原則として同日に受けられます。同じ部位にレーザートーニングを受ける場合は2週間あけてください。施術内容やお肌の状態によって前後することがあります。また回答の施術間隔は当院で治療をした方の目安であり、他院で治療をされている場合は直接お電話にてお問い合わせくださいませ。,"コラーゲンピール,レーザートーニング,マッサージピール,トーニング,間隔,空ける,あける,期間,どのくらい,どれくらい,何週間,何日あける,同日,してから,次の施術"
コラーゲンピール,ピコトーニング,2週間,コラーゲンピールとピコトーニングの間隔／コラーゲンピールとピコトーニングの間隔は何週間ですか？／コラーゲンピールの後にピコトーニングはどのくらい空けますか？／コラーゲンピールとピコトーニングはどのくらい間隔をあけますか？／コラーゲンピールしてからピコトーニングまではどのくらい期間をあけたらいいですか？／コラーゲンピールの後にピコトーニングはいつ受けられますか？／コラーゲンピールとピコトーニングは同日にできますか？,コラーゲンピールとピコトーニングは、別の部位であれば原則として同日に受けられます。同じ部位にピコトーニングを受ける場合は2週間あけてください。施術内容やお肌の状態によって前後することがあります。また回答の施術間隔は当院で治療をした方の目安であり、他院で治療をされている場合は直接お電話にてお問い合わせくださいませ。,"コラーゲンピール,ピコトーニング,マッサージピール,トーニング,ピコ,間隔,空ける,あける,期間,どのくらい,どれくらい,何週間,何日あける,同日,してから,次の施術"
コラーゲンピール,ピコフラクショナル,2週間,コラーゲンピールとピコフラクショナルの間隔／コラーゲンピールとピコフラクショナルの間隔は何週間ですか？／コラーゲンピールの後にピコフラクショナルはどのくらい空けますか？／コラーゲンピールとピコフラクショナルはどのくらい間隔をあけますか？／コラーゲンピールしてからピコフラクショナルまではどのくらい期間をあけたらいいですか？／コラーゲンピールの後にピコフラクショナルはいつ受けられますか？／コラーゲンピールとピコフラクショナルは同日にできますか？,コラーゲンピールとピコフラクショナルは、別の部位であれば原則として同日に受けられます。同じ部位にピコフラクショナルを受ける場合は2週間あけてください。施術内容やお肌の状態によって前後することがあります。また回答の施術間隔は当院で治療をした方の目安であり、他院で治療をされている場合は直接お電話にてお問い合わせくださいませ。,"コラーゲンピール,ピコフラクショナル,マッサージピール,フラクショナル,間隔,空ける,あける,期間,どのくらい,どれくらい,何週間,何日あける,同日,してから,次の施術"
コラーゲンピール,そばかすシャワー,2週間,コラーゲンピールとそばかすシャワーの間隔／コラーゲンピールとそばかすシャワーの間隔は何週間ですか？／コラーゲンピールの後にそばかすシャワーはどのくらい空けますか？／コラーゲンピールとそばかすシャワーはどのくらい間隔をあけますか？／コラーゲンピールしてからそばかすシャワーまではどのくらい期間をあけたらいいですか？／コラーゲンピールの後にそばかすシャワーはいつ受けられますか？／コラーゲンピールとそばかすシャワーは同日にできますか？,コラーゲンピールとそばかすシャワーは、別の部位であれば原則として同日に受けられます。同じ部位にそばかすシャワーを受ける場合は2週間あけてください。施術内容やお肌の状態によって前後することがあります。また回答の施術間隔は当院で治療をした方の目安であり、他院で治療をされている場合は直接お電話にてお問い合わせくださいませ。,"コラーゲンピール,そばかすシャワー,マッサージピール,そばかす,間隔,空ける,あける,期間,どのくらい,どれくらい,何週間,何日あける,同日,してから,次の施術"
コラーゲンピール,そばかすスポット,2週間,コラーゲンピールとそばかすスポットの間隔／コラーゲンピールとそばかすスポットの間隔は何週間ですか？／コラーゲンピールの後にそばかすスポットはどのくらい空けますか？／コラーゲンピールとそばかすスポットはどのくらい間隔をあけますか？／コラーゲンピールしてからそばかすスポットまではどのくらい期間をあけたらいいですか？／コラーゲンピールの後にそばかすスポットはいつ受けられますか？／コラーゲンピールとそばかすスポットは同日にできますか？,コラーゲンピールとそばかすスポットは、別の部位であれば原則として同日に受けられます。同じ部位にそばかすスポットを受ける場合は2週間あけてください。施術内容やお肌の状態によって前後することがあります。また回答の施術間隔は当院で治療をした方の目安であり、他院で治療をされている場合は直接お電話にてお問い合わせくださいませ。,"コラーゲンピール,そばかすスポット,マッサージピール,そばかす,間隔,空ける,あける,期間,どのくらい,どれくらい,何週間,何日あける,同日,してから,次の施術"
コラーゲンピール,フォト/光治療,2週間,コラーゲンピールとフォト/光治療の間隔／コラーゲンピールとフォト/光治療の間隔は何週間ですか？／コラーゲンピールの後にフォト/光治療はどのくらい空けますか？／コラーゲンピールとフォト/光治療はどのくらい間隔をあけますか？／コラーゲンピールしてからフォト/光治療まではどのくらい期間をあけたらいいですか？／コラーゲンピールの後にフォト/光治療はいつ受けられますか？／コラーゲンピールとフォト/光治療は同日にできますか？,コラーゲンピールとフォト/光治療は、別の部位であれば原則として同日に受けられます。同じ部位にフォト/光治療を受ける場合は2週間あけてください。施術内容やお肌の状態によって前後することがあります。また回答の施術間隔は当院で治療をした方の目安であり、他院で治療をされている場合は直接お電話にてお問い合わせくださいませ。,"コラーゲンピール,フォト/光治療,マッサージピール,フォトフェイシャル,フォト,光治療,IPL,間隔,空ける,あける,期間,どのくらい,どれくらい,何週間,何日あける,同日,してから,次の施術"
コラーゲンピール,赤み治療,2週間,コラーゲンピールと赤み治療の間隔／コラーゲンピールと赤み治療の間隔は何週間ですか？／コラーゲンピールの後に赤み治療はどのくらい空けますか？／コラーゲンピールと赤み治療はどのくらい間隔をあけますか？／コラーゲンピールしてから赤み治療まではどのくらい期間をあけたらいいですか？／コラーゲンピールの後に赤み治療はいつ受けられますか？／コラーゲンピールと赤み治療は同日にできますか？,コラーゲンピールと赤み治療は、別の部位であれば原則として同日に受けられます。同じ部位に赤み治療を受ける場合は2週間あけてください。施術内容やお肌の状態によって前後することがあります。また回答の施術間隔は当院で治療をした方の目安であり、他院で治療をされている場合は直接お電話にてお問い合わせくださいませ。,"コラーゲンピール,赤み治療,マッサージピール,血管腫レーザー,赤ら顔,間隔,空ける,あける,期間,どのくらい,どれくらい,何週間,何日あける,同日,してから,次の施術"
コラーゲンピール,ボトックス,翌日,コラーゲンピールとボトックスの間隔／コラーゲンピールとボトックスの間隔は何週間ですか？／コラーゲンピールの後にボトックスはどのくらい空けますか？／コラーゲンピールとボトックスはどのくらい間隔をあけますか？／コラーゲンピールしてからボトックスまではどのくらい期間をあけたらいいですか？／コラーゲンピールの後にボトックスはいつ受けられますか？／コラーゲンピールとボトックスは同日にできますか？,コラーゲンピールの後にボトックスは翌日以降であれば受けられます。施術内容やお肌の状態によって前後することがあります。また回答の施術間隔は当院で治療をした方の目安であり、他院で治療をされている場合は直接お電話にてお問い合わせくださいませ。,"コラーゲンピール,ボトックス,マッサージピール,ボトックス注射,間隔,空ける,あける,期間,どのくらい,どれくらい,何週間,何日あける,同日,してから,次の施術"
コラーゲンピール,ボトックス（マイクロ）,翌日,コラーゲンピールとボトックス（マイクロ）の間隔／コラーゲンピールとボトックス（マイクロ）の間隔は何週間ですか？／コラーゲンピールの後にボトックス（マイクロ）はどのくらい空けますか？／コラーゲンピールとボトックス（マイクロ）はどのくらい間隔をあけますか？／コラーゲンピールしてからボトックス（マイクロ）まではどのくらい期間をあけたらいいですか？／コラーゲンピールの後にボトックス（マイクロ）はいつ受けられますか？／コラーゲンピールとボトックス（マイクロ）は同日にできますか？,コラーゲンピールの後にボトックス（マイクロ）は翌日以降であれば受けられます。施術内容やお肌の状態によって前後することがあります。また回答の施術間隔は当院で治療をした方の目安であり、他院で治療をされている場合は直接お電話にてお問い合わせくださいませ。,"コラーゲンピール,ボトックス（マイクロ）,マッサージピール,マイクロボトックス,間隔,空ける,あける,期間,どのくらい,どれくらい,何週間,何日あける,同日,してから,次の施術"
コラーゲンピール,フラルスキン部分シミ,2週間,コラーゲンピールとフラルスキン部分シミの間隔／コラーゲンピールとフラルスキン部分シミの間隔は何週間ですか？／コラーゲンピールの後にフラルスキン部分シミはどのくらい空けますか？／コラーゲンピールとフラルスキン部分シミはどのくらい間隔をあけますか？／コラーゲンピールしてからフラルスキン部分シミまではどのくらい期間をあけたらいいですか？／コラーゲンピールの後にフラルスキン部分シミはいつ受けられますか？／コラーゲンピールとフラルスキン部分シミは同日にできますか？,コラーゲンピールとフラルスキン部分シミは、別の部位であれば原則として同日に受けられます。同じ部位にフラルスキン部分シミを受ける場合は2週間あけてください。施術内容やお肌の状態によって前後することがあります。また回答の施術間隔は当院で治療をした方の目安であり、他院で治療をされている場合は直接お電話にてお問い合わせくださいませ。,"コラーゲンピール,フラルスキン部分シミ,マッサージピール,間隔,空ける,あける,期間,どのくらい,どれくらい,何週間,何日あける,同日,してから,次の施術"
コラーゲンピール,テノールネオ,1週間,コラーゲンピールとテノールネオの間隔／コラーゲンピールとテノールネオの間隔は何週間ですか？／コラーゲンピールの後にテノールネオはどのくらい空けますか？／コラーゲンピールとテノールネオはどのくらい間隔をあけますか？／コラーゲンピールしてからテノールネオまではどのくらい期間をあけたらいいですか？／コラーゲンピールの後にテノールネオはいつ受けられますか？／コラーゲンピールとテノールネオは同日にできますか？,コラーゲンピールとテノールネオは、別の部位であれば原則として同日に受けられます。同じ部位にテノールネオを受ける場合は1週間あけてください。施術内容やお肌の状態によって前後することがあります。また回答の施術間隔は当院で治療をした方の目安であり、他院で治療をされている場合は直接お電話にてお問い合わせくださいませ。,"コラーゲンピール,テノールネオ,マッサージピール,テノールNEO,テノール,間隔,空ける,あける,期間,どのくらい,どれくらい,何週間,何日あける,同日,してから,次の施術"
コラーゲンピール,mikoメソッド,1週間,コラーゲンピールとmikoメソッドの間隔／コラーゲンピールとmikoメソッドの間隔は何週間ですか？／コラーゲンピールの後にmikoメソッドはどのくらい空けますか？／コラーゲンピールとmikoメソッドはどのくらい間隔をあけますか？／コラーゲンピールしてからmikoメソッドまではどのくらい期間をあけたらいいですか？／コラーゲンピールの後にmikoメソッドはいつ受けられますか？／コラーゲンピールとmikoメソッドは同日にできますか？,コラーゲンピールとmikoメソッドは、別の部位であれば原則として同日に受けられます。同じ部位にmikoメソッドを受ける場合は1週間あけてください。施術内容やお肌の状態によって前後することがあります。また回答の施術間隔は当院で治療をした方の目安であり、他院で治療をされている場合は直接お電話にてお問い合わせくださいませ。,"コラーゲンピール,mikoメソッド,マッサージピール,miko,ミコメソッド,首イボ,間隔,空ける,あける,期間,どのくらい,どれくらい,何週間,何日あける,同日,してから,次の施術"
コラーゲンピール,ほくろ切除/ほくろ除去,1週間,コラーゲンピールとほくろ切除/ほくろ除去の間隔／コラーゲンピールとほくろ切除/ほくろ除去の間隔は何週間ですか？／コラーゲンピールの後にほくろ切除/ほくろ除去はどのくらい空けますか？／コラーゲンピールとほくろ切除/ほくろ除去はどのくらい間隔をあけますか？／コラーゲンピールしてからほくろ切除/ほくろ除去まではどのくらい期間をあけたらいいですか？／コラーゲンピールの後にほくろ切除/ほくろ除去はいつ受けられますか？／コラーゲンピールとほくろ切除/ほくろ除去は同日にできますか？,コラーゲンピールとほくろ切除/ほくろ除去は、別の部位であれば原則として同日に受けられます。同じ部位にほくろ切除/ほくろ除去を受ける場合は1週間あけてください。施術内容やお肌の状態によって前後することがあります。また回答の施術間隔は当院で治療をした方の目安であり、他院で治療をされている場合は直接お電話にてお問い合わせくださいませ。,"コラーゲンピール,ほくろ切除/ほくろ除去,マッサージピール,ほくろ除去,ほくろ,間隔,空ける,あける,期間,どのくらい,どれくらい,何週間,何日あける,同日,してから,次の施術"
コラーゲンピール,ボライト,1週間,コラーゲンピールとボライトの間隔／コラーゲンピールとボライトの間隔は何週間ですか？／コラーゲンピールの後にボライトはどのくらい空けますか？／コラーゲンピールとボライトはどのくらい間隔をあけますか？／コラーゲンピールしてからボライトまではどのくらい期間をあけたらいいですか？／コラーゲンピールの後にボライトはいつ受けられますか？／コラーゲンピールとボライトは同日にできますか？,コラーゲンピールとボライトは、別の部位であれば原則として同日に受けられます。同じ部位にボライトを受ける場合は1週間あけてください。施術内容やお肌の状態によって前後することがあります。また回答の施術間隔は当院で治療をした方の目安であり、他院で治療をされている場合は直接お電話にてお問い合わせくださいませ。,"コラーゲンピール,ボライト,マッサージピール,間隔,空ける,あける,期間,どのくらい,どれくらい,何週間,何日あける,同日,してから,次の施術"
コラーゲンピール,稗粒腫,1週間,コラーゲンピールと稗粒腫の間隔／コラーゲンピールと稗粒腫の間隔は何週間ですか？／コラーゲンピールの後に稗粒腫はどのくらい空けますか？／コラーゲンピールと稗粒腫はどのくらい間隔をあけますか？／コラーゲンピールしてから稗粒腫まではどのくらい期間をあけたらいいですか？／コラーゲンピールの後に稗粒腫はいつ受けられますか？／コラーゲンピールと稗粒腫は同日にできますか？,コラーゲンピールと稗粒腫は、別の部位であれば原則として同日に受けられます。同じ部位に稗粒腫を受ける場合は1週間あけてください。施術内容やお肌の状態によって前後することがあります。また回答の施術間隔は当院で治療をした方の目安であり、他院で治療をされている場合は直接お電話にてお問い合わせくださいませ。,"コラーゲンピール,稗粒腫,マッサージピール,間隔,空ける,あける,期間,どのくらい,どれくらい,何週間,何日あける,同日,してから,次の施術"
コラーゲンピール,ヴェルヴェットスキン,2週間,コラーゲンピールとヴェルヴェットスキンの間隔／コラーゲンピールとヴェルヴェットスキンの間隔は何週間ですか？／コラーゲンピールの後にヴェルヴェットスキンはどのくらい空けますか？／コラーゲンピールとヴェルヴェットスキンはどのくらい間隔をあけますか？／コラーゲンピールしてからヴェルヴェットスキンまではどのくらい期間をあけたらいいですか？／コラーゲンピールの後にヴェルヴェットスキンはいつ受けられますか？／コラーゲンピールとヴェルヴェットスキンは同日にできますか？,コラーゲンピールとヴェルヴェットスキンは、別の部位であれば原則として同日に受けられます。同じ部位にヴェルヴェットスキンを受ける場合は2週間あけてください。施術内容やお肌の状態によって前後することがあります。また回答の施術間隔は当院で治療をした方の目安であり、他院で治療をされている場合は直接お電話にてお問い合わせくださいませ。,"コラーゲンピール,ヴェルヴェットスキン,マッサージピール,ヴェルヴェット,ベルベットスキン,間隔,空ける,あける,期間,どのくらい,どれくらい,何週間,何日あける,同日,してから,次の施術"
コラーゲンピール,ダーマペン,2週間,コラーゲンピールとダーマペンの間隔／コラーゲンピールとダーマペンの間隔は何週間ですか？／コラーゲンピールの後にダーマペンはどのくらい空けますか？／コラーゲンピールとダーマペンはどのくらい間隔をあけますか？／コラーゲンピールしてからダーマペンまではどのくらい期間をあけたらいいですか？／コラーゲンピールの後にダーマペンはいつ受けられますか？／コラーゲンピールとダーマペンは同日にできますか？,コラーゲンピールとダーマペンは、別の部位であれば原則として同日に受けられます。同じ部位にダーマペンを受ける場合は2週間あけてください。施術内容やお肌の状態によって前後することがあります。また回答の施術間隔は当院で治療をした方の目安であり、他院で治療をされている場合は直接お電話にてお問い合わせくださいませ。,"コラーゲンピール,ダーマペン,マッサージピール,ダーマペン4,間隔,空ける,あける,期間,どのくらい,どれくらい,何週間,何日あける,同日,してから,次の施術"
コラーゲンピール,HARG,（翌日）,コラーゲンピールとHARGの間隔／コラーゲンピールとHARGの間隔は何週間ですか？／コラーゲンピールの後にHARGはどのくらい空けますか？／コラーゲンピールとHARGはどのくらい間隔をあけますか？／コラーゲンピールしてからHARGまではどのくらい期間をあけたらいいですか？／コラーゲンピールの後にHARGはいつ受けられますか？／コラーゲンピールとHARGは同日にできますか？,コラーゲンピールの後にHARG（部位が異なります）は翌日以降であれば受けられます。施術内容やお肌の状態によって前後することがあります。また回答の施術間隔は当院で治療をした方の目安であり、他院で治療をされている場合は直接お電話にてお問い合わせくださいませ。,"コラーゲンピール,HARG,マッサージピール,ハーグ,HARG療法,間隔,空ける,あける,期間,どのくらい,どれくらい,何週間,何日あける,同日,してから,次の施術"
コラーゲンピール,スカルプ・プラセンタエッセンス,（翌日）,コラーゲンピールとスカルプ・プラセンタエッセンスの間隔／コラーゲンピールとスカルプ・プラセンタエッセンスの間隔は何週間ですか？／コラーゲンピールの後にスカルプ・プラセンタエッセンスはどのくらい空けますか？／コラーゲンピールとスカルプ・プラセンタエッセンスはどのくらい間隔をあけますか？／コラーゲンピールしてからスカルプ・プラセンタエッセンスまではどのくらい期間をあけたらいいですか？／コラーゲンピールの後にスカルプ・プラセンタエッセンスはいつ受けられますか？／コラーゲンピールとスカルプ・プラセンタエッセンスは同日にできますか？,コラーゲンピールの後にスカルプ・プラセンタエッセンス（部位が異なります）は翌日以降であれば受けられます。施術内容やお肌の状態によって前後することがあります。また回答の施術間隔は当院で治療をした方の目安であり、他院で治療をされている場合は直接お電話にてお問い合わせくださいませ。,"コラーゲンピール,スカルプ・プラセンタエッセンス,マッサージピール,スカルプ,プラセンタ,間隔,空ける,あける,期間,どのくらい,どれくらい,何週間,何日あける,同日,してから,次の施術"
コラーゲンピール,コラーゲンピール,2～3週間,コラーゲンピールとコラーゲンピールの間隔／コラーゲンピールとコラーゲンピールの間隔は何週間ですか？／コラーゲンピールの後にコラーゲンピールはどのくらい空けますか？／コラーゲンピールとコラーゲンピールはどのくらい間隔をあけますか？／コラーゲンピールしてからコラーゲンピールまではどのくらい期間をあけたらいいですか？／コラーゲンピールの後にコラーゲンピールはいつ受けられますか？／コラーゲンピールとコラーゲンピールは同日にできますか？,コラーゲンピールを続けて（同じ部位に）受ける場合は2～3週間あけてください。施術内容やお肌の状態によって前後することがあります。また回答の施術間隔は当院で治療をした方の目安であり、他院で治療をされている場合は直接お電話にてお問い合わせくださいませ。,"コラーゲンピール,マッサージピール,間隔,空ける,あける,期間,どのくらい,どれくらい,何週間,何日あける,同日,してから,次の施術"
コラーゲンピール,サーマクール,2週間,コラーゲンピールとサーマクールの間隔／コラーゲンピールとサーマクールの間隔は何週間ですか？／コラーゲンピールの後にサーマクールはどのくらい空けますか？／コラーゲンピールとサーマクールはどのくらい間隔をあけますか？／コラーゲンピールしてからサーマクールまではどのくらい期間をあけたらいいですか？／コラーゲンピールの後にサーマクールはいつ受けられますか？／コラーゲンピールとサーマクールは同日にできますか？,コラーゲンピールとサーマクールは、別の部位であれば原則として同日に受けられます。同じ部位にサーマクールを受ける場合は2週間あけてください。施術内容やお肌の状態によって前後することがあります。また回答の施術間隔は当院で治療をした方の目安であり、他院で治療をされている場合は直接お電話にてお問い合わせくださいませ。,"コラーゲンピール,サーマクール,マッサージピール,サーマ,間隔,空ける,あける,期間,どのくらい,どれくらい,何週間,何日あける,同日,してから,次の施術"
コラーゲンピール,脱毛,2週間,コラーゲンピールと脱毛の間隔／コラーゲンピールと脱毛の間隔は何週間ですか？／コラーゲンピールの後に脱毛はどのくらい空けますか？／コラーゲンピールと脱毛はどのくらい間隔をあけますか？／コラーゲンピールしてから脱毛まではどのくらい期間をあけたらいいですか？／コラーゲンピールの後に脱毛はいつ受けられますか？／コラーゲンピールと脱毛は同日にできますか？,コラーゲンピールと脱毛は、別の部位であれば原則として同日に受けられます。同じ部位に脱毛を受ける場合は2週間あけてください。施術内容やお肌の状態によって前後することがあります。また回答の施術間隔は当院で治療をした方の目安であり、他院で治療をされている場合は直接お電話にてお問い合わせくださいませ。,"コラーゲンピール,脱毛,マッサージピール,医療脱毛,顔脱毛,全身脱毛,VIO脱毛,ひげ脱毛,レーザー脱毛,間隔,空ける,あける,期間,どのくらい,どれくらい,何週間,何日あける,同日,してから,次の施術"
コラーゲンピール,タトゥー,2週間,コラーゲンピールとタトゥーの間隔／コラーゲンピールとタトゥーの間隔は何週間ですか？／コラーゲンピールの後にタトゥーはどのくらい空けますか？／コラーゲンピールとタトゥーはどのくらい間隔をあけますか？／コラーゲンピールしてからタトゥーまではどのくらい期間をあけたらいいですか？／コラーゲンピールの後にタトゥーはいつ受けられますか？／コラーゲンピールとタトゥーは同日にできますか？,コラーゲンピールとタトゥーは、別の部位であれば原則として同日に受けられます。同じ部位にタトゥーを受ける場合は2週間あけてください。施術内容やお肌の状態によって前後することがあります。また回答の施術間隔は当院で治療をした方の目安であり、他院で治療をされている場合は直接お電話にてお問い合わせくださいませ。,"コラーゲンピール,タトゥー,マッサージピール,刺青,タトゥー除去,間隔,空ける,あける,期間,どのくらい,どれくらい,何週間,何日あける,同日,してから,次の施術"
コラーゲンピール,アートメイク,同日可,コラーゲンピールとアートメイクの間隔／コラーゲンピールとアートメイクの間隔は何週間ですか？／コラーゲンピールの後にアートメイクはどのくらい空けますか？／コラーゲンピールとアートメイクはどのくらい間隔をあけますか？／コラーゲンピールしてからアートメイクまではどのくらい期間をあけたらいいですか？／コラーゲンピールの後にアートメイクはいつ受けられますか？／コラーゲンピールとアートメイクは同日にできますか？,コラーゲンピールとアートメイクは同日に受けられます。施術内容やお肌の状態によって前後することがあります。また回答の施術間隔は当院で治療をした方の目安であり、他院で治療をされている場合は直接お電話にてお問い合わせくださいませ。,"コラーゲンピール,アートメイク,マッサージピール,間隔,空ける,あける,期間,どのくらい,どれくらい,何週間,何日あける,同日,してから,次の施術"
サーマクール,ハイドラジェントル,1週間,サーマクールとハイドラジェントルの間隔／サーマクールとハイドラジェントルの間隔は何週間ですか？／サーマクールの後にハイドラジェントルはどのくらい空けますか？／サーマクールとハイドラジェントルはどのくらい間隔をあけますか？／サーマクールしてからハイドラジェントルまではどのくらい期間をあけたらいいですか？／サーマクールの後にハイドラジェントルはいつ受けられますか？／サーマクールとハイドラジェントルは同日にできますか？,サーマクールとハイドラジェントルは、別の部位であれば原則として同日に受けられます。同じ部位にハイドラジェントルを受ける場合は1週間あけてください。施術内容やお肌の状態によって前後することがあります。また回答の施術間隔は当院で治療をした方の目安であり、他院で治療をされている場合は直接お電話にてお問い合わせくださいませ。,"サーマクール,ハイドラジェントル,サーマ,ハイドラ,間隔,空ける,あける,期間,どのくらい,どれくらい,何週間,何日あける,同日,してから,次の施術"
サーマクール,ケミカルピーリング,2週間,サーマクールとケミカルピーリングの間隔／サーマクールとケミカルピーリングの間隔は何週間ですか？／サーマクールの後にケミカルピーリングはどのくらい空けますか？／サーマクールとケミカルピーリングはどのくらい間隔をあけますか？／サーマクールしてからケミカルピーリングまではどのくらい期間をあけたらいいですか？／サーマクールの後にケミカルピーリングはいつ受けられますか？／サーマクールとケミカルピーリングは同日にできますか？,サーマクールとケミカルピーリングは、別の部位であれば原則として同日に受けられます。同じ部位にケミカルピーリングを受ける場合は2週間あけてください。施術内容やお肌の状態によって前後することがあります。また回答の施術間隔は当院で治療をした方の目安であり、他院で治療をされている場合は直接お電話にてお問い合わせくださいませ。,"サーマクール,ケミカルピーリング,サーマ,ピーリング,間隔,空ける,あける,期間,どのくらい,どれくらい,何週間,何日あける,同日,してから,次の施術"
サーマクール,スマートサイドドット（2回目以降）,1週間,サーマクールとスマートサイドドット（2回目以降）の間隔／サーマクールとスマートサイドドット（2回目以降）の間隔は何週間ですか？／サーマクールの後にスマートサイドドット（2回目以降）はどのくらい空けますか？／サーマクールとスマートサイドドット（2回目以降）はどのくらい間隔をあけますか？／サーマクールしてからスマートサイドドット（2回目以降）まではどのくらい期間をあけたらいいですか？／サーマクールの後にスマートサイドドット（2回目以降）はいつ受けられますか？／サーマクールとスマートサイドドット（2回目以降）は同日にできますか？,サーマクールとスマートサイドドット（2回目以降）は、別の部位であれば原則として同日に受けられます。同じ部位にスマートサイドドット（2回目以降）を受ける場合は1週間あけてください。施術内容やお肌の状態によって前後することがあります。また回答の施術間隔は当院で治療をした方の目安であり、他院で治療をされている場合は直接お電話にてお問い合わせくださいませ。,"サーマクール,スマートサイドドット（2回目以降）,サーマ,スマサイ,スマートサイドドット,間隔,空ける,あける,期間,どのくらい,どれくらい,何週間,何日あける,同日,してから,次の施術"
サーマクール,スマートサイドドット（初回）,1週間,サーマクールとスマートサイドドット（初回）の間隔／サーマクールとスマートサイドドット（初回）の間隔は何週間ですか？／サーマクールの後にスマートサイドドット（初回）はどのくらい空けますか？／サーマクールとスマートサイドドット（初回）はどのくらい間隔をあけますか？／サーマクールしてからスマートサイドドット（初回）まではどのくらい期間をあけたらいいですか？／サーマクールの後にスマートサイドドット（初回）はいつ受けられますか？／サーマクールとスマートサイドドット（初回）は同日にできますか？,サーマクールとスマートサイドドット（初回）は、別の部位であれば原則として同日に受けられます。同じ部位にスマートサイドドット（初回）を受ける場合は1週間あけてください。施術内容やお肌の状態によって前後することがあります。また回答の施術間隔は当院で治療をした方の目安であり、他院で治療をされている場合は直接お電話にてお問い合わせくださいませ。,"サーマクール,スマートサイドドット（初回）,サーマ,スマサイ,スマートサイドドット,間隔,空ける,あける,期間,どのくらい,どれくらい,何週間,何日あける,同日,してから,次の施術"
サーマクール,イボレーザー/CO2レーザー,2週間,サーマクールとイボレーザー/CO2レーザーの間隔／サーマクールとイボレーザー/CO2レーザーの間隔は何週間ですか？／サーマクールの後にイボレーザー/CO2レーザーはどのくらい空けますか？／サーマクールとイボレーザー/CO2レーザーはどのくらい間隔をあけますか？／サーマクールしてからイボレーザー/CO2レーザーまではどのくらい期間をあけたらいいですか？／サーマクールの後にイボレーザー/CO2レーザーはいつ受けられますか？／サーマクールとイボレーザー/CO2レーザーは同日にできますか？,サーマクールとイボレーザー/CO2レーザーは、別の部位であれば原則として同日に受けられます。同じ部位にイボレーザー/CO2レーザーを受ける場合は2週間あけてください。施術内容やお肌の状態によって前後することがあります。また回答の施術間隔は当院で治療をした方の目安であり、他院で治療をされている場合は直接お電話にてお問い合わせくださいませ。,"サーマクール,イボレーザー/CO2レーザー,サーマ,炭酸ガスレーザー,CO2レーザー,イボ取り,いぼレーザー,間隔,空ける,あける,期間,どのくらい,どれくらい,何週間,何日あける,同日,してから,次の施術"
サーマクール,シミ取りレーザー,1週間,サーマクールとシミ取りレーザーの間隔／サーマクールとシミ取りレーザーの間隔は何週間ですか？／サーマクールの後にシミ取りレーザーはどのくらい空けますか？／サーマクールとシミ取りレーザーはどのくらい間隔をあけますか？／サーマクールしてからシミ取りレーザーまではどのくらい期間をあけたらいいですか？／サーマクールの後にシミ取りレーザーはいつ受けられますか？／サーマクールとシミ取りレーザーは同日にできますか？,サーマクールとシミ取りレーザーは、別の部位であれば原則として同日に受けられます。同じ部位にシミ取りレーザーを受ける場合は1週間あけてください。施術内容やお肌の状態によって前後することがあります。また回答の施術間隔は当院で治療をした方の目安であり、他院で治療をされている場合は直接お電話にてお問い合わせくださいませ。,"サーマクール,シミ取りレーザー,サーマ,シミレーザー,シミ取り,間隔,空ける,あける,期間,どのくらい,どれくらい,何週間,何日あける,同日,してから,次の施術"
サーマクール,ADM/ピコレーザ,1週間,サーマクールとADM/ピコレーザの間隔／サーマクールとADM/ピコレーザの間隔は何週間ですか？／サーマクールの後にADM/ピコレーザはどのくらい空けますか？／サーマクールとADM/ピコレーザはどのくらい間隔をあけますか？／サーマクールしてからADM/ピコレーザまではどのくらい期間をあけたらいいですか？／サーマクールの後にADM/ピコレーザはいつ受けられますか？／サーマクールとADM/ピコレーザは同日にできますか？,サーマクールとADM/ピコレーザは、別の部位であれば原則として同日に受けられます。同じ部位にADM/ピコレーザを受ける場合は1週間あけてください。施術内容やお肌の状態によって前後することがあります。また回答の施術間隔は当院で治療をした方の目安であり、他院で治療をされている場合は直接お電話にてお問い合わせくださいませ。,"サーマクール,ADM/ピコレーザ,サーマ,ADMレーザー,ピコレーザー,ADM,間隔,空ける,あける,期間,どのくらい,どれくらい,何週間,何日あける,同日,してから,次の施術"
サーマクール,ADM/ナノレーザー,1週間,サーマクールとADM/ナノレーザーの間隔／サーマクールとADM/ナノレーザーの間隔は何週間ですか？／サーマクールの後にADM/ナノレーザーはどのくらい空けますか？／サーマクールとADM/ナノレーザーはどのくらい間隔をあけますか？／サーマクールしてからADM/ナノレーザーまではどのくらい期間をあけたらいいですか？／サーマクールの後にADM/ナノレーザーはいつ受けられますか？／サーマクールとADM/ナノレーザーは同日にできますか？,サーマクールとADM/ナノレーザーは、別の部位であれば原則として同日に受けられます。同じ部位にADM/ナノレーザーを受ける場合は1週間あけてください。施術内容やお肌の状態によって前後することがあります。また回答の施術間隔は当院で治療をした方の目安であり、他院で治療をされている場合は直接お電話にてお問い合わせくださいませ。,"サーマクール,ADM/ナノレーザー,サーマ,ADMレーザー,ナノレーザー,ADM,間隔,空ける,あける,期間,どのくらい,どれくらい,何週間,何日あける,同日,してから,次の施術"
サーマクール,レーザートーニング,1週間,サーマクールとレーザートーニングの間隔／サーマクールとレーザートーニングの間隔は何週間ですか？／サーマクールの後にレーザートーニングはどのくらい空けますか？／サーマクールとレーザートーニングはどのくらい間隔をあけますか？／サーマクールしてからレーザートーニングまではどのくらい期間をあけたらいいですか？／サーマクールの後にレーザートーニングはいつ受けられますか？／サーマクールとレーザートーニングは同日にできますか？,サーマクールとレーザートーニングは、別の部位であれば原則として同日に受けられます。同じ部位にレーザートーニングを受ける場合は1週間あけてください。施術内容やお肌の状態によって前後することがあります。また回答の施術間隔は当院で治療をした方の目安であり、他院で治療をされている場合は直接お電話にてお問い合わせくださいませ。,"サーマクール,レーザートーニング,サーマ,トーニング,間隔,空ける,あける,期間,どのくらい,どれくらい,何週間,何日あける,同日,してから,次の施術"
サーマクール,ピコトーニング,1週間,サーマクールとピコトーニングの間隔／サーマクールとピコトーニングの間隔は何週間ですか？／サーマクールの後にピコトーニングはどのくらい空けますか？／サーマクールとピコトーニングはどのくらい間隔をあけますか？／サーマクールしてからピコトーニングまではどのくらい期間をあけたらいいですか？／サーマクールの後にピコトーニングはいつ受けられますか？／サーマクールとピコトーニングは同日にできますか？,サーマクールとピコトーニングは、別の部位であれば原則として同日に受けられます。同じ部位にピコトーニングを受ける場合は1週間あけてください。施術内容やお肌の状態によって前後することがあります。また回答の施術間隔は当院で治療をした方の目安であり、他院で治療をされている場合は直接お電話にてお問い合わせくださいませ。,"サーマクール,ピコトーニング,サーマ,トーニング,ピコ,間隔,空ける,あける,期間,どのくらい,どれくらい,何週間,何日あける,同日,してから,次の施術"
サーマクール,ピコフラクショナル,1週間,サーマクールとピコフラクショナルの間隔／サーマクールとピコフラクショナルの間隔は何週間ですか？／サーマクールの後にピコフラクショナルはどのくらい空けますか？／サーマクールとピコフラクショナルはどのくらい間隔をあけますか？／サーマクールしてからピコフラクショナルまではどのくらい期間をあけたらいいですか？／サーマクールの後にピコフラクショナルはいつ受けられますか？／サーマクールとピコフラクショナルは同日にできますか？,サーマクールとピコフラクショナルは、別の部位であれば原則として同日に受けられます。同じ部位にピコフラクショナルを受ける場合は1週間あけてください。施術内容やお肌の状態によって前後することがあります。また回答の施術間隔は当院で治療をした方の目安であり、他院で治療をされている場合は直接お電話にてお問い合わせくださいませ。,"サーマクール,ピコフラクショナル,サーマ,フラクショナル,間隔,空ける,あける,期間,どのくらい,どれくらい,何週間,何日あける,同日,してから,次の施術"
サーマクール,そばかすシャワー,1週間,サーマクールとそばかすシャワーの間隔／サーマクールとそばかすシャワーの間隔は何週間ですか？／サーマクールの後にそばかすシャワーはどのくらい空けますか？／サーマクールとそばかすシャワーはどのくらい間隔をあけますか？／サーマクールしてからそばかすシャワーまではどのくらい期間をあけたらいいですか？／サーマクールの後にそばかすシャワーはいつ受けられますか？／サーマクールとそばかすシャワーは同日にできますか？,サーマクールとそばかすシャワーは、別の部位であれば原則として同日に受けられます。同じ部位にそばかすシャワーを受ける場合は1週間あけてください。施術内容やお肌の状態によって前後することがあります。また回答の施術間隔は当院で治療をした方の目安であり、他院で治療をされている場合は直接お電話にてお問い合わせくださいませ。,"サーマクール,そばかすシャワー,サーマ,そばかす,間隔,空ける,あける,期間,どのくらい,どれくらい,何週間,何日あける,同日,してから,次の施術"
サーマクール,そばかすスポット,1週間,サーマクールとそばかすスポットの間隔／サーマクールとそばかすスポットの間隔は何週間ですか？／サーマクールの後にそばかすスポットはどのくらい空けますか？／サーマクールとそばかすスポットはどのくらい間隔をあけますか？／サーマクールしてからそばかすスポットまではどのくらい期間をあけたらいいですか？／サーマクールの後にそばかすスポットはいつ受けられますか？／サーマクールとそばかすスポットは同日にできますか？,サーマクールとそばかすスポットは、別の部位であれば原則として同日に受けられます。同じ部位にそばかすスポットを受ける場合は1週間あけてください。施術内容やお肌の状態によって前後することがあります。また回答の施術間隔は当院で治療をした方の目安であり、他院で治療をされている場合は直接お電話にてお問い合わせくださいませ。,"サーマクール,そばかすスポット,サーマ,そばかす,間隔,空ける,あける,期間,どのくらい,どれくらい,何週間,何日あける,同日,してから,次の施術"
サーマクール,フォト/光治療,1週間,サーマクールとフォト/光治療の間隔／サーマクールとフォト/光治療の間隔は何週間ですか？／サーマクールの後にフォト/光治療はどのくらい空けますか？／サーマクールとフォト/光治療はどのくらい間隔をあけますか？／サーマクールしてからフォト/光治療まではどのくらい期間をあけたらいいですか？／サーマクールの後にフォト/光治療はいつ受けられますか？／サーマクールとフォト/光治療は同日にできますか？,サーマクールとフォト/光治療は、別の部位であれば原則として同日に受けられます。同じ部位にフォト/光治療を受ける場合は1週間あけてください。施術内容やお肌の状態によって前後することがあります。また回答の施術間隔は当院で治療をした方の目安であり、他院で治療をされている場合は直接お電話にてお問い合わせくださいませ。,"サーマクール,フォト/光治療,サーマ,フォトフェイシャル,フォト,光治療,IPL,間隔,空ける,あける,期間,どのくらい,どれくらい,何週間,何日あける,同日,してから,次の施術"
サーマクール,赤み治療,1週間,サーマクールと赤み治療の間隔／サーマクールと赤み治療の間隔は何週間ですか？／サーマクールの後に赤み治療はどのくらい空けますか？／サーマクールと赤み治療はどのくらい間隔をあけますか？／サーマクールしてから赤み治療まではどのくらい期間をあけたらいいですか？／サーマクールの後に赤み治療はいつ受けられますか？／サーマクールと赤み治療は同日にできますか？,サーマクールと赤み治療は、別の部位であれば原則として同日に受けられます。同じ部位に赤み治療を受ける場合は1週間あけてください。施術内容やお肌の状態によって前後することがあります。また回答の施術間隔は当院で治療をした方の目安であり、他院で治療をされている場合は直接お電話にてお問い合わせくださいませ。,"サーマクール,赤み治療,サーマ,血管腫レーザー,赤ら顔,間隔,空ける,あける,期間,どのくらい,どれくらい,何週間,何日あける,同日,してから,次の施術"
サーマクール,ボトックス,2週間,サーマクールとボトックスの間隔／サーマクールとボトックスの間隔は何週間ですか？／サーマクールの後にボトックスはどのくらい空けますか？／サーマクールとボトックスはどのくらい間隔をあけますか？／サーマクールしてからボトックスまではどのくらい期間をあけたらいいですか？／サーマクールの後にボトックスはいつ受けられますか？／サーマクールとボトックスは同日にできますか？,サーマクールとボトックスは、別の部位であれば原則として同日に受けられます。同じ部位にボトックスを受ける場合は2週間あけてください。施術内容やお肌の状態によって前後することがあります。また回答の施術間隔は当院で治療をした方の目安であり、他院で治療をされている場合は直接お電話にてお問い合わせくださいませ。,"サーマクール,ボトックス,サーマ,ボトックス注射,間隔,空ける,あける,期間,どのくらい,どれくらい,何週間,何日あける,同日,してから,次の施術"
サーマクール,ボトックス（マイクロ）,2週間,サーマクールとボトックス（マイクロ）の間隔／サーマクールとボトックス（マイクロ）の間隔は何週間ですか？／サーマクールの後にボトックス（マイクロ）はどのくらい空けますか？／サーマクールとボトックス（マイクロ）はどのくらい間隔をあけますか？／サーマクールしてからボトックス（マイクロ）まではどのくらい期間をあけたらいいですか？／サーマクールの後にボトックス（マイクロ）はいつ受けられますか？／サーマクールとボトックス（マイクロ）は同日にできますか？,サーマクールとボトックス（マイクロ）は、別の部位であれば原則として同日に受けられます。同じ部位にボトックス（マイクロ）を受ける場合は2週間あけてください。施術内容やお肌の状態によって前後することがあります。また回答の施術間隔は当院で治療をした方の目安であり、他院で治療をされている場合は直接お電話にてお問い合わせくださいませ。,"サーマクール,ボトックス（マイクロ）,サーマ,マイクロボトックス,間隔,空ける,あける,期間,どのくらい,どれくらい,何週間,何日あける,同日,してから,次の施術"
サーマクール,フラルスキン部分シミ,2週間,サーマクールとフラルスキン部分シミの間隔／サーマクールとフラルスキン部分シミの間隔は何週間ですか？／サーマクールの後にフラルスキン部分シミはどのくらい空けますか？／サーマクールとフラルスキン部分シミはどのくらい間隔をあけますか？／サーマクールしてからフラルスキン部分シミまではどのくらい期間をあけたらいいですか？／サーマクールの後にフラルスキン部分シミはいつ受けられますか？／サーマクールとフラルスキン部分シミは同日にできますか？,サーマクールとフラルスキン部分シミは、別の部位であれば原則として同日に受けられます。同じ部位にフラルスキン部分シミを受ける場合は2週間あけてください。施術内容やお肌の状態によって前後することがあります。また回答の施術間隔は当院で治療をした方の目安であり、他院で治療をされている場合は直接お電話にてお問い合わせくださいませ。,"サーマクール,フラルスキン部分シミ,サーマ,間隔,空ける,あける,期間,どのくらい,どれくらい,何週間,何日あける,同日,してから,次の施術"
サーマクール,テノールネオ,2週間,サーマクールとテノールネオの間隔／サーマクールとテノールネオの間隔は何週間ですか？／サーマクールの後にテノールネオはどのくらい空けますか？／サーマクールとテノールネオはどのくらい間隔をあけますか？／サーマクールしてからテノールネオまではどのくらい期間をあけたらいいですか？／サーマクールの後にテノールネオはいつ受けられますか？／サーマクールとテノールネオは同日にできますか？,サーマクールとテノールネオは、別の部位であれば原則として同日に受けられます。同じ部位にテノールネオを受ける場合は2週間あけてください。施術内容やお肌の状態によって前後することがあります。また回答の施術間隔は当院で治療をした方の目安であり、他院で治療をされている場合は直接お電話にてお問い合わせくださいませ。,"サーマクール,テノールネオ,サーマ,テノールNEO,テノール,間隔,空ける,あける,期間,どのくらい,どれくらい,何週間,何日あける,同日,してから,次の施術"
サーマクール,mikoメソッド,2週間,サーマクールとmikoメソッドの間隔／サーマクールとmikoメソッドの間隔は何週間ですか？／サーマクールの後にmikoメソッドはどのくらい空けますか？／サーマクールとmikoメソッドはどのくらい間隔をあけますか？／サーマクールしてからmikoメソッドまではどのくらい期間をあけたらいいですか？／サーマクールの後にmikoメソッドはいつ受けられますか？／サーマクールとmikoメソッドは同日にできますか？,サーマクールとmikoメソッドは、別の部位であれば原則として同日に受けられます。同じ部位にmikoメソッドを受ける場合は2週間あけてください。施術内容やお肌の状態によって前後することがあります。また回答の施術間隔は当院で治療をした方の目安であり、他院で治療をされている場合は直接お電話にてお問い合わせくださいませ。,"サーマクール,mikoメソッド,サーマ,miko,ミコメソッド,首イボ,間隔,空ける,あける,期間,どのくらい,どれくらい,何週間,何日あける,同日,してから,次の施術"
サーマクール,ほくろ切除/ほくろ除去,2週間,サーマクールとほくろ切除/ほくろ除去の間隔／サーマクールとほくろ切除/ほくろ除去の間隔は何週間ですか？／サーマクールの後にほくろ切除/ほくろ除去はどのくらい空けますか？／サーマクールとほくろ切除/ほくろ除去はどのくらい間隔をあけますか？／サーマクールしてからほくろ切除/ほくろ除去まではどのくらい期間をあけたらいいですか？／サーマクールの後にほくろ切除/ほくろ除去はいつ受けられますか？／サーマクールとほくろ切除/ほくろ除去は同日にできますか？,サーマクールとほくろ切除/ほくろ除去は、別の部位であれば原則として同日に受けられます。同じ部位にほくろ切除/ほくろ除去を受ける場合は2週間あけてください。施術内容やお肌の状態によって前後することがあります。また回答の施術間隔は当院で治療をした方の目安であり、他院で治療をされている場合は直接お電話にてお問い合わせくださいませ。,"サーマクール,ほくろ切除/ほくろ除去,サーマ,ほくろ除去,ほくろ,間隔,空ける,あける,期間,どのくらい,どれくらい,何週間,何日あける,同日,してから,次の施術"
サーマクール,ボライト,2週間,サーマクールとボライトの間隔／サーマクールとボライトの間隔は何週間ですか？／サーマクールの後にボライトはどのくらい空けますか？／サーマクールとボライトはどのくらい間隔をあけますか？／サーマクールしてからボライトまではどのくらい期間をあけたらいいですか？／サーマクールの後にボライトはいつ受けられますか？／サーマクールとボライトは同日にできますか？,サーマクールとボライトは、別の部位であれば原則として同日に受けられます。同じ部位にボライトを受ける場合は2週間あけてください。施術内容やお肌の状態によって前後することがあります。また回答の施術間隔は当院で治療をした方の目安であり、他院で治療をされている場合は直接お電話にてお問い合わせくださいませ。,"サーマクール,ボライト,サーマ,間隔,空ける,あける,期間,どのくらい,どれくらい,何週間,何日あける,同日,してから,次の施術"
サーマクール,稗粒腫,2週間,サーマクールと稗粒腫の間隔／サーマクールと稗粒腫の間隔は何週間ですか？／サーマクールの後に稗粒腫はどのくらい空けますか？／サーマクールと稗粒腫はどのくらい間隔をあけますか？／サーマクールしてから稗粒腫まではどのくらい期間をあけたらいいですか？／サーマクールの後に稗粒腫はいつ受けられますか？／サーマクールと稗粒腫は同日にできますか？,サーマクールと稗粒腫は、別の部位であれば原則として同日に受けられます。同じ部位に稗粒腫を受ける場合は2週間あけてください。施術内容やお肌の状態によって前後することがあります。また回答の施術間隔は当院で治療をした方の目安であり、他院で治療をされている場合は直接お電話にてお問い合わせくださいませ。,"サーマクール,稗粒腫,サーマ,間隔,空ける,あける,期間,どのくらい,どれくらい,何週間,何日あける,同日,してから,次の施術"
サーマクール,ヴェルヴェットスキン,2週間,サーマクールとヴェルヴェットスキンの間隔／サーマクールとヴェルヴェットスキンの間隔は何週間ですか？／サーマクールの後にヴェルヴェットスキンはどのくらい空けますか？／サーマクールとヴェルヴェットスキンはどのくらい間隔をあけますか？／サーマクールしてからヴェルヴェットスキンまではどのくらい期間をあけたらいいですか？／サーマクールの後にヴェルヴェットスキンはいつ受けられますか？／サーマクールとヴェルヴェットスキンは同日にできますか？,サーマクールとヴェルヴェットスキンは、別の部位であれば原則として同日に受けられます。同じ部位にヴェルヴェットスキンを受ける場合は2週間あけてください。施術内容やお肌の状態によって前後することがあります。また回答の施術間隔は当院で治療をした方の目安であり、他院で治療をされている場合は直接お電話にてお問い合わせくださいませ。,"サーマクール,ヴェルヴェットスキン,サーマ,ヴェルヴェット,ベルベットスキン,間隔,空ける,あける,期間,どのくらい,どれくらい,何週間,何日あける,同日,してから,次の施術"
サーマクール,ダーマペン,1週間,サーマクールとダーマペンの間隔／サーマクールとダーマペンの間隔は何週間ですか？／サーマクールの後にダーマペンはどのくらい空けますか？／サーマクールとダーマペンはどのくらい間隔をあけますか？／サーマクールしてからダーマペンまではどのくらい期間をあけたらいいですか？／サーマクールの後にダーマペンはいつ受けられますか？／サーマクールとダーマペンは同日にできますか？,サーマクールとダーマペンは、別の部位であれば原則として同日に受けられます。同じ部位にダーマペンを受ける場合は1週間あけてください。施術内容やお肌の状態によって前後することがあります。また回答の施術間隔は当院で治療をした方の目安であり、他院で治療をされている場合は直接お電話にてお問い合わせくださいませ。,"サーマクール,ダーマペン,サーマ,ダーマペン4,間隔,空ける,あける,期間,どのくらい,どれくらい,何週間,何日あける,同日,してから,次の施術"
サーマクール,HARG,（翌日）,サーマクールとHARGの間隔／サーマクールとHARGの間隔は何週間ですか？／サーマクールの後にHARGはどのくらい空けますか？／サーマクールとHARGはどのくらい間隔をあけますか？／サーマクールしてからHARGまではどのくらい期間をあけたらいいですか？／サーマクールの後にHARGはいつ受けられますか？／サーマクールとHARGは同日にできますか？,サーマクールの後にHARG（部位が異なります）は翌日以降であれば受けられます。施術内容やお肌の状態によって前後することがあります。また回答の施術間隔は当院で治療をした方の目安であり、他院で治療をされている場合は直接お電話にてお問い合わせくださいませ。,"サーマクール,HARG,サーマ,ハーグ,HARG療法,間隔,空ける,あける,期間,どのくらい,どれくらい,何週間,何日あける,同日,してから,次の施術"
サーマクール,スカルプ・プラセンタエッセンス,（翌日）,サーマクールとスカルプ・プラセンタエッセンスの間隔／サーマクールとスカルプ・プラセンタエッセンスの間隔は何週間ですか？／サーマクールの後にスカルプ・プラセンタエッセンスはどのくらい空けますか？／サーマクールとスカルプ・プラセンタエッセンスはどのくらい間隔をあけますか？／サーマクールしてからスカルプ・プラセンタエッセンスまではどのくらい期間をあけたらいいですか？／サーマクールの後にスカルプ・プラセンタエッセンスはいつ受けられますか？／サーマクールとスカルプ・プラセンタエッセンスは同日にできますか？,サーマクールの後にスカルプ・プラセンタエッセンス（部位が異なります）は翌日以降であれば受けられます。施術内容やお肌の状態によって前後することがあります。また回答の施術間隔は当院で治療をした方の目安であり、他院で治療をされている場合は直接お電話にてお問い合わせくださいませ。,"サーマクール,スカルプ・プラセンタエッセンス,サーマ,スカルプ,プラセンタ,間隔,空ける,あける,期間,どのくらい,どれくらい,何週間,何日あける,同日,してから,次の施術"
サーマクール,コラーゲンピール,2週間,サーマクールとコラーゲンピールの間隔／サーマクールとコラーゲンピールの間隔は何週間ですか？／サーマクールの後にコラーゲンピールはどのくらい空けますか？／サーマクールとコラーゲンピールはどのくらい間隔をあけますか？／サーマクールしてからコラーゲンピールまではどのくらい期間をあけたらいいですか？／サーマクールの後にコラーゲンピールはいつ受けられますか？／サーマクールとコラーゲンピールは同日にできますか？,サーマクールとコラーゲンピールは、別の部位であれば原則として同日に受けられます。同じ部位にコラーゲンピールを受ける場合は2週間あけてください。施術内容やお肌の状態によって前後することがあります。また回答の施術間隔は当院で治療をした方の目安であり、他院で治療をされている場合は直接お電話にてお問い合わせくださいませ。,"サーマクール,コラーゲンピール,サーマ,マッサージピール,間隔,空ける,あける,期間,どのくらい,どれくらい,何週間,何日あける,同日,してから,次の施術"
サーマクール,サーマクール,※6か月,サーマクールとサーマクールの間隔／サーマクールとサーマクールの間隔は何週間ですか？／サーマクールの後にサーマクールはどのくらい空けますか？／サーマクールとサーマクールはどのくらい間隔をあけますか？／サーマクールしてからサーマクールまではどのくらい期間をあけたらいいですか？／サーマクールの後にサーマクールはいつ受けられますか？／サーマクールとサーマクールは同日にできますか？,サーマクールを続けて（同じ部位に）受ける場合は6か月あけてください。施術内容やお肌の状態によって前後することがあります。また回答の施術間隔は当院で治療をした方の目安であり、他院で治療をされている場合は直接お電話にてお問い合わせくださいませ。,"サーマクール,サーマ,間隔,空ける,あける,期間,どのくらい,どれくらい,何週間,何日あける,同日,してから,次の施術"
サーマクール,脱毛,1週間,サーマクールと脱毛の間隔／サーマクールと脱毛の間隔は何週間ですか？／サーマクールの後に脱毛はどのくらい空けますか？／サーマクールと脱毛はどのくらい間隔をあけますか？／サーマクールしてから脱毛まではどのくらい期間をあけたらいいですか？／サーマクールの後に脱毛はいつ受けられますか？／サーマクールと脱毛は同日にできますか？,サーマクールと脱毛は、別の部位であれば原則として同日に受けられます。同じ部位に脱毛を受ける場合は1週間あけてください。施術内容やお肌の状態によって前後することがあります。また回答の施術間隔は当院で治療をした方の目安であり、他院で治療をされている場合は直接お電話にてお問い合わせくださいませ。,"サーマクール,脱毛,サーマ,医療脱毛,顔脱毛,全身脱毛,VIO脱毛,ひげ脱毛,レーザー脱毛,間隔,空ける,あける,期間,どのくらい,どれくらい,何週間,何日あける,同日,してから,次の施術"
サーマクール,タトゥー,1週間,サーマクールとタトゥーの間隔／サーマクールとタトゥーの間隔は何週間ですか？／サーマクールの後にタトゥーはどのくらい空けますか？／サーマクールとタトゥーはどのくらい間隔をあけますか？／サーマクールしてからタトゥーまではどのくらい期間をあけたらいいですか？／サーマクールの後にタトゥーはいつ受けられますか？／サーマクールとタトゥーは同日にできますか？,サーマクールとタトゥーは、別の部位であれば原則として同日に受けられます。同じ部位にタトゥーを受ける場合は1週間あけてください。施術内容やお肌の状態によって前後することがあります。また回答の施術間隔は当院で治療をした方の目安であり、他院で治療をされている場合は直接お電話にてお問い合わせくださいませ。,"サーマクール,タトゥー,サーマ,刺青,タトゥー除去,間隔,空ける,あける,期間,どのくらい,どれくらい,何週間,何日あける,同日,してから,次の施術"
サーマクール,アートメイク,同日可,サーマクールとアートメイクの間隔／サーマクールとアートメイクの間隔は何週間ですか？／サーマクールの後にアートメイクはどのくらい空けますか？／サーマクールとアートメイクはどのくらい間隔をあけますか？／サーマクールしてからアートメイクまではどのくらい期間をあけたらいいですか？／サーマクールの後にアートメイクはいつ受けられますか？／サーマクールとアートメイクは同日にできますか？,サーマクールとアートメイクは同日に受けられます。施術内容やお肌の状態によって前後することがあります。また回答の施術間隔は当院で治療をした方の目安であり、他院で治療をされている場合は直接お電話にてお問い合わせくださいませ。,"サーマクール,アートメイク,サーマ,間隔,空ける,あける,期間,どのくらい,どれくらい,何週間,何日あける,同日,してから,次の施術"
ミラドライ,ボトックス,1ヶ月,ミラドライとボトックスの間隔／ミラドライとボトックスの間隔は何週間ですか？／ミラドライの後にボトックスはどのくらい空けますか？／ミラドライとボトックスはどのくらい間隔をあけますか？／ミラドライしてからボトックスまではどのくらい期間をあけたらいいですか？／ミラドライの後にボトックスはいつ受けられますか？／ミラドライとボトックスは同日にできますか？,ミラドライとボトックスは、別の部位であれば原則として同日に受けられます。同じ部位にボトックスを受ける場合は1ヶ月あけてください。施術内容やお肌の状態によって前後することがあります。また回答の施術間隔は当院で治療をした方の目安であり、他院で治療をされている場合は直接お電話にてお問い合わせくださいませ。,"ミラドライ,ボトックス,ワキガ,ボトックス注射,間隔,空ける,あける,期間,どのくらい,どれくらい,何週間,何日あける,同日,してから,次の施術"
ミラドライ,ボトックス（マイクロ）,1ヶ月,ミラドライとボトックス（マイクロ）の間隔／ミラドライとボトックス（マイクロ）の間隔は何週間ですか？／ミラドライの後にボトックス（マイクロ）はどのくらい空けますか？／ミラドライとボトックス（マイクロ）はどのくらい間隔をあけますか？／ミラドライしてからボトックス（マイクロ）まではどのくらい期間をあけたらいいですか？／ミラドライの後にボトックス（マイクロ）はいつ受けられますか？／ミラドライとボトックス（マイクロ）は同日にできますか？,ミラドライとボトックス（マイクロ）は、別の部位であれば原則として同日に受けられます。同じ部位にボトックス（マイクロ）を受ける場合は1ヶ月あけてください。施術内容やお肌の状態によって前後することがあります。また回答の施術間隔は当院で治療をした方の目安であり、他院で治療をされている場合は直接お電話にてお問い合わせくださいませ。,"ミラドライ,ボトックス（マイクロ）,ワキガ,マイクロボトックス,間隔,空ける,あける,期間,どのくらい,どれくらい,何週間,何日あける,同日,してから,次の施術"
ミラドライ,HARG,（翌日）,ミラドライとHARGの間隔／ミラドライとHARGの間隔は何週間ですか？／ミラドライの後にHARGはどのくらい空けますか？／ミラドライとHARGはどのくらい間隔をあけますか？／ミラドライしてからHARGまではどのくらい期間をあけたらいいですか？／ミラドライの後にHARGはいつ受けられますか？／ミラドライとHARGは同日にできますか？,ミラドライの後にHARG（部位が異なります）は翌日以降であれば受けられます。施術内容やお肌の状態によって前後することがあります。また回答の施術間隔は当院で治療をした方の目安であり、他院で治療をされている場合は直接お電話にてお問い合わせくださいませ。,"ミラドライ,HARG,ワキガ,ハーグ,HARG療法,間隔,空ける,あける,期間,どのくらい,どれくらい,何週間,何日あける,同日,してから,次の施術"
ミラドライ,スカルプ・プラセンタエッセンス,（翌日）,ミラドライとスカルプ・プラセンタエッセンスの間隔／ミラドライとスカルプ・プラセンタエッセンスの間隔は何週間ですか？／ミラドライの後にスカルプ・プラセンタエッセンスはどのくらい空けますか？／ミラドライとスカルプ・プラセンタエッセンスはどのくらい間隔をあけますか？／ミラドライしてからスカルプ・プラセンタエッセンスまではどのくらい期間をあけたらいいですか？／ミラドライの後にスカルプ・プラセンタエッセンスはいつ受けられますか？／ミラドライとスカルプ・プラセンタエッセンスは同日にできますか？,ミラドライの後にスカルプ・プラセンタエッセンス（部位が異なります）は翌日以降であれば受けられます。施術内容やお肌の状態によって前後することがあります。また回答の施術間隔は当院で治療をした方の目安であり、他院で治療をされている場合は直接お電話にてお問い合わせくださいませ。,"ミラドライ,スカルプ・プラセンタエッセンス,ワキガ,スカルプ,プラセンタ,間隔,空ける,あける,期間,どのくらい,どれくらい,何週間,何日あける,同日,してから,次の施術"
ミラドライ,ミラドライ,3か月,ミラドライとミラドライの間隔／ミラドライとミラドライの間隔は何週間ですか？／ミラドライの後にミラドライはどのくらい空けますか？／ミラドライとミラドライはどのくらい間隔をあけますか？／ミラドライしてからミラドライまではどのくらい期間をあけたらいいですか？／ミラドライの後にミラドライはいつ受けられますか？／ミラドライとミラドライは同日にできますか？,ミラドライを続けて（同じ部位に）受ける場合は3か月あけてください。施術内容やお肌の状態によって前後することがあります。また回答の施術間隔は当院で治療をした方の目安であり、他院で治療をされている場合は直接お電話にてお問い合わせくださいませ。,"ミラドライ,ワキガ,間隔,空ける,あける,期間,どのくらい,どれくらい,何週間,何日あける,同日,してから,次の施術"
ミラドライ,脱毛,同部位2か月他部位翌日以降,ミラドライと脱毛の間隔／ミラドライと脱毛の間隔は何週間ですか？／ミラドライの後に脱毛はどのくらい空けますか？／ミラドライと脱毛はどのくらい間隔をあけますか？／ミラドライしてから脱毛まではどのくらい期間をあけたらいいですか？／ミラドライの後に脱毛はいつ受けられますか？／ミラドライと脱毛は同日にできますか？,ミラドライの後に脱毛を同じ部位へ受ける場合は2か月、別の部位なら翌日以降に受けられます。施術内容やお肌の状態によって前後することがあります。また回答の施術間隔は当院で治療をした方の目安であり、他院で治療をされている場合は直接お電話にてお問い合わせくださいませ。,"ミラドライ,脱毛,ワキガ,医療脱毛,顔脱毛,全身脱毛,VIO脱毛,ひげ脱毛,レーザー脱毛,間隔,空ける,あける,期間,どのくらい,どれくらい,何週間,何日あける,同日,してから,次の施術"
ミラドライ,タトゥー,同部位2か月他部位翌日以降,ミラドライとタトゥーの間隔／ミラドライとタトゥーの間隔は何週間ですか？／ミラドライの後にタトゥーはどのくらい空けますか？／ミラドライとタトゥーはどのくらい間隔をあけますか？／ミラドライしてからタトゥーまではどのくらい期間をあけたらいいですか？／ミラドライの後にタトゥーはいつ受けられますか？／ミラドライとタトゥーは同日にできますか？,ミラドライの後にタトゥーを同じ部位へ受ける場合は2か月、別の部位なら翌日以降に受けられます。施術内容やお肌の状態によって前後することがあります。また回答の施術間隔は当院で治療をした方の目安であり、他院で治療をされている場合は直接お電話にてお問い合わせくださいませ。,"ミラドライ,タトゥー,ワキガ,刺青,タトゥー除去,間隔,空ける,あける,期間,どのくらい,どれくらい,何週間,何日あける,同日,してから,次の施術"
ミラドライ,アートメイク,同日可,ミラドライとアートメイクの間隔／ミラドライとアートメイクの間隔は何週間ですか？／ミラドライの後にアートメイクはどのくらい空けますか？／ミラドライとアートメイクはどのくらい間隔をあけますか？／ミラドライしてからアートメイクまではどのくらい期間をあけたらいいですか？／ミラドライの後にアートメイクはいつ受けられますか？／ミラドライとアートメイクは同日にできますか？,ミラドライとアートメイクは同日に受けられます。施術内容やお肌の状態によって前後することがあります。また回答の施術間隔は当院で治療をした方の目安であり、他院で治療をされている場合は直接お電話にてお問い合わせくださいませ。,"ミラドライ,アートメイク,ワキガ,間隔,空ける,あける,期間,どのくらい,どれくらい,何週間,何日あける,同日,してから,次の施術"
脱毛,ハイドラジェントル,2週間,脱毛とハイドラジェントルの間隔／脱毛とハイドラジェントルの間隔は何週間ですか？／脱毛の後にハイドラジェントルはどのくらい空けますか？／脱毛とハイドラジェントルはどのくらい間隔をあけますか？／脱毛してからハイドラジェントルまではどのくらい期間をあけたらいいですか？／脱毛の後にハイドラジェントルはいつ受けられますか？／脱毛とハイドラジェントルは同日にできますか？,脱毛とハイドラジェントルは、別の部位であれば原則として同日に受けられます。同じ部位にハイドラジェントルを受ける場合は2週間あけてください。施術内容やお肌の状態によって前後することがあります。また回答の施術間隔は当院で治療をした方の目安であり、他院で治療をされている場合は直接お電話にてお問い合わせくださいませ。,"脱毛,ハイドラジェントル,医療脱毛,顔脱毛,全身脱毛,VIO脱毛,ひげ脱毛,レーザー脱毛,ハイドラ,間隔,空ける,あける,期間,どのくらい,どれくらい,何週間,何日あける,同日,してから,次の施術"
脱毛,ケミカルピーリング,2週間,脱毛とケミカルピーリングの間隔／脱毛とケミカルピーリングの間隔は何週間ですか？／脱毛の後にケミカルピーリングはどのくらい空けますか？／脱毛とケミカルピーリングはどのくらい間隔をあけますか？／脱毛してからケミカルピーリングまではどのくらい期間をあけたらいいですか？／脱毛の後にケミカルピーリングはいつ受けられますか？／脱毛とケミカルピーリングは同日にできますか？,脱毛とケミカルピーリングは、別の部位であれば原則として同日に受けられます。同じ部位にケミカルピーリングを受ける場合は2週間あけてください。施術内容やお肌の状態によって前後することがあります。また回答の施術間隔は当院で治療をした方の目安であり、他院で治療をされている場合は直接お電話にてお問い合わせくださいませ。,"脱毛,ケミカルピーリング,医療脱毛,顔脱毛,全身脱毛,VIO脱毛,ひげ脱毛,レーザー脱毛,ピーリング,間隔,空ける,あける,期間,どのくらい,どれくらい,何週間,何日あける,同日,してから,次の施術"
脱毛,スマートサイドドット（2回目以降）,2週間,脱毛とスマートサイドドット（2回目以降）の間隔／脱毛とスマートサイドドット（2回目以降）の間隔は何週間ですか？／脱毛の後にスマートサイドドット（2回目以降）はどのくらい空けますか？／脱毛とスマートサイドドット（2回目以降）はどのくらい間隔をあけますか？／脱毛してからスマートサイドドット（2回目以降）まではどのくらい期間をあけたらいいですか？／脱毛の後にスマートサイドドット（2回目以降）はいつ受けられますか？／脱毛とスマートサイドドット（2回目以降）は同日にできますか？,脱毛とスマートサイドドット（2回目以降）は、別の部位であれば原則として同日に受けられます。同じ部位にスマートサイドドット（2回目以降）を受ける場合は2週間あけてください。施術内容やお肌の状態によって前後することがあります。また回答の施術間隔は当院で治療をした方の目安であり、他院で治療をされている場合は直接お電話にてお問い合わせくださいませ。,"脱毛,スマートサイドドット（2回目以降）,医療脱毛,顔脱毛,全身脱毛,VIO脱毛,ひげ脱毛,レーザー脱毛,スマサイ,スマートサイドドット,間隔,空ける,あける,期間,どのくらい,どれくらい,何週間,何日あける,同日,してから,次の施術"
脱毛,スマートサイドドット（初回）,2週間,脱毛とスマートサイドドット（初回）の間隔／脱毛とスマートサイドドット（初回）の間隔は何週間ですか？／脱毛の後にスマートサイドドット（初回）はどのくらい空けますか？／脱毛とスマートサイドドット（初回）はどのくらい間隔をあけますか？／脱毛してからスマートサイドドット（初回）まではどのくらい期間をあけたらいいですか？／脱毛の後にスマートサイドドット（初回）はいつ受けられますか？／脱毛とスマートサイドドット（初回）は同日にできますか？,脱毛とスマートサイドドット（初回）は、別の部位であれば原則として同日に受けられます。同じ部位にスマートサイドドット（初回）を受ける場合は2週間あけてください。施術内容やお肌の状態によって前後することがあります。また回答の施術間隔は当院で治療をした方の目安であり、他院で治療をされている場合は直接お電話にてお問い合わせくださいませ。,"脱毛,スマートサイドドット（初回）,医療脱毛,顔脱毛,全身脱毛,VIO脱毛,ひげ脱毛,レーザー脱毛,スマサイ,スマートサイドドット,間隔,空ける,あける,期間,どのくらい,どれくらい,何週間,何日あける,同日,してから,次の施術"
脱毛,イボレーザー/CO2レーザー,2週間,脱毛とイボレーザー/CO2レーザーの間隔／脱毛とイボレーザー/CO2レーザーの間隔は何週間ですか？／脱毛の後にイボレーザー/CO2レーザーはどのくらい空けますか？／脱毛とイボレーザー/CO2レーザーはどのくらい間隔をあけますか？／脱毛してからイボレーザー/CO2レーザーまではどのくらい期間をあけたらいいですか？／脱毛の後にイボレーザー/CO2レーザーはいつ受けられますか？／脱毛とイボレーザー/CO2レーザーは同日にできますか？,脱毛とイボレーザー/CO2レーザーは、別の部位であれば原則として同日に受けられます。同じ部位にイボレーザー/CO2レーザーを受ける場合は2週間あけてください。施術内容やお肌の状態によって前後することがあります。また回答の施術間隔は当院で治療をした方の目安であり、他院で治療をされている場合は直接お電話にてお問い合わせくださいませ。,"脱毛,イボレーザー/CO2レーザー,医療脱毛,顔脱毛,全身脱毛,VIO脱毛,ひげ脱毛,レーザー脱毛,炭酸ガスレーザー,CO2レーザー,イボ取り,いぼレーザー,間隔,空ける,あける,期間,どのくらい,どれくらい,何週間,何日あける,同日,してから,次の施術"
脱毛,シミ取りレーザー,2週間,脱毛とシミ取りレーザーの間隔／脱毛とシミ取りレーザーの間隔は何週間ですか？／脱毛の後にシミ取りレーザーはどのくらい空けますか？／脱毛とシミ取りレーザーはどのくらい間隔をあけますか？／脱毛してからシミ取りレーザーまではどのくらい期間をあけたらいいですか？／脱毛の後にシミ取りレーザーはいつ受けられますか？／脱毛とシミ取りレーザーは同日にできますか？,脱毛とシミ取りレーザーは、別の部位であれば原則として同日に受けられます。同じ部位にシミ取りレーザーを受ける場合は2週間あけてください。施術内容やお肌の状態によって前後することがあります。また回答の施術間隔は当院で治療をした方の目安であり、他院で治療をされている場合は直接お電話にてお問い合わせくださいませ。,"脱毛,シミ取りレーザー,医療脱毛,顔脱毛,全身脱毛,VIO脱毛,ひげ脱毛,レーザー脱毛,シミレーザー,シミ取り,間隔,空ける,あける,期間,どのくらい,どれくらい,何週間,何日あける,同日,してから,次の施術"
脱毛,ADM/ピコレーザ,2週間,脱毛とADM/ピコレーザの間隔／脱毛とADM/ピコレーザの間隔は何週間ですか？／脱毛の後にADM/ピコレーザはどのくらい空けますか？／脱毛とADM/ピコレーザはどのくらい間隔をあけますか？／脱毛してからADM/ピコレーザまではどのくらい期間をあけたらいいですか？／脱毛の後にADM/ピコレーザはいつ受けられますか？／脱毛とADM/ピコレーザは同日にできますか？,脱毛とADM/ピコレーザは、別の部位であれば原則として同日に受けられます。同じ部位にADM/ピコレーザを受ける場合は2週間あけてください。施術内容やお肌の状態によって前後することがあります。また回答の施術間隔は当院で治療をした方の目安であり、他院で治療をされている場合は直接お電話にてお問い合わせくださいませ。,"脱毛,ADM/ピコレーザ,医療脱毛,顔脱毛,全身脱毛,VIO脱毛,ひげ脱毛,レーザー脱毛,ADMレーザー,ピコレーザー,ADM,間隔,空ける,あける,期間,どのくらい,どれくらい,何週間,何日あける,同日,してから,次の施術"
脱毛,ADM/ナノレーザー,2週間,脱毛とADM/ナノレーザーの間隔／脱毛とADM/ナノレーザーの間隔は何週間ですか？／脱毛の後にADM/ナノレーザーはどのくらい空けますか？／脱毛とADM/ナノレーザーはどのくらい間隔をあけますか？／脱毛してからADM/ナノレーザーまではどのくらい期間をあけたらいいですか？／脱毛の後にADM/ナノレーザーはいつ受けられますか？／脱毛とADM/ナノレーザーは同日にできますか？,脱毛とADM/ナノレーザーは、別の部位であれば原則として同日に受けられます。同じ部位にADM/ナノレーザーを受ける場合は2週間あけてください。施術内容やお肌の状態によって前後することがあります。また回答の施術間隔は当院で治療をした方の目安であり、他院で治療をされている場合は直接お電話にてお問い合わせくださいませ。,"脱毛,ADM/ナノレーザー,医療脱毛,顔脱毛,全身脱毛,VIO脱毛,ひげ脱毛,レーザー脱毛,ADMレーザー,ナノレーザー,ADM,間隔,空ける,あける,期間,どのくらい,どれくらい,何週間,何日あける,同日,してから,次の施術"
脱毛,レーザートーニング,2週間,脱毛とレーザートーニングの間隔／脱毛とレーザートーニングの間隔は何週間ですか？／脱毛の後にレーザートーニングはどのくらい空けますか？／脱毛とレーザートーニングはどのくらい間隔をあけますか？／脱毛してからレーザートーニングまではどのくらい期間をあけたらいいですか？／脱毛の後にレーザートーニングはいつ受けられますか？／脱毛とレーザートーニングは同日にできますか？,脱毛とレーザートーニングは、別の部位であれば原則として同日に受けられます。同じ部位にレーザートーニングを受ける場合は2週間あけてください。施術内容やお肌の状態によって前後することがあります。また回答の施術間隔は当院で治療をした方の目安であり、他院で治療をされている場合は直接お電話にてお問い合わせくださいませ。,"脱毛,レーザートーニング,医療脱毛,顔脱毛,全身脱毛,VIO脱毛,ひげ脱毛,レーザー脱毛,トーニング,間隔,空ける,あける,期間,どのくらい,どれくらい,何週間,何日あける,同日,してから,次の施術"
脱毛,ピコトーニング,2週間,脱毛とピコトーニングの間隔／脱毛とピコトーニングの間隔は何週間ですか？／脱毛の後にピコトーニングはどのくらい空けますか？／脱毛とピコトーニングはどのくらい間隔をあけますか？／脱毛してからピコトーニングまではどのくらい期間をあけたらいいですか？／脱毛の後にピコトーニングはいつ受けられますか？／脱毛とピコトーニングは同日にできますか？,脱毛とピコトーニングは、別の部位であれば原則として同日に受けられます。同じ部位にピコトーニングを受ける場合は2週間あけてください。施術内容やお肌の状態によって前後することがあります。また回答の施術間隔は当院で治療をした方の目安であり、他院で治療をされている場合は直接お電話にてお問い合わせくださいませ。,"脱毛,ピコトーニング,医療脱毛,顔脱毛,全身脱毛,VIO脱毛,ひげ脱毛,レーザー脱毛,トーニング,ピコ,間隔,空ける,あける,期間,どのくらい,どれくらい,何週間,何日あける,同日,してから,次の施術"
脱毛,ピコフラクショナル,2週間,脱毛とピコフラクショナルの間隔／脱毛とピコフラクショナルの間隔は何週間ですか？／脱毛の後にピコフラクショナルはどのくらい空けますか？／脱毛とピコフラクショナルはどのくらい間隔をあけますか？／脱毛してからピコフラクショナルまではどのくらい期間をあけたらいいですか？／脱毛の後にピコフラクショナルはいつ受けられますか？／脱毛とピコフラクショナルは同日にできますか？,脱毛とピコフラクショナルは、別の部位であれば原則として同日に受けられます。同じ部位にピコフラクショナルを受ける場合は2週間あけてください。施術内容やお肌の状態によって前後することがあります。また回答の施術間隔は当院で治療をした方の目安であり、他院で治療をされている場合は直接お電話にてお問い合わせくださいませ。,"脱毛,ピコフラクショナル,医療脱毛,顔脱毛,全身脱毛,VIO脱毛,ひげ脱毛,レーザー脱毛,フラクショナル,間隔,空ける,あける,期間,どのくらい,どれくらい,何週間,何日あける,同日,してから,次の施術"
脱毛,そばかすシャワー,2週間,脱毛とそばかすシャワーの間隔／脱毛とそばかすシャワーの間隔は何週間ですか？／脱毛の後にそばかすシャワーはどのくらい空けますか？／脱毛とそばかすシャワーはどのくらい間隔をあけますか？／脱毛してからそばかすシャワーまではどのくらい期間をあけたらいいですか？／脱毛の後にそばかすシャワーはいつ受けられますか？／脱毛とそばかすシャワーは同日にできますか？,脱毛とそばかすシャワーは、別の部位であれば原則として同日に受けられます。同じ部位にそばかすシャワーを受ける場合は2週間あけてください。施術内容やお肌の状態によって前後することがあります。また回答の施術間隔は当院で治療をした方の目安であり、他院で治療をされている場合は直接お電話にてお問い合わせくださいませ。,"脱毛,そばかすシャワー,医療脱毛,顔脱毛,全身脱毛,VIO脱毛,ひげ脱毛,レーザー脱毛,そばかす,間隔,空ける,あける,期間,どのくらい,どれくらい,何週間,何日あける,同日,してから,次の施術"
脱毛,そばかすスポット,2週間,脱毛とそばかすスポットの間隔／脱毛とそばかすスポットの間隔は何週間ですか？／脱毛の後にそばかすスポットはどのくらい空けますか？／脱毛とそばかすスポットはどのくらい間隔をあけますか？／脱毛してからそばかすスポットまではどのくらい期間をあけたらいいですか？／脱毛の後にそばかすスポットはいつ受けられますか？／脱毛とそばかすスポットは同日にできますか？,脱毛とそばかすスポットは、別の部位であれば原則として同日に受けられます。同じ部位にそばかすスポットを受ける場合は2週間あけてください。施術内容やお肌の状態によって前後することがあります。また回答の施術間隔は当院で治療をした方の目安であり、他院で治療をされている場合は直接お電話にてお問い合わせくださいませ。,"脱毛,そばかすスポット,医療脱毛,顔脱毛,全身脱毛,VIO脱毛,ひげ脱毛,レーザー脱毛,そばかす,間隔,空ける,あける,期間,どのくらい,どれくらい,何週間,何日あける,同日,してから,次の施術"
脱毛,フォト/光治療,2週間,脱毛とフォト/光治療の間隔／脱毛とフォト/光治療の間隔は何週間ですか？／脱毛の後にフォト/光治療はどのくらい空けますか？／脱毛とフォト/光治療はどのくらい間隔をあけますか？／脱毛してからフォト/光治療まではどのくらい期間をあけたらいいですか？／脱毛の後にフォト/光治療はいつ受けられますか？／脱毛とフォト/光治療は同日にできますか？,脱毛とフォト/光治療は、別の部位であれば原則として同日に受けられます。同じ部位にフォト/光治療を受ける場合は2週間あけてください。施術内容やお肌の状態によって前後することがあります。また回答の施術間隔は当院で治療をした方の目安であり、他院で治療をされている場合は直接お電話にてお問い合わせくださいませ。,"脱毛,フォト/光治療,医療脱毛,顔脱毛,全身脱毛,VIO脱毛,ひげ脱毛,レーザー脱毛,フォトフェイシャル,フォト,光治療,IPL,間隔,空ける,あける,期間,どのくらい,どれくらい,何週間,何日あける,同日,してから,次の施術"
脱毛,赤み治療,2週間,脱毛と赤み治療の間隔／脱毛と赤み治療の間隔は何週間ですか？／脱毛の後に赤み治療はどのくらい空けますか？／脱毛と赤み治療はどのくらい間隔をあけますか？／脱毛してから赤み治療まではどのくらい期間をあけたらいいですか？／脱毛の後に赤み治療はいつ受けられますか？／脱毛と赤み治療は同日にできますか？,脱毛と赤み治療は、別の部位であれば原則として同日に受けられます。同じ部位に赤み治療を受ける場合は2週間あけてください。施術内容やお肌の状態によって前後することがあります。また回答の施術間隔は当院で治療をした方の目安であり、他院で治療をされている場合は直接お電話にてお問い合わせくださいませ。,"脱毛,赤み治療,医療脱毛,顔脱毛,全身脱毛,VIO脱毛,ひげ脱毛,レーザー脱毛,血管腫レーザー,赤ら顔,間隔,空ける,あける,期間,どのくらい,どれくらい,何週間,何日あける,同日,してから,次の施術"
脱毛,ボトックス,2週間,脱毛とボトックスの間隔／脱毛とボトックスの間隔は何週間ですか？／脱毛の後にボトックスはどのくらい空けますか？／脱毛とボトックスはどのくらい間隔をあけますか？／脱毛してからボトックスまではどのくらい期間をあけたらいいですか？／脱毛の後にボトックスはいつ受けられますか？／脱毛とボトックスは同日にできますか？,脱毛とボトックスは、別の部位であれば原則として同日に受けられます。同じ部位にボトックスを受ける場合は2週間あけてください。施術内容やお肌の状態によって前後することがあります。また回答の施術間隔は当院で治療をした方の目安であり、他院で治療をされている場合は直接お電話にてお問い合わせくださいませ。,"脱毛,ボトックス,医療脱毛,顔脱毛,全身脱毛,VIO脱毛,ひげ脱毛,レーザー脱毛,ボトックス注射,間隔,空ける,あける,期間,どのくらい,どれくらい,何週間,何日あける,同日,してから,次の施術"
脱毛,ボトックス（マイクロ）,2週間,脱毛とボトックス（マイクロ）の間隔／脱毛とボトックス（マイクロ）の間隔は何週間ですか？／脱毛の後にボトックス（マイクロ）はどのくらい空けますか？／脱毛とボトックス（マイクロ）はどのくらい間隔をあけますか？／脱毛してからボトックス（マイクロ）まではどのくらい期間をあけたらいいですか？／脱毛の後にボトックス（マイクロ）はいつ受けられますか？／脱毛とボトックス（マイクロ）は同日にできますか？,脱毛とボトックス（マイクロ）は、別の部位であれば原則として同日に受けられます。同じ部位にボトックス（マイクロ）を受ける場合は2週間あけてください。施術内容やお肌の状態によって前後することがあります。また回答の施術間隔は当院で治療をした方の目安であり、他院で治療をされている場合は直接お電話にてお問い合わせくださいませ。,"脱毛,ボトックス（マイクロ）,医療脱毛,顔脱毛,全身脱毛,VIO脱毛,ひげ脱毛,レーザー脱毛,マイクロボトックス,間隔,空ける,あける,期間,どのくらい,どれくらい,何週間,何日あける,同日,してから,次の施術"
脱毛,フラルスキン部分シミ,2週間,脱毛とフラルスキン部分シミの間隔／脱毛とフラルスキン部分シミの間隔は何週間ですか？／脱毛の後にフラルスキン部分シミはどのくらい空けますか？／脱毛とフラルスキン部分シミはどのくらい間隔をあけますか？／脱毛してからフラルスキン部分シミまではどのくらい期間をあけたらいいですか？／脱毛の後にフラルスキン部分シミはいつ受けられますか？／脱毛とフラルスキン部分シミは同日にできますか？,脱毛とフラルスキン部分シミは、別の部位であれば原則として同日に受けられます。同じ部位にフラルスキン部分シミを受ける場合は2週間あけてください。施術内容やお肌の状態によって前後することがあります。また回答の施術間隔は当院で治療をした方の目安であり、他院で治療をされている場合は直接お電話にてお問い合わせくださいませ。,"脱毛,フラルスキン部分シミ,医療脱毛,顔脱毛,全身脱毛,VIO脱毛,ひげ脱毛,レーザー脱毛,間隔,空ける,あける,期間,どのくらい,どれくらい,何週間,何日あける,同日,してから,次の施術"
脱毛,テノールネオ,2週間,脱毛とテノールネオの間隔／脱毛とテノールネオの間隔は何週間ですか？／脱毛の後にテノールネオはどのくらい空けますか？／脱毛とテノールネオはどのくらい間隔をあけますか？／脱毛してからテノールネオまではどのくらい期間をあけたらいいですか？／脱毛の後にテノールネオはいつ受けられますか？／脱毛とテノールネオは同日にできますか？,脱毛とテノールネオは、別の部位であれば原則として同日に受けられます。同じ部位にテノールネオを受ける場合は2週間あけてください。施術内容やお肌の状態によって前後することがあります。また回答の施術間隔は当院で治療をした方の目安であり、他院で治療をされている場合は直接お電話にてお問い合わせくださいませ。,"脱毛,テノールネオ,医療脱毛,顔脱毛,全身脱毛,VIO脱毛,ひげ脱毛,レーザー脱毛,テノールNEO,テノール,間隔,空ける,あける,期間,どのくらい,どれくらい,何週間,何日あける,同日,してから,次の施術"
脱毛,mikoメソッド,2週間,脱毛とmikoメソッドの間隔／脱毛とmikoメソッドの間隔は何週間ですか？／脱毛の後にmikoメソッドはどのくらい空けますか？／脱毛とmikoメソッドはどのくらい間隔をあけますか？／脱毛してからmikoメソッドまではどのくらい期間をあけたらいいですか？／脱毛の後にmikoメソッドはいつ受けられますか？／脱毛とmikoメソッドは同日にできますか？,脱毛とmikoメソッドは、別の部位であれば原則として同日に受けられます。同じ部位にmikoメソッドを受ける場合は2週間あけてください。施術内容やお肌の状態によって前後することがあります。また回答の施術間隔は当院で治療をした方の目安であり、他院で治療をされている場合は直接お電話にてお問い合わせくださいませ。,"脱毛,mikoメソッド,医療脱毛,顔脱毛,全身脱毛,VIO脱毛,ひげ脱毛,レーザー脱毛,miko,ミコメソッド,首イボ,間隔,空ける,あける,期間,どのくらい,どれくらい,何週間,何日あける,同日,してから,次の施術"
脱毛,ほくろ切除/ほくろ除去,2週間,脱毛とほくろ切除/ほくろ除去の間隔／脱毛とほくろ切除/ほくろ除去の間隔は何週間ですか？／脱毛の後にほくろ切除/ほくろ除去はどのくらい空けますか？／脱毛とほくろ切除/ほくろ除去はどのくらい間隔をあけますか？／脱毛してからほくろ切除/ほくろ除去まではどのくらい期間をあけたらいいですか？／脱毛の後にほくろ切除/ほくろ除去はいつ受けられますか？／脱毛とほくろ切除/ほくろ除去は同日にできますか？,脱毛とほくろ切除/ほくろ除去は、別の部位であれば原則として同日に受けられます。同じ部位にほくろ切除/ほくろ除去を受ける場合は2週間あけてください。施術内容やお肌の状態によって前後することがあります。また回答の施術間隔は当院で治療をした方の目安であり、他院で治療をされている場合は直接お電話にてお問い合わせくださいませ。,"脱毛,ほくろ切除/ほくろ除去,医療脱毛,顔脱毛,全身脱毛,VIO脱毛,ひげ脱毛,レーザー脱毛,ほくろ除去,ほくろ,間隔,空ける,あける,期間,どのくらい,どれくらい,何週間,何日あける,同日,してから,次の施術"
脱毛,ボライト,2週間,脱毛とボライトの間隔／脱毛とボライトの間隔は何週間ですか？／脱毛の後にボライトはどのくらい空けますか？／脱毛とボライトはどのくらい間隔をあけますか？／脱毛してからボライトまではどのくらい期間をあけたらいいですか？／脱毛の後にボライトはいつ受けられますか？／脱毛とボライトは同日にできますか？,脱毛とボライトは、別の部位であれば原則として同日に受けられます。同じ部位にボライトを受ける場合は2週間あけてください。施術内容やお肌の状態によって前後することがあります。また回答の施術間隔は当院で治療をした方の目安であり、他院で治療をされている場合は直接お電話にてお問い合わせくださいませ。,"脱毛,ボライト,医療脱毛,顔脱毛,全身脱毛,VIO脱毛,ひげ脱毛,レーザー脱毛,間隔,空ける,あける,期間,どのくらい,どれくらい,何週間,何日あける,同日,してから,次の施術"
脱毛,稗粒腫,2週間,脱毛と稗粒腫の間隔／脱毛と稗粒腫の間隔は何週間ですか？／脱毛の後に稗粒腫はどのくらい空けますか？／脱毛と稗粒腫はどのくらい間隔をあけますか？／脱毛してから稗粒腫まではどのくらい期間をあけたらいいですか？／脱毛の後に稗粒腫はいつ受けられますか？／脱毛と稗粒腫は同日にできますか？,脱毛と稗粒腫は、別の部位であれば原則として同日に受けられます。同じ部位に稗粒腫を受ける場合は2週間あけてください。施術内容やお肌の状態によって前後することがあります。また回答の施術間隔は当院で治療をした方の目安であり、他院で治療をされている場合は直接お電話にてお問い合わせくださいませ。,"脱毛,稗粒腫,医療脱毛,顔脱毛,全身脱毛,VIO脱毛,ひげ脱毛,レーザー脱毛,間隔,空ける,あける,期間,どのくらい,どれくらい,何週間,何日あける,同日,してから,次の施術"
脱毛,ヴェルヴェットスキン,4週間,脱毛とヴェルヴェットスキンの間隔／脱毛とヴェルヴェットスキンの間隔は何週間ですか？／脱毛の後にヴェルヴェットスキンはどのくらい空けますか？／脱毛とヴェルヴェットスキンはどのくらい間隔をあけますか？／脱毛してからヴェルヴェットスキンまではどのくらい期間をあけたらいいですか？／脱毛の後にヴェルヴェットスキンはいつ受けられますか？／脱毛とヴェルヴェットスキンは同日にできますか？,脱毛とヴェルヴェットスキンは、別の部位であれば原則として同日に受けられます。同じ部位にヴェルヴェットスキンを受ける場合は4週間あけてください。施術内容やお肌の状態によって前後することがあります。また回答の施術間隔は当院で治療をした方の目安であり、他院で治療をされている場合は直接お電話にてお問い合わせくださいませ。,"脱毛,ヴェルヴェットスキン,医療脱毛,顔脱毛,全身脱毛,VIO脱毛,ひげ脱毛,レーザー脱毛,ヴェルヴェット,ベルベットスキン,間隔,空ける,あける,期間,どのくらい,どれくらい,何週間,何日あける,同日,してから,次の施術"
脱毛,ダーマペン,2週間,脱毛とダーマペンの間隔／脱毛とダーマペンの間隔は何週間ですか？／脱毛の後にダーマペンはどのくらい空けますか？／脱毛とダーマペンはどのくらい間隔をあけますか？／脱毛してからダーマペンまではどのくらい期間をあけたらいいですか？／脱毛の後にダーマペンはいつ受けられますか？／脱毛とダーマペンは同日にできますか？,脱毛とダーマペンは、別の部位であれば原則として同日に受けられます。同じ部位にダーマペンを受ける場合は2週間あけてください。施術内容やお肌の状態によって前後することがあります。また回答の施術間隔は当院で治療をした方の目安であり、他院で治療をされている場合は直接お電話にてお問い合わせくださいませ。,"脱毛,ダーマペン,医療脱毛,顔脱毛,全身脱毛,VIO脱毛,ひげ脱毛,レーザー脱毛,ダーマペン4,間隔,空ける,あける,期間,どのくらい,どれくらい,何週間,何日あける,同日,してから,次の施術"
脱毛,HARG,（翌日）,脱毛とHARGの間隔／脱毛とHARGの間隔は何週間ですか？／脱毛の後にHARGはどのくらい空けますか？／脱毛とHARGはどのくらい間隔をあけますか？／脱毛してからHARGまではどのくらい期間をあけたらいいですか？／脱毛の後にHARGはいつ受けられますか？／脱毛とHARGは同日にできますか？,脱毛の後にHARG（部位が異なります）は翌日以降であれば受けられます。施術内容やお肌の状態によって前後することがあります。また回答の施術間隔は当院で治療をした方の目安であり、他院で治療をされている場合は直接お電話にてお問い合わせくださいませ。,"脱毛,HARG,医療脱毛,顔脱毛,全身脱毛,VIO脱毛,ひげ脱毛,レーザー脱毛,ハーグ,HARG療法,間隔,空ける,あける,期間,どのくらい,どれくらい,何週間,何日あける,同日,してから,次の施術"
脱毛,スカルプ・プラセンタエッセンス,（翌日）,脱毛とスカルプ・プラセンタエッセンスの間隔／脱毛とスカルプ・プラセンタエッセンスの間隔は何週間ですか？／脱毛の後にスカルプ・プラセンタエッセンスはどのくらい空けますか？／脱毛とスカルプ・プラセンタエッセンスはどのくらい間隔をあけますか？／脱毛してからスカルプ・プラセンタエッセンスまではどのくらい期間をあけたらいいですか？／脱毛の後にスカルプ・プラセンタエッセンスはいつ受けられますか？／脱毛とスカルプ・プラセンタエッセンスは同日にできますか？,脱毛の後にスカルプ・プラセンタエッセンス（部位が異なります）は翌日以降であれば受けられます。施術内容やお肌の状態によって前後することがあります。また回答の施術間隔は当院で治療をした方の目安であり、他院で治療をされている場合は直接お電話にてお問い合わせくださいませ。,"脱毛,スカルプ・プラセンタエッセンス,医療脱毛,顔脱毛,全身脱毛,VIO脱毛,ひげ脱毛,レーザー脱毛,スカルプ,プラセンタ,間隔,空ける,あける,期間,どのくらい,どれくらい,何週間,何日あける,同日,してから,次の施術"
脱毛,コラーゲンピール,2週間,脱毛とコラーゲンピールの間隔／脱毛とコラーゲンピールの間隔は何週間ですか？／脱毛の後にコラーゲンピールはどのくらい空けますか？／脱毛とコラーゲンピールはどのくらい間隔をあけますか？／脱毛してからコラーゲンピールまではどのくらい期間をあけたらいいですか？／脱毛の後にコラーゲンピールはいつ受けられますか？／脱毛とコラーゲンピールは同日にできますか？,脱毛とコラーゲンピールは、別の部位であれば原則として同日に受けられます。同じ部位にコラーゲンピールを受ける場合は2週間あけてください。施術内容やお肌の状態によって前後することがあります。また回答の施術間隔は当院で治療をした方の目安であり、他院で治療をされている場合は直接お電話にてお問い合わせくださいませ。,"脱毛,コラーゲンピール,医療脱毛,顔脱毛,全身脱毛,VIO脱毛,ひげ脱毛,レーザー脱毛,マッサージピール,間隔,空ける,あける,期間,どのくらい,どれくらい,何週間,何日あける,同日,してから,次の施術"
脱毛,サーマクール,2週間,脱毛とサーマクールの間隔／脱毛とサーマクールの間隔は何週間ですか？／脱毛の後にサーマクールはどのくらい空けますか？／脱毛とサーマクールはどのくらい間隔をあけますか？／脱毛してからサーマクールまではどのくらい期間をあけたらいいですか？／脱毛の後にサーマクールはいつ受けられますか？／脱毛とサーマクールは同日にできますか？,脱毛とサーマクールは、別の部位であれば原則として同日に受けられます。同じ部位にサーマクールを受ける場合は2週間あけてください。施術内容やお肌の状態によって前後することがあります。また回答の施術間隔は当院で治療をした方の目安であり、他院で治療をされている場合は直接お電話にてお問い合わせくださいませ。,"脱毛,サーマクール,医療脱毛,顔脱毛,全身脱毛,VIO脱毛,ひげ脱毛,レーザー脱毛,サーマ,間隔,空ける,あける,期間,どのくらい,どれくらい,何週間,何日あける,同日,してから,次の施術"
脱毛,ミラドライ,2週間,脱毛とミラドライの間隔／脱毛とミラドライの間隔は何週間ですか？／脱毛の後にミラドライはどのくらい空けますか？／脱毛とミラドライはどのくらい間隔をあけますか？／脱毛してからミラドライまではどのくらい期間をあけたらいいですか？／脱毛の後にミラドライはいつ受けられますか？／脱毛とミラドライは同日にできますか？,脱毛とミラドライは、別の部位であれば原則として同日に受けられます。同じ部位にミラドライを受ける場合は2週間あけてください。施術内容やお肌の状態によって前後することがあります。また回答の施術間隔は当院で治療をした方の目安であり、他院で治療をされている場合は直接お電話にてお問い合わせくださいませ。,"脱毛,ミラドライ,医療脱毛,顔脱毛,全身脱毛,VIO脱毛,ひげ脱毛,レーザー脱毛,ワキガ,間隔,空ける,あける,期間,どのくらい,どれくらい,何週間,何日あける,同日,してから,次の施術"
脱毛,脱毛,※2～8週間,脱毛と脱毛の間隔／脱毛と脱毛の間隔は何週間ですか？／脱毛の後に脱毛はどのくらい空けますか？／脱毛と脱毛はどのくらい間隔をあけますか？／脱毛してから脱毛まではどのくらい期間をあけたらいいですか？／脱毛の後に脱毛はいつ受けられますか？／脱毛と脱毛は同日にできますか？,脱毛を続けて（同じ部位に）受ける場合は2～8週間あけてください。 脱毛は1回目→2回目が4週間、2回目以降は8週間（男性のひげは2週間）です。施術内容やお肌の状態によって前後することがあります。また回答の施術間隔は当院で治療をした方の目安であり、他院で治療をされている場合は直接お電話にてお問い合わせくださいませ。,"脱毛,医療脱毛,顔脱毛,全身脱毛,VIO脱毛,ひげ脱毛,レーザー脱毛,間隔,空ける,あける,期間,どのくらい,どれくらい,何週間,何日あける,同日,してから,次の施術"
脱毛,タトゥー,※2～8週間,脱毛とタトゥーの間隔／脱毛とタトゥーの間隔は何週間ですか？／脱毛の後にタトゥーはどのくらい空けますか？／脱毛とタトゥーはどのくらい間隔をあけますか？／脱毛してからタトゥーまではどのくらい期間をあけたらいいですか？／脱毛の後にタトゥーはいつ受けられますか？／脱毛とタトゥーは同日にできますか？,脱毛とタトゥーは、別の部位であれば原則として同日に受けられます。同じ部位にタトゥーを受ける場合は2～8週間あけてください。施術内容やお肌の状態によって前後することがあります。また回答の施術間隔は当院で治療をした方の目安であり、他院で治療をされている場合は直接お電話にてお問い合わせくださいませ。,"脱毛,タトゥー,医療脱毛,顔脱毛,全身脱毛,VIO脱毛,ひげ脱毛,レーザー脱毛,刺青,タトゥー除去,間隔,空ける,あける,期間,どのくらい,どれくらい,何週間,何日あける,同日,してから,次の施術"
脱毛,アートメイク,同日可,脱毛とアートメイクの間隔／脱毛とアートメイクの間隔は何週間ですか？／脱毛の後にアートメイクはどのくらい空けますか？／脱毛とアートメイクはどのくらい間隔をあけますか？／脱毛してからアートメイクまではどのくらい期間をあけたらいいですか？／脱毛の後にアートメイクはいつ受けられますか？／脱毛とアートメイクは同日にできますか？,脱毛とアートメイクは同日に受けられます。施術内容やお肌の状態によって前後することがあります。また回答の施術間隔は当院で治療をした方の目安であり、他院で治療をされている場合は直接お電話にてお問い合わせくださいませ。,"脱毛,アートメイク,医療脱毛,顔脱毛,全身脱毛,VIO脱毛,ひげ脱毛,レーザー脱毛,間隔,空ける,あける,期間,どのくらい,どれくらい,何週間,何日あける,同日,してから,次の施術"
タトゥー,ハイドラジェントル,同部位3ヶ月,タトゥーとハイドラジェントルの間隔／タトゥーとハイドラジェントルの間隔は何週間ですか？／タトゥーの後にハイドラジェントルはどのくらい空けますか？／タトゥーとハイドラジェントルはどのくらい間隔をあけますか？／タトゥーしてからハイドラジェントルまではどのくらい期間をあけたらいいですか？／タトゥーの後にハイドラジェントルはいつ受けられますか？／タトゥーとハイドラジェントルは同日にできますか？,タトゥーの後にハイドラジェントルを同じ部位へ受ける場合は3ヶ月あけてください。別の部位であれば短い間隔で受けられます。施術内容やお肌の状態によって前後することがあります。また回答の施術間隔は当院で治療をした方の目安であり、他院で治療をされている場合は直接お電話にてお問い合わせくださいませ。,"タトゥー,ハイドラジェントル,刺青,タトゥー除去,ハイドラ,間隔,空ける,あける,期間,どのくらい,どれくらい,何週間,何日あける,同日,してから,次の施術"
タトゥー,ケミカルピーリング,同部位3ヶ月,タトゥーとケミカルピーリングの間隔／タトゥーとケミカルピーリングの間隔は何週間ですか？／タトゥーの後にケミカルピーリングはどのくらい空けますか？／タトゥーとケミカルピーリングはどのくらい間隔をあけますか？／タトゥーしてからケミカルピーリングまではどのくらい期間をあけたらいいですか？／タトゥーの後にケミカルピーリングはいつ受けられますか？／タトゥーとケミカルピーリングは同日にできますか？,タトゥーの後にケミカルピーリングを同じ部位へ受ける場合は3ヶ月あけてください。別の部位であれば短い間隔で受けられます。施術内容やお肌の状態によって前後することがあります。また回答の施術間隔は当院で治療をした方の目安であり、他院で治療をされている場合は直接お電話にてお問い合わせくださいませ。,"タトゥー,ケミカルピーリング,刺青,タトゥー除去,ピーリング,間隔,空ける,あける,期間,どのくらい,どれくらい,何週間,何日あける,同日,してから,次の施術"
タトゥー,スマートサイドドット（2回目以降）,同部位3ヶ月,タトゥーとスマートサイドドット（2回目以降）の間隔／タトゥーとスマートサイドドット（2回目以降）の間隔は何週間ですか？／タトゥーの後にスマートサイドドット（2回目以降）はどのくらい空けますか？／タトゥーとスマートサイドドット（2回目以降）はどのくらい間隔をあけますか？／タトゥーしてからスマートサイドドット（2回目以降）まではどのくらい期間をあけたらいいですか？／タトゥーの後にスマートサイドドット（2回目以降）はいつ受けられますか？／タトゥーとスマートサイドドット（2回目以降）は同日にできますか？,タトゥーの後にスマートサイドドット（2回目以降）を同じ部位へ受ける場合は3ヶ月あけてください。別の部位であれば短い間隔で受けられます。施術内容やお肌の状態によって前後することがあります。また回答の施術間隔は当院で治療をした方の目安であり、他院で治療をされている場合は直接お電話にてお問い合わせくださいませ。,"タトゥー,スマートサイドドット（2回目以降）,刺青,タトゥー除去,スマサイ,スマートサイドドット,間隔,空ける,あける,期間,どのくらい,どれくらい,何週間,何日あける,同日,してから,次の施術"
タトゥー,スマートサイドドット（初回）,同部位3ヶ月,タトゥーとスマートサイドドット（初回）の間隔／タトゥーとスマートサイドドット（初回）の間隔は何週間ですか？／タトゥーの後にスマートサイドドット（初回）はどのくらい空けますか？／タトゥーとスマートサイドドット（初回）はどのくらい間隔をあけますか？／タトゥーしてからスマートサイドドット（初回）まではどのくらい期間をあけたらいいですか？／タトゥーの後にスマートサイドドット（初回）はいつ受けられますか？／タトゥーとスマートサイドドット（初回）は同日にできますか？,タトゥーの後にスマートサイドドット（初回）を同じ部位へ受ける場合は3ヶ月あけてください。別の部位であれば短い間隔で受けられます。施術内容やお肌の状態によって前後することがあります。また回答の施術間隔は当院で治療をした方の目安であり、他院で治療をされている場合は直接お電話にてお問い合わせくださいませ。,"タトゥー,スマートサイドドット（初回）,刺青,タトゥー除去,スマサイ,スマートサイドドット,間隔,空ける,あける,期間,どのくらい,どれくらい,何週間,何日あける,同日,してから,次の施術"
タトゥー,イボレーザー/CO2レーザー,同部位3ヶ月,タトゥーとイボレーザー/CO2レーザーの間隔／タトゥーとイボレーザー/CO2レーザーの間隔は何週間ですか？／タトゥーの後にイボレーザー/CO2レーザーはどのくらい空けますか？／タトゥーとイボレーザー/CO2レーザーはどのくらい間隔をあけますか？／タトゥーしてからイボレーザー/CO2レーザーまではどのくらい期間をあけたらいいですか？／タトゥーの後にイボレーザー/CO2レーザーはいつ受けられますか？／タトゥーとイボレーザー/CO2レーザーは同日にできますか？,タトゥーの後にイボレーザー/CO2レーザーを同じ部位へ受ける場合は3ヶ月あけてください。別の部位であれば短い間隔で受けられます。施術内容やお肌の状態によって前後することがあります。また回答の施術間隔は当院で治療をした方の目安であり、他院で治療をされている場合は直接お電話にてお問い合わせくださいませ。,"タトゥー,イボレーザー/CO2レーザー,刺青,タトゥー除去,炭酸ガスレーザー,CO2レーザー,イボ取り,いぼレーザー,間隔,空ける,あける,期間,どのくらい,どれくらい,何週間,何日あける,同日,してから,次の施術"
タトゥー,シミ取りレーザー,同部位3ヶ月,タトゥーとシミ取りレーザーの間隔／タトゥーとシミ取りレーザーの間隔は何週間ですか？／タトゥーの後にシミ取りレーザーはどのくらい空けますか？／タトゥーとシミ取りレーザーはどのくらい間隔をあけますか？／タトゥーしてからシミ取りレーザーまではどのくらい期間をあけたらいいですか？／タトゥーの後にシミ取りレーザーはいつ受けられますか？／タトゥーとシミ取りレーザーは同日にできますか？,タトゥーの後にシミ取りレーザーを同じ部位へ受ける場合は3ヶ月あけてください。別の部位であれば短い間隔で受けられます。施術内容やお肌の状態によって前後することがあります。また回答の施術間隔は当院で治療をした方の目安であり、他院で治療をされている場合は直接お電話にてお問い合わせくださいませ。,"タトゥー,シミ取りレーザー,刺青,タトゥー除去,シミレーザー,シミ取り,間隔,空ける,あける,期間,どのくらい,どれくらい,何週間,何日あける,同日,してから,次の施術"
タトゥー,ADM/ピコレーザ,同部位3ヶ月,タトゥーとADM/ピコレーザの間隔／タトゥーとADM/ピコレーザの間隔は何週間ですか？／タトゥーの後にADM/ピコレーザはどのくらい空けますか？／タトゥーとADM/ピコレーザはどのくらい間隔をあけますか？／タトゥーしてからADM/ピコレーザまではどのくらい期間をあけたらいいですか？／タトゥーの後にADM/ピコレーザはいつ受けられますか？／タトゥーとADM/ピコレーザは同日にできますか？,タトゥーの後にADM/ピコレーザを同じ部位へ受ける場合は3ヶ月あけてください。別の部位であれば短い間隔で受けられます。施術内容やお肌の状態によって前後することがあります。また回答の施術間隔は当院で治療をした方の目安であり、他院で治療をされている場合は直接お電話にてお問い合わせくださいませ。,"タトゥー,ADM/ピコレーザ,刺青,タトゥー除去,ADMレーザー,ピコレーザー,ADM,間隔,空ける,あける,期間,どのくらい,どれくらい,何週間,何日あける,同日,してから,次の施術"
タトゥー,ADM/ナノレーザー,同部位3ヶ月,タトゥーとADM/ナノレーザーの間隔／タトゥーとADM/ナノレーザーの間隔は何週間ですか？／タトゥーの後にADM/ナノレーザーはどのくらい空けますか？／タトゥーとADM/ナノレーザーはどのくらい間隔をあけますか？／タトゥーしてからADM/ナノレーザーまではどのくらい期間をあけたらいいですか？／タトゥーの後にADM/ナノレーザーはいつ受けられますか？／タトゥーとADM/ナノレーザーは同日にできますか？,タトゥーの後にADM/ナノレーザーを同じ部位へ受ける場合は3ヶ月あけてください。別の部位であれば短い間隔で受けられます。施術内容やお肌の状態によって前後することがあります。また回答の施術間隔は当院で治療をした方の目安であり、他院で治療をされている場合は直接お電話にてお問い合わせくださいませ。,"タトゥー,ADM/ナノレーザー,刺青,タトゥー除去,ADMレーザー,ナノレーザー,ADM,間隔,空ける,あける,期間,どのくらい,どれくらい,何週間,何日あける,同日,してから,次の施術"
タトゥー,レーザートーニング,同部位3ヶ月,タトゥーとレーザートーニングの間隔／タトゥーとレーザートーニングの間隔は何週間ですか？／タトゥーの後にレーザートーニングはどのくらい空けますか？／タトゥーとレーザートーニングはどのくらい間隔をあけますか？／タトゥーしてからレーザートーニングまではどのくらい期間をあけたらいいですか？／タトゥーの後にレーザートーニングはいつ受けられますか？／タトゥーとレーザートーニングは同日にできますか？,タトゥーの後にレーザートーニングを同じ部位へ受ける場合は3ヶ月あけてください。別の部位であれば短い間隔で受けられます。施術内容やお肌の状態によって前後することがあります。また回答の施術間隔は当院で治療をした方の目安であり、他院で治療をされている場合は直接お電話にてお問い合わせくださいませ。,"タトゥー,レーザートーニング,刺青,タトゥー除去,トーニング,間隔,空ける,あける,期間,どのくらい,どれくらい,何週間,何日あける,同日,してから,次の施術"
タトゥー,ピコトーニング,同部位3ヶ月,タトゥーとピコトーニングの間隔／タトゥーとピコトーニングの間隔は何週間ですか？／タトゥーの後にピコトーニングはどのくらい空けますか？／タトゥーとピコトーニングはどのくらい間隔をあけますか？／タトゥーしてからピコトーニングまではどのくらい期間をあけたらいいですか？／タトゥーの後にピコトーニングはいつ受けられますか？／タトゥーとピコトーニングは同日にできますか？,タトゥーの後にピコトーニングを同じ部位へ受ける場合は3ヶ月あけてください。別の部位であれば短い間隔で受けられます。施術内容やお肌の状態によって前後することがあります。また回答の施術間隔は当院で治療をした方の目安であり、他院で治療をされている場合は直接お電話にてお問い合わせくださいませ。,"タトゥー,ピコトーニング,刺青,タトゥー除去,トーニング,ピコ,間隔,空ける,あける,期間,どのくらい,どれくらい,何週間,何日あける,同日,してから,次の施術"
タトゥー,ピコフラクショナル,同部位3ヶ月,タトゥーとピコフラクショナルの間隔／タトゥーとピコフラクショナルの間隔は何週間ですか？／タトゥーの後にピコフラクショナルはどのくらい空けますか？／タトゥーとピコフラクショナルはどのくらい間隔をあけますか？／タトゥーしてからピコフラクショナルまではどのくらい期間をあけたらいいですか？／タトゥーの後にピコフラクショナルはいつ受けられますか？／タトゥーとピコフラクショナルは同日にできますか？,タトゥーの後にピコフラクショナルを同じ部位へ受ける場合は3ヶ月あけてください。別の部位であれば短い間隔で受けられます。施術内容やお肌の状態によって前後することがあります。また回答の施術間隔は当院で治療をした方の目安であり、他院で治療をされている場合は直接お電話にてお問い合わせくださいませ。,"タトゥー,ピコフラクショナル,刺青,タトゥー除去,フラクショナル,間隔,空ける,あける,期間,どのくらい,どれくらい,何週間,何日あける,同日,してから,次の施術"
タトゥー,そばかすシャワー,同部位3ヶ月,タトゥーとそばかすシャワーの間隔／タトゥーとそばかすシャワーの間隔は何週間ですか？／タトゥーの後にそばかすシャワーはどのくらい空けますか？／タトゥーとそばかすシャワーはどのくらい間隔をあけますか？／タトゥーしてからそばかすシャワーまではどのくらい期間をあけたらいいですか？／タトゥーの後にそばかすシャワーはいつ受けられますか？／タトゥーとそばかすシャワーは同日にできますか？,タトゥーの後にそばかすシャワーを同じ部位へ受ける場合は3ヶ月あけてください。別の部位であれば短い間隔で受けられます。施術内容やお肌の状態によって前後することがあります。また回答の施術間隔は当院で治療をした方の目安であり、他院で治療をされている場合は直接お電話にてお問い合わせくださいませ。,"タトゥー,そばかすシャワー,刺青,タトゥー除去,そばかす,間隔,空ける,あける,期間,どのくらい,どれくらい,何週間,何日あける,同日,してから,次の施術"
タトゥー,そばかすスポット,同部位3ヶ月,タトゥーとそばかすスポットの間隔／タトゥーとそばかすスポットの間隔は何週間ですか？／タトゥーの後にそばかすスポットはどのくらい空けますか？／タトゥーとそばかすスポットはどのくらい間隔をあけますか？／タトゥーしてからそばかすスポットまではどのくらい期間をあけたらいいですか？／タトゥーの後にそばかすスポットはいつ受けられますか？／タトゥーとそばかすスポットは同日にできますか？,タトゥーの後にそばかすスポットを同じ部位へ受ける場合は3ヶ月あけてください。別の部位であれば短い間隔で受けられます。施術内容やお肌の状態によって前後することがあります。また回答の施術間隔は当院で治療をした方の目安であり、他院で治療をされている場合は直接お電話にてお問い合わせくださいませ。,"タトゥー,そばかすスポット,刺青,タトゥー除去,そばかす,間隔,空ける,あける,期間,どのくらい,どれくらい,何週間,何日あける,同日,してから,次の施術"
タトゥー,フォト/光治療,同部位3ヶ月,タトゥーとフォト/光治療の間隔／タトゥーとフォト/光治療の間隔は何週間ですか？／タトゥーの後にフォト/光治療はどのくらい空けますか？／タトゥーとフォト/光治療はどのくらい間隔をあけますか？／タトゥーしてからフォト/光治療まではどのくらい期間をあけたらいいですか？／タトゥーの後にフォト/光治療はいつ受けられますか？／タトゥーとフォト/光治療は同日にできますか？,タトゥーの後にフォト/光治療を同じ部位へ受ける場合は3ヶ月あけてください。別の部位であれば短い間隔で受けられます。施術内容やお肌の状態によって前後することがあります。また回答の施術間隔は当院で治療をした方の目安であり、他院で治療をされている場合は直接お電話にてお問い合わせくださいませ。,"タトゥー,フォト/光治療,刺青,タトゥー除去,フォトフェイシャル,フォト,光治療,IPL,間隔,空ける,あける,期間,どのくらい,どれくらい,何週間,何日あける,同日,してから,次の施術"
タトゥー,赤み治療,同部位3ヶ月,タトゥーと赤み治療の間隔／タトゥーと赤み治療の間隔は何週間ですか？／タトゥーの後に赤み治療はどのくらい空けますか？／タトゥーと赤み治療はどのくらい間隔をあけますか？／タトゥーしてから赤み治療まではどのくらい期間をあけたらいいですか？／タトゥーの後に赤み治療はいつ受けられますか？／タトゥーと赤み治療は同日にできますか？,タトゥーの後に赤み治療を同じ部位へ受ける場合は3ヶ月あけてください。別の部位であれば短い間隔で受けられます。施術内容やお肌の状態によって前後することがあります。また回答の施術間隔は当院で治療をした方の目安であり、他院で治療をされている場合は直接お電話にてお問い合わせくださいませ。,"タトゥー,赤み治療,刺青,タトゥー除去,血管腫レーザー,赤ら顔,間隔,空ける,あける,期間,どのくらい,どれくらい,何週間,何日あける,同日,してから,次の施術"
タトゥー,ボトックス,同部位3ヶ月,タトゥーとボトックスの間隔／タトゥーとボトックスの間隔は何週間ですか？／タトゥーの後にボトックスはどのくらい空けますか？／タトゥーとボトックスはどのくらい間隔をあけますか？／タトゥーしてからボトックスまではどのくらい期間をあけたらいいですか？／タトゥーの後にボトックスはいつ受けられますか？／タトゥーとボトックスは同日にできますか？,タトゥーの後にボトックスを同じ部位へ受ける場合は3ヶ月あけてください。別の部位であれば短い間隔で受けられます。施術内容やお肌の状態によって前後することがあります。また回答の施術間隔は当院で治療をした方の目安であり、他院で治療をされている場合は直接お電話にてお問い合わせくださいませ。,"タトゥー,ボトックス,刺青,タトゥー除去,ボトックス注射,間隔,空ける,あける,期間,どのくらい,どれくらい,何週間,何日あける,同日,してから,次の施術"
タトゥー,ボトックス（マイクロ）,同部位3ヶ月,タトゥーとボトックス（マイクロ）の間隔／タトゥーとボトックス（マイクロ）の間隔は何週間ですか？／タトゥーの後にボトックス（マイクロ）はどのくらい空けますか？／タトゥーとボトックス（マイクロ）はどのくらい間隔をあけますか？／タトゥーしてからボトックス（マイクロ）まではどのくらい期間をあけたらいいですか？／タトゥーの後にボトックス（マイクロ）はいつ受けられますか？／タトゥーとボトックス（マイクロ）は同日にできますか？,タトゥーの後にボトックス（マイクロ）を同じ部位へ受ける場合は3ヶ月あけてください。別の部位であれば短い間隔で受けられます。施術内容やお肌の状態によって前後することがあります。また回答の施術間隔は当院で治療をした方の目安であり、他院で治療をされている場合は直接お電話にてお問い合わせくださいませ。,"タトゥー,ボトックス（マイクロ）,刺青,タトゥー除去,マイクロボトックス,間隔,空ける,あける,期間,どのくらい,どれくらい,何週間,何日あける,同日,してから,次の施術"
タトゥー,フラルスキン部分シミ,同部位3ヶ月,タトゥーとフラルスキン部分シミの間隔／タトゥーとフラルスキン部分シミの間隔は何週間ですか？／タトゥーの後にフラルスキン部分シミはどのくらい空けますか？／タトゥーとフラルスキン部分シミはどのくらい間隔をあけますか？／タトゥーしてからフラルスキン部分シミまではどのくらい期間をあけたらいいですか？／タトゥーの後にフラルスキン部分シミはいつ受けられますか？／タトゥーとフラルスキン部分シミは同日にできますか？,タトゥーの後にフラルスキン部分シミを同じ部位へ受ける場合は3ヶ月あけてください。別の部位であれば短い間隔で受けられます。施術内容やお肌の状態によって前後することがあります。また回答の施術間隔は当院で治療をした方の目安であり、他院で治療をされている場合は直接お電話にてお問い合わせくださいませ。,"タトゥー,フラルスキン部分シミ,刺青,タトゥー除去,間隔,空ける,あける,期間,どのくらい,どれくらい,何週間,何日あける,同日,してから,次の施術"
タトゥー,テノールネオ,同部位3ヶ月,タトゥーとテノールネオの間隔／タトゥーとテノールネオの間隔は何週間ですか？／タトゥーの後にテノールネオはどのくらい空けますか？／タトゥーとテノールネオはどのくらい間隔をあけますか？／タトゥーしてからテノールネオまではどのくらい期間をあけたらいいですか？／タトゥーの後にテノールネオはいつ受けられますか？／タトゥーとテノールネオは同日にできますか？,タトゥーの後にテノールネオを同じ部位へ受ける場合は3ヶ月あけてください。別の部位であれば短い間隔で受けられます。施術内容やお肌の状態によって前後することがあります。また回答の施術間隔は当院で治療をした方の目安であり、他院で治療をされている場合は直接お電話にてお問い合わせくださいませ。,"タトゥー,テノールネオ,刺青,タトゥー除去,テノールNEO,テノール,間隔,空ける,あける,期間,どのくらい,どれくらい,何週間,何日あける,同日,してから,次の施術"
タトゥー,mikoメソッド,同部位3ヶ月,タトゥーとmikoメソッドの間隔／タトゥーとmikoメソッドの間隔は何週間ですか？／タトゥーの後にmikoメソッドはどのくらい空けますか？／タトゥーとmikoメソッドはどのくらい間隔をあけますか？／タトゥーしてからmikoメソッドまではどのくらい期間をあけたらいいですか？／タトゥーの後にmikoメソッドはいつ受けられますか？／タトゥーとmikoメソッドは同日にできますか？,タトゥーの後にmikoメソッドを同じ部位へ受ける場合は3ヶ月あけてください。別の部位であれば短い間隔で受けられます。施術内容やお肌の状態によって前後することがあります。また回答の施術間隔は当院で治療をした方の目安であり、他院で治療をされている場合は直接お電話にてお問い合わせくださいませ。,"タトゥー,mikoメソッド,刺青,タトゥー除去,miko,ミコメソッド,首イボ,間隔,空ける,あける,期間,どのくらい,どれくらい,何週間,何日あける,同日,してから,次の施術"
タトゥー,ほくろ切除/ほくろ除去,同部位3ヶ月,タトゥーとほくろ切除/ほくろ除去の間隔／タトゥーとほくろ切除/ほくろ除去の間隔は何週間ですか？／タトゥーの後にほくろ切除/ほくろ除去はどのくらい空けますか？／タトゥーとほくろ切除/ほくろ除去はどのくらい間隔をあけますか？／タトゥーしてからほくろ切除/ほくろ除去まではどのくらい期間をあけたらいいですか？／タトゥーの後にほくろ切除/ほくろ除去はいつ受けられますか？／タトゥーとほくろ切除/ほくろ除去は同日にできますか？,タトゥーの後にほくろ切除/ほくろ除去を同じ部位へ受ける場合は3ヶ月あけてください。別の部位であれば短い間隔で受けられます。施術内容やお肌の状態によって前後することがあります。また回答の施術間隔は当院で治療をした方の目安であり、他院で治療をされている場合は直接お電話にてお問い合わせくださいませ。,"タトゥー,ほくろ切除/ほくろ除去,刺青,タトゥー除去,ほくろ除去,ほくろ,間隔,空ける,あける,期間,どのくらい,どれくらい,何週間,何日あける,同日,してから,次の施術"
タトゥー,ボライト,同部位3ヶ月,タトゥーとボライトの間隔／タトゥーとボライトの間隔は何週間ですか？／タトゥーの後にボライトはどのくらい空けますか？／タトゥーとボライトはどのくらい間隔をあけますか？／タトゥーしてからボライトまではどのくらい期間をあけたらいいですか？／タトゥーの後にボライトはいつ受けられますか？／タトゥーとボライトは同日にできますか？,タトゥーの後にボライトを同じ部位へ受ける場合は3ヶ月あけてください。別の部位であれば短い間隔で受けられます。施術内容やお肌の状態によって前後することがあります。また回答の施術間隔は当院で治療をした方の目安であり、他院で治療をされている場合は直接お電話にてお問い合わせくださいませ。,"タトゥー,ボライト,刺青,タトゥー除去,間隔,空ける,あける,期間,どのくらい,どれくらい,何週間,何日あける,同日,してから,次の施術"
タトゥー,稗粒腫,同部位3ヶ月,タトゥーと稗粒腫の間隔／タトゥーと稗粒腫の間隔は何週間ですか？／タトゥーの後に稗粒腫はどのくらい空けますか？／タトゥーと稗粒腫はどのくらい間隔をあけますか？／タトゥーしてから稗粒腫まではどのくらい期間をあけたらいいですか？／タトゥーの後に稗粒腫はいつ受けられますか？／タトゥーと稗粒腫は同日にできますか？,タトゥーの後に稗粒腫を同じ部位へ受ける場合は3ヶ月あけてください。別の部位であれば短い間隔で受けられます。施術内容やお肌の状態によって前後することがあります。また回答の施術間隔は当院で治療をした方の目安であり、他院で治療をされている場合は直接お電話にてお問い合わせくださいませ。,"タトゥー,稗粒腫,刺青,タトゥー除去,間隔,空ける,あける,期間,どのくらい,どれくらい,何週間,何日あける,同日,してから,次の施術"
タトゥー,ヴェルヴェットスキン,同部位3ヶ月,タトゥーとヴェルヴェットスキンの間隔／タトゥーとヴェルヴェットスキンの間隔は何週間ですか？／タトゥーの後にヴェルヴェットスキンはどのくらい空けますか？／タトゥーとヴェルヴェットスキンはどのくらい間隔をあけますか？／タトゥーしてからヴェルヴェットスキンまではどのくらい期間をあけたらいいですか？／タトゥーの後にヴェルヴェットスキンはいつ受けられますか？／タトゥーとヴェルヴェットスキンは同日にできますか？,タトゥーの後にヴェルヴェットスキンを同じ部位へ受ける場合は3ヶ月あけてください。別の部位であれば短い間隔で受けられます。施術内容やお肌の状態によって前後することがあります。また回答の施術間隔は当院で治療をした方の目安であり、他院で治療をされている場合は直接お電話にてお問い合わせくださいませ。,"タトゥー,ヴェルヴェットスキン,刺青,タトゥー除去,ヴェルヴェット,ベルベットスキン,間隔,空ける,あける,期間,どのくらい,どれくらい,何週間,何日あける,同日,してから,次の施術"
タトゥー,ダーマペン,同部位3ヶ月,タトゥーとダーマペンの間隔／タトゥーとダーマペンの間隔は何週間ですか？／タトゥーの後にダーマペンはどのくらい空けますか？／タトゥーとダーマペンはどのくらい間隔をあけますか？／タトゥーしてからダーマペンまではどのくらい期間をあけたらいいですか？／タトゥーの後にダーマペンはいつ受けられますか？／タトゥーとダーマペンは同日にできますか？,タトゥーの後にダーマペンを同じ部位へ受ける場合は3ヶ月あけてください。別の部位であれば短い間隔で受けられます。施術内容やお肌の状態によって前後することがあります。また回答の施術間隔は当院で治療をした方の目安であり、他院で治療をされている場合は直接お電話にてお問い合わせくださいませ。,"タトゥー,ダーマペン,刺青,タトゥー除去,ダーマペン4,間隔,空ける,あける,期間,どのくらい,どれくらい,何週間,何日あける,同日,してから,次の施術"
タトゥー,HARG,同部位3ヶ月,タトゥーとHARGの間隔／タトゥーとHARGの間隔は何週間ですか？／タトゥーの後にHARGはどのくらい空けますか？／タトゥーとHARGはどのくらい間隔をあけますか？／タトゥーしてからHARGまではどのくらい期間をあけたらいいですか？／タトゥーの後にHARGはいつ受けられますか？／タトゥーとHARGは同日にできますか？,タトゥーの後にHARGを同じ部位へ受ける場合は3ヶ月あけてください。別の部位であれば短い間隔で受けられます。施術内容やお肌の状態によって前後することがあります。また回答の施術間隔は当院で治療をした方の目安であり、他院で治療をされている場合は直接お電話にてお問い合わせくださいませ。,"タトゥー,HARG,刺青,タトゥー除去,ハーグ,HARG療法,間隔,空ける,あける,期間,どのくらい,どれくらい,何週間,何日あける,同日,してから,次の施術"
タトゥー,スカルプ・プラセンタエッセンス,同部位3ヶ月,タトゥーとスカルプ・プラセンタエッセンスの間隔／タトゥーとスカルプ・プラセンタエッセンスの間隔は何週間ですか？／タトゥーの後にスカルプ・プラセンタエッセンスはどのくらい空けますか？／タトゥーとスカルプ・プラセンタエッセンスはどのくらい間隔をあけますか？／タトゥーしてからスカルプ・プラセンタエッセンスまではどのくらい期間をあけたらいいですか？／タトゥーの後にスカルプ・プラセンタエッセンスはいつ受けられますか？／タトゥーとスカルプ・プラセンタエッセンスは同日にできますか？,タトゥーの後にスカルプ・プラセンタエッセンスを同じ部位へ受ける場合は3ヶ月あけてください。別の部位であれば短い間隔で受けられます。施術内容やお肌の状態によって前後することがあります。また回答の施術間隔は当院で治療をした方の目安であり、他院で治療をされている場合は直接お電話にてお問い合わせくださいませ。,"タトゥー,スカルプ・プラセンタエッセンス,刺青,タトゥー除去,スカルプ,プラセンタ,間隔,空ける,あける,期間,どのくらい,どれくらい,何週間,何日あける,同日,してから,次の施術"
タトゥー,コラーゲンピール,同部位3ヶ月,タトゥーとコラーゲンピールの間隔／タトゥーとコラーゲンピールの間隔は何週間ですか？／タトゥーの後にコラーゲンピールはどのくらい空けますか？／タトゥーとコラーゲンピールはどのくらい間隔をあけますか？／タトゥーしてからコラーゲンピールまではどのくらい期間をあけたらいいですか？／タトゥーの後にコラーゲンピールはいつ受けられますか？／タトゥーとコラーゲンピールは同日にできますか？,タトゥーの後にコラーゲンピールを同じ部位へ受ける場合は3ヶ月あけてください。別の部位であれば短い間隔で受けられます。施術内容やお肌の状態によって前後することがあります。また回答の施術間隔は当院で治療をした方の目安であり、他院で治療をされている場合は直接お電話にてお問い合わせくださいませ。,"タトゥー,コラーゲンピール,刺青,タトゥー除去,マッサージピール,間隔,空ける,あける,期間,どのくらい,どれくらい,何週間,何日あける,同日,してから,次の施術"
タトゥー,サーマクール,同部位3ヶ月,タトゥーとサーマクールの間隔／タトゥーとサーマクールの間隔は何週間ですか？／タトゥーの後にサーマクールはどのくらい空けますか？／タトゥーとサーマクールはどのくらい間隔をあけますか？／タトゥーしてからサーマクールまではどのくらい期間をあけたらいいですか？／タトゥーの後にサーマクールはいつ受けられますか？／タトゥーとサーマクールは同日にできますか？,タトゥーの後にサーマクールを同じ部位へ受ける場合は3ヶ月あけてください。別の部位であれば短い間隔で受けられます。施術内容やお肌の状態によって前後することがあります。また回答の施術間隔は当院で治療をした方の目安であり、他院で治療をされている場合は直接お電話にてお問い合わせくださいませ。,"タトゥー,サーマクール,刺青,タトゥー除去,サーマ,間隔,空ける,あける,期間,どのくらい,どれくらい,何週間,何日あける,同日,してから,次の施術"
タトゥー,ミラドライ,同部位3ヶ月,タトゥーとミラドライの間隔／タトゥーとミラドライの間隔は何週間ですか？／タトゥーの後にミラドライはどのくらい空けますか？／タトゥーとミラドライはどのくらい間隔をあけますか？／タトゥーしてからミラドライまではどのくらい期間をあけたらいいですか？／タトゥーの後にミラドライはいつ受けられますか？／タトゥーとミラドライは同日にできますか？,タトゥーの後にミラドライを同じ部位へ受ける場合は3ヶ月あけてください。別の部位であれば短い間隔で受けられます。施術内容やお肌の状態によって前後することがあります。また回答の施術間隔は当院で治療をした方の目安であり、他院で治療をされている場合は直接お電話にてお問い合わせくださいませ。,"タトゥー,ミラドライ,刺青,タトゥー除去,ワキガ,間隔,空ける,あける,期間,どのくらい,どれくらい,何週間,何日あける,同日,してから,次の施術"
タトゥー,脱毛,同部位3ヶ月,タトゥーと脱毛の間隔／タトゥーと脱毛の間隔は何週間ですか？／タトゥーの後に脱毛はどのくらい空けますか？／タトゥーと脱毛はどのくらい間隔をあけますか？／タトゥーしてから脱毛まではどのくらい期間をあけたらいいですか？／タトゥーの後に脱毛はいつ受けられますか？／タトゥーと脱毛は同日にできますか？,タトゥーの後に脱毛を同じ部位へ受ける場合は3ヶ月あけてください。別の部位であれば短い間隔で受けられます。施術内容やお肌の状態によって前後することがあります。また回答の施術間隔は当院で治療をした方の目安であり、他院で治療をされている場合は直接お電話にてお問い合わせくださいませ。,"タトゥー,脱毛,刺青,タトゥー除去,医療脱毛,顔脱毛,全身脱毛,VIO脱毛,ひげ脱毛,レーザー脱毛,間隔,空ける,あける,期間,どのくらい,どれくらい,何週間,何日あける,同日,してから,次の施術"
タトゥー,タトゥー,同部位3ヶ月,タトゥーとタトゥーの間隔／タトゥーとタトゥーの間隔は何週間ですか？／タトゥーの後にタトゥーはどのくらい空けますか？／タトゥーとタトゥーはどのくらい間隔をあけますか？／タトゥーしてからタトゥーまではどのくらい期間をあけたらいいですか？／タトゥーの後にタトゥーはいつ受けられますか？／タトゥーとタトゥーは同日にできますか？,タトゥーの後にタトゥーを同じ部位へ受ける場合は3ヶ月あけてください。別の部位であれば短い間隔で受けられます。施術内容やお肌の状態によって前後することがあります。また回答の施術間隔は当院で治療をした方の目安であり、他院で治療をされている場合は直接お電話にてお問い合わせくださいませ。,"タトゥー,刺青,タトゥー除去,間隔,空ける,あける,期間,どのくらい,どれくらい,何週間,何日あける,同日,してから,次の施術"
タトゥー,アートメイク,同日可,タトゥーとアートメイクの間隔／タトゥーとアートメイクの間隔は何週間ですか？／タトゥーの後にアートメイクはどのくらい空けますか？／タトゥーとアートメイクはどのくらい間隔をあけますか？／タトゥーしてからアートメイクまではどのくらい期間をあけたらいいですか？／タトゥーの後にアートメイクはいつ受けられますか？／タトゥーとアートメイクは同日にできますか？,タトゥーとアートメイクは同日に受けられます。施術内容やお肌の状態によって前後することがあります。また回答の施術間隔は当院で治療をした方の目安であり、他院で治療をされている場合は直接お電話にてお問い合わせくださいませ。,"タトゥー,アートメイク,刺青,タトゥー除去,間隔,空ける,あける,期間,どのくらい,どれくらい,何週間,何日あける,同日,してから,次の施術"
アートメイク,ハイドラジェントル,2週間,アートメイクとハイドラジェントルの間隔／アートメイクとハイドラジェントルの間隔は何週間ですか？／アートメイクの後にハイドラジェントルはどのくらい空けますか？／アートメイクとハイドラジェントルはどのくらい間隔をあけますか？／アートメイクしてからハイドラジェントルまではどのくらい期間をあけたらいいですか？／アートメイクの後にハイドラジェントルはいつ受けられますか？／アートメイクとハイドラジェントルは同日にできますか？,アートメイクとハイドラジェントルは、別の部位であれば原則として同日に受けられます。同じ部位にハイドラジェントルを受ける場合は2週間あけてください。施術内容やお肌の状態によって前後することがあります。また回答の施術間隔は当院で治療をした方の目安であり、他院で治療をされている場合は直接お電話にてお問い合わせくださいませ。,"アートメイク,ハイドラジェントル,ハイドラ,間隔,空ける,あける,期間,どのくらい,どれくらい,何週間,何日あける,同日,してから,次の施術"
アートメイク,ケミカルピーリング,2週間,アートメイクとケミカルピーリングの間隔／アートメイクとケミカルピーリングの間隔は何週間ですか？／アートメイクの後にケミカルピーリングはどのくらい空けますか？／アートメイクとケミカルピーリングはどのくらい間隔をあけますか？／アートメイクしてからケミカルピーリングまではどのくらい期間をあけたらいいですか？／アートメイクの後にケミカルピーリングはいつ受けられますか？／アートメイクとケミカルピーリングは同日にできますか？,アートメイクとケミカルピーリングは、別の部位であれば原則として同日に受けられます。同じ部位にケミカルピーリングを受ける場合は2週間あけてください。施術内容やお肌の状態によって前後することがあります。また回答の施術間隔は当院で治療をした方の目安であり、他院で治療をされている場合は直接お電話にてお問い合わせくださいませ。,"アートメイク,ケミカルピーリング,ピーリング,間隔,空ける,あける,期間,どのくらい,どれくらい,何週間,何日あける,同日,してから,次の施術"
アートメイク,スマートサイドドット（2回目以降）,2週間,アートメイクとスマートサイドドット（2回目以降）の間隔／アートメイクとスマートサイドドット（2回目以降）の間隔は何週間ですか？／アートメイクの後にスマートサイドドット（2回目以降）はどのくらい空けますか？／アートメイクとスマートサイドドット（2回目以降）はどのくらい間隔をあけますか？／アートメイクしてからスマートサイドドット（2回目以降）まではどのくらい期間をあけたらいいですか？／アートメイクの後にスマートサイドドット（2回目以降）はいつ受けられますか？／アートメイクとスマートサイドドット（2回目以降）は同日にできますか？,アートメイクとスマートサイドドット（2回目以降）は、別の部位であれば原則として同日に受けられます。同じ部位にスマートサイドドット（2回目以降）を受ける場合は2週間あけてください。施術内容やお肌の状態によって前後することがあります。また回答の施術間隔は当院で治療をした方の目安であり、他院で治療をされている場合は直接お電話にてお問い合わせくださいませ。,"アートメイク,スマートサイドドット（2回目以降）,スマサイ,スマートサイドドット,間隔,空ける,あける,期間,どのくらい,どれくらい,何週間,何日あける,同日,してから,次の施術"
アートメイク,スマートサイドドット（初回）,2週間,アートメイクとスマートサイドドット（初回）の間隔／アートメイクとスマートサイドドット（初回）の間隔は何週間ですか？／アートメイクの後にスマートサイドドット（初回）はどのくらい空けますか？／アートメイクとスマートサイドドット（初回）はどのくらい間隔をあけますか？／アートメイクしてからスマートサイドドット（初回）まではどのくらい期間をあけたらいいですか？／アートメイクの後にスマートサイドドット（初回）はいつ受けられますか？／アートメイクとスマートサイドドット（初回）は同日にできますか？,アートメイクとスマートサイドドット（初回）は、別の部位であれば原則として同日に受けられます。同じ部位にスマートサイドドット（初回）を受ける場合は2週間あけてください。施術内容やお肌の状態によって前後することがあります。また回答の施術間隔は当院で治療をした方の目安であり、他院で治療をされている場合は直接お電話にてお問い合わせくださいませ。,"アートメイク,スマートサイドドット（初回）,スマサイ,スマートサイドドット,間隔,空ける,あける,期間,どのくらい,どれくらい,何週間,何日あける,同日,してから,次の施術"
アートメイク,イボレーザー/CO2レーザー,2週間,アートメイクとイボレーザー/CO2レーザーの間隔／アートメイクとイボレーザー/CO2レーザーの間隔は何週間ですか？／アートメイクの後にイボレーザー/CO2レーザーはどのくらい空けますか？／アートメイクとイボレーザー/CO2レーザーはどのくらい間隔をあけますか？／アートメイクしてからイボレーザー/CO2レーザーまではどのくらい期間をあけたらいいですか？／アートメイクの後にイボレーザー/CO2レーザーはいつ受けられますか？／アートメイクとイボレーザー/CO2レーザーは同日にできますか？,アートメイクとイボレーザー/CO2レーザーは、別の部位であれば原則として同日に受けられます。同じ部位にイボレーザー/CO2レーザーを受ける場合は2週間あけてください。施術内容やお肌の状態によって前後することがあります。また回答の施術間隔は当院で治療をした方の目安であり、他院で治療をされている場合は直接お電話にてお問い合わせくださいませ。,"アートメイク,イボレーザー/CO2レーザー,炭酸ガスレーザー,CO2レーザー,イボ取り,いぼレーザー,間隔,空ける,あける,期間,どのくらい,どれくらい,何週間,何日あける,同日,してから,次の施術"
アートメイク,シミ取りレーザー,2週間,アートメイクとシミ取りレーザーの間隔／アートメイクとシミ取りレーザーの間隔は何週間ですか？／アートメイクの後にシミ取りレーザーはどのくらい空けますか？／アートメイクとシミ取りレーザーはどのくらい間隔をあけますか？／アートメイクしてからシミ取りレーザーまではどのくらい期間をあけたらいいですか？／アートメイクの後にシミ取りレーザーはいつ受けられますか？／アートメイクとシミ取りレーザーは同日にできますか？,アートメイクとシミ取りレーザーは、別の部位であれば原則として同日に受けられます。同じ部位にシミ取りレーザーを受ける場合は2週間あけてください。施術内容やお肌の状態によって前後することがあります。また回答の施術間隔は当院で治療をした方の目安であり、他院で治療をされている場合は直接お電話にてお問い合わせくださいませ。,"アートメイク,シミ取りレーザー,シミレーザー,シミ取り,間隔,空ける,あける,期間,どのくらい,どれくらい,何週間,何日あける,同日,してから,次の施術"
アートメイク,ADM/ピコレーザ,2週間,アートメイクとADM/ピコレーザの間隔／アートメイクとADM/ピコレーザの間隔は何週間ですか？／アートメイクの後にADM/ピコレーザはどのくらい空けますか？／アートメイクとADM/ピコレーザはどのくらい間隔をあけますか？／アートメイクしてからADM/ピコレーザまではどのくらい期間をあけたらいいですか？／アートメイクの後にADM/ピコレーザはいつ受けられますか？／アートメイクとADM/ピコレーザは同日にできますか？,アートメイクとADM/ピコレーザは、別の部位であれば原則として同日に受けられます。同じ部位にADM/ピコレーザを受ける場合は2週間あけてください。施術内容やお肌の状態によって前後することがあります。また回答の施術間隔は当院で治療をした方の目安であり、他院で治療をされている場合は直接お電話にてお問い合わせくださいませ。,"アートメイク,ADM/ピコレーザ,ADMレーザー,ピコレーザー,ADM,間隔,空ける,あける,期間,どのくらい,どれくらい,何週間,何日あける,同日,してから,次の施術"
アートメイク,ADM/ナノレーザー,2週間,アートメイクとADM/ナノレーザーの間隔／アートメイクとADM/ナノレーザーの間隔は何週間ですか？／アートメイクの後にADM/ナノレーザーはどのくらい空けますか？／アートメイクとADM/ナノレーザーはどのくらい間隔をあけますか？／アートメイクしてからADM/ナノレーザーまではどのくらい期間をあけたらいいですか？／アートメイクの後にADM/ナノレーザーはいつ受けられますか？／アートメイクとADM/ナノレーザーは同日にできますか？,アートメイクとADM/ナノレーザーは、別の部位であれば原則として同日に受けられます。同じ部位にADM/ナノレーザーを受ける場合は2週間あけてください。施術内容やお肌の状態によって前後することがあります。また回答の施術間隔は当院で治療をした方の目安であり、他院で治療をされている場合は直接お電話にてお問い合わせくださいませ。,"アートメイク,ADM/ナノレーザー,ADMレーザー,ナノレーザー,ADM,間隔,空ける,あける,期間,どのくらい,どれくらい,何週間,何日あける,同日,してから,次の施術"
アートメイク,レーザートーニング,2週間,アートメイクとレーザートーニングの間隔／アートメイクとレーザートーニングの間隔は何週間ですか？／アートメイクの後にレーザートーニングはどのくらい空けますか？／アートメイクとレーザートーニングはどのくらい間隔をあけますか？／アートメイクしてからレーザートーニングまではどのくらい期間をあけたらいいですか？／アートメイクの後にレーザートーニングはいつ受けられますか？／アートメイクとレーザートーニングは同日にできますか？,アートメイクとレーザートーニングは、別の部位であれば原則として同日に受けられます。同じ部位にレーザートーニングを受ける場合は2週間あけてください。施術内容やお肌の状態によって前後することがあります。また回答の施術間隔は当院で治療をした方の目安であり、他院で治療をされている場合は直接お電話にてお問い合わせくださいませ。,"アートメイク,レーザートーニング,トーニング,間隔,空ける,あける,期間,どのくらい,どれくらい,何週間,何日あける,同日,してから,次の施術"
アートメイク,ピコトーニング,2週間,アートメイクとピコトーニングの間隔／アートメイクとピコトーニングの間隔は何週間ですか？／アートメイクの後にピコトーニングはどのくらい空けますか？／アートメイクとピコトーニングはどのくらい間隔をあけますか？／アートメイクしてからピコトーニングまではどのくらい期間をあけたらいいですか？／アートメイクの後にピコトーニングはいつ受けられますか？／アートメイクとピコトーニングは同日にできますか？,アートメイクとピコトーニングは、別の部位であれば原則として同日に受けられます。同じ部位にピコトーニングを受ける場合は2週間あけてください。施術内容やお肌の状態によって前後することがあります。また回答の施術間隔は当院で治療をした方の目安であり、他院で治療をされている場合は直接お電話にてお問い合わせくださいませ。,"アートメイク,ピコトーニング,トーニング,ピコ,間隔,空ける,あける,期間,どのくらい,どれくらい,何週間,何日あける,同日,してから,次の施術"
アートメイク,ピコフラクショナル,2週間,アートメイクとピコフラクショナルの間隔／アートメイクとピコフラクショナルの間隔は何週間ですか？／アートメイクの後にピコフラクショナルはどのくらい空けますか？／アートメイクとピコフラクショナルはどのくらい間隔をあけますか？／アートメイクしてからピコフラクショナルまではどのくらい期間をあけたらいいですか？／アートメイクの後にピコフラクショナルはいつ受けられますか？／アートメイクとピコフラクショナルは同日にできますか？,アートメイクとピコフラクショナルは、別の部位であれば原則として同日に受けられます。同じ部位にピコフラクショナルを受ける場合は2週間あけてください。施術内容やお肌の状態によって前後することがあります。また回答の施術間隔は当院で治療をした方の目安であり、他院で治療をされている場合は直接お電話にてお問い合わせくださいませ。,"アートメイク,ピコフラクショナル,フラクショナル,間隔,空ける,あける,期間,どのくらい,どれくらい,何週間,何日あける,同日,してから,次の施術"
アートメイク,そばかすシャワー,2週間,アートメイクとそばかすシャワーの間隔／アートメイクとそばかすシャワーの間隔は何週間ですか？／アートメイクの後にそばかすシャワーはどのくらい空けますか？／アートメイクとそばかすシャワーはどのくらい間隔をあけますか？／アートメイクしてからそばかすシャワーまではどのくらい期間をあけたらいいですか？／アートメイクの後にそばかすシャワーはいつ受けられますか？／アートメイクとそばかすシャワーは同日にできますか？,アートメイクとそばかすシャワーは、別の部位であれば原則として同日に受けられます。同じ部位にそばかすシャワーを受ける場合は2週間あけてください。施術内容やお肌の状態によって前後することがあります。また回答の施術間隔は当院で治療をした方の目安であり、他院で治療をされている場合は直接お電話にてお問い合わせくださいませ。,"アートメイク,そばかすシャワー,そばかす,間隔,空ける,あける,期間,どのくらい,どれくらい,何週間,何日あける,同日,してから,次の施術"
アートメイク,そばかすスポット,2週間,アートメイクとそばかすスポットの間隔／アートメイクとそばかすスポットの間隔は何週間ですか？／アートメイクの後にそばかすスポットはどのくらい空けますか？／アートメイクとそばかすスポットはどのくらい間隔をあけますか？／アートメイクしてからそばかすスポットまではどのくらい期間をあけたらいいですか？／アートメイクの後にそばかすスポットはいつ受けられますか？／アートメイクとそばかすスポットは同日にできますか？,アートメイクとそばかすスポットは、別の部位であれば原則として同日に受けられます。同じ部位にそばかすスポットを受ける場合は2週間あけてください。施術内容やお肌の状態によって前後することがあります。また回答の施術間隔は当院で治療をした方の目安であり、他院で治療をされている場合は直接お電話にてお問い合わせくださいませ。,"アートメイク,そばかすスポット,そばかす,間隔,空ける,あける,期間,どのくらい,どれくらい,何週間,何日あける,同日,してから,次の施術"
アートメイク,フォト/光治療,2週間,アートメイクとフォト/光治療の間隔／アートメイクとフォト/光治療の間隔は何週間ですか？／アートメイクの後にフォト/光治療はどのくらい空けますか？／アートメイクとフォト/光治療はどのくらい間隔をあけますか？／アートメイクしてからフォト/光治療まではどのくらい期間をあけたらいいですか？／アートメイクの後にフォト/光治療はいつ受けられますか？／アートメイクとフォト/光治療は同日にできますか？,アートメイクとフォト/光治療は、別の部位であれば原則として同日に受けられます。同じ部位にフォト/光治療を受ける場合は2週間あけてください。施術内容やお肌の状態によって前後することがあります。また回答の施術間隔は当院で治療をした方の目安であり、他院で治療をされている場合は直接お電話にてお問い合わせくださいませ。,"アートメイク,フォト/光治療,フォトフェイシャル,フォト,光治療,IPL,間隔,空ける,あける,期間,どのくらい,どれくらい,何週間,何日あける,同日,してから,次の施術"
アートメイク,赤み治療,2週間,アートメイクと赤み治療の間隔／アートメイクと赤み治療の間隔は何週間ですか？／アートメイクの後に赤み治療はどのくらい空けますか？／アートメイクと赤み治療はどのくらい間隔をあけますか？／アートメイクしてから赤み治療まではどのくらい期間をあけたらいいですか？／アートメイクの後に赤み治療はいつ受けられますか？／アートメイクと赤み治療は同日にできますか？,アートメイクと赤み治療は、別の部位であれば原則として同日に受けられます。同じ部位に赤み治療を受ける場合は2週間あけてください。施術内容やお肌の状態によって前後することがあります。また回答の施術間隔は当院で治療をした方の目安であり、他院で治療をされている場合は直接お電話にてお問い合わせくださいませ。,"アートメイク,赤み治療,血管腫レーザー,赤ら顔,間隔,空ける,あける,期間,どのくらい,どれくらい,何週間,何日あける,同日,してから,次の施術"
アートメイク,ボトックス,2週間,アートメイクとボトックスの間隔／アートメイクとボトックスの間隔は何週間ですか？／アートメイクの後にボトックスはどのくらい空けますか？／アートメイクとボトックスはどのくらい間隔をあけますか？／アートメイクしてからボトックスまではどのくらい期間をあけたらいいですか？／アートメイクの後にボトックスはいつ受けられますか？／アートメイクとボトックスは同日にできますか？,アートメイクとボトックスは、別の部位であれば原則として同日に受けられます。同じ部位にボトックスを受ける場合は2週間あけてください。施術内容やお肌の状態によって前後することがあります。また回答の施術間隔は当院で治療をした方の目安であり、他院で治療をされている場合は直接お電話にてお問い合わせくださいませ。,"アートメイク,ボトックス,ボトックス注射,間隔,空ける,あける,期間,どのくらい,どれくらい,何週間,何日あける,同日,してから,次の施術"
アートメイク,ボトックス（マイクロ）,2週間,アートメイクとボトックス（マイクロ）の間隔／アートメイクとボトックス（マイクロ）の間隔は何週間ですか？／アートメイクの後にボトックス（マイクロ）はどのくらい空けますか？／アートメイクとボトックス（マイクロ）はどのくらい間隔をあけますか？／アートメイクしてからボトックス（マイクロ）まではどのくらい期間をあけたらいいですか？／アートメイクの後にボトックス（マイクロ）はいつ受けられますか？／アートメイクとボトックス（マイクロ）は同日にできますか？,アートメイクとボトックス（マイクロ）は、別の部位であれば原則として同日に受けられます。同じ部位にボトックス（マイクロ）を受ける場合は2週間あけてください。施術内容やお肌の状態によって前後することがあります。また回答の施術間隔は当院で治療をした方の目安であり、他院で治療をされている場合は直接お電話にてお問い合わせくださいませ。,"アートメイク,ボトックス（マイクロ）,マイクロボトックス,間隔,空ける,あける,期間,どのくらい,どれくらい,何週間,何日あける,同日,してから,次の施術"
アートメイク,フラルスキン部分シミ,2週間,アートメイクとフラルスキン部分シミの間隔／アートメイクとフラルスキン部分シミの間隔は何週間ですか？／アートメイクの後にフラルスキン部分シミはどのくらい空けますか？／アートメイクとフラルスキン部分シミはどのくらい間隔をあけますか？／アートメイクしてからフラルスキン部分シミまではどのくらい期間をあけたらいいですか？／アートメイクの後にフラルスキン部分シミはいつ受けられますか？／アートメイクとフラルスキン部分シミは同日にできますか？,アートメイクとフラルスキン部分シミは、別の部位であれば原則として同日に受けられます。同じ部位にフラルスキン部分シミを受ける場合は2週間あけてください。施術内容やお肌の状態によって前後することがあります。また回答の施術間隔は当院で治療をした方の目安であり、他院で治療をされている場合は直接お電話にてお問い合わせくださいませ。,"アートメイク,フラルスキン部分シミ,間隔,空ける,あける,期間,どのくらい,どれくらい,何週間,何日あける,同日,してから,次の施術"
アートメイク,テノールネオ,2週間,アートメイクとテノールネオの間隔／アートメイクとテノールネオの間隔は何週間ですか？／アートメイクの後にテノールネオはどのくらい空けますか？／アートメイクとテノールネオはどのくらい間隔をあけますか？／アートメイクしてからテノールネオまではどのくらい期間をあけたらいいですか？／アートメイクの後にテノールネオはいつ受けられますか？／アートメイクとテノールネオは同日にできますか？,アートメイクとテノールネオは、別の部位であれば原則として同日に受けられます。同じ部位にテノールネオを受ける場合は2週間あけてください。施術内容やお肌の状態によって前後することがあります。また回答の施術間隔は当院で治療をした方の目安であり、他院で治療をされている場合は直接お電話にてお問い合わせくださいませ。,"アートメイク,テノールネオ,テノールNEO,テノール,間隔,空ける,あける,期間,どのくらい,どれくらい,何週間,何日あける,同日,してから,次の施術"
アートメイク,mikoメソッド,2週間,アートメイクとmikoメソッドの間隔／アートメイクとmikoメソッドの間隔は何週間ですか？／アートメイクの後にmikoメソッドはどのくらい空けますか？／アートメイクとmikoメソッドはどのくらい間隔をあけますか？／アートメイクしてからmikoメソッドまではどのくらい期間をあけたらいいですか？／アートメイクの後にmikoメソッドはいつ受けられますか？／アートメイクとmikoメソッドは同日にできますか？,アートメイクとmikoメソッドは、別の部位であれば原則として同日に受けられます。同じ部位にmikoメソッドを受ける場合は2週間あけてください。施術内容やお肌の状態によって前後することがあります。また回答の施術間隔は当院で治療をした方の目安であり、他院で治療をされている場合は直接お電話にてお問い合わせくださいませ。,"アートメイク,mikoメソッド,miko,ミコメソッド,首イボ,間隔,空ける,あける,期間,どのくらい,どれくらい,何週間,何日あける,同日,してから,次の施術"
アートメイク,ほくろ切除/ほくろ除去,2週間,アートメイクとほくろ切除/ほくろ除去の間隔／アートメイクとほくろ切除/ほくろ除去の間隔は何週間ですか？／アートメイクの後にほくろ切除/ほくろ除去はどのくらい空けますか？／アートメイクとほくろ切除/ほくろ除去はどのくらい間隔をあけますか？／アートメイクしてからほくろ切除/ほくろ除去まではどのくらい期間をあけたらいいですか？／アートメイクの後にほくろ切除/ほくろ除去はいつ受けられますか？／アートメイクとほくろ切除/ほくろ除去は同日にできますか？,アートメイクとほくろ切除/ほくろ除去は、別の部位であれば原則として同日に受けられます。同じ部位にほくろ切除/ほくろ除去を受ける場合は2週間あけてください。施術内容やお肌の状態によって前後することがあります。また回答の施術間隔は当院で治療をした方の目安であり、他院で治療をされている場合は直接お電話にてお問い合わせくださいませ。,"アートメイク,ほくろ切除/ほくろ除去,ほくろ除去,ほくろ,間隔,空ける,あける,期間,どのくらい,どれくらい,何週間,何日あける,同日,してから,次の施術"
アートメイク,ボライト,2週間,アートメイクとボライトの間隔／アートメイクとボライトの間隔は何週間ですか？／アートメイクの後にボライトはどのくらい空けますか？／アートメイクとボライトはどのくらい間隔をあけますか？／アートメイクしてからボライトまではどのくらい期間をあけたらいいですか？／アートメイクの後にボライトはいつ受けられますか？／アートメイクとボライトは同日にできますか？,アートメイクとボライトは、別の部位であれば原則として同日に受けられます。同じ部位にボライトを受ける場合は2週間あけてください。施術内容やお肌の状態によって前後することがあります。また回答の施術間隔は当院で治療をした方の目安であり、他院で治療をされている場合は直接お電話にてお問い合わせくださいませ。,"アートメイク,ボライト,間隔,空ける,あける,期間,どのくらい,どれくらい,何週間,何日あける,同日,してから,次の施術"
アートメイク,稗粒腫,2週間,アートメイクと稗粒腫の間隔／アートメイクと稗粒腫の間隔は何週間ですか？／アートメイクの後に稗粒腫はどのくらい空けますか？／アートメイクと稗粒腫はどのくらい間隔をあけますか？／アートメイクしてから稗粒腫まではどのくらい期間をあけたらいいですか？／アートメイクの後に稗粒腫はいつ受けられますか？／アートメイクと稗粒腫は同日にできますか？,アートメイクと稗粒腫は、別の部位であれば原則として同日に受けられます。同じ部位に稗粒腫を受ける場合は2週間あけてください。施術内容やお肌の状態によって前後することがあります。また回答の施術間隔は当院で治療をした方の目安であり、他院で治療をされている場合は直接お電話にてお問い合わせくださいませ。,"アートメイク,稗粒腫,間隔,空ける,あける,期間,どのくらい,どれくらい,何週間,何日あける,同日,してから,次の施術"
アートメイク,ヴェルヴェットスキン,2週間,アートメイクとヴェルヴェットスキンの間隔／アートメイクとヴェルヴェットスキンの間隔は何週間ですか？／アートメイクの後にヴェルヴェットスキンはどのくらい空けますか？／アートメイクとヴェルヴェットスキンはどのくらい間隔をあけますか？／アートメイクしてからヴェルヴェットスキンまではどのくらい期間をあけたらいいですか？／アートメイクの後にヴェルヴェットスキンはいつ受けられますか？／アートメイクとヴェルヴェットスキンは同日にできますか？,アートメイクとヴェルヴェットスキンは、別の部位であれば原則として同日に受けられます。同じ部位にヴェルヴェットスキンを受ける場合は2週間あけてください。施術内容やお肌の状態によって前後することがあります。また回答の施術間隔は当院で治療をした方の目安であり、他院で治療をされている場合は直接お電話にてお問い合わせくださいませ。,"アートメイク,ヴェルヴェットスキン,ヴェルヴェット,ベルベットスキン,間隔,空ける,あける,期間,どのくらい,どれくらい,何週間,何日あける,同日,してから,次の施術"
アートメイク,ダーマペン,2週間,アートメイクとダーマペンの間隔／アートメイクとダーマペンの間隔は何週間ですか？／アートメイクの後にダーマペンはどのくらい空けますか？／アートメイクとダーマペンはどのくらい間隔をあけますか？／アートメイクしてからダーマペンまではどのくらい期間をあけたらいいですか？／アートメイクの後にダーマペンはいつ受けられますか？／アートメイクとダーマペンは同日にできますか？,アートメイクとダーマペンは、別の部位であれば原則として同日に受けられます。同じ部位にダーマペンを受ける場合は2週間あけてください。施術内容やお肌の状態によって前後することがあります。また回答の施術間隔は当院で治療をした方の目安であり、他院で治療をされている場合は直接お電話にてお問い合わせくださいませ。,"アートメイク,ダーマペン,ダーマペン4,間隔,空ける,あける,期間,どのくらい,どれくらい,何週間,何日あける,同日,してから,次の施術"
アートメイク,HARG,2週間,アートメイクとHARGの間隔／アートメイクとHARGの間隔は何週間ですか？／アートメイクの後にHARGはどのくらい空けますか？／アートメイクとHARGはどのくらい間隔をあけますか？／アートメイクしてからHARGまではどのくらい期間をあけたらいいですか？／アートメイクの後にHARGはいつ受けられますか？／アートメイクとHARGは同日にできますか？,アートメイクとHARGは、別の部位であれば原則として同日に受けられます。同じ部位にHARGを受ける場合は2週間あけてください。施術内容やお肌の状態によって前後することがあります。また回答の施術間隔は当院で治療をした方の目安であり、他院で治療をされている場合は直接お電話にてお問い合わせくださいませ。,"アートメイク,HARG,ハーグ,HARG療法,間隔,空ける,あける,期間,どのくらい,どれくらい,何週間,何日あける,同日,してから,次の施術"
アートメイク,スカルプ・プラセンタエッセンス,2週間,アートメイクとスカルプ・プラセンタエッセンスの間隔／アートメイクとスカルプ・プラセンタエッセンスの間隔は何週間ですか？／アートメイクの後にスカルプ・プラセンタエッセンスはどのくらい空けますか？／アートメイクとスカルプ・プラセンタエッセンスはどのくらい間隔をあけますか？／アートメイクしてからスカルプ・プラセンタエッセンスまではどのくらい期間をあけたらいいですか？／アートメイクの後にスカルプ・プラセンタエッセンスはいつ受けられますか？／アートメイクとスカルプ・プラセンタエッセンスは同日にできますか？,アートメイクとスカルプ・プラセンタエッセンスは、別の部位であれば原則として同日に受けられます。同じ部位にスカルプ・プラセンタエッセンスを受ける場合は2週間あけてください。施術内容やお肌の状態によって前後することがあります。また回答の施術間隔は当院で治療をした方の目安であり、他院で治療をされている場合は直接お電話にてお問い合わせくださいませ。,"アートメイク,スカルプ・プラセンタエッセンス,スカルプ,プラセンタ,間隔,空ける,あける,期間,どのくらい,どれくらい,何週間,何日あける,同日,してから,次の施術"
アートメイク,コラーゲンピール,2週間,アートメイクとコラーゲンピールの間隔／アートメイクとコラーゲンピールの間隔は何週間ですか？／アートメイクの後にコラーゲンピールはどのくらい空けますか？／アートメイクとコラーゲンピールはどのくらい間隔をあけますか？／アートメイクしてからコラーゲンピールまではどのくらい期間をあけたらいいですか？／アートメイクの後にコラーゲンピールはいつ受けられますか？／アートメイクとコラーゲンピールは同日にできますか？,アートメイクとコラーゲンピールは、別の部位であれば原則として同日に受けられます。同じ部位にコラーゲンピールを受ける場合は2週間あけてください。施術内容やお肌の状態によって前後することがあります。また回答の施術間隔は当院で治療をした方の目安であり、他院で治療をされている場合は直接お電話にてお問い合わせくださいませ。,"アートメイク,コラーゲンピール,マッサージピール,間隔,空ける,あける,期間,どのくらい,どれくらい,何週間,何日あける,同日,してから,次の施術"
アートメイク,サーマクール,2週間,アートメイクとサーマクールの間隔／アートメイクとサーマクールの間隔は何週間ですか？／アートメイクの後にサーマクールはどのくらい空けますか？／アートメイクとサーマクールはどのくらい間隔をあけますか？／アートメイクしてからサーマクールまではどのくらい期間をあけたらいいですか？／アートメイクの後にサーマクールはいつ受けられますか？／アートメイクとサーマクールは同日にできますか？,アートメイクとサーマクールは、別の部位であれば原則として同日に受けられます。同じ部位にサーマクールを受ける場合は2週間あけてください。施術内容やお肌の状態によって前後することがあります。また回答の施術間隔は当院で治療をした方の目安であり、他院で治療をされている場合は直接お電話にてお問い合わせくださいませ。,"アートメイク,サーマクール,サーマ,間隔,空ける,あける,期間,どのくらい,どれくらい,何週間,何日あける,同日,してから,次の施術"
アートメイク,ミラドライ,2週間,アートメイクとミラドライの間隔／アートメイクとミラドライの間隔は何週間ですか？／アートメイクの後にミラドライはどのくらい空けますか？／アートメイクとミラドライはどのくらい間隔をあけますか？／アートメイクしてからミラドライまではどのくらい期間をあけたらいいですか？／アートメイクの後にミラドライはいつ受けられますか？／アートメイクとミラドライは同日にできますか？,アートメイクとミラドライは、別の部位であれば原則として同日に受けられます。同じ部位にミラドライを受ける場合は2週間あけてください。施術内容やお肌の状態によって前後することがあります。また回答の施術間隔は当院で治療をした方の目安であり、他院で治療をされている場合は直接お電話にてお問い合わせくださいませ。,"アートメイク,ミラドライ,ワキガ,間隔,空ける,あける,期間,どのくらい,どれくらい,何週間,何日あける,同日,してから,次の施術"
アートメイク,脱毛,2週間,アートメイクと脱毛の間隔／アートメイクと脱毛の間隔は何週間ですか？／アートメイクの後に脱毛はどのくらい空けますか？／アートメイクと脱毛はどのくらい間隔をあけますか？／アートメイクしてから脱毛まではどのくらい期間をあけたらいいですか？／アートメイクの後に脱毛はいつ受けられますか？／アートメイクと脱毛は同日にできますか？,アートメイクと脱毛は、別の部位であれば原則として同日に受けられます。同じ部位に脱毛を受ける場合は2週間あけてください。施術内容やお肌の状態によって前後することがあります。また回答の施術間隔は当院で治療をした方の目安であり、他院で治療をされている場合は直接お電話にてお問い合わせくださいませ。,"アートメイク,脱毛,医療脱毛,顔脱毛,全身脱毛,VIO脱毛,ひげ脱毛,レーザー脱毛,間隔,空ける,あける,期間,どのくらい,どれくらい,何週間,何日あける,同日,してから,次の施術"
アートメイク,タトゥー,2週間,アートメイクとタトゥーの間隔／アートメイクとタトゥーの間隔は何週間ですか？／アートメイクの後にタトゥーはどのくらい空けますか？／アートメイクとタトゥーはどのくらい間隔をあけますか？／アートメイクしてからタトゥーまではどのくらい期間をあけたらいいですか？／アートメイクの後にタトゥーはいつ受けられますか？／アートメイクとタトゥーは同日にできますか？,アートメイクとタトゥーは、別の部位であれば原則として同日に受けられます。同じ部位にタトゥーを受ける場合は2週間あけてください。施術内容やお肌の状態によって前後することがあります。また回答の施術間隔は当院で治療をした方の目安であり、他院で治療をされている場合は直接お電話にてお問い合わせくださいませ。,"アートメイク,タトゥー,刺青,タトゥー除去,間隔,空ける,あける,期間,どのくらい,どれくらい,何週間,何日あける,同日,してから,次の施術"
アートメイク,アートメイク,4週間,アートメイクとアートメイクの間隔／アートメイクとアートメイクの間隔は何週間ですか？／アートメイクの後にアートメイクはどのくらい空けますか？／アートメイクとアートメイクはどのくらい間隔をあけますか？／アートメイクしてからアートメイクまではどのくらい期間をあけたらいいですか？／アートメイクの後にアートメイクはいつ受けられますか？／アートメイクとアートメイクは同日にできますか？,アートメイクを続けて（同じ部位に）受ける場合は4週間あけてください。施術内容やお肌の状態によって前後することがあります。また回答の施術間隔は当院で治療をした方の目安であり、他院で治療をされている場合は直接お電話にてお問い合わせくださいませ。,"アートメイク,間隔,空ける,あける,期間,どのくらい,どれくらい,何週間,何日あける,同日,してから,次の施術"
